sample_id,dataset,video_path,label,frame_count,width,height,codec,file_size_mb,manipulation,generator,subject_id,source_id,original_video_id,split_group_id,audio_path,split,first_id
FFPP_0001000,FaceForensics++,Deepfakes/000_003.mp4,1,396,640,480,h264,0.85,Deepfakes,Deepfakes,,ORIG_003,ORIG_000,PAIR_ORIG_000_ORIG_003,,,0
FFPP_0001001,FaceForensics++,Deepfakes/001_870.mp4,1,460,1280,720,h264,2.74,Deepfakes,Deepfakes,,ORIG_870,ORIG_001,PAIR_ORIG_001_ORIG_870,,,1
FFPP_0001002,FaceForensics++,Deepfakes/002_006.mp4,1,693,1280,720,h264,1.98,Deepfakes,Deepfakes,,ORIG_006,ORIG_002,PAIR_ORIG_002_ORIG_006,,,2
FFPP_0001003,FaceForensics++,Deepfakes/003_000.mp4,1,303,640,480,h264,0.57,Deepfakes,Deepfakes,,ORIG_000,ORIG_003,PAIR_ORIG_000_ORIG_003,,,3
FFPP_0001004,FaceForensics++,Deepfakes/004_982.mp4,1,309,1280,720,h264,1.19,Deepfakes,Deepfakes,,ORIG_982,ORIG_004,PAIR_ORIG_004_ORIG_982,,,4
FFPP_0001005,FaceForensics++,Deepfakes/005_010.mp4,1,385,720,480,h264,1.5,Deepfakes,Deepfakes,,ORIG_010,ORIG_005,PAIR_ORIG_005_ORIG_010,,,5
FFPP_0001006,FaceForensics++,Deepfakes/006_002.mp4,1,310,1280,720,h264,0.84,Deepfakes,Deepfakes,,ORIG_002,ORIG_006,PAIR_ORIG_002_ORIG_006,,,6
FFPP_0001007,FaceForensics++,Deepfakes/007_132.mp4,1,505,600,480,h264,1.01,Deepfakes,Deepfakes,,ORIG_132,ORIG_007,PAIR_ORIG_007_ORIG_132,,,7
FFPP_0001008,FaceForensics++,Deepfakes/008_990.mp4,1,637,640,480,h264,0.98,Deepfakes,Deepfakes,,ORIG_990,ORIG_008,PAIR_ORIG_008_ORIG_990,,,8
FFPP_0001009,FaceForensics++,Deepfakes/009_027.mp4,1,588,640,480,h264,0.74,Deepfakes,Deepfakes,,ORIG_027,ORIG_009,PAIR_ORIG_009_ORIG_027,,,9
FFPP_0001010,FaceForensics++,Deepfakes/010_005.mp4,1,474,640,480,h264,1.4,Deepfakes,Deepfakes,,ORIG_005,ORIG_010,PAIR_ORIG_005_ORIG_010,,,10
FFPP_0001011,FaceForensics++,Deepfakes/011_805.mp4,1,632,1280,720,h264,3.25,Deepfakes,Deepfakes,,ORIG_805,ORIG_011,PAIR_ORIG_011_ORIG_805,,,11
FFPP_0001012,FaceForensics++,Deepfakes/012_026.mp4,1,363,640,480,h264,0.69,Deepfakes,Deepfakes,,ORIG_026,ORIG_012,PAIR_ORIG_012_ORIG_026,,,12
FFPP_0001013,FaceForensics++,Deepfakes/013_883.mp4,1,332,640,480,h264,0.58,Deepfakes,Deepfakes,,ORIG_883,ORIG_013,PAIR_ORIG_013_ORIG_883,,,13
FFPP_0001014,FaceForensics++,Deepfakes/014_790.mp4,1,676,640,480,h264,3.29,Deepfakes,Deepfakes,,ORIG_790,ORIG_014,PAIR_ORIG_014_ORIG_790,,,14
FFPP_0001015,FaceForensics++,Deepfakes/015_919.mp4,1,437,640,480,h264,0.83,Deepfakes,Deepfakes,,ORIG_919,ORIG_015,PAIR_ORIG_015_ORIG_919,,,15
FFPP_0001016,FaceForensics++,Deepfakes/016_209.mp4,1,678,640,480,h264,1.48,Deepfakes,Deepfakes,,ORIG_209,ORIG_016,PAIR_ORIG_016_ORIG_209,,,16
FFPP_0001017,FaceForensics++,Deepfakes/017_803.mp4,1,398,1280,720,h264,1.82,Deepfakes,Deepfakes,,ORIG_803,ORIG_017,PAIR_ORIG_017_ORIG_803,,,17
FFPP_0001018,FaceForensics++,Deepfakes/018_019.mp4,1,432,640,480,h264,0.4,Deepfakes,Deepfakes,,ORIG_019,ORIG_018,PAIR_ORIG_018_ORIG_019,,,18
FFPP_0001019,FaceForensics++,Deepfakes/019_018.mp4,1,1385,640,480,h264,2.28,Deepfakes,Deepfakes,,ORIG_018,ORIG_019,PAIR_ORIG_018_ORIG_019,,,19
FFPP_0001020,FaceForensics++,Deepfakes/020_344.mp4,1,390,1280,720,h264,1.68,Deepfakes,Deepfakes,,ORIG_344,ORIG_020,PAIR_ORIG_020_ORIG_344,,,20
FFPP_0001021,FaceForensics++,Deepfakes/021_312.mp4,1,431,654,480,h264,0.49,Deepfakes,Deepfakes,,ORIG_312,ORIG_021,PAIR_ORIG_021_ORIG_312,,,21
FFPP_0001022,FaceForensics++,Deepfakes/022_489.mp4,1,325,1280,720,h264,1.17,Deepfakes,Deepfakes,,ORIG_489,ORIG_022,PAIR_ORIG_022_ORIG_489,,,22
FFPP_0001023,FaceForensics++,Deepfakes/023_923.mp4,1,553,640,480,h264,1.74,Deepfakes,Deepfakes,,ORIG_923,ORIG_023,PAIR_ORIG_023_ORIG_923,,,23
FFPP_0001024,FaceForensics++,Deepfakes/024_073.mp4,1,306,640,480,h264,0.52,Deepfakes,Deepfakes,,ORIG_073,ORIG_024,PAIR_ORIG_024_ORIG_073,,,24
FFPP_0001025,FaceForensics++,Deepfakes/025_067.mp4,1,747,1440,1080,h264,3.32,Deepfakes,Deepfakes,,ORIG_067,ORIG_025,PAIR_ORIG_025_ORIG_067,,,25
FFPP_0001026,FaceForensics++,Deepfakes/026_012.mp4,1,322,640,480,h264,0.49,Deepfakes,Deepfakes,,ORIG_012,ORIG_026,PAIR_ORIG_012_ORIG_026,,,26
FFPP_0001027,FaceForensics++,Deepfakes/027_009.mp4,1,315,640,480,h264,0.84,Deepfakes,Deepfakes,,ORIG_009,ORIG_027,PAIR_ORIG_009_ORIG_027,,,27
FFPP_0001028,FaceForensics++,Deepfakes/028_068.mp4,1,434,848,480,h264,0.83,Deepfakes,Deepfakes,,ORIG_068,ORIG_028,PAIR_ORIG_028_ORIG_068,,,28
FFPP_0001029,FaceForensics++,Deepfakes/029_048.mp4,1,416,586,480,h264,0.49,Deepfakes,Deepfakes,,ORIG_048,ORIG_029,PAIR_ORIG_029_ORIG_048,,,29
FFPP_0001030,FaceForensics++,Deepfakes/030_193.mp4,1,297,1920,1080,h264,3.51,Deepfakes,Deepfakes,,ORIG_193,ORIG_030,PAIR_ORIG_030_ORIG_193,,,30
FFPP_0001031,FaceForensics++,Deepfakes/031_163.mp4,1,482,1280,720,h264,1.51,Deepfakes,Deepfakes,,ORIG_163,ORIG_031,PAIR_ORIG_031_ORIG_163,,,31
FFPP_0001032,FaceForensics++,Deepfakes/032_944.mp4,1,310,1280,720,h264,1.61,Deepfakes,Deepfakes,,ORIG_944,ORIG_032,PAIR_ORIG_032_ORIG_944,,,32
FFPP_0001033,FaceForensics++,Deepfakes/033_097.mp4,1,809,854,480,h264,1.77,Deepfakes,Deepfakes,,ORIG_097,ORIG_033,PAIR_ORIG_033_ORIG_097,,,33
FFPP_0001034,FaceForensics++,Deepfakes/034_590.mp4,1,407,960,720,h264,1.14,Deepfakes,Deepfakes,,ORIG_590,ORIG_034,PAIR_ORIG_034_ORIG_590,,,34
FFPP_0001035,FaceForensics++,Deepfakes/035_036.mp4,1,423,640,480,h264,0.56,Deepfakes,Deepfakes,,ORIG_036,ORIG_035,PAIR_ORIG_035_ORIG_036,,,35
FFPP_0001036,FaceForensics++,Deepfakes/036_035.mp4,1,337,640,480,h264,0.91,Deepfakes,Deepfakes,,ORIG_035,ORIG_036,PAIR_ORIG_035_ORIG_036,,,36
FFPP_0001037,FaceForensics++,Deepfakes/037_072.mp4,1,454,656,480,h264,0.75,Deepfakes,Deepfakes,,ORIG_072,ORIG_037,PAIR_ORIG_037_ORIG_072,,,37
FFPP_0001038,FaceForensics++,Deepfakes/038_125.mp4,1,305,854,480,h264,0.54,Deepfakes,Deepfakes,,ORIG_125,ORIG_038,PAIR_ORIG_038_ORIG_125,,,38
FFPP_0001039,FaceForensics++,Deepfakes/039_058.mp4,1,609,654,480,h264,1.03,Deepfakes,Deepfakes,,ORIG_058,ORIG_039,PAIR_ORIG_039_ORIG_058,,,39
FFPP_0001040,FaceForensics++,Deepfakes/040_997.mp4,1,548,1280,720,h264,2.79,Deepfakes,Deepfakes,,ORIG_997,ORIG_040,PAIR_ORIG_040_ORIG_997,,,40
FFPP_0001041,FaceForensics++,Deepfakes/041_063.mp4,1,349,656,480,h264,0.68,Deepfakes,Deepfakes,,ORIG_063,ORIG_041,PAIR_ORIG_041_ORIG_063,,,41
FFPP_0001042,FaceForensics++,Deepfakes/042_084.mp4,1,338,640,480,h264,0.9,Deepfakes,Deepfakes,,ORIG_084,ORIG_042,PAIR_ORIG_042_ORIG_084,,,42
FFPP_0001043,FaceForensics++,Deepfakes/043_110.mp4,1,495,1280,720,h264,1.54,Deepfakes,Deepfakes,,ORIG_110,ORIG_043,PAIR_ORIG_043_ORIG_110,,,43
FFPP_0001044,FaceForensics++,Deepfakes/044_945.mp4,1,335,1280,720,h264,1.74,Deepfakes,Deepfakes,,ORIG_945,ORIG_044,PAIR_ORIG_044_ORIG_945,,,44
FFPP_0001045,FaceForensics++,Deepfakes/045_889.mp4,1,350,1920,1080,h264,4.55,Deepfakes,Deepfakes,,ORIG_889,ORIG_045,PAIR_ORIG_045_ORIG_889,,,45
FFPP_0001046,FaceForensics++,Deepfakes/046_904.mp4,1,504,1280,720,h264,2.23,Deepfakes,Deepfakes,,ORIG_904,ORIG_046,PAIR_ORIG_046_ORIG_904,,,46
FFPP_0001047,FaceForensics++,Deepfakes/047_862.mp4,1,319,854,480,h264,0.51,Deepfakes,Deepfakes,,ORIG_862,ORIG_047,PAIR_ORIG_047_ORIG_862,,,47
FFPP_0001048,FaceForensics++,Deepfakes/048_029.mp4,1,485,640,480,h264,1.12,Deepfakes,Deepfakes,,ORIG_029,ORIG_048,PAIR_ORIG_029_ORIG_048,,,48
FFPP_0001049,FaceForensics++,Deepfakes/049_946.mp4,1,360,640,480,h264,0.45,Deepfakes,Deepfakes,,ORIG_946,ORIG_049,PAIR_ORIG_049_ORIG_946,,,49
FFPP_0001050,FaceForensics++,Deepfakes/050_059.mp4,1,530,640,480,h264,0.58,Deepfakes,Deepfakes,,ORIG_059,ORIG_050,PAIR_ORIG_050_ORIG_059,,,50
FFPP_0001051,FaceForensics++,Deepfakes/051_332.mp4,1,717,1280,720,h264,2.56,Deepfakes,Deepfakes,,ORIG_332,ORIG_051,PAIR_ORIG_051_ORIG_332,,,51
FFPP_0001052,FaceForensics++,Deepfakes/052_108.mp4,1,323,1920,1080,h264,2.85,Deepfakes,Deepfakes,,ORIG_108,ORIG_052,PAIR_ORIG_052_ORIG_108,,,52
FFPP_0001053,FaceForensics++,Deepfakes/053_095.mp4,1,417,656,480,h264,0.61,Deepfakes,Deepfakes,,ORIG_095,ORIG_053,PAIR_ORIG_053_ORIG_095,,,53
FFPP_0001054,FaceForensics++,Deepfakes/054_071.mp4,1,368,640,480,h264,0.69,Deepfakes,Deepfakes,,ORIG_071,ORIG_054,PAIR_ORIG_054_ORIG_071,,,54
FFPP_0001055,FaceForensics++,Deepfakes/055_147.mp4,1,394,640,480,h264,0.57,Deepfakes,Deepfakes,,ORIG_147,ORIG_055,PAIR_ORIG_055_ORIG_147,,,55
FFPP_0001056,FaceForensics++,Deepfakes/056_996.mp4,1,373,1280,720,h264,1.08,Deepfakes,Deepfakes,,ORIG_996,ORIG_056,PAIR_ORIG_056_ORIG_996,,,56
FFPP_0001057,FaceForensics++,Deepfakes/057_070.mp4,1,431,656,480,h264,1.25,Deepfakes,Deepfakes,,ORIG_070,ORIG_057,PAIR_ORIG_057_ORIG_070,,,57
FFPP_0001058,FaceForensics++,Deepfakes/058_039.mp4,1,669,720,480,h264,1.15,Deepfakes,Deepfakes,,ORIG_039,ORIG_058,PAIR_ORIG_039_ORIG_058,,,58
FFPP_0001059,FaceForensics++,Deepfakes/059_050.mp4,1,721,640,480,h264,1.46,Deepfakes,Deepfakes,,ORIG_050,ORIG_059,PAIR_ORIG_050_ORIG_059,,,59
FFPP_0001060,FaceForensics++,Deepfakes/060_088.mp4,1,844,600,480,h264,4.06,Deepfakes,Deepfakes,,ORIG_088,ORIG_060,PAIR_ORIG_060_ORIG_088,,,60
FFPP_0001061,FaceForensics++,Deepfakes/061_080.mp4,1,337,654,480,h264,0.69,Deepfakes,Deepfakes,,ORIG_080,ORIG_061,PAIR_ORIG_061_ORIG_080,,,61
FFPP_0001062,FaceForensics++,Deepfakes/062_066.mp4,1,423,640,480,h264,0.65,Deepfakes,Deepfakes,,ORIG_066,ORIG_062,PAIR_ORIG_062_ORIG_066,,,62
FFPP_0001063,FaceForensics++,Deepfakes/063_041.mp4,1,930,640,480,h264,1.95,Deepfakes,Deepfakes,,ORIG_041,ORIG_063,PAIR_ORIG_041_ORIG_063,,,63
FFPP_0001064,FaceForensics++,Deepfakes/064_991.mp4,1,402,640,480,h264,0.84,Deepfakes,Deepfakes,,ORIG_991,ORIG_064,PAIR_ORIG_064_ORIG_991,,,64
FFPP_0001065,FaceForensics++,Deepfakes/065_089.mp4,1,442,1280,720,h264,3.29,Deepfakes,Deepfakes,,ORIG_089,ORIG_065,PAIR_ORIG_065_ORIG_089,,,65
FFPP_0001066,FaceForensics++,Deepfakes/066_062.mp4,1,435,720,480,h264,1.48,Deepfakes,Deepfakes,,ORIG_062,ORIG_066,PAIR_ORIG_062_ORIG_066,,,66
FFPP_0001067,FaceForensics++,Deepfakes/067_025.mp4,1,538,1280,720,h264,2.09,Deepfakes,Deepfakes,,ORIG_025,ORIG_067,PAIR_ORIG_025_ORIG_067,,,67
FFPP_0001068,FaceForensics++,Deepfakes/068_028.mp4,1,401,640,480,h264,0.73,Deepfakes,Deepfakes,,ORIG_028,ORIG_068,PAIR_ORIG_028_ORIG_068,,,68
FFPP_0001069,FaceForensics++,Deepfakes/069_961.mp4,1,774,1280,720,h264,3.9,Deepfakes,Deepfakes,,ORIG_961,ORIG_069,PAIR_ORIG_069_ORIG_961,,,69
FFPP_0001070,FaceForensics++,Deepfakes/070_057.mp4,1,367,640,480,h264,0.8,Deepfakes,Deepfakes,,ORIG_057,ORIG_070,PAIR_ORIG_057_ORIG_070,,,70
FFPP_0001071,FaceForensics++,Deepfakes/071_054.mp4,1,453,654,480,h264,1.35,Deepfakes,Deepfakes,,ORIG_054,ORIG_071,PAIR_ORIG_054_ORIG_071,,,71
FFPP_0001072,FaceForensics++,Deepfakes/072_037.mp4,1,311,656,480,h264,0.84,Deepfakes,Deepfakes,,ORIG_037,ORIG_072,PAIR_ORIG_037_ORIG_072,,,72
FFPP_0001073,FaceForensics++,Deepfakes/073_024.mp4,1,703,1280,720,h264,2.72,Deepfakes,Deepfakes,,ORIG_024,ORIG_073,PAIR_ORIG_024_ORIG_073,,,73
FFPP_0001074,FaceForensics++,Deepfakes/074_825.mp4,1,345,1920,1080,h264,2.86,Deepfakes,Deepfakes,,ORIG_825,ORIG_074,PAIR_ORIG_074_ORIG_825,,,74
FFPP_0001075,FaceForensics++,Deepfakes/075_977.mp4,1,613,1280,720,h264,3.15,Deepfakes,Deepfakes,,ORIG_977,ORIG_075,PAIR_ORIG_075_ORIG_977,,,75
FFPP_0001076,FaceForensics++,Deepfakes/076_079.mp4,1,329,1280,720,h264,1.25,Deepfakes,Deepfakes,,ORIG_079,ORIG_076,PAIR_ORIG_076_ORIG_079,,,76
FFPP_0001077,FaceForensics++,Deepfakes/077_100.mp4,1,611,640,480,h264,0.85,Deepfakes,Deepfakes,,ORIG_100,ORIG_077,PAIR_ORIG_077_ORIG_100,,,77
FFPP_0001078,FaceForensics++,Deepfakes/078_955.mp4,1,523,1280,720,h264,1.93,Deepfakes,Deepfakes,,ORIG_955,ORIG_078,PAIR_ORIG_078_ORIG_955,,,78
FFPP_0001079,FaceForensics++,Deepfakes/079_076.mp4,1,424,1280,720,h264,1.56,Deepfakes,Deepfakes,,ORIG_076,ORIG_079,PAIR_ORIG_076_ORIG_079,,,79
FFPP_0001080,FaceForensics++,Deepfakes/080_061.mp4,1,483,656,480,h264,0.57,Deepfakes,Deepfakes,,ORIG_061,ORIG_080,PAIR_ORIG_061_ORIG_080,,,80
FFPP_0001081,FaceForensics++,Deepfakes/081_087.mp4,1,1170,600,480,h264,2.16,Deepfakes,Deepfakes,,ORIG_087,ORIG_081,PAIR_ORIG_081_ORIG_087,,,81
FFPP_0001082,FaceForensics++,Deepfakes/082_103.mp4,1,316,640,480,h264,0.61,Deepfakes,Deepfakes,,ORIG_103,ORIG_082,PAIR_ORIG_082_ORIG_103,,,82
FFPP_0001083,FaceForensics++,Deepfakes/083_213.mp4,1,545,1920,1080,h264,5.3,Deepfakes,Deepfakes,,ORIG_213,ORIG_083,PAIR_ORIG_083_ORIG_213,,,83
FFPP_0001084,FaceForensics++,Deepfakes/084_042.mp4,1,375,1920,1080,h264,5.49,Deepfakes,Deepfakes,,ORIG_042,ORIG_084,PAIR_ORIG_042_ORIG_084,,,84
FFPP_0001085,FaceForensics++,Deepfakes/085_124.mp4,1,329,640,480,h264,1.78,Deepfakes,Deepfakes,,ORIG_124,ORIG_085,PAIR_ORIG_085_ORIG_124,,,85
FFPP_0001086,FaceForensics++,Deepfakes/086_090.mp4,1,935,1280,720,h264,2.58,Deepfakes,Deepfakes,,ORIG_090,ORIG_086,PAIR_ORIG_086_ORIG_090,,,86
FFPP_0001087,FaceForensics++,Deepfakes/087_081.mp4,1,309,640,480,h264,0.37,Deepfakes,Deepfakes,,ORIG_081,ORIG_087,PAIR_ORIG_081_ORIG_087,,,87
FFPP_0001088,FaceForensics++,Deepfakes/088_060.mp4,1,665,640,480,h264,2.07,Deepfakes,Deepfakes,,ORIG_060,ORIG_088,PAIR_ORIG_060_ORIG_088,,,88
FFPP_0001089,FaceForensics++,Deepfakes/089_065.mp4,1,751,1280,720,h264,3.06,Deepfakes,Deepfakes,,ORIG_065,ORIG_089,PAIR_ORIG_065_ORIG_089,,,89
FFPP_0001090,FaceForensics++,Deepfakes/090_086.mp4,1,687,1280,720,h264,4.45,Deepfakes,Deepfakes,,ORIG_086,ORIG_090,PAIR_ORIG_086_ORIG_090,,,90
FFPP_0001091,FaceForensics++,Deepfakes/091_116.mp4,1,639,658,480,h264,1.53,Deepfakes,Deepfakes,,ORIG_116,ORIG_091,PAIR_ORIG_091_ORIG_116,,,91
FFPP_0001092,FaceForensics++,Deepfakes/092_098.mp4,1,460,720,480,h264,0.95,Deepfakes,Deepfakes,,ORIG_098,ORIG_092,PAIR_ORIG_092_ORIG_098,,,92
FFPP_0001093,FaceForensics++,Deepfakes/093_121.mp4,1,308,1280,720,h264,2.22,Deepfakes,Deepfakes,,ORIG_121,ORIG_093,PAIR_ORIG_093_ORIG_121,,,93
FFPP_0001094,FaceForensics++,Deepfakes/094_111.mp4,1,559,1280,720,h264,2.39,Deepfakes,Deepfakes,,ORIG_111,ORIG_094,PAIR_ORIG_094_ORIG_111,,,94
FFPP_0001095,FaceForensics++,Deepfakes/095_053.mp4,1,1006,640,480,h264,2.08,Deepfakes,Deepfakes,,ORIG_053,ORIG_095,PAIR_ORIG_053_ORIG_095,,,95
FFPP_0001096,FaceForensics++,Deepfakes/096_101.mp4,1,504,1920,1080,h264,5.06,Deepfakes,Deepfakes,,ORIG_101,ORIG_096,PAIR_ORIG_096_ORIG_101,,,96
FFPP_0001097,FaceForensics++,Deepfakes/097_033.mp4,1,478,640,480,h264,0.98,Deepfakes,Deepfakes,,ORIG_033,ORIG_097,PAIR_ORIG_033_ORIG_097,,,97
FFPP_0001098,FaceForensics++,Deepfakes/098_092.mp4,1,299,656,480,h264,0.39,Deepfakes,Deepfakes,,ORIG_092,ORIG_098,PAIR_ORIG_092_ORIG_098,,,98
FFPP_0001099,FaceForensics++,Deepfakes/099_295.mp4,1,613,1920,1080,h264,9.96,Deepfakes,Deepfakes,,ORIG_295,ORIG_099,PAIR_ORIG_099_ORIG_295,,,99
FFPP_0001100,FaceForensics++,Deepfakes/100_077.mp4,1,423,640,480,h264,0.86,Deepfakes,Deepfakes,,ORIG_077,ORIG_100,PAIR_ORIG_077_ORIG_100,,,100
FFPP_0001101,FaceForensics++,Deepfakes/101_096.mp4,1,1148,854,480,h264,2.31,Deepfakes,Deepfakes,,ORIG_096,ORIG_101,PAIR_ORIG_096_ORIG_101,,,101
FFPP_0001102,FaceForensics++,Deepfakes/102_114.mp4,1,389,720,480,h264,0.94,Deepfakes,Deepfakes,,ORIG_114,ORIG_102,PAIR_ORIG_102_ORIG_114,,,102
FFPP_0001103,FaceForensics++,Deepfakes/103_082.mp4,1,595,656,480,h264,1.72,Deepfakes,Deepfakes,,ORIG_082,ORIG_103,PAIR_ORIG_082_ORIG_103,,,103
FFPP_0001104,FaceForensics++,Deepfakes/104_126.mp4,1,462,640,480,h264,1.24,Deepfakes,Deepfakes,,ORIG_126,ORIG_104,PAIR_ORIG_104_ORIG_126,,,104
FFPP_0001105,FaceForensics++,Deepfakes/105_180.mp4,1,300,640,480,h264,1.08,Deepfakes,Deepfakes,,ORIG_180,ORIG_105,PAIR_ORIG_105_ORIG_180,,,105
FFPP_0001106,FaceForensics++,Deepfakes/106_198.mp4,1,356,854,480,h264,0.45,Deepfakes,Deepfakes,,ORIG_198,ORIG_106,PAIR_ORIG_106_ORIG_198,,,106
FFPP_0001107,FaceForensics++,Deepfakes/107_109.mp4,1,556,640,480,h264,1.08,Deepfakes,Deepfakes,,ORIG_109,ORIG_107,PAIR_ORIG_107_ORIG_109,,,107
FFPP_0001108,FaceForensics++,Deepfakes/108_052.mp4,1,300,1440,1080,h264,3.67,Deepfakes,Deepfakes,,ORIG_052,ORIG_108,PAIR_ORIG_052_ORIG_108,,,108
FFPP_0001109,FaceForensics++,Deepfakes/109_107.mp4,1,298,640,480,h264,0.98,Deepfakes,Deepfakes,,ORIG_107,ORIG_109,PAIR_ORIG_107_ORIG_109,,,109
FFPP_0001110,FaceForensics++,Deepfakes/110_043.mp4,1,565,960,720,h264,1.17,Deepfakes,Deepfakes,,ORIG_043,ORIG_110,PAIR_ORIG_043_ORIG_110,,,110
FFPP_0001111,FaceForensics++,Deepfakes/111_094.mp4,1,433,640,480,h264,0.89,Deepfakes,Deepfakes,,ORIG_094,ORIG_111,PAIR_ORIG_094_ORIG_111,,,111
FFPP_0001112,FaceForensics++,Deepfakes/112_892.mp4,1,418,1920,1080,h264,5.7,Deepfakes,Deepfakes,,ORIG_892,ORIG_112,PAIR_ORIG_112_ORIG_892,,,112
FFPP_0001113,FaceForensics++,Deepfakes/113_983.mp4,1,841,1280,720,h264,4.03,Deepfakes,Deepfakes,,ORIG_983,ORIG_113,PAIR_ORIG_113_ORIG_983,,,113
FFPP_0001114,FaceForensics++,Deepfakes/114_102.mp4,1,1269,640,480,h264,2.52,Deepfakes,Deepfakes,,ORIG_102,ORIG_114,PAIR_ORIG_102_ORIG_114,,,114
FFPP_0001115,FaceForensics++,Deepfakes/115_939.mp4,1,320,1280,720,h264,1.32,Deepfakes,Deepfakes,,ORIG_939,ORIG_115,PAIR_ORIG_115_ORIG_939,,,115
FFPP_0001116,FaceForensics++,Deepfakes/116_091.mp4,1,327,640,480,h264,0.65,Deepfakes,Deepfakes,,ORIG_091,ORIG_116,PAIR_ORIG_091_ORIG_116,,,116
FFPP_0001117,FaceForensics++,Deepfakes/117_217.mp4,1,548,1280,720,h264,3.74,Deepfakes,Deepfakes,,ORIG_217,ORIG_117,PAIR_ORIG_117_ORIG_217,,,117
FFPP_0001118,FaceForensics++,Deepfakes/118_120.mp4,1,352,852,480,h264,0.95,Deepfakes,Deepfakes,,ORIG_120,ORIG_118,PAIR_ORIG_118_ORIG_120,,,118
FFPP_0001119,FaceForensics++,Deepfakes/119_123.mp4,1,502,640,480,h264,0.82,Deepfakes,Deepfakes,,ORIG_123,ORIG_119,PAIR_ORIG_119_ORIG_123,,,119
FFPP_0001120,FaceForensics++,Deepfakes/120_118.mp4,1,405,640,480,h264,1.07,Deepfakes,Deepfakes,,ORIG_118,ORIG_120,PAIR_ORIG_118_ORIG_120,,,120
FFPP_0001121,FaceForensics++,Deepfakes/121_093.mp4,1,553,1920,1080,h264,4.1,Deepfakes,Deepfakes,,ORIG_093,ORIG_121,PAIR_ORIG_093_ORIG_121,,,121
FFPP_0001122,FaceForensics++,Deepfakes/122_144.mp4,1,309,1264,720,h264,1.55,Deepfakes,Deepfakes,,ORIG_144,ORIG_122,PAIR_ORIG_122_ORIG_144,,,122
FFPP_0001123,FaceForensics++,Deepfakes/123_119.mp4,1,514,640,480,h264,1.14,Deepfakes,Deepfakes,,ORIG_119,ORIG_123,PAIR_ORIG_119_ORIG_123,,,123
FFPP_0001124,FaceForensics++,Deepfakes/124_085.mp4,1,318,600,480,h264,0.69,Deepfakes,Deepfakes,,ORIG_085,ORIG_124,PAIR_ORIG_085_ORIG_124,,,124
FFPP_0001125,FaceForensics++,Deepfakes/125_038.mp4,1,500,1280,720,h264,2.32,Deepfakes,Deepfakes,,ORIG_038,ORIG_125,PAIR_ORIG_038_ORIG_125,,,125
FFPP_0001126,FaceForensics++,Deepfakes/126_104.mp4,1,328,640,480,h264,0.68,Deepfakes,Deepfakes,,ORIG_104,ORIG_126,PAIR_ORIG_104_ORIG_126,,,126
FFPP_0001127,FaceForensics++,Deepfakes/127_129.mp4,1,864,1280,720,h264,2.9,Deepfakes,Deepfakes,,ORIG_129,ORIG_127,PAIR_ORIG_127_ORIG_129,,,127
FFPP_0001128,FaceForensics++,Deepfakes/128_896.mp4,1,735,640,480,h264,1.23,Deepfakes,Deepfakes,,ORIG_896,ORIG_128,PAIR_ORIG_128_ORIG_896,,,128
FFPP_0001129,FaceForensics++,Deepfakes/129_127.mp4,1,330,1280,720,h264,1.62,Deepfakes,Deepfakes,,ORIG_127,ORIG_129,PAIR_ORIG_127_ORIG_129,,,129
FFPP_0001130,FaceForensics++,Deepfakes/130_139.mp4,1,662,656,480,h264,2.17,Deepfakes,Deepfakes,,ORIG_139,ORIG_130,PAIR_ORIG_130_ORIG_139,,,130
FFPP_0001131,FaceForensics++,Deepfakes/131_518.mp4,1,306,600,480,h264,0.5,Deepfakes,Deepfakes,,ORIG_518,ORIG_131,PAIR_ORIG_131_ORIG_518,,,131
FFPP_0001132,FaceForensics++,Deepfakes/132_007.mp4,1,413,640,480,h264,0.39,Deepfakes,Deepfakes,,ORIG_007,ORIG_132,PAIR_ORIG_007_ORIG_132,,,132
FFPP_0001133,FaceForensics++,Deepfakes/133_148.mp4,1,767,720,480,h264,1.07,Deepfakes,Deepfakes,,ORIG_148,ORIG_133,PAIR_ORIG_133_ORIG_148,,,133
FFPP_0001134,FaceForensics++,Deepfakes/134_192.mp4,1,346,1280,720,h264,1.99,Deepfakes,Deepfakes,,ORIG_192,ORIG_134,PAIR_ORIG_134_ORIG_192,,,134
FFPP_0001135,FaceForensics++,Deepfakes/135_880.mp4,1,327,1280,720,h264,1.17,Deepfakes,Deepfakes,,ORIG_880,ORIG_135,PAIR_ORIG_135_ORIG_880,,,135
FFPP_0001136,FaceForensics++,Deepfakes/136_285.mp4,1,611,1280,720,h264,3.55,Deepfakes,Deepfakes,,ORIG_285,ORIG_136,PAIR_ORIG_136_ORIG_285,,,136
FFPP_0001137,FaceForensics++,Deepfakes/137_165.mp4,1,606,720,480,h264,2.12,Deepfakes,Deepfakes,,ORIG_165,ORIG_137,PAIR_ORIG_137_ORIG_165,,,137
FFPP_0001138,FaceForensics++,Deepfakes/138_142.mp4,1,410,600,480,h264,0.43,Deepfakes,Deepfakes,,ORIG_142,ORIG_138,PAIR_ORIG_138_ORIG_142,,,138
FFPP_0001139,FaceForensics++,Deepfakes/139_130.mp4,1,378,600,480,h264,0.53,Deepfakes,Deepfakes,,ORIG_130,ORIG_139,PAIR_ORIG_130_ORIG_139,,,139
FFPP_0001140,FaceForensics++,Deepfakes/140_143.mp4,1,485,640,480,h264,2.28,Deepfakes,Deepfakes,,ORIG_143,ORIG_140,PAIR_ORIG_140_ORIG_143,,,140
FFPP_0001141,FaceForensics++,Deepfakes/141_161.mp4,1,508,854,480,h264,1.14,Deepfakes,Deepfakes,,ORIG_161,ORIG_141,PAIR_ORIG_141_ORIG_161,,,141
FFPP_0001142,FaceForensics++,Deepfakes/142_138.mp4,1,962,600,480,h264,1.35,Deepfakes,Deepfakes,,ORIG_138,ORIG_142,PAIR_ORIG_138_ORIG_142,,,142
FFPP_0001143,FaceForensics++,Deepfakes/143_140.mp4,1,414,640,480,h264,0.67,Deepfakes,Deepfakes,,ORIG_140,ORIG_143,PAIR_ORIG_140_ORIG_143,,,143
FFPP_0001144,FaceForensics++,Deepfakes/144_122.mp4,1,344,1280,720,h264,1.06,Deepfakes,Deepfakes,,ORIG_122,ORIG_144,PAIR_ORIG_122_ORIG_144,,,144
FFPP_0001145,FaceForensics++,Deepfakes/145_299.mp4,1,475,600,480,h264,0.57,Deepfakes,Deepfakes,,ORIG_299,ORIG_145,PAIR_ORIG_145_ORIG_299,,,145
FFPP_0001146,FaceForensics++,Deepfakes/146_256.mp4,1,1003,1280,720,h264,6.44,Deepfakes,Deepfakes,,ORIG_256,ORIG_146,PAIR_ORIG_146_ORIG_256,,,146
FFPP_0001147,FaceForensics++,Deepfakes/147_055.mp4,1,667,600,480,h264,1.27,Deepfakes,Deepfakes,,ORIG_055,ORIG_147,PAIR_ORIG_055_ORIG_147,,,147
FFPP_0001148,FaceForensics++,Deepfakes/148_133.mp4,1,475,640,480,h264,0.74,Deepfakes,Deepfakes,,ORIG_133,ORIG_148,PAIR_ORIG_133_ORIG_148,,,148
FFPP_0001149,FaceForensics++,Deepfakes/149_152.mp4,1,363,854,480,h264,0.88,Deepfakes,Deepfakes,,ORIG_152,ORIG_149,PAIR_ORIG_149_ORIG_152,,,149
FFPP_0001150,FaceForensics++,Deepfakes/150_153.mp4,1,456,854,480,h264,0.58,Deepfakes,Deepfakes,,ORIG_153,ORIG_150,PAIR_ORIG_150_ORIG_153,,,150
FFPP_0001151,FaceForensics++,Deepfakes/151_225.mp4,1,347,1280,720,h264,2.08,Deepfakes,Deepfakes,,ORIG_225,ORIG_151,PAIR_ORIG_151_ORIG_225,,,151
FFPP_0001152,FaceForensics++,Deepfakes/152_149.mp4,1,313,656,480,h264,0.67,Deepfakes,Deepfakes,,ORIG_149,ORIG_152,PAIR_ORIG_149_ORIG_152,,,152
FFPP_0001153,FaceForensics++,Deepfakes/153_150.mp4,1,732,640,480,h264,2.02,Deepfakes,Deepfakes,,ORIG_150,ORIG_153,PAIR_ORIG_150_ORIG_153,,,153
FFPP_0001154,FaceForensics++,Deepfakes/154_386.mp4,1,594,1280,720,h264,2.77,Deepfakes,Deepfakes,,ORIG_386,ORIG_154,PAIR_ORIG_154_ORIG_386,,,154
FFPP_0001155,FaceForensics++,Deepfakes/155_576.mp4,1,829,854,480,h264,2.01,Deepfakes,Deepfakes,,ORIG_576,ORIG_155,PAIR_ORIG_155_ORIG_576,,,155
FFPP_0001156,FaceForensics++,Deepfakes/156_243.mp4,1,518,640,480,h264,1.12,Deepfakes,Deepfakes,,ORIG_243,ORIG_156,PAIR_ORIG_156_ORIG_243,,,156
FFPP_0001157,FaceForensics++,Deepfakes/157_245.mp4,1,486,656,480,h264,0.71,Deepfakes,Deepfakes,,ORIG_245,ORIG_157,PAIR_ORIG_157_ORIG_245,,,157
FFPP_0001158,FaceForensics++,Deepfakes/158_379.mp4,1,444,640,480,h264,0.75,Deepfakes,Deepfakes,,ORIG_379,ORIG_158,PAIR_ORIG_158_ORIG_379,,,158
FFPP_0001159,FaceForensics++,Deepfakes/159_175.mp4,1,325,600,480,h264,0.9,Deepfakes,Deepfakes,,ORIG_175,ORIG_159,PAIR_ORIG_159_ORIG_175,,,159
FFPP_0001160,FaceForensics++,Deepfakes/160_928.mp4,1,534,1280,720,h264,2.12,Deepfakes,Deepfakes,,ORIG_928,ORIG_160,PAIR_ORIG_160_ORIG_928,,,160
FFPP_0001161,FaceForensics++,Deepfakes/161_141.mp4,1,369,640,480,h264,0.63,Deepfakes,Deepfakes,,ORIG_141,ORIG_161,PAIR_ORIG_141_ORIG_161,,,161
FFPP_0001162,FaceForensics++,Deepfakes/162_330.mp4,1,685,1280,720,h264,2.81,Deepfakes,Deepfakes,,ORIG_330,ORIG_162,PAIR_ORIG_162_ORIG_330,,,162
FFPP_0001163,FaceForensics++,Deepfakes/163_031.mp4,1,304,1280,720,h264,0.84,Deepfakes,Deepfakes,,ORIG_031,ORIG_163,PAIR_ORIG_031_ORIG_163,,,163
FFPP_0001164,FaceForensics++,Deepfakes/164_216.mp4,1,1021,854,480,h264,2.61,Deepfakes,Deepfakes,,ORIG_216,ORIG_164,PAIR_ORIG_164_ORIG_216,,,164
FFPP_0001165,FaceForensics++,Deepfakes/165_137.mp4,1,387,656,480,h264,0.66,Deepfakes,Deepfakes,,ORIG_137,ORIG_165,PAIR_ORIG_137_ORIG_165,,,165
FFPP_0001166,FaceForensics++,Deepfakes/166_167.mp4,1,756,640,480,h264,1.2,Deepfakes,Deepfakes,,ORIG_167,ORIG_166,PAIR_ORIG_166_ORIG_167,,,166
FFPP_0001167,FaceForensics++,Deepfakes/167_166.mp4,1,341,854,480,h264,0.83,Deepfakes,Deepfakes,,ORIG_166,ORIG_167,PAIR_ORIG_166_ORIG_167,,,167
FFPP_0001168,FaceForensics++,Deepfakes/168_222.mp4,1,1228,640,480,h264,1.58,Deepfakes,Deepfakes,,ORIG_222,ORIG_168,PAIR_ORIG_168_ORIG_222,,,168
FFPP_0001169,FaceForensics++,Deepfakes/169_227.mp4,1,649,640,480,h264,0.91,Deepfakes,Deepfakes,,ORIG_227,ORIG_169,PAIR_ORIG_169_ORIG_227,,,169
FFPP_0001170,FaceForensics++,Deepfakes/170_186.mp4,1,504,1920,1080,h264,4.02,Deepfakes,Deepfakes,,ORIG_186,ORIG_170,PAIR_ORIG_170_ORIG_186,,,170
FFPP_0001171,FaceForensics++,Deepfakes/171_173.mp4,1,541,1280,720,h264,2.54,Deepfakes,Deepfakes,,ORIG_173,ORIG_171,PAIR_ORIG_171_ORIG_173,,,171
FFPP_0001172,FaceForensics++,Deepfakes/172_582.mp4,1,752,640,480,h264,1.13,Deepfakes,Deepfakes,,ORIG_582,ORIG_172,PAIR_ORIG_172_ORIG_582,,,172
FFPP_0001173,FaceForensics++,Deepfakes/173_171.mp4,1,721,1280,720,h264,3.83,Deepfakes,Deepfakes,,ORIG_171,ORIG_173,PAIR_ORIG_171_ORIG_173,,,173
FFPP_0001174,FaceForensics++,Deepfakes/174_964.mp4,1,414,1280,720,h264,1.03,Deepfakes,Deepfakes,,ORIG_964,ORIG_174,PAIR_ORIG_174_ORIG_964,,,174
FFPP_0001175,FaceForensics++,Deepfakes/175_159.mp4,1,504,640,480,h264,1.1,Deepfakes,Deepfakes,,ORIG_159,ORIG_175,PAIR_ORIG_159_ORIG_175,,,175
FFPP_0001176,FaceForensics++,Deepfakes/176_190.mp4,1,376,1920,1080,h264,4.4,Deepfakes,Deepfakes,,ORIG_190,ORIG_176,PAIR_ORIG_176_ORIG_190,,,176
FFPP_0001177,FaceForensics++,Deepfakes/177_211.mp4,1,410,854,480,h264,1.09,Deepfakes,Deepfakes,,ORIG_211,ORIG_177,PAIR_ORIG_177_ORIG_211,,,177
FFPP_0001178,FaceForensics++,Deepfakes/178_598.mp4,1,521,640,480,h264,0.52,Deepfakes,Deepfakes,,ORIG_598,ORIG_178,PAIR_ORIG_178_ORIG_598,,,178
FFPP_0001179,FaceForensics++,Deepfakes/179_212.mp4,1,1260,640,480,h264,1.81,Deepfakes,Deepfakes,,ORIG_212,ORIG_179,PAIR_ORIG_179_ORIG_212,,,179
FFPP_0001180,FaceForensics++,Deepfakes/180_105.mp4,1,569,640,480,h264,1.24,Deepfakes,Deepfakes,,ORIG_105,ORIG_180,PAIR_ORIG_105_ORIG_180,,,180
FFPP_0001181,FaceForensics++,Deepfakes/181_199.mp4,1,478,640,480,h264,0.7,Deepfakes,Deepfakes,,ORIG_199,ORIG_181,PAIR_ORIG_181_ORIG_199,,,181
FFPP_0001182,FaceForensics++,Deepfakes/182_242.mp4,1,620,1280,720,h264,2.19,Deepfakes,Deepfakes,,ORIG_242,ORIG_182,PAIR_ORIG_182_ORIG_242,,,182
FFPP_0001183,FaceForensics++,Deepfakes/183_253.mp4,1,390,1280,720,h264,1.36,Deepfakes,Deepfakes,,ORIG_253,ORIG_183,PAIR_ORIG_183_ORIG_253,,,183
FFPP_0001184,FaceForensics++,Deepfakes/184_205.mp4,1,1254,1280,720,h264,1.85,Deepfakes,Deepfakes,,ORIG_205,ORIG_184,PAIR_ORIG_184_ORIG_205,,,184
FFPP_0001185,FaceForensics++,Deepfakes/185_276.mp4,1,875,854,480,h264,2.24,Deepfakes,Deepfakes,,ORIG_276,ORIG_185,PAIR_ORIG_185_ORIG_276,,,185
FFPP_0001186,FaceForensics++,Deepfakes/186_170.mp4,1,334,1920,1080,h264,5.07,Deepfakes,Deepfakes,,ORIG_170,ORIG_186,PAIR_ORIG_170_ORIG_186,,,186
FFPP_0001187,FaceForensics++,Deepfakes/187_234.mp4,1,986,1280,720,h264,5.56,Deepfakes,Deepfakes,,ORIG_234,ORIG_187,PAIR_ORIG_187_ORIG_234,,,187
FFPP_0001188,FaceForensics++,Deepfakes/188_191.mp4,1,310,1280,720,h264,1.32,Deepfakes,Deepfakes,,ORIG_191,ORIG_188,PAIR_ORIG_188_ORIG_191,,,188
FFPP_0001189,FaceForensics++,Deepfakes/189_200.mp4,1,512,640,480,h264,1.58,Deepfakes,Deepfakes,,ORIG_200,ORIG_189,PAIR_ORIG_189_ORIG_200,,,189
FFPP_0001190,FaceForensics++,Deepfakes/190_176.mp4,1,331,1920,1080,h264,2.66,Deepfakes,Deepfakes,,ORIG_176,ORIG_190,PAIR_ORIG_176_ORIG_190,,,190
FFPP_0001191,FaceForensics++,Deepfakes/191_188.mp4,1,372,1920,1080,h264,3.81,Deepfakes,Deepfakes,,ORIG_188,ORIG_191,PAIR_ORIG_188_ORIG_191,,,191
FFPP_0001192,FaceForensics++,Deepfakes/192_134.mp4,1,287,1280,720,h264,0.89,Deepfakes,Deepfakes,,ORIG_134,ORIG_192,PAIR_ORIG_134_ORIG_192,,,192
FFPP_0001193,FaceForensics++,Deepfakes/193_030.mp4,1,372,1920,1080,h264,4.68,Deepfakes,Deepfakes,,ORIG_030,ORIG_193,PAIR_ORIG_030_ORIG_193,,,193
FFPP_0001194,FaceForensics++,Deepfakes/194_235.mp4,1,567,640,480,h264,0.96,Deepfakes,Deepfakes,,ORIG_235,ORIG_194,PAIR_ORIG_194_ORIG_235,,,194
FFPP_0001195,FaceForensics++,Deepfakes/195_442.mp4,1,333,1280,720,h264,1.24,Deepfakes,Deepfakes,,ORIG_442,ORIG_195,PAIR_ORIG_195_ORIG_442,,,195
FFPP_0001196,FaceForensics++,Deepfakes/196_310.mp4,1,426,656,480,h264,0.57,Deepfakes,Deepfakes,,ORIG_310,ORIG_196,PAIR_ORIG_196_ORIG_310,,,196
FFPP_0001197,FaceForensics++,Deepfakes/197_224.mp4,1,880,640,480,h264,1.53,Deepfakes,Deepfakes,,ORIG_224,ORIG_197,PAIR_ORIG_197_ORIG_224,,,197
FFPP_0001198,FaceForensics++,Deepfakes/198_106.mp4,1,392,720,480,h264,0.63,Deepfakes,Deepfakes,,ORIG_106,ORIG_198,PAIR_ORIG_106_ORIG_198,,,198
FFPP_0001199,FaceForensics++,Deepfakes/199_181.mp4,1,368,1280,720,h264,1.14,Deepfakes,Deepfakes,,ORIG_181,ORIG_199,PAIR_ORIG_181_ORIG_199,,,199
FFPP_0001200,FaceForensics++,Deepfakes/200_189.mp4,1,719,854,480,h264,2.61,Deepfakes,Deepfakes,,ORIG_189,ORIG_200,PAIR_ORIG_189_ORIG_200,,,200
FFPP_0001201,FaceForensics++,Deepfakes/201_203.mp4,1,863,656,480,h264,1.85,Deepfakes,Deepfakes,,ORIG_203,ORIG_201,PAIR_ORIG_201_ORIG_203,,,201
FFPP_0001202,FaceForensics++,Deepfakes/202_348.mp4,1,323,854,480,h264,0.66,Deepfakes,Deepfakes,,ORIG_348,ORIG_202,PAIR_ORIG_202_ORIG_348,,,202
FFPP_0001203,FaceForensics++,Deepfakes/203_201.mp4,1,446,640,480,h264,1.35,Deepfakes,Deepfakes,,ORIG_201,ORIG_203,PAIR_ORIG_201_ORIG_203,,,203
FFPP_0001204,FaceForensics++,Deepfakes/204_230.mp4,1,515,960,720,h264,2.01,Deepfakes,Deepfakes,,ORIG_230,ORIG_204,PAIR_ORIG_204_ORIG_230,,,204
FFPP_0001205,FaceForensics++,Deepfakes/205_184.mp4,1,307,854,480,h264,0.85,Deepfakes,Deepfakes,,ORIG_184,ORIG_205,PAIR_ORIG_184_ORIG_205,,,205
FFPP_0001206,FaceForensics++,Deepfakes/206_221.mp4,1,714,656,480,h264,0.72,Deepfakes,Deepfakes,,ORIG_221,ORIG_206,PAIR_ORIG_206_ORIG_221,,,206
FFPP_0001207,FaceForensics++,Deepfakes/207_908.mp4,1,346,1920,1080,h264,2.95,Deepfakes,Deepfakes,,ORIG_908,ORIG_207,PAIR_ORIG_207_ORIG_908,,,207
FFPP_0001208,FaceForensics++,Deepfakes/208_215.mp4,1,465,640,480,h264,1.12,Deepfakes,Deepfakes,,ORIG_215,ORIG_208,PAIR_ORIG_208_ORIG_215,,,208
FFPP_0001209,FaceForensics++,Deepfakes/209_016.mp4,1,337,854,480,h264,1.23,Deepfakes,Deepfakes,,ORIG_016,ORIG_209,PAIR_ORIG_016_ORIG_209,,,209
FFPP_0001210,FaceForensics++,Deepfakes/210_241.mp4,1,839,654,480,h264,1.78,Deepfakes,Deepfakes,,ORIG_241,ORIG_210,PAIR_ORIG_210_ORIG_241,,,210
FFPP_0001211,FaceForensics++,Deepfakes/211_177.mp4,1,527,1280,720,h264,2.58,Deepfakes,Deepfakes,,ORIG_177,ORIG_211,PAIR_ORIG_177_ORIG_211,,,211
FFPP_0001212,FaceForensics++,Deepfakes/212_179.mp4,1,415,854,480,h264,0.66,Deepfakes,Deepfakes,,ORIG_179,ORIG_212,PAIR_ORIG_179_ORIG_212,,,212
FFPP_0001213,FaceForensics++,Deepfakes/213_083.mp4,1,378,1280,720,h264,1.84,Deepfakes,Deepfakes,,ORIG_083,ORIG_213,PAIR_ORIG_083_ORIG_213,,,213
FFPP_0001214,FaceForensics++,Deepfakes/214_255.mp4,1,462,854,480,h264,1.46,Deepfakes,Deepfakes,,ORIG_255,ORIG_214,PAIR_ORIG_214_ORIG_255,,,214
FFPP_0001215,FaceForensics++,Deepfakes/215_208.mp4,1,588,720,480,h264,1.02,Deepfakes,Deepfakes,,ORIG_208,ORIG_215,PAIR_ORIG_208_ORIG_215,,,215
FFPP_0001216,FaceForensics++,Deepfakes/216_164.mp4,1,476,644,480,h264,0.97,Deepfakes,Deepfakes,,ORIG_164,ORIG_216,PAIR_ORIG_164_ORIG_216,,,216
FFPP_0001217,FaceForensics++,Deepfakes/217_117.mp4,1,702,1920,1080,h264,6.71,Deepfakes,Deepfakes,,ORIG_117,ORIG_217,PAIR_ORIG_117_ORIG_217,,,217
FFPP_0001218,FaceForensics++,Deepfakes/218_239.mp4,1,353,640,480,h264,0.46,Deepfakes,Deepfakes,,ORIG_239,ORIG_218,PAIR_ORIG_218_ORIG_239,,,218
FFPP_0001219,FaceForensics++,Deepfakes/219_220.mp4,1,350,1280,720,h264,2.0,Deepfakes,Deepfakes,,ORIG_220,ORIG_219,PAIR_ORIG_219_ORIG_220,,,219
FFPP_0001220,FaceForensics++,Deepfakes/220_219.mp4,1,357,720,480,h264,0.76,Deepfakes,Deepfakes,,ORIG_219,ORIG_220,PAIR_ORIG_219_ORIG_220,,,220
FFPP_0001221,FaceForensics++,Deepfakes/221_206.mp4,1,718,1280,720,h264,2.68,Deepfakes,Deepfakes,,ORIG_206,ORIG_221,PAIR_ORIG_206_ORIG_221,,,221
FFPP_0001222,FaceForensics++,Deepfakes/222_168.mp4,1,407,640,480,h264,0.84,Deepfakes,Deepfakes,,ORIG_168,ORIG_222,PAIR_ORIG_168_ORIG_222,,,222
FFPP_0001223,FaceForensics++,Deepfakes/223_586.mp4,1,336,1920,1080,h264,1.81,Deepfakes,Deepfakes,,ORIG_586,ORIG_223,PAIR_ORIG_223_ORIG_586,,,223
FFPP_0001224,FaceForensics++,Deepfakes/224_197.mp4,1,488,640,480,h264,1.81,Deepfakes,Deepfakes,,ORIG_197,ORIG_224,PAIR_ORIG_197_ORIG_224,,,224
FFPP_0001225,FaceForensics++,Deepfakes/225_151.mp4,1,304,1280,720,h264,1.18,Deepfakes,Deepfakes,,ORIG_151,ORIG_225,PAIR_ORIG_151_ORIG_225,,,225
FFPP_0001226,FaceForensics++,Deepfakes/226_491.mp4,1,328,1280,720,h264,1.24,Deepfakes,Deepfakes,,ORIG_491,ORIG_226,PAIR_ORIG_226_ORIG_491,,,226
FFPP_0001227,FaceForensics++,Deepfakes/227_169.mp4,1,441,1280,720,h264,1.37,Deepfakes,Deepfakes,,ORIG_169,ORIG_227,PAIR_ORIG_169_ORIG_227,,,227
FFPP_0001228,FaceForensics++,Deepfakes/228_289.mp4,1,556,854,480,h264,0.72,Deepfakes,Deepfakes,,ORIG_289,ORIG_228,PAIR_ORIG_228_ORIG_289,,,228
FFPP_0001229,FaceForensics++,Deepfakes/229_247.mp4,1,392,854,480,h264,0.68,Deepfakes,Deepfakes,,ORIG_247,ORIG_229,PAIR_ORIG_229_ORIG_247,,,229
FFPP_0001230,FaceForensics++,Deepfakes/230_204.mp4,1,372,1280,720,h264,1.37,Deepfakes,Deepfakes,,ORIG_204,ORIG_230,PAIR_ORIG_204_ORIG_230,,,230
FFPP_0001231,FaceForensics++,Deepfakes/231_663.mp4,1,573,720,480,h264,0.97,Deepfakes,Deepfakes,,ORIG_663,ORIG_231,PAIR_ORIG_231_ORIG_663,,,231
FFPP_0001232,FaceForensics++,Deepfakes/232_248.mp4,1,574,720,480,h264,1.52,Deepfakes,Deepfakes,,ORIG_248,ORIG_232,PAIR_ORIG_232_ORIG_248,,,232
FFPP_0001233,FaceForensics++,Deepfakes/233_995.mp4,1,675,1280,720,h264,2.61,Deepfakes,Deepfakes,,ORIG_995,ORIG_233,PAIR_ORIG_233_ORIG_995,,,233
FFPP_0001234,FaceForensics++,Deepfakes/234_187.mp4,1,528,1280,720,h264,1.49,Deepfakes,Deepfakes,,ORIG_187,ORIG_234,PAIR_ORIG_187_ORIG_234,,,234
FFPP_0001235,FaceForensics++,Deepfakes/235_194.mp4,1,312,854,480,h264,1.31,Deepfakes,Deepfakes,,ORIG_194,ORIG_235,PAIR_ORIG_194_ORIG_235,,,235
FFPP_0001236,FaceForensics++,Deepfakes/236_237.mp4,1,651,656,480,h264,1.43,Deepfakes,Deepfakes,,ORIG_237,ORIG_236,PAIR_ORIG_236_ORIG_237,,,236
FFPP_0001237,FaceForensics++,Deepfakes/237_236.mp4,1,757,1280,720,h264,3.11,Deepfakes,Deepfakes,,ORIG_236,ORIG_237,PAIR_ORIG_236_ORIG_237,,,237
FFPP_0001238,FaceForensics++,Deepfakes/238_282.mp4,1,622,640,480,h264,0.87,Deepfakes,Deepfakes,,ORIG_282,ORIG_238,PAIR_ORIG_238_ORIG_282,,,238
FFPP_0001239,FaceForensics++,Deepfakes/239_218.mp4,1,588,640,480,h264,1.47,Deepfakes,Deepfakes,,ORIG_218,ORIG_239,PAIR_ORIG_218_ORIG_239,,,239
FFPP_0001240,FaceForensics++,Deepfakes/240_290.mp4,1,1274,720,480,h264,2.23,Deepfakes,Deepfakes,,ORIG_290,ORIG_240,PAIR_ORIG_240_ORIG_290,,,240
FFPP_0001241,FaceForensics++,Deepfakes/241_210.mp4,1,292,854,480,h264,0.59,Deepfakes,Deepfakes,,ORIG_210,ORIG_241,PAIR_ORIG_210_ORIG_241,,,241
FFPP_0001242,FaceForensics++,Deepfakes/242_182.mp4,1,331,640,480,h264,0.51,Deepfakes,Deepfakes,,ORIG_182,ORIG_242,PAIR_ORIG_182_ORIG_242,,,242
FFPP_0001243,FaceForensics++,Deepfakes/243_156.mp4,1,387,1280,720,h264,2.24,Deepfakes,Deepfakes,,ORIG_156,ORIG_243,PAIR_ORIG_156_ORIG_243,,,243
FFPP_0001244,FaceForensics++,Deepfakes/244_822.mp4,1,557,1920,1080,h264,4.64,Deepfakes,Deepfakes,,ORIG_822,ORIG_244,PAIR_ORIG_244_ORIG_822,,,244
FFPP_0001245,FaceForensics++,Deepfakes/245_157.mp4,1,334,640,480,h264,0.67,Deepfakes,Deepfakes,,ORIG_157,ORIG_245,PAIR_ORIG_157_ORIG_245,,,245
FFPP_0001246,FaceForensics++,Deepfakes/246_258.mp4,1,496,1280,720,h264,1.87,Deepfakes,Deepfakes,,ORIG_258,ORIG_246,PAIR_ORIG_246_ORIG_258,,,246
FFPP_0001247,FaceForensics++,Deepfakes/247_229.mp4,1,399,656,480,h264,1.19,Deepfakes,Deepfakes,,ORIG_229,ORIG_247,PAIR_ORIG_229_ORIG_247,,,247
FFPP_0001248,FaceForensics++,Deepfakes/248_232.mp4,1,496,1280,720,h264,2.14,Deepfakes,Deepfakes,,ORIG_232,ORIG_248,PAIR_ORIG_232_ORIG_248,,,248
FFPP_0001249,FaceForensics++,Deepfakes/249_280.mp4,1,632,854,480,h264,1.52,Deepfakes,Deepfakes,,ORIG_280,ORIG_249,PAIR_ORIG_249_ORIG_280,,,249
FFPP_0001250,FaceForensics++,Deepfakes/250_461.mp4,1,564,1280,720,h264,2.52,Deepfakes,Deepfakes,,ORIG_461,ORIG_250,PAIR_ORIG_250_ORIG_461,,,250
FFPP_0001251,FaceForensics++,Deepfakes/251_375.mp4,1,346,1920,1080,h264,2.46,Deepfakes,Deepfakes,,ORIG_375,ORIG_251,PAIR_ORIG_251_ORIG_375,,,251
FFPP_0001252,FaceForensics++,Deepfakes/252_266.mp4,1,572,800,480,h264,1.67,Deepfakes,Deepfakes,,ORIG_266,ORIG_252,PAIR_ORIG_252_ORIG_266,,,252
FFPP_0001253,FaceForensics++,Deepfakes/253_183.mp4,1,501,1280,720,h264,1.55,Deepfakes,Deepfakes,,ORIG_183,ORIG_253,PAIR_ORIG_183_ORIG_253,,,253
FFPP_0001254,FaceForensics++,Deepfakes/254_261.mp4,1,427,1280,720,h264,1.31,Deepfakes,Deepfakes,,ORIG_261,ORIG_254,PAIR_ORIG_254_ORIG_261,,,254
FFPP_0001255,FaceForensics++,Deepfakes/255_214.mp4,1,470,1280,720,h264,1.88,Deepfakes,Deepfakes,,ORIG_214,ORIG_255,PAIR_ORIG_214_ORIG_255,,,255
FFPP_0001256,FaceForensics++,Deepfakes/256_146.mp4,1,546,1280,720,h264,2.35,Deepfakes,Deepfakes,,ORIG_146,ORIG_256,PAIR_ORIG_146_ORIG_256,,,256
FFPP_0001257,FaceForensics++,Deepfakes/257_420.mp4,1,763,656,480,h264,2.19,Deepfakes,Deepfakes,,ORIG_420,ORIG_257,PAIR_ORIG_257_ORIG_420,,,257
FFPP_0001258,FaceForensics++,Deepfakes/258_246.mp4,1,498,1280,720,h264,3.1,Deepfakes,Deepfakes,,ORIG_246,ORIG_258,PAIR_ORIG_246_ORIG_258,,,258
FFPP_0001259,FaceForensics++,Deepfakes/259_345.mp4,1,444,640,480,h264,1.1,Deepfakes,Deepfakes,,ORIG_345,ORIG_259,PAIR_ORIG_259_ORIG_345,,,259
FFPP_0001260,FaceForensics++,Deepfakes/260_331.mp4,1,302,640,480,h264,0.47,Deepfakes,Deepfakes,,ORIG_331,ORIG_260,PAIR_ORIG_260_ORIG_331,,,260
FFPP_0001261,FaceForensics++,Deepfakes/261_254.mp4,1,677,600,480,h264,0.71,Deepfakes,Deepfakes,,ORIG_254,ORIG_261,PAIR_ORIG_254_ORIG_261,,,261
FFPP_0001262,FaceForensics++,Deepfakes/262_301.mp4,1,397,600,480,h264,0.7,Deepfakes,Deepfakes,,ORIG_301,ORIG_262,PAIR_ORIG_262_ORIG_301,,,262
FFPP_0001263,FaceForensics++,Deepfakes/263_284.mp4,1,300,1280,720,h264,1.54,Deepfakes,Deepfakes,,ORIG_284,ORIG_263,PAIR_ORIG_263_ORIG_284,,,263
FFPP_0001264,FaceForensics++,Deepfakes/264_271.mp4,1,455,854,480,h264,0.63,Deepfakes,Deepfakes,,ORIG_271,ORIG_264,PAIR_ORIG_264_ORIG_271,,,264
FFPP_0001265,FaceForensics++,Deepfakes/265_475.mp4,1,552,1920,1080,h264,6.23,Deepfakes,Deepfakes,,ORIG_475,ORIG_265,PAIR_ORIG_265_ORIG_475,,,265
FFPP_0001266,FaceForensics++,Deepfakes/266_252.mp4,1,465,720,480,h264,1.35,Deepfakes,Deepfakes,,ORIG_252,ORIG_266,PAIR_ORIG_252_ORIG_266,,,266
FFPP_0001267,FaceForensics++,Deepfakes/267_286.mp4,1,306,1280,720,h264,1.63,Deepfakes,Deepfakes,,ORIG_286,ORIG_267,PAIR_ORIG_267_ORIG_286,,,267
FFPP_0001268,FaceForensics++,Deepfakes/268_269.mp4,1,1465,654,480,h264,3.64,Deepfakes,Deepfakes,,ORIG_269,ORIG_268,PAIR_ORIG_268_ORIG_269,,,268
FFPP_0001269,FaceForensics++,Deepfakes/269_268.mp4,1,387,640,480,h264,0.71,Deepfakes,Deepfakes,,ORIG_268,ORIG_269,PAIR_ORIG_268_ORIG_269,,,269
FFPP_0001270,FaceForensics++,Deepfakes/270_297.mp4,1,311,656,480,h264,0.79,Deepfakes,Deepfakes,,ORIG_297,ORIG_270,PAIR_ORIG_270_ORIG_297,,,270
FFPP_0001271,FaceForensics++,Deepfakes/271_264.mp4,1,490,640,480,h264,1.33,Deepfakes,Deepfakes,,ORIG_264,ORIG_271,PAIR_ORIG_264_ORIG_271,,,271
FFPP_0001272,FaceForensics++,Deepfakes/272_396.mp4,1,323,1280,720,h264,1.5,Deepfakes,Deepfakes,,ORIG_396,ORIG_272,PAIR_ORIG_272_ORIG_396,,,272
FFPP_0001273,FaceForensics++,Deepfakes/273_807.mp4,1,322,1280,720,h264,0.91,Deepfakes,Deepfakes,,ORIG_807,ORIG_273,PAIR_ORIG_273_ORIG_807,,,273
FFPP_0001274,FaceForensics++,Deepfakes/274_412.mp4,1,474,1280,720,h264,2.28,Deepfakes,Deepfakes,,ORIG_412,ORIG_274,PAIR_ORIG_274_ORIG_412,,,274
FFPP_0001275,FaceForensics++,Deepfakes/275_887.mp4,1,424,640,480,h264,0.84,Deepfakes,Deepfakes,,ORIG_887,ORIG_275,PAIR_ORIG_275_ORIG_887,,,275
FFPP_0001276,FaceForensics++,Deepfakes/276_185.mp4,1,331,656,480,h264,0.83,Deepfakes,Deepfakes,,ORIG_185,ORIG_276,PAIR_ORIG_185_ORIG_276,,,276
FFPP_0001277,FaceForensics++,Deepfakes/277_335.mp4,1,966,1280,720,h264,3.2,Deepfakes,Deepfakes,,ORIG_335,ORIG_277,PAIR_ORIG_277_ORIG_335,,,277
FFPP_0001278,FaceForensics++,Deepfakes/278_306.mp4,1,449,640,480,h264,0.68,Deepfakes,Deepfakes,,ORIG_306,ORIG_278,PAIR_ORIG_278_ORIG_306,,,278
FFPP_0001279,FaceForensics++,Deepfakes/279_298.mp4,1,906,640,480,h264,2.45,Deepfakes,Deepfakes,,ORIG_298,ORIG_279,PAIR_ORIG_279_ORIG_298,,,279
FFPP_0001280,FaceForensics++,Deepfakes/280_249.mp4,1,606,854,480,h264,1.0,Deepfakes,Deepfakes,,ORIG_249,ORIG_280,PAIR_ORIG_249_ORIG_280,,,280
FFPP_0001281,FaceForensics++,Deepfakes/281_474.mp4,1,309,1280,720,h264,0.84,Deepfakes,Deepfakes,,ORIG_474,ORIG_281,PAIR_ORIG_281_ORIG_474,,,281
FFPP_0001282,FaceForensics++,Deepfakes/282_238.mp4,1,594,854,480,h264,1.2,Deepfakes,Deepfakes,,ORIG_238,ORIG_282,PAIR_ORIG_238_ORIG_282,,,282
FFPP_0001283,FaceForensics++,Deepfakes/283_313.mp4,1,966,640,480,h264,1.33,Deepfakes,Deepfakes,,ORIG_313,ORIG_283,PAIR_ORIG_283_ORIG_313,,,283
FFPP_0001284,FaceForensics++,Deepfakes/284_263.mp4,1,483,1920,1080,h264,4.5,Deepfakes,Deepfakes,,ORIG_263,ORIG_284,PAIR_ORIG_263_ORIG_284,,,284
FFPP_0001285,FaceForensics++,Deepfakes/285_136.mp4,1,383,1280,720,h264,1.42,Deepfakes,Deepfakes,,ORIG_136,ORIG_285,PAIR_ORIG_136_ORIG_285,,,285
FFPP_0001286,FaceForensics++,Deepfakes/286_267.mp4,1,668,1280,720,h264,2.44,Deepfakes,Deepfakes,,ORIG_267,ORIG_286,PAIR_ORIG_267_ORIG_286,,,286
FFPP_0001287,FaceForensics++,Deepfakes/287_426.mp4,1,475,1280,720,h264,3.11,Deepfakes,Deepfakes,,ORIG_426,ORIG_287,PAIR_ORIG_287_ORIG_426,,,287
FFPP_0001288,FaceForensics++,Deepfakes/288_321.mp4,1,543,640,480,h264,0.73,Deepfakes,Deepfakes,,ORIG_321,ORIG_288,PAIR_ORIG_288_ORIG_321,,,288
FFPP_0001289,FaceForensics++,Deepfakes/289_228.mp4,1,597,720,480,h264,1.14,Deepfakes,Deepfakes,,ORIG_228,ORIG_289,PAIR_ORIG_228_ORIG_289,,,289
FFPP_0001290,FaceForensics++,Deepfakes/290_240.mp4,1,422,640,480,h264,1.08,Deepfakes,Deepfakes,,ORIG_240,ORIG_290,PAIR_ORIG_240_ORIG_290,,,290
FFPP_0001291,FaceForensics++,Deepfakes/291_874.mp4,1,330,1920,1080,h264,2.48,Deepfakes,Deepfakes,,ORIG_874,ORIG_291,PAIR_ORIG_291_ORIG_874,,,291
FFPP_0001292,FaceForensics++,Deepfakes/292_294.mp4,1,425,1280,720,h264,2.34,Deepfakes,Deepfakes,,ORIG_294,ORIG_292,PAIR_ORIG_292_ORIG_294,,,292
FFPP_0001293,FaceForensics++,Deepfakes/293_296.mp4,1,758,656,480,h264,1.89,Deepfakes,Deepfakes,,ORIG_296,ORIG_293,PAIR_ORIG_293_ORIG_296,,,293
FFPP_0001294,FaceForensics++,Deepfakes/294_292.mp4,1,604,1280,720,h264,3.38,Deepfakes,Deepfakes,,ORIG_292,ORIG_294,PAIR_ORIG_292_ORIG_294,,,294
FFPP_0001295,FaceForensics++,Deepfakes/295_099.mp4,1,411,1920,1080,h264,3.58,Deepfakes,Deepfakes,,ORIG_099,ORIG_295,PAIR_ORIG_099_ORIG_295,,,295
FFPP_0001296,FaceForensics++,Deepfakes/296_293.mp4,1,336,640,480,h264,0.64,Deepfakes,Deepfakes,,ORIG_293,ORIG_296,PAIR_ORIG_293_ORIG_296,,,296
FFPP_0001297,FaceForensics++,Deepfakes/297_270.mp4,1,390,656,480,h264,0.48,Deepfakes,Deepfakes,,ORIG_270,ORIG_297,PAIR_ORIG_270_ORIG_297,,,297
FFPP_0001298,FaceForensics++,Deepfakes/298_279.mp4,1,569,640,480,h264,1.13,Deepfakes,Deepfakes,,ORIG_279,ORIG_298,PAIR_ORIG_279_ORIG_298,,,298
FFPP_0001299,FaceForensics++,Deepfakes/299_145.mp4,1,314,640,480,h264,0.87,Deepfakes,Deepfakes,,ORIG_145,ORIG_299,PAIR_ORIG_145_ORIG_299,,,299
FFPP_0001300,FaceForensics++,Deepfakes/300_304.mp4,1,598,600,480,h264,0.91,Deepfakes,Deepfakes,,ORIG_304,ORIG_300,PAIR_ORIG_300_ORIG_304,,,300
FFPP_0001301,FaceForensics++,Deepfakes/301_262.mp4,1,763,640,480,h264,1.25,Deepfakes,Deepfakes,,ORIG_262,ORIG_301,PAIR_ORIG_262_ORIG_301,,,301
FFPP_0001302,FaceForensics++,Deepfakes/302_323.mp4,1,875,854,480,h264,1.5,Deepfakes,Deepfakes,,ORIG_323,ORIG_302,PAIR_ORIG_302_ORIG_323,,,302
FFPP_0001303,FaceForensics++,Deepfakes/303_309.mp4,1,571,656,480,h264,1.75,Deepfakes,Deepfakes,,ORIG_309,ORIG_303,PAIR_ORIG_303_ORIG_309,,,303
FFPP_0001304,FaceForensics++,Deepfakes/304_300.mp4,1,610,640,480,h264,0.91,Deepfakes,Deepfakes,,ORIG_300,ORIG_304,PAIR_ORIG_300_ORIG_304,,,304
FFPP_0001305,FaceForensics++,Deepfakes/305_513.mp4,1,843,1280,720,h264,3.26,Deepfakes,Deepfakes,,ORIG_513,ORIG_305,PAIR_ORIG_305_ORIG_513,,,305
FFPP_0001306,FaceForensics++,Deepfakes/306_278.mp4,1,728,600,480,h264,0.94,Deepfakes,Deepfakes,,ORIG_278,ORIG_306,PAIR_ORIG_278_ORIG_306,,,306
FFPP_0001307,FaceForensics++,Deepfakes/307_365.mp4,1,378,640,480,h264,0.58,Deepfakes,Deepfakes,,ORIG_365,ORIG_307,PAIR_ORIG_307_ORIG_365,,,307
FFPP_0001308,FaceForensics++,Deepfakes/308_388.mp4,1,502,1280,720,h264,1.37,Deepfakes,Deepfakes,,ORIG_388,ORIG_308,PAIR_ORIG_308_ORIG_388,,,308
FFPP_0001309,FaceForensics++,Deepfakes/309_303.mp4,1,850,600,480,h264,1.66,Deepfakes,Deepfakes,,ORIG_303,ORIG_309,PAIR_ORIG_303_ORIG_309,,,309
FFPP_0001310,FaceForensics++,Deepfakes/310_196.mp4,1,375,1280,720,h264,2.08,Deepfakes,Deepfakes,,ORIG_196,ORIG_310,PAIR_ORIG_196_ORIG_310,,,310
FFPP_0001311,FaceForensics++,Deepfakes/311_387.mp4,1,368,960,720,h264,1.15,Deepfakes,Deepfakes,,ORIG_387,ORIG_311,PAIR_ORIG_311_ORIG_387,,,311
FFPP_0001312,FaceForensics++,Deepfakes/312_021.mp4,1,428,640,480,h264,1.09,Deepfakes,Deepfakes,,ORIG_021,ORIG_312,PAIR_ORIG_021_ORIG_312,,,312
FFPP_0001313,FaceForensics++,Deepfakes/313_283.mp4,1,481,654,480,h264,0.71,Deepfakes,Deepfakes,,ORIG_283,ORIG_313,PAIR_ORIG_283_ORIG_313,,,313
FFPP_0001314,FaceForensics++,Deepfakes/314_347.mp4,1,413,1280,720,h264,0.87,Deepfakes,Deepfakes,,ORIG_347,ORIG_314,PAIR_ORIG_314_ORIG_347,,,314
FFPP_0001315,FaceForensics++,Deepfakes/315_322.mp4,1,304,854,480,h264,0.62,Deepfakes,Deepfakes,,ORIG_322,ORIG_315,PAIR_ORIG_315_ORIG_322,,,315
FFPP_0001316,FaceForensics++,Deepfakes/316_369.mp4,1,566,640,480,h264,0.68,Deepfakes,Deepfakes,,ORIG_369,ORIG_316,PAIR_ORIG_316_ORIG_369,,,316
FFPP_0001317,FaceForensics++,Deepfakes/317_359.mp4,1,682,640,480,h264,1.03,Deepfakes,Deepfakes,,ORIG_359,ORIG_317,PAIR_ORIG_317_ORIG_359,,,317
FFPP_0001318,FaceForensics++,Deepfakes/318_334.mp4,1,475,656,480,h264,0.88,Deepfakes,Deepfakes,,ORIG_334,ORIG_318,PAIR_ORIG_318_ORIG_334,,,318
FFPP_0001319,FaceForensics++,Deepfakes/319_352.mp4,1,717,854,480,h264,1.36,Deepfakes,Deepfakes,,ORIG_352,ORIG_319,PAIR_ORIG_319_ORIG_352,,,319
FFPP_0001320,FaceForensics++,Deepfakes/320_328.mp4,1,504,1280,720,h264,2.72,Deepfakes,Deepfakes,,ORIG_328,ORIG_320,PAIR_ORIG_320_ORIG_328,,,320
FFPP_0001321,FaceForensics++,Deepfakes/321_288.mp4,1,567,640,480,h264,1.19,Deepfakes,Deepfakes,,ORIG_288,ORIG_321,PAIR_ORIG_288_ORIG_321,,,321
FFPP_0001322,FaceForensics++,Deepfakes/322_315.mp4,1,313,1280,720,h264,1.09,Deepfakes,Deepfakes,,ORIG_315,ORIG_322,PAIR_ORIG_315_ORIG_322,,,322
FFPP_0001323,FaceForensics++,Deepfakes/323_302.mp4,1,456,656,480,h264,1.2,Deepfakes,Deepfakes,,ORIG_302,ORIG_323,PAIR_ORIG_302_ORIG_323,,,323
FFPP_0001324,FaceForensics++,Deepfakes/324_356.mp4,1,1249,640,480,h264,2.48,Deepfakes,Deepfakes,,ORIG_356,ORIG_324,PAIR_ORIG_324_ORIG_356,,,324
FFPP_0001325,FaceForensics++,Deepfakes/325_492.mp4,1,1421,1280,720,h264,9.2,Deepfakes,Deepfakes,,ORIG_492,ORIG_325,PAIR_ORIG_325_ORIG_492,,,325
FFPP_0001326,FaceForensics++,Deepfakes/326_501.mp4,1,914,640,480,h264,1.52,Deepfakes,Deepfakes,,ORIG_501,ORIG_326,PAIR_ORIG_326_ORIG_501,,,326
FFPP_0001327,FaceForensics++,Deepfakes/327_329.mp4,1,495,640,480,h264,0.59,Deepfakes,Deepfakes,,ORIG_329,ORIG_327,PAIR_ORIG_327_ORIG_329,,,327
FFPP_0001328,FaceForensics++,Deepfakes/328_320.mp4,1,319,1280,720,h264,1.5,Deepfakes,Deepfakes,,ORIG_320,ORIG_328,PAIR_ORIG_320_ORIG_328,,,328
FFPP_0001329,FaceForensics++,Deepfakes/329_327.mp4,1,415,654,480,h264,0.45,Deepfakes,Deepfakes,,ORIG_327,ORIG_329,PAIR_ORIG_327_ORIG_329,,,329
FFPP_0001330,FaceForensics++,Deepfakes/330_162.mp4,1,407,1280,720,h264,1.78,Deepfakes,Deepfakes,,ORIG_162,ORIG_330,PAIR_ORIG_162_ORIG_330,,,330
FFPP_0001331,FaceForensics++,Deepfakes/331_260.mp4,1,469,1280,720,h264,1.41,Deepfakes,Deepfakes,,ORIG_260,ORIG_331,PAIR_ORIG_260_ORIG_331,,,331
FFPP_0001332,FaceForensics++,Deepfakes/332_051.mp4,1,695,1280,720,h264,5.39,Deepfakes,Deepfakes,,ORIG_051,ORIG_332,PAIR_ORIG_051_ORIG_332,,,332
FFPP_0001333,FaceForensics++,Deepfakes/333_377.mp4,1,429,640,480,h264,1.05,Deepfakes,Deepfakes,,ORIG_377,ORIG_333,PAIR_ORIG_333_ORIG_377,,,333
FFPP_0001334,FaceForensics++,Deepfakes/334_318.mp4,1,1339,600,480,h264,2.99,Deepfakes,Deepfakes,,ORIG_318,ORIG_334,PAIR_ORIG_318_ORIG_334,,,334
FFPP_0001335,FaceForensics++,Deepfakes/335_277.mp4,1,384,1280,720,h264,1.42,Deepfakes,Deepfakes,,ORIG_277,ORIG_335,PAIR_ORIG_277_ORIG_335,,,335
FFPP_0001336,FaceForensics++,Deepfakes/336_338.mp4,1,507,656,480,h264,0.82,Deepfakes,Deepfakes,,ORIG_338,ORIG_336,PAIR_ORIG_336_ORIG_338,,,336
FFPP_0001337,FaceForensics++,Deepfakes/337_522.mp4,1,331,640,480,h264,0.82,Deepfakes,Deepfakes,,ORIG_522,ORIG_337,PAIR_ORIG_337_ORIG_522,,,337
FFPP_0001338,FaceForensics++,Deepfakes/338_336.mp4,1,889,600,480,h264,1.75,Deepfakes,Deepfakes,,ORIG_336,ORIG_338,PAIR_ORIG_336_ORIG_338,,,338
FFPP_0001339,FaceForensics++,Deepfakes/339_392.mp4,1,457,640,480,h264,0.6,Deepfakes,Deepfakes,,ORIG_392,ORIG_339,PAIR_ORIG_339_ORIG_392,,,339
FFPP_0001340,FaceForensics++,Deepfakes/340_341.mp4,1,293,1920,1080,h264,2.43,Deepfakes,Deepfakes,,ORIG_341,ORIG_340,PAIR_ORIG_340_ORIG_341,,,340
FFPP_0001341,FaceForensics++,Deepfakes/341_340.mp4,1,827,960,720,h264,6.16,Deepfakes,Deepfakes,,ORIG_340,ORIG_341,PAIR_ORIG_340_ORIG_341,,,341
FFPP_0001342,FaceForensics++,Deepfakes/342_416.mp4,1,302,1280,720,h264,1.2,Deepfakes,Deepfakes,,ORIG_416,ORIG_342,PAIR_ORIG_342_ORIG_416,,,342
FFPP_0001343,FaceForensics++,Deepfakes/343_363.mp4,1,299,656,480,h264,0.38,Deepfakes,Deepfakes,,ORIG_363,ORIG_343,PAIR_ORIG_343_ORIG_363,,,343
FFPP_0001344,FaceForensics++,Deepfakes/344_020.mp4,1,631,1280,720,h264,2.98,Deepfakes,Deepfakes,,ORIG_020,ORIG_344,PAIR_ORIG_020_ORIG_344,,,344
FFPP_0001345,FaceForensics++,Deepfakes/345_259.mp4,1,423,854,480,h264,0.83,Deepfakes,Deepfakes,,ORIG_259,ORIG_345,PAIR_ORIG_259_ORIG_345,,,345
FFPP_0001346,FaceForensics++,Deepfakes/346_351.mp4,1,615,454,480,h264,0.69,Deepfakes,Deepfakes,,ORIG_351,ORIG_346,PAIR_ORIG_346_ORIG_351,,,346
FFPP_0001347,FaceForensics++,Deepfakes/347_314.mp4,1,458,854,480,h264,0.69,Deepfakes,Deepfakes,,ORIG_314,ORIG_347,PAIR_ORIG_314_ORIG_347,,,347
FFPP_0001348,FaceForensics++,Deepfakes/348_202.mp4,1,414,854,480,h264,0.51,Deepfakes,Deepfakes,,ORIG_202,ORIG_348,PAIR_ORIG_202_ORIG_348,,,348
FFPP_0001349,FaceForensics++,Deepfakes/349_350.mp4,1,471,1280,720,h264,1.6,Deepfakes,Deepfakes,,ORIG_350,ORIG_349,PAIR_ORIG_349_ORIG_350,,,349
FFPP_0001350,FaceForensics++,Deepfakes/350_349.mp4,1,405,854,480,h264,1.03,Deepfakes,Deepfakes,,ORIG_349,ORIG_350,PAIR_ORIG_349_ORIG_350,,,350
FFPP_0001351,FaceForensics++,Deepfakes/351_346.mp4,1,684,640,480,h264,1.0,Deepfakes,Deepfakes,,ORIG_346,ORIG_351,PAIR_ORIG_346_ORIG_351,,,351
FFPP_0001352,FaceForensics++,Deepfakes/352_319.mp4,1,421,720,480,h264,1.33,Deepfakes,Deepfakes,,ORIG_319,ORIG_352,PAIR_ORIG_319_ORIG_352,,,352
FFPP_0001353,FaceForensics++,Deepfakes/353_383.mp4,1,358,1280,720,h264,1.6,Deepfakes,Deepfakes,,ORIG_383,ORIG_353,PAIR_ORIG_353_ORIG_383,,,353
FFPP_0001354,FaceForensics++,Deepfakes/354_362.mp4,1,460,1280,720,h264,1.93,Deepfakes,Deepfakes,,ORIG_362,ORIG_354,PAIR_ORIG_354_ORIG_362,,,354
FFPP_0001355,FaceForensics++,Deepfakes/355_748.mp4,1,499,1920,1080,h264,5.29,Deepfakes,Deepfakes,,ORIG_748,ORIG_355,PAIR_ORIG_355_ORIG_748,,,355
FFPP_0001356,FaceForensics++,Deepfakes/356_324.mp4,1,558,1280,720,h264,2.96,Deepfakes,Deepfakes,,ORIG_324,ORIG_356,PAIR_ORIG_324_ORIG_356,,,356
FFPP_0001357,FaceForensics++,Deepfakes/357_432.mp4,1,346,854,480,h264,0.52,Deepfakes,Deepfakes,,ORIG_432,ORIG_357,PAIR_ORIG_357_ORIG_432,,,357
FFPP_0001358,FaceForensics++,Deepfakes/358_380.mp4,1,534,640,480,h264,0.73,Deepfakes,Deepfakes,,ORIG_380,ORIG_358,PAIR_ORIG_358_ORIG_380,,,358
FFPP_0001359,FaceForensics++,Deepfakes/359_317.mp4,1,456,640,480,h264,0.81,Deepfakes,Deepfakes,,ORIG_317,ORIG_359,PAIR_ORIG_317_ORIG_359,,,359
FFPP_0001360,FaceForensics++,Deepfakes/360_437.mp4,1,385,1280,720,h264,2.16,Deepfakes,Deepfakes,,ORIG_437,ORIG_360,PAIR_ORIG_360_ORIG_437,,,360
FFPP_0001361,FaceForensics++,Deepfakes/361_448.mp4,1,455,1280,720,h264,3.0,Deepfakes,Deepfakes,,ORIG_448,ORIG_361,PAIR_ORIG_361_ORIG_448,,,361
FFPP_0001362,FaceForensics++,Deepfakes/362_354.mp4,1,455,1280,720,h264,1.86,Deepfakes,Deepfakes,,ORIG_354,ORIG_362,PAIR_ORIG_354_ORIG_362,,,362
FFPP_0001363,FaceForensics++,Deepfakes/363_343.mp4,1,473,640,480,h264,0.91,Deepfakes,Deepfakes,,ORIG_343,ORIG_363,PAIR_ORIG_343_ORIG_363,,,363
FFPP_0001364,FaceForensics++,Deepfakes/364_440.mp4,1,648,854,480,h264,2.03,Deepfakes,Deepfakes,,ORIG_440,ORIG_364,PAIR_ORIG_364_ORIG_440,,,364
FFPP_0001365,FaceForensics++,Deepfakes/365_307.mp4,1,369,640,480,h264,0.37,Deepfakes,Deepfakes,,ORIG_307,ORIG_365,PAIR_ORIG_307_ORIG_365,,,365
FFPP_0001366,FaceForensics++,Deepfakes/366_473.mp4,1,404,656,480,h264,0.85,Deepfakes,Deepfakes,,ORIG_473,ORIG_366,PAIR_ORIG_366_ORIG_473,,,366
FFPP_0001367,FaceForensics++,Deepfakes/367_371.mp4,1,649,640,480,h264,0.96,Deepfakes,Deepfakes,,ORIG_371,ORIG_367,PAIR_ORIG_367_ORIG_371,,,367
FFPP_0001368,FaceForensics++,Deepfakes/368_378.mp4,1,761,640,480,h264,1.27,Deepfakes,Deepfakes,,ORIG_378,ORIG_368,PAIR_ORIG_368_ORIG_378,,,368
FFPP_0001369,FaceForensics++,Deepfakes/369_316.mp4,1,320,854,480,h264,0.68,Deepfakes,Deepfakes,,ORIG_316,ORIG_369,PAIR_ORIG_316_ORIG_369,,,369
FFPP_0001370,FaceForensics++,Deepfakes/370_483.mp4,1,396,1920,1080,h264,3.8,Deepfakes,Deepfakes,,ORIG_483,ORIG_370,PAIR_ORIG_370_ORIG_483,,,370
FFPP_0001371,FaceForensics++,Deepfakes/371_367.mp4,1,718,600,480,h264,1.5,Deepfakes,Deepfakes,,ORIG_367,ORIG_371,PAIR_ORIG_367_ORIG_371,,,371
FFPP_0001372,FaceForensics++,Deepfakes/372_413.mp4,1,486,854,480,h264,1.03,Deepfakes,Deepfakes,,ORIG_413,ORIG_372,PAIR_ORIG_372_ORIG_413,,,372
FFPP_0001373,FaceForensics++,Deepfakes/373_394.mp4,1,602,1280,720,h264,2.57,Deepfakes,Deepfakes,,ORIG_394,ORIG_373,PAIR_ORIG_373_ORIG_394,,,373
FFPP_0001374,FaceForensics++,Deepfakes/374_407.mp4,1,586,1280,720,h264,1.57,Deepfakes,Deepfakes,,ORIG_407,ORIG_374,PAIR_ORIG_374_ORIG_407,,,374
FFPP_0001375,FaceForensics++,Deepfakes/375_251.mp4,1,353,1280,720,h264,1.81,Deepfakes,Deepfakes,,ORIG_251,ORIG_375,PAIR_ORIG_251_ORIG_375,,,375
FFPP_0001376,FaceForensics++,Deepfakes/376_381.mp4,1,515,1280,720,h264,1.72,Deepfakes,Deepfakes,,ORIG_381,ORIG_376,PAIR_ORIG_376_ORIG_381,,,376
FFPP_0001377,FaceForensics++,Deepfakes/377_333.mp4,1,398,640,480,h264,0.7,Deepfakes,Deepfakes,,ORIG_333,ORIG_377,PAIR_ORIG_333_ORIG_377,,,377
FFPP_0001378,FaceForensics++,Deepfakes/378_368.mp4,1,761,1280,720,h264,3.83,Deepfakes,Deepfakes,,ORIG_368,ORIG_378,PAIR_ORIG_368_ORIG_378,,,378
FFPP_0001379,FaceForensics++,Deepfakes/379_158.mp4,1,341,640,480,h264,0.94,Deepfakes,Deepfakes,,ORIG_158,ORIG_379,PAIR_ORIG_158_ORIG_379,,,379
FFPP_0001380,FaceForensics++,Deepfakes/380_358.mp4,1,455,640,480,h264,0.6,Deepfakes,Deepfakes,,ORIG_358,ORIG_380,PAIR_ORIG_358_ORIG_380,,,380
FFPP_0001381,FaceForensics++,Deepfakes/381_376.mp4,1,578,656,480,h264,1.53,Deepfakes,Deepfakes,,ORIG_376,ORIG_381,PAIR_ORIG_376_ORIG_381,,,381
FFPP_0001382,FaceForensics++,Deepfakes/382_409.mp4,1,313,640,480,h264,0.69,Deepfakes,Deepfakes,,ORIG_409,ORIG_382,PAIR_ORIG_382_ORIG_409,,,382
FFPP_0001383,FaceForensics++,Deepfakes/383_353.mp4,1,465,1920,1080,h264,2.8,Deepfakes,Deepfakes,,ORIG_353,ORIG_383,PAIR_ORIG_353_ORIG_383,,,383
FFPP_0001384,FaceForensics++,Deepfakes/384_932.mp4,1,462,1920,1080,h264,3.33,Deepfakes,Deepfakes,,ORIG_932,ORIG_384,PAIR_ORIG_384_ORIG_932,,,384
FFPP_0001385,FaceForensics++,Deepfakes/385_414.mp4,1,349,1280,720,h264,1.71,Deepfakes,Deepfakes,,ORIG_414,ORIG_385,PAIR_ORIG_385_ORIG_414,,,385
FFPP_0001386,FaceForensics++,Deepfakes/386_154.mp4,1,449,1920,1080,h264,3.49,Deepfakes,Deepfakes,,ORIG_154,ORIG_386,PAIR_ORIG_154_ORIG_386,,,386
FFPP_0001387,FaceForensics++,Deepfakes/387_311.mp4,1,528,1280,720,h264,1.21,Deepfakes,Deepfakes,,ORIG_311,ORIG_387,PAIR_ORIG_311_ORIG_387,,,387
FFPP_0001388,FaceForensics++,Deepfakes/388_308.mp4,1,636,640,480,h264,1.01,Deepfakes,Deepfakes,,ORIG_308,ORIG_388,PAIR_ORIG_308_ORIG_388,,,388
FFPP_0001389,FaceForensics++,Deepfakes/389_480.mp4,1,314,1920,1080,h264,2.88,Deepfakes,Deepfakes,,ORIG_480,ORIG_389,PAIR_ORIG_389_ORIG_480,,,389
FFPP_0001390,FaceForensics++,Deepfakes/390_709.mp4,1,809,1280,720,h264,5.63,Deepfakes,Deepfakes,,ORIG_709,ORIG_390,PAIR_ORIG_390_ORIG_709,,,390
FFPP_0001391,FaceForensics++,Deepfakes/391_406.mp4,1,547,640,480,h264,0.69,Deepfakes,Deepfakes,,ORIG_406,ORIG_391,PAIR_ORIG_391_ORIG_406,,,391
FFPP_0001392,FaceForensics++,Deepfakes/392_339.mp4,1,1496,1280,720,h264,7.14,Deepfakes,Deepfakes,,ORIG_339,ORIG_392,PAIR_ORIG_339_ORIG_392,,,392
FFPP_0001393,FaceForensics++,Deepfakes/393_405.mp4,1,579,640,480,h264,1.13,Deepfakes,Deepfakes,,ORIG_405,ORIG_393,PAIR_ORIG_393_ORIG_405,,,393
FFPP_0001394,FaceForensics++,Deepfakes/394_373.mp4,1,420,1280,720,h264,1.46,Deepfakes,Deepfakes,,ORIG_373,ORIG_394,PAIR_ORIG_373_ORIG_394,,,394
FFPP_0001395,FaceForensics++,Deepfakes/395_401.mp4,1,448,1280,720,h264,1.2,Deepfakes,Deepfakes,,ORIG_401,ORIG_395,PAIR_ORIG_395_ORIG_401,,,395
FFPP_0001396,FaceForensics++,Deepfakes/396_272.mp4,1,525,1280,720,h264,1.65,Deepfakes,Deepfakes,,ORIG_272,ORIG_396,PAIR_ORIG_272_ORIG_396,,,396
FFPP_0001397,FaceForensics++,Deepfakes/397_602.mp4,1,355,1920,1080,h264,3.6,Deepfakes,Deepfakes,,ORIG_602,ORIG_397,PAIR_ORIG_397_ORIG_602,,,397
FFPP_0001398,FaceForensics++,Deepfakes/398_457.mp4,1,582,656,480,h264,1.26,Deepfakes,Deepfakes,,ORIG_457,ORIG_398,PAIR_ORIG_398_ORIG_457,,,398
FFPP_0001399,FaceForensics++,Deepfakes/399_488.mp4,1,862,1280,720,h264,3.46,Deepfakes,Deepfakes,,ORIG_488,ORIG_399,PAIR_ORIG_399_ORIG_488,,,399
FFPP_0001400,FaceForensics++,Deepfakes/400_476.mp4,1,357,1280,720,h264,1.53,Deepfakes,Deepfakes,,ORIG_476,ORIG_400,PAIR_ORIG_400_ORIG_476,,,400
FFPP_0001401,FaceForensics++,Deepfakes/401_395.mp4,1,492,1280,720,h264,1.99,Deepfakes,Deepfakes,,ORIG_395,ORIG_401,PAIR_ORIG_395_ORIG_401,,,401
FFPP_0001402,FaceForensics++,Deepfakes/402_453.mp4,1,423,1920,1080,h264,4.77,Deepfakes,Deepfakes,,ORIG_453,ORIG_402,PAIR_ORIG_402_ORIG_453,,,402
FFPP_0001403,FaceForensics++,Deepfakes/403_497.mp4,1,707,272,480,h264,0.95,Deepfakes,Deepfakes,,ORIG_497,ORIG_403,PAIR_ORIG_403_ORIG_497,,,403
FFPP_0001404,FaceForensics++,Deepfakes/404_429.mp4,1,798,1280,720,h264,6.46,Deepfakes,Deepfakes,,ORIG_429,ORIG_404,PAIR_ORIG_404_ORIG_429,,,404
FFPP_0001405,FaceForensics++,Deepfakes/405_393.mp4,1,531,640,480,h264,1.0,Deepfakes,Deepfakes,,ORIG_393,ORIG_405,PAIR_ORIG_393_ORIG_405,,,405
FFPP_0001406,FaceForensics++,Deepfakes/406_391.mp4,1,512,600,480,h264,1.42,Deepfakes,Deepfakes,,ORIG_391,ORIG_406,PAIR_ORIG_391_ORIG_406,,,406
FFPP_0001407,FaceForensics++,Deepfakes/407_374.mp4,1,504,600,480,h264,1.3,Deepfakes,Deepfakes,,ORIG_374,ORIG_407,PAIR_ORIG_374_ORIG_407,,,407
FFPP_0001408,FaceForensics++,Deepfakes/408_424.mp4,1,306,720,480,h264,1.51,Deepfakes,Deepfakes,,ORIG_424,ORIG_408,PAIR_ORIG_408_ORIG_424,,,408
FFPP_0001409,FaceForensics++,Deepfakes/409_382.mp4,1,361,640,480,h264,0.48,Deepfakes,Deepfakes,,ORIG_382,ORIG_409,PAIR_ORIG_382_ORIG_409,,,409
FFPP_0001410,FaceForensics++,Deepfakes/410_411.mp4,1,459,1920,1080,h264,4.81,Deepfakes,Deepfakes,,ORIG_411,ORIG_410,PAIR_ORIG_410_ORIG_411,,,410
FFPP_0001411,FaceForensics++,Deepfakes/411_410.mp4,1,529,1920,1080,h264,6.85,Deepfakes,Deepfakes,,ORIG_410,ORIG_411,PAIR_ORIG_410_ORIG_411,,,411
FFPP_0001412,FaceForensics++,Deepfakes/412_274.mp4,1,572,1280,720,h264,1.76,Deepfakes,Deepfakes,,ORIG_274,ORIG_412,PAIR_ORIG_274_ORIG_412,,,412
FFPP_0001413,FaceForensics++,Deepfakes/413_372.mp4,1,379,640,480,h264,0.69,Deepfakes,Deepfakes,,ORIG_372,ORIG_413,PAIR_ORIG_372_ORIG_413,,,413
FFPP_0001414,FaceForensics++,Deepfakes/414_385.mp4,1,587,1920,1080,h264,6.39,Deepfakes,Deepfakes,,ORIG_385,ORIG_414,PAIR_ORIG_385_ORIG_414,,,414
FFPP_0001415,FaceForensics++,Deepfakes/415_484.mp4,1,563,720,480,h264,0.66,Deepfakes,Deepfakes,,ORIG_484,ORIG_415,PAIR_ORIG_415_ORIG_484,,,415
FFPP_0001416,FaceForensics++,Deepfakes/416_342.mp4,1,313,1280,720,h264,1.73,Deepfakes,Deepfakes,,ORIG_342,ORIG_416,PAIR_ORIG_342_ORIG_416,,,416
FFPP_0001417,FaceForensics++,Deepfakes/417_496.mp4,1,861,854,480,h264,2.1,Deepfakes,Deepfakes,,ORIG_496,ORIG_417,PAIR_ORIG_417_ORIG_496,,,417
FFPP_0001418,FaceForensics++,Deepfakes/418_507.mp4,1,319,1280,720,h264,1.69,Deepfakes,Deepfakes,,ORIG_507,ORIG_418,PAIR_ORIG_418_ORIG_507,,,418
FFPP_0001419,FaceForensics++,Deepfakes/419_824.mp4,1,487,1280,720,h264,2.02,Deepfakes,Deepfakes,,ORIG_824,ORIG_419,PAIR_ORIG_419_ORIG_824,,,419
FFPP_0001420,FaceForensics++,Deepfakes/420_257.mp4,1,1126,600,480,h264,1.85,Deepfakes,Deepfakes,,ORIG_257,ORIG_420,PAIR_ORIG_257_ORIG_420,,,420
FFPP_0001421,FaceForensics++,Deepfakes/421_423.mp4,1,1038,640,480,h264,1.75,Deepfakes,Deepfakes,,ORIG_423,ORIG_421,PAIR_ORIG_421_ORIG_423,,,421
FFPP_0001422,FaceForensics++,Deepfakes/422_695.mp4,1,316,1920,1080,h264,4.73,Deepfakes,Deepfakes,,ORIG_695,ORIG_422,PAIR_ORIG_422_ORIG_695,,,422
FFPP_0001423,FaceForensics++,Deepfakes/423_421.mp4,1,1814,598,480,h264,3.42,Deepfakes,Deepfakes,,ORIG_421,ORIG_423,PAIR_ORIG_421_ORIG_423,,,423
FFPP_0001424,FaceForensics++,Deepfakes/424_408.mp4,1,311,640,480,h264,0.56,Deepfakes,Deepfakes,,ORIG_408,ORIG_424,PAIR_ORIG_408_ORIG_424,,,424
FFPP_0001425,FaceForensics++,Deepfakes/425_485.mp4,1,336,854,480,h264,0.76,Deepfakes,Deepfakes,,ORIG_485,ORIG_425,PAIR_ORIG_425_ORIG_485,,,425
FFPP_0001426,FaceForensics++,Deepfakes/426_287.mp4,1,335,1920,1080,h264,4.44,Deepfakes,Deepfakes,,ORIG_287,ORIG_426,PAIR_ORIG_287_ORIG_426,,,426
FFPP_0001427,FaceForensics++,Deepfakes/427_637.mp4,1,468,1280,720,h264,0.72,Deepfakes,Deepfakes,,ORIG_637,ORIG_427,PAIR_ORIG_427_ORIG_637,,,427
FFPP_0001428,FaceForensics++,Deepfakes/428_466.mp4,1,540,1280,720,h264,1.82,Deepfakes,Deepfakes,,ORIG_466,ORIG_428,PAIR_ORIG_428_ORIG_466,,,428
FFPP_0001429,FaceForensics++,Deepfakes/429_404.mp4,1,457,656,480,h264,1.05,Deepfakes,Deepfakes,,ORIG_404,ORIG_429,PAIR_ORIG_404_ORIG_429,,,429
FFPP_0001430,FaceForensics++,Deepfakes/430_459.mp4,1,357,1920,1080,h264,2.68,Deepfakes,Deepfakes,,ORIG_459,ORIG_430,PAIR_ORIG_430_ORIG_459,,,430
FFPP_0001431,FaceForensics++,Deepfakes/431_447.mp4,1,616,1280,720,h264,2.03,Deepfakes,Deepfakes,,ORIG_447,ORIG_431,PAIR_ORIG_431_ORIG_447,,,431
FFPP_0001432,FaceForensics++,Deepfakes/432_357.mp4,1,360,640,480,h264,0.59,Deepfakes,Deepfakes,,ORIG_357,ORIG_432,PAIR_ORIG_357_ORIG_432,,,432
FFPP_0001433,FaceForensics++,Deepfakes/433_498.mp4,1,532,1280,720,h264,2.43,Deepfakes,Deepfakes,,ORIG_498,ORIG_433,PAIR_ORIG_433_ORIG_498,,,433
FFPP_0001434,FaceForensics++,Deepfakes/434_438.mp4,1,337,854,480,h264,0.48,Deepfakes,Deepfakes,,ORIG_438,ORIG_434,PAIR_ORIG_434_ORIG_438,,,434
FFPP_0001435,FaceForensics++,Deepfakes/435_456.mp4,1,476,656,480,h264,0.98,Deepfakes,Deepfakes,,ORIG_456,ORIG_435,PAIR_ORIG_435_ORIG_456,,,435
FFPP_0001436,FaceForensics++,Deepfakes/436_526.mp4,1,518,1280,720,h264,2.46,Deepfakes,Deepfakes,,ORIG_526,ORIG_436,PAIR_ORIG_436_ORIG_526,,,436
FFPP_0001437,FaceForensics++,Deepfakes/437_360.mp4,1,593,1280,720,h264,4.24,Deepfakes,Deepfakes,,ORIG_360,ORIG_437,PAIR_ORIG_360_ORIG_437,,,437
FFPP_0001438,FaceForensics++,Deepfakes/438_434.mp4,1,542,640,480,h264,0.65,Deepfakes,Deepfakes,,ORIG_434,ORIG_438,PAIR_ORIG_434_ORIG_438,,,438
FFPP_0001439,FaceForensics++,Deepfakes/439_441.mp4,1,462,640,480,h264,0.92,Deepfakes,Deepfakes,,ORIG_441,ORIG_439,PAIR_ORIG_439_ORIG_441,,,439
FFPP_0001440,FaceForensics++,Deepfakes/440_364.mp4,1,419,656,480,h264,0.55,Deepfakes,Deepfakes,,ORIG_364,ORIG_440,PAIR_ORIG_364_ORIG_440,,,440
FFPP_0001441,FaceForensics++,Deepfakes/441_439.mp4,1,305,640,480,h264,0.65,Deepfakes,Deepfakes,,ORIG_439,ORIG_441,PAIR_ORIG_439_ORIG_441,,,441
FFPP_0001442,FaceForensics++,Deepfakes/442_195.mp4,1,355,1920,1080,h264,3.88,Deepfakes,Deepfakes,,ORIG_195,ORIG_442,PAIR_ORIG_195_ORIG_442,,,442
FFPP_0001443,FaceForensics++,Deepfakes/443_514.mp4,1,1146,640,480,h264,1.54,Deepfakes,Deepfakes,,ORIG_514,ORIG_443,PAIR_ORIG_443_ORIG_514,,,443
FFPP_0001444,FaceForensics++,Deepfakes/444_655.mp4,1,437,854,480,h264,0.85,Deepfakes,Deepfakes,,ORIG_655,ORIG_444,PAIR_ORIG_444_ORIG_655,,,444
FFPP_0001445,FaceForensics++,Deepfakes/445_494.mp4,1,1053,1280,720,h264,3.89,Deepfakes,Deepfakes,,ORIG_494,ORIG_445,PAIR_ORIG_445_ORIG_494,,,445
FFPP_0001446,FaceForensics++,Deepfakes/446_667.mp4,1,423,1920,1080,h264,4.52,Deepfakes,Deepfakes,,ORIG_667,ORIG_446,PAIR_ORIG_446_ORIG_667,,,446
FFPP_0001447,FaceForensics++,Deepfakes/447_431.mp4,1,326,654,480,h264,0.6,Deepfakes,Deepfakes,,ORIG_431,ORIG_447,PAIR_ORIG_431_ORIG_447,,,447
FFPP_0001448,FaceForensics++,Deepfakes/448_361.mp4,1,528,1280,720,h264,2.17,Deepfakes,Deepfakes,,ORIG_361,ORIG_448,PAIR_ORIG_361_ORIG_448,,,448
FFPP_0001449,FaceForensics++,Deepfakes/449_451.mp4,1,306,1280,720,h264,1.49,Deepfakes,Deepfakes,,ORIG_451,ORIG_449,PAIR_ORIG_449_ORIG_451,,,449
FFPP_0001450,FaceForensics++,Deepfakes/450_533.mp4,1,774,1920,1080,h264,6.75,Deepfakes,Deepfakes,,ORIG_533,ORIG_450,PAIR_ORIG_450_ORIG_533,,,450
FFPP_0001451,FaceForensics++,Deepfakes/451_449.mp4,1,383,1280,720,h264,1.45,Deepfakes,Deepfakes,,ORIG_449,ORIG_451,PAIR_ORIG_449_ORIG_451,,,451
FFPP_0001452,FaceForensics++,Deepfakes/452_550.mp4,1,606,640,480,h264,1.03,Deepfakes,Deepfakes,,ORIG_550,ORIG_452,PAIR_ORIG_452_ORIG_550,,,452
FFPP_0001453,FaceForensics++,Deepfakes/453_402.mp4,1,645,1280,718,h264,2.41,Deepfakes,Deepfakes,,ORIG_402,ORIG_453,PAIR_ORIG_402_ORIG_453,,,453
FFPP_0001454,FaceForensics++,Deepfakes/454_527.mp4,1,384,854,480,h264,1.11,Deepfakes,Deepfakes,,ORIG_527,ORIG_454,PAIR_ORIG_454_ORIG_527,,,454
FFPP_0001455,FaceForensics++,Deepfakes/455_471.mp4,1,370,656,480,h264,1.33,Deepfakes,Deepfakes,,ORIG_471,ORIG_455,PAIR_ORIG_455_ORIG_471,,,455
FFPP_0001456,FaceForensics++,Deepfakes/456_435.mp4,1,608,1280,720,h264,3.5,Deepfakes,Deepfakes,,ORIG_435,ORIG_456,PAIR_ORIG_435_ORIG_456,,,456
FFPP_0001457,FaceForensics++,Deepfakes/457_398.mp4,1,528,640,480,h264,1.22,Deepfakes,Deepfakes,,ORIG_398,ORIG_457,PAIR_ORIG_398_ORIG_457,,,457
FFPP_0001458,FaceForensics++,Deepfakes/458_722.mp4,1,351,854,480,h264,0.77,Deepfakes,Deepfakes,,ORIG_722,ORIG_458,PAIR_ORIG_458_ORIG_722,,,458
FFPP_0001459,FaceForensics++,Deepfakes/459_430.mp4,1,526,1920,1080,h264,4.45,Deepfakes,Deepfakes,,ORIG_430,ORIG_459,PAIR_ORIG_430_ORIG_459,,,459
FFPP_0001460,FaceForensics++,Deepfakes/460_678.mp4,1,640,1280,720,h264,2.59,Deepfakes,Deepfakes,,ORIG_678,ORIG_460,PAIR_ORIG_460_ORIG_678,,,460
FFPP_0001461,FaceForensics++,Deepfakes/461_250.mp4,1,612,1280,720,h264,2.08,Deepfakes,Deepfakes,,ORIG_250,ORIG_461,PAIR_ORIG_250_ORIG_461,,,461
FFPP_0001462,FaceForensics++,Deepfakes/462_467.mp4,1,585,640,480,h264,1.03,Deepfakes,Deepfakes,,ORIG_467,ORIG_462,PAIR_ORIG_462_ORIG_467,,,462
FFPP_0001463,FaceForensics++,Deepfakes/463_464.mp4,1,315,636,480,h264,0.8,Deepfakes,Deepfakes,,ORIG_464,ORIG_463,PAIR_ORIG_463_ORIG_464,,,463
FFPP_0001464,FaceForensics++,Deepfakes/464_463.mp4,1,404,640,480,h264,0.93,Deepfakes,Deepfakes,,ORIG_463,ORIG_464,PAIR_ORIG_463_ORIG_464,,,464
FFPP_0001465,FaceForensics++,Deepfakes/465_482.mp4,1,329,1280,720,h264,1.52,Deepfakes,Deepfakes,,ORIG_482,ORIG_465,PAIR_ORIG_465_ORIG_482,,,465
FFPP_0001466,FaceForensics++,Deepfakes/466_428.mp4,1,334,1280,720,h264,1.67,Deepfakes,Deepfakes,,ORIG_428,ORIG_466,PAIR_ORIG_428_ORIG_466,,,466
FFPP_0001467,FaceForensics++,Deepfakes/467_462.mp4,1,423,640,480,h264,0.79,Deepfakes,Deepfakes,,ORIG_462,ORIG_467,PAIR_ORIG_462_ORIG_467,,,467
FFPP_0001468,FaceForensics++,Deepfakes/468_470.mp4,1,597,600,480,h264,1.23,Deepfakes,Deepfakes,,ORIG_470,ORIG_468,PAIR_ORIG_468_ORIG_470,,,468
FFPP_0001469,FaceForensics++,Deepfakes/469_481.mp4,1,414,854,480,h264,0.95,Deepfakes,Deepfakes,,ORIG_481,ORIG_469,PAIR_ORIG_469_ORIG_481,,,469
FFPP_0001470,FaceForensics++,Deepfakes/470_468.mp4,1,905,642,480,h264,1.09,Deepfakes,Deepfakes,,ORIG_468,ORIG_470,PAIR_ORIG_468_ORIG_470,,,470
FFPP_0001471,FaceForensics++,Deepfakes/471_455.mp4,1,540,640,480,h264,0.86,Deepfakes,Deepfakes,,ORIG_455,ORIG_471,PAIR_ORIG_455_ORIG_471,,,471
FFPP_0001472,FaceForensics++,Deepfakes/472_511.mp4,1,479,640,480,h264,0.33,Deepfakes,Deepfakes,,ORIG_511,ORIG_472,PAIR_ORIG_472_ORIG_511,,,472
FFPP_0001473,FaceForensics++,Deepfakes/473_366.mp4,1,574,640,480,h264,0.9,Deepfakes,Deepfakes,,ORIG_366,ORIG_473,PAIR_ORIG_366_ORIG_473,,,473
FFPP_0001474,FaceForensics++,Deepfakes/474_281.mp4,1,296,640,480,h264,1.24,Deepfakes,Deepfakes,,ORIG_281,ORIG_474,PAIR_ORIG_281_ORIG_474,,,474
FFPP_0001475,FaceForensics++,Deepfakes/475_265.mp4,1,337,1280,720,h264,1.49,Deepfakes,Deepfakes,,ORIG_265,ORIG_475,PAIR_ORIG_265_ORIG_475,,,475
FFPP_0001476,FaceForensics++,Deepfakes/476_400.mp4,1,310,640,480,h264,1.14,Deepfakes,Deepfakes,,ORIG_400,ORIG_476,PAIR_ORIG_400_ORIG_476,,,476
FFPP_0001477,FaceForensics++,Deepfakes/477_487.mp4,1,365,1264,720,h264,1.52,Deepfakes,Deepfakes,,ORIG_487,ORIG_477,PAIR_ORIG_477_ORIG_487,,,477
FFPP_0001478,FaceForensics++,Deepfakes/478_506.mp4,1,749,640,480,h264,0.89,Deepfakes,Deepfakes,,ORIG_506,ORIG_478,PAIR_ORIG_478_ORIG_506,,,478
FFPP_0001479,FaceForensics++,Deepfakes/479_706.mp4,1,488,1920,1080,h264,4.58,Deepfakes,Deepfakes,,ORIG_706,ORIG_479,PAIR_ORIG_479_ORIG_706,,,479
FFPP_0001480,FaceForensics++,Deepfakes/480_389.mp4,1,485,1280,720,h264,2.2,Deepfakes,Deepfakes,,ORIG_389,ORIG_480,PAIR_ORIG_389_ORIG_480,,,480
FFPP_0001481,FaceForensics++,Deepfakes/481_469.mp4,1,414,1280,720,h264,2.51,Deepfakes,Deepfakes,,ORIG_469,ORIG_481,PAIR_ORIG_469_ORIG_481,,,481
FFPP_0001482,FaceForensics++,Deepfakes/482_465.mp4,1,354,640,480,h264,1.09,Deepfakes,Deepfakes,,ORIG_465,ORIG_482,PAIR_ORIG_465_ORIG_482,,,482
FFPP_0001483,FaceForensics++,Deepfakes/483_370.mp4,1,375,1280,720,h264,1.12,Deepfakes,Deepfakes,,ORIG_370,ORIG_483,PAIR_ORIG_370_ORIG_483,,,483
FFPP_0001484,FaceForensics++,Deepfakes/484_415.mp4,1,319,654,480,h264,0.4,Deepfakes,Deepfakes,,ORIG_415,ORIG_484,PAIR_ORIG_415_ORIG_484,,,484
FFPP_0001485,FaceForensics++,Deepfakes/485_425.mp4,1,803,854,480,h264,1.77,Deepfakes,Deepfakes,,ORIG_425,ORIG_485,PAIR_ORIG_425_ORIG_485,,,485
FFPP_0001486,FaceForensics++,Deepfakes/486_680.mp4,1,564,640,480,h264,0.85,Deepfakes,Deepfakes,,ORIG_680,ORIG_486,PAIR_ORIG_486_ORIG_680,,,486
FFPP_0001487,FaceForensics++,Deepfakes/487_477.mp4,1,319,1280,720,h264,1.77,Deepfakes,Deepfakes,,ORIG_477,ORIG_487,PAIR_ORIG_477_ORIG_487,,,487
FFPP_0001488,FaceForensics++,Deepfakes/488_399.mp4,1,518,854,480,h264,1.06,Deepfakes,Deepfakes,,ORIG_399,ORIG_488,PAIR_ORIG_399_ORIG_488,,,488
FFPP_0001489,FaceForensics++,Deepfakes/489_022.mp4,1,566,1280,720,h264,2.55,Deepfakes,Deepfakes,,ORIG_022,ORIG_489,PAIR_ORIG_022_ORIG_489,,,489
FFPP_0001490,FaceForensics++,Deepfakes/490_534.mp4,1,635,1920,1080,h264,5.39,Deepfakes,Deepfakes,,ORIG_534,ORIG_490,PAIR_ORIG_490_ORIG_534,,,490
FFPP_0001491,FaceForensics++,Deepfakes/491_226.mp4,1,427,1920,1080,h264,4.17,Deepfakes,Deepfakes,,ORIG_226,ORIG_491,PAIR_ORIG_226_ORIG_491,,,491
FFPP_0001492,FaceForensics++,Deepfakes/492_325.mp4,1,347,1280,720,h264,1.38,Deepfakes,Deepfakes,,ORIG_325,ORIG_492,PAIR_ORIG_325_ORIG_492,,,492
FFPP_0001493,FaceForensics++,Deepfakes/493_538.mp4,1,395,640,480,h264,0.94,Deepfakes,Deepfakes,,ORIG_538,ORIG_493,PAIR_ORIG_493_ORIG_538,,,493
FFPP_0001494,FaceForensics++,Deepfakes/494_445.mp4,1,802,1280,720,h264,3.47,Deepfakes,Deepfakes,,ORIG_445,ORIG_494,PAIR_ORIG_445_ORIG_494,,,494
FFPP_0001495,FaceForensics++,Deepfakes/495_512.mp4,1,573,640,480,h264,1.09,Deepfakes,Deepfakes,,ORIG_512,ORIG_495,PAIR_ORIG_495_ORIG_512,,,495
FFPP_0001496,FaceForensics++,Deepfakes/496_417.mp4,1,1496,640,480,h264,2.05,Deepfakes,Deepfakes,,ORIG_417,ORIG_496,PAIR_ORIG_417_ORIG_496,,,496
FFPP_0001497,FaceForensics++,Deepfakes/497_403.mp4,1,621,854,480,h264,1.41,Deepfakes,Deepfakes,,ORIG_403,ORIG_497,PAIR_ORIG_403_ORIG_497,,,497
FFPP_0001498,FaceForensics++,Deepfakes/498_433.mp4,1,317,854,480,h264,0.9,Deepfakes,Deepfakes,,ORIG_433,ORIG_498,PAIR_ORIG_433_ORIG_498,,,498
FFPP_0001499,FaceForensics++,Deepfakes/499_539.mp4,1,514,1280,720,h264,2.25,Deepfakes,Deepfakes,,ORIG_539,ORIG_499,PAIR_ORIG_499_ORIG_539,,,499
FFPP_0001500,FaceForensics++,Deepfakes/500_592.mp4,1,292,1920,1080,h264,2.65,Deepfakes,Deepfakes,,ORIG_592,ORIG_500,PAIR_ORIG_500_ORIG_592,,,500
FFPP_0001501,FaceForensics++,Deepfakes/501_326.mp4,1,522,600,480,h264,0.72,Deepfakes,Deepfakes,,ORIG_326,ORIG_501,PAIR_ORIG_326_ORIG_501,,,501
FFPP_0001502,FaceForensics++,Deepfakes/502_504.mp4,1,317,1280,720,h264,1.69,Deepfakes,Deepfakes,,ORIG_504,ORIG_502,PAIR_ORIG_502_ORIG_504,,,502
FFPP_0001503,FaceForensics++,Deepfakes/503_756.mp4,1,674,640,480,h264,0.83,Deepfakes,Deepfakes,,ORIG_756,ORIG_503,PAIR_ORIG_503_ORIG_756,,,503
FFPP_0001504,FaceForensics++,Deepfakes/504_502.mp4,1,317,1280,720,h264,1.03,Deepfakes,Deepfakes,,ORIG_502,ORIG_504,PAIR_ORIG_502_ORIG_504,,,504
FFPP_0001505,FaceForensics++,Deepfakes/505_600.mp4,1,543,654,480,h264,0.49,Deepfakes,Deepfakes,,ORIG_600,ORIG_505,PAIR_ORIG_505_ORIG_600,,,505
FFPP_0001506,FaceForensics++,Deepfakes/506_478.mp4,1,668,854,480,h264,1.31,Deepfakes,Deepfakes,,ORIG_478,ORIG_506,PAIR_ORIG_478_ORIG_506,,,506
FFPP_0001507,FaceForensics++,Deepfakes/507_418.mp4,1,469,1920,1080,h264,7.7,Deepfakes,Deepfakes,,ORIG_418,ORIG_507,PAIR_ORIG_418_ORIG_507,,,507
FFPP_0001508,FaceForensics++,Deepfakes/508_831.mp4,1,603,1920,1080,h264,4.79,Deepfakes,Deepfakes,,ORIG_831,ORIG_508,PAIR_ORIG_508_ORIG_831,,,508
FFPP_0001509,FaceForensics++,Deepfakes/509_525.mp4,1,563,640,480,h264,1.93,Deepfakes,Deepfakes,,ORIG_525,ORIG_509,PAIR_ORIG_509_ORIG_525,,,509
FFPP_0001510,FaceForensics++,Deepfakes/510_528.mp4,1,340,854,480,h264,1.42,Deepfakes,Deepfakes,,ORIG_528,ORIG_510,PAIR_ORIG_510_ORIG_528,,,510
FFPP_0001511,FaceForensics++,Deepfakes/511_472.mp4,1,809,640,480,h264,1.42,Deepfakes,Deepfakes,,ORIG_472,ORIG_511,PAIR_ORIG_472_ORIG_511,,,511
FFPP_0001512,FaceForensics++,Deepfakes/512_495.mp4,1,750,640,480,h264,1.56,Deepfakes,Deepfakes,,ORIG_495,ORIG_512,PAIR_ORIG_495_ORIG_512,,,512
FFPP_0001513,FaceForensics++,Deepfakes/513_305.mp4,1,494,1280,720,h264,2.79,Deepfakes,Deepfakes,,ORIG_305,ORIG_513,PAIR_ORIG_305_ORIG_513,,,513
FFPP_0001514,FaceForensics++,Deepfakes/514_443.mp4,1,361,640,480,h264,0.82,Deepfakes,Deepfakes,,ORIG_443,ORIG_514,PAIR_ORIG_443_ORIG_514,,,514
FFPP_0001515,FaceForensics++,Deepfakes/515_519.mp4,1,766,640,480,h264,1.87,Deepfakes,Deepfakes,,ORIG_519,ORIG_515,PAIR_ORIG_515_ORIG_519,,,515
FFPP_0001516,FaceForensics++,Deepfakes/516_555.mp4,1,354,1920,1080,h264,3.16,Deepfakes,Deepfakes,,ORIG_555,ORIG_516,PAIR_ORIG_516_ORIG_555,,,516
FFPP_0001517,FaceForensics++,Deepfakes/517_521.mp4,1,373,654,480,h264,0.64,Deepfakes,Deepfakes,,ORIG_521,ORIG_517,PAIR_ORIG_517_ORIG_521,,,517
FFPP_0001518,FaceForensics++,Deepfakes/518_131.mp4,1,295,854,480,h264,0.74,Deepfakes,Deepfakes,,ORIG_131,ORIG_518,PAIR_ORIG_131_ORIG_518,,,518
FFPP_0001519,FaceForensics++,Deepfakes/519_515.mp4,1,751,640,480,h264,2.21,Deepfakes,Deepfakes,,ORIG_515,ORIG_519,PAIR_ORIG_515_ORIG_519,,,519
FFPP_0001520,FaceForensics++,Deepfakes/520_542.mp4,1,350,1280,720,h264,1.48,Deepfakes,Deepfakes,,ORIG_542,ORIG_520,PAIR_ORIG_520_ORIG_542,,,520
FFPP_0001521,FaceForensics++,Deepfakes/521_517.mp4,1,304,640,480,h264,0.6,Deepfakes,Deepfakes,,ORIG_517,ORIG_521,PAIR_ORIG_517_ORIG_521,,,521
FFPP_0001522,FaceForensics++,Deepfakes/522_337.mp4,1,713,602,480,h264,1.02,Deepfakes,Deepfakes,,ORIG_337,ORIG_522,PAIR_ORIG_337_ORIG_522,,,522
FFPP_0001523,FaceForensics++,Deepfakes/523_541.mp4,1,375,854,480,h264,0.86,Deepfakes,Deepfakes,,ORIG_541,ORIG_523,PAIR_ORIG_523_ORIG_541,,,523
FFPP_0001524,FaceForensics++,Deepfakes/524_580.mp4,1,527,854,480,h264,0.9,Deepfakes,Deepfakes,,ORIG_580,ORIG_524,PAIR_ORIG_524_ORIG_580,,,524
FFPP_0001525,FaceForensics++,Deepfakes/525_509.mp4,1,517,854,480,h264,0.64,Deepfakes,Deepfakes,,ORIG_509,ORIG_525,PAIR_ORIG_509_ORIG_525,,,525
FFPP_0001526,FaceForensics++,Deepfakes/526_436.mp4,1,838,1280,720,h264,2.96,Deepfakes,Deepfakes,,ORIG_436,ORIG_526,PAIR_ORIG_436_ORIG_526,,,526
FFPP_0001527,FaceForensics++,Deepfakes/527_454.mp4,1,342,1280,720,h264,0.85,Deepfakes,Deepfakes,,ORIG_454,ORIG_527,PAIR_ORIG_454_ORIG_527,,,527
FFPP_0001528,FaceForensics++,Deepfakes/528_510.mp4,1,377,720,480,h264,1.23,Deepfakes,Deepfakes,,ORIG_510,ORIG_528,PAIR_ORIG_510_ORIG_528,,,528
FFPP_0001529,FaceForensics++,Deepfakes/529_633.mp4,1,335,1920,1080,h264,3.27,Deepfakes,Deepfakes,,ORIG_633,ORIG_529,PAIR_ORIG_529_ORIG_633,,,529
FFPP_0001530,FaceForensics++,Deepfakes/530_594.mp4,1,716,1280,720,h264,3.83,Deepfakes,Deepfakes,,ORIG_594,ORIG_530,PAIR_ORIG_530_ORIG_594,,,530
FFPP_0001531,FaceForensics++,Deepfakes/531_549.mp4,1,319,640,480,h264,0.83,Deepfakes,Deepfakes,,ORIG_549,ORIG_531,PAIR_ORIG_531_ORIG_549,,,531
FFPP_0001532,FaceForensics++,Deepfakes/532_544.mp4,1,391,1280,720,h264,1.24,Deepfakes,Deepfakes,,ORIG_544,ORIG_532,PAIR_ORIG_532_ORIG_544,,,532
FFPP_0001533,FaceForensics++,Deepfakes/533_450.mp4,1,558,1920,1080,h264,3.65,Deepfakes,Deepfakes,,ORIG_450,ORIG_533,PAIR_ORIG_450_ORIG_533,,,533
FFPP_0001534,FaceForensics++,Deepfakes/534_490.mp4,1,384,1280,720,h264,1.69,Deepfakes,Deepfakes,,ORIG_490,ORIG_534,PAIR_ORIG_490_ORIG_534,,,534
FFPP_0001535,FaceForensics++,Deepfakes/535_587.mp4,1,667,640,480,h264,0.85,Deepfakes,Deepfakes,,ORIG_587,ORIG_535,PAIR_ORIG_535_ORIG_587,,,535
FFPP_0001536,FaceForensics++,Deepfakes/536_540.mp4,1,603,1280,720,h264,2.05,Deepfakes,Deepfakes,,ORIG_540,ORIG_536,PAIR_ORIG_536_ORIG_540,,,536
FFPP_0001537,FaceForensics++,Deepfakes/537_563.mp4,1,385,1280,720,h264,1.99,Deepfakes,Deepfakes,,ORIG_563,ORIG_537,PAIR_ORIG_537_ORIG_563,,,537
FFPP_0001538,FaceForensics++,Deepfakes/538_493.mp4,1,596,854,480,h264,1.13,Deepfakes,Deepfakes,,ORIG_493,ORIG_538,PAIR_ORIG_493_ORIG_538,,,538
FFPP_0001539,FaceForensics++,Deepfakes/539_499.mp4,1,313,640,480,h264,0.43,Deepfakes,Deepfakes,,ORIG_499,ORIG_539,PAIR_ORIG_499_ORIG_539,,,539
FFPP_0001540,FaceForensics++,Deepfakes/540_536.mp4,1,957,1280,720,h264,2.63,Deepfakes,Deepfakes,,ORIG_536,ORIG_540,PAIR_ORIG_536_ORIG_540,,,540
FFPP_0001541,FaceForensics++,Deepfakes/541_523.mp4,1,390,642,480,h264,0.42,Deepfakes,Deepfakes,,ORIG_523,ORIG_541,PAIR_ORIG_523_ORIG_541,,,541
FFPP_0001542,FaceForensics++,Deepfakes/542_520.mp4,1,320,1280,720,h264,1.2,Deepfakes,Deepfakes,,ORIG_520,ORIG_542,PAIR_ORIG_520_ORIG_542,,,542
FFPP_0001543,FaceForensics++,Deepfakes/543_559.mp4,1,718,656,480,h264,1.29,Deepfakes,Deepfakes,,ORIG_559,ORIG_543,PAIR_ORIG_543_ORIG_559,,,543
FFPP_0001544,FaceForensics++,Deepfakes/544_532.mp4,1,355,1280,720,h264,1.57,Deepfakes,Deepfakes,,ORIG_532,ORIG_544,PAIR_ORIG_532_ORIG_544,,,544
FFPP_0001545,FaceForensics++,Deepfakes/545_553.mp4,1,436,640,480,h264,0.95,Deepfakes,Deepfakes,,ORIG_553,ORIG_545,PAIR_ORIG_545_ORIG_553,,,545
FFPP_0001546,FaceForensics++,Deepfakes/546_621.mp4,1,714,854,480,h264,1.17,Deepfakes,Deepfakes,,ORIG_621,ORIG_546,PAIR_ORIG_546_ORIG_621,,,546
FFPP_0001547,FaceForensics++,Deepfakes/547_574.mp4,1,496,1920,1080,h264,3.66,Deepfakes,Deepfakes,,ORIG_574,ORIG_547,PAIR_ORIG_547_ORIG_574,,,547
FFPP_0001548,FaceForensics++,Deepfakes/548_632.mp4,1,573,1280,720,h264,2.49,Deepfakes,Deepfakes,,ORIG_632,ORIG_548,PAIR_ORIG_548_ORIG_632,,,548
FFPP_0001549,FaceForensics++,Deepfakes/549_531.mp4,1,624,1280,720,h264,13.45,Deepfakes,Deepfakes,,ORIG_531,ORIG_549,PAIR_ORIG_531_ORIG_549,,,549
FFPP_0001550,FaceForensics++,Deepfakes/550_452.mp4,1,444,640,480,h264,0.61,Deepfakes,Deepfakes,,ORIG_452,ORIG_550,PAIR_ORIG_452_ORIG_550,,,550
FFPP_0001551,FaceForensics++,Deepfakes/551_631.mp4,1,727,1280,720,h264,4.81,Deepfakes,Deepfakes,,ORIG_631,ORIG_551,PAIR_ORIG_551_ORIG_631,,,551
FFPP_0001552,FaceForensics++,Deepfakes/552_851.mp4,1,303,1280,720,h264,1.29,Deepfakes,Deepfakes,,ORIG_851,ORIG_552,PAIR_ORIG_552_ORIG_851,,,552
FFPP_0001553,FaceForensics++,Deepfakes/553_545.mp4,1,364,640,480,h264,0.53,Deepfakes,Deepfakes,,ORIG_545,ORIG_553,PAIR_ORIG_545_ORIG_553,,,553
FFPP_0001554,FaceForensics++,Deepfakes/554_572.mp4,1,828,1280,720,h264,2.64,Deepfakes,Deepfakes,,ORIG_572,ORIG_554,PAIR_ORIG_554_ORIG_572,,,554
FFPP_0001555,FaceForensics++,Deepfakes/555_516.mp4,1,572,1920,1080,h264,7.05,Deepfakes,Deepfakes,,ORIG_516,ORIG_555,PAIR_ORIG_516_ORIG_555,,,555
FFPP_0001556,FaceForensics++,Deepfakes/556_588.mp4,1,372,640,480,h264,0.54,Deepfakes,Deepfakes,,ORIG_588,ORIG_556,PAIR_ORIG_556_ORIG_588,,,556
FFPP_0001557,FaceForensics++,Deepfakes/557_560.mp4,1,509,854,480,h264,0.93,Deepfakes,Deepfakes,,ORIG_560,ORIG_557,PAIR_ORIG_557_ORIG_560,,,557
FFPP_0001558,FaceForensics++,Deepfakes/558_583.mp4,1,535,1280,720,h264,3.18,Deepfakes,Deepfakes,,ORIG_583,ORIG_558,PAIR_ORIG_558_ORIG_583,,,558
FFPP_0001559,FaceForensics++,Deepfakes/559_543.mp4,1,334,1280,720,h264,2.28,Deepfakes,Deepfakes,,ORIG_543,ORIG_559,PAIR_ORIG_543_ORIG_559,,,559
FFPP_0001560,FaceForensics++,Deepfakes/560_557.mp4,1,349,640,480,h264,0.41,Deepfakes,Deepfakes,,ORIG_557,ORIG_560,PAIR_ORIG_557_ORIG_560,,,560
FFPP_0001561,FaceForensics++,Deepfakes/561_998.mp4,1,416,1920,1080,h264,3.03,Deepfakes,Deepfakes,,ORIG_998,ORIG_561,PAIR_ORIG_561_ORIG_998,,,561
FFPP_0001562,FaceForensics++,Deepfakes/562_626.mp4,1,467,1280,720,h264,3.01,Deepfakes,Deepfakes,,ORIG_626,ORIG_562,PAIR_ORIG_562_ORIG_626,,,562
FFPP_0001563,FaceForensics++,Deepfakes/563_537.mp4,1,390,640,480,h264,0.61,Deepfakes,Deepfakes,,ORIG_537,ORIG_563,PAIR_ORIG_537_ORIG_563,,,563
FFPP_0001564,FaceForensics++,Deepfakes/564_971.mp4,1,648,1920,1080,h264,4.03,Deepfakes,Deepfakes,,ORIG_971,ORIG_564,PAIR_ORIG_564_ORIG_971,,,564
FFPP_0001565,FaceForensics++,Deepfakes/565_589.mp4,1,430,656,480,h264,0.85,Deepfakes,Deepfakes,,ORIG_589,ORIG_565,PAIR_ORIG_565_ORIG_589,,,565
FFPP_0001566,FaceForensics++,Deepfakes/566_617.mp4,1,723,854,480,h264,2.92,Deepfakes,Deepfakes,,ORIG_617,ORIG_566,PAIR_ORIG_566_ORIG_617,,,566
FFPP_0001567,FaceForensics++,Deepfakes/567_606.mp4,1,340,854,480,h264,0.64,Deepfakes,Deepfakes,,ORIG_606,ORIG_567,PAIR_ORIG_567_ORIG_606,,,567
FFPP_0001568,FaceForensics++,Deepfakes/568_628.mp4,1,570,640,480,h264,0.99,Deepfakes,Deepfakes,,ORIG_628,ORIG_568,PAIR_ORIG_568_ORIG_628,,,568
FFPP_0001569,FaceForensics++,Deepfakes/569_921.mp4,1,335,1920,1080,h264,3.27,Deepfakes,Deepfakes,,ORIG_921,ORIG_569,PAIR_ORIG_569_ORIG_921,,,569
FFPP_0001570,FaceForensics++,Deepfakes/570_624.mp4,1,430,1280,720,h264,1.82,Deepfakes,Deepfakes,,ORIG_624,ORIG_570,PAIR_ORIG_570_ORIG_624,,,570
FFPP_0001571,FaceForensics++,Deepfakes/571_746.mp4,1,576,1280,720,h264,2.88,Deepfakes,Deepfakes,,ORIG_746,ORIG_571,PAIR_ORIG_571_ORIG_746,,,571
FFPP_0001572,FaceForensics++,Deepfakes/572_554.mp4,1,347,1280,720,h264,1.39,Deepfakes,Deepfakes,,ORIG_554,ORIG_572,PAIR_ORIG_554_ORIG_572,,,572
FFPP_0001573,FaceForensics++,Deepfakes/573_757.mp4,1,613,1280,720,h264,2.95,Deepfakes,Deepfakes,,ORIG_757,ORIG_573,PAIR_ORIG_573_ORIG_757,,,573
FFPP_0001574,FaceForensics++,Deepfakes/574_547.mp4,1,507,656,480,h264,0.9,Deepfakes,Deepfakes,,ORIG_547,ORIG_574,PAIR_ORIG_547_ORIG_574,,,574
FFPP_0001575,FaceForensics++,Deepfakes/575_603.mp4,1,557,1280,720,h264,3.4,Deepfakes,Deepfakes,,ORIG_603,ORIG_575,PAIR_ORIG_575_ORIG_603,,,575
FFPP_0001576,FaceForensics++,Deepfakes/576_155.mp4,1,461,1280,720,h264,2.85,Deepfakes,Deepfakes,,ORIG_155,ORIG_576,PAIR_ORIG_155_ORIG_576,,,576
FFPP_0001577,FaceForensics++,Deepfakes/577_593.mp4,1,344,1920,1080,h264,2.38,Deepfakes,Deepfakes,,ORIG_593,ORIG_577,PAIR_ORIG_577_ORIG_593,,,577
FFPP_0001578,FaceForensics++,Deepfakes/578_636.mp4,1,564,1280,720,h264,1.97,Deepfakes,Deepfakes,,ORIG_636,ORIG_578,PAIR_ORIG_578_ORIG_636,,,578
FFPP_0001579,FaceForensics++,Deepfakes/579_701.mp4,1,476,1920,1080,h264,3.29,Deepfakes,Deepfakes,,ORIG_701,ORIG_579,PAIR_ORIG_579_ORIG_701,,,579
FFPP_0001580,FaceForensics++,Deepfakes/580_524.mp4,1,292,1280,720,h264,1.07,Deepfakes,Deepfakes,,ORIG_524,ORIG_580,PAIR_ORIG_524_ORIG_580,,,580
FFPP_0001581,FaceForensics++,Deepfakes/581_697.mp4,1,382,1920,1080,h264,4.39,Deepfakes,Deepfakes,,ORIG_697,ORIG_581,PAIR_ORIG_581_ORIG_697,,,581
FFPP_0001582,FaceForensics++,Deepfakes/582_172.mp4,1,431,654,480,h264,1.81,Deepfakes,Deepfakes,,ORIG_172,ORIG_582,PAIR_ORIG_172_ORIG_582,,,582
FFPP_0001583,FaceForensics++,Deepfakes/583_558.mp4,1,475,1280,720,h264,1.67,Deepfakes,Deepfakes,,ORIG_558,ORIG_583,PAIR_ORIG_558_ORIG_583,,,583
FFPP_0001584,FaceForensics++,Deepfakes/584_823.mp4,1,475,1280,720,h264,1.88,Deepfakes,Deepfakes,,ORIG_823,ORIG_584,PAIR_ORIG_584_ORIG_823,,,584
FFPP_0001585,FaceForensics++,Deepfakes/585_599.mp4,1,359,1280,720,h264,1.55,Deepfakes,Deepfakes,,ORIG_599,ORIG_585,PAIR_ORIG_585_ORIG_599,,,585
FFPP_0001586,FaceForensics++,Deepfakes/586_223.mp4,1,379,1920,1080,h264,3.76,Deepfakes,Deepfakes,,ORIG_223,ORIG_586,PAIR_ORIG_223_ORIG_586,,,586
FFPP_0001587,FaceForensics++,Deepfakes/587_535.mp4,1,626,640,480,h264,0.91,Deepfakes,Deepfakes,,ORIG_535,ORIG_587,PAIR_ORIG_535_ORIG_587,,,587
FFPP_0001588,FaceForensics++,Deepfakes/588_556.mp4,1,544,854,480,h264,1.03,Deepfakes,Deepfakes,,ORIG_556,ORIG_588,PAIR_ORIG_556_ORIG_588,,,588
FFPP_0001589,FaceForensics++,Deepfakes/589_565.mp4,1,686,640,480,h264,1.49,Deepfakes,Deepfakes,,ORIG_565,ORIG_589,PAIR_ORIG_565_ORIG_589,,,589
FFPP_0001590,FaceForensics++,Deepfakes/590_034.mp4,1,600,1920,1080,h264,6.3,Deepfakes,Deepfakes,,ORIG_034,ORIG_590,PAIR_ORIG_034_ORIG_590,,,590
FFPP_0001591,FaceForensics++,Deepfakes/591_605.mp4,1,541,1280,720,h264,2.73,Deepfakes,Deepfakes,,ORIG_605,ORIG_591,PAIR_ORIG_591_ORIG_605,,,591
FFPP_0001592,FaceForensics++,Deepfakes/592_500.mp4,1,383,854,480,h264,0.53,Deepfakes,Deepfakes,,ORIG_500,ORIG_592,PAIR_ORIG_500_ORIG_592,,,592
FFPP_0001593,FaceForensics++,Deepfakes/593_577.mp4,1,535,1920,1080,h264,4.17,Deepfakes,Deepfakes,,ORIG_577,ORIG_593,PAIR_ORIG_577_ORIG_593,,,593
FFPP_0001594,FaceForensics++,Deepfakes/594_530.mp4,1,294,1280,720,h264,1.09,Deepfakes,Deepfakes,,ORIG_530,ORIG_594,PAIR_ORIG_530_ORIG_594,,,594
FFPP_0001595,FaceForensics++,Deepfakes/595_597.mp4,1,565,1280,720,h264,2.06,Deepfakes,Deepfakes,,ORIG_597,ORIG_595,PAIR_ORIG_595_ORIG_597,,,595
FFPP_0001596,FaceForensics++,Deepfakes/596_609.mp4,1,557,600,480,h264,1.15,Deepfakes,Deepfakes,,ORIG_609,ORIG_596,PAIR_ORIG_596_ORIG_609,,,596
FFPP_0001597,FaceForensics++,Deepfakes/597_595.mp4,1,297,640,480,h264,0.48,Deepfakes,Deepfakes,,ORIG_595,ORIG_597,PAIR_ORIG_595_ORIG_597,,,597
FFPP_0001598,FaceForensics++,Deepfakes/598_178.mp4,1,686,640,480,h264,0.64,Deepfakes,Deepfakes,,ORIG_178,ORIG_598,PAIR_ORIG_178_ORIG_598,,,598
FFPP_0001599,FaceForensics++,Deepfakes/599_585.mp4,1,398,1280,720,h264,2.01,Deepfakes,Deepfakes,,ORIG_585,ORIG_599,PAIR_ORIG_585_ORIG_599,,,599
FFPP_0001600,FaceForensics++,Deepfakes/600_505.mp4,1,388,640,480,h264,0.92,Deepfakes,Deepfakes,,ORIG_505,ORIG_600,PAIR_ORIG_505_ORIG_600,,,600
FFPP_0001601,FaceForensics++,Deepfakes/601_653.mp4,1,364,654,480,h264,0.54,Deepfakes,Deepfakes,,ORIG_653,ORIG_601,PAIR_ORIG_601_ORIG_653,,,601
FFPP_0001602,FaceForensics++,Deepfakes/602_397.mp4,1,667,1920,1080,h264,6.64,Deepfakes,Deepfakes,,ORIG_397,ORIG_602,PAIR_ORIG_397_ORIG_602,,,602
FFPP_0001603,FaceForensics++,Deepfakes/603_575.mp4,1,296,1280,720,h264,1.41,Deepfakes,Deepfakes,,ORIG_575,ORIG_603,PAIR_ORIG_575_ORIG_603,,,603
FFPP_0001604,FaceForensics++,Deepfakes/604_703.mp4,1,825,1280,720,h264,2.72,Deepfakes,Deepfakes,,ORIG_703,ORIG_604,PAIR_ORIG_604_ORIG_703,,,604
FFPP_0001605,FaceForensics++,Deepfakes/605_591.mp4,1,664,848,480,h264,1.15,Deepfakes,Deepfakes,,ORIG_591,ORIG_605,PAIR_ORIG_591_ORIG_605,,,605
FFPP_0001606,FaceForensics++,Deepfakes/606_567.mp4,1,387,848,480,h264,0.53,Deepfakes,Deepfakes,,ORIG_567,ORIG_606,PAIR_ORIG_567_ORIG_606,,,606
FFPP_0001607,FaceForensics++,Deepfakes/607_683.mp4,1,454,1920,1080,h264,4.55,Deepfakes,Deepfakes,,ORIG_683,ORIG_607,PAIR_ORIG_607_ORIG_683,,,607
FFPP_0001608,FaceForensics++,Deepfakes/608_675.mp4,1,1205,600,480,h264,1.71,Deepfakes,Deepfakes,,ORIG_675,ORIG_608,PAIR_ORIG_608_ORIG_675,,,608
FFPP_0001609,FaceForensics++,Deepfakes/609_596.mp4,1,489,600,480,h264,1.63,Deepfakes,Deepfakes,,ORIG_596,ORIG_609,PAIR_ORIG_596_ORIG_609,,,609
FFPP_0001610,FaceForensics++,Deepfakes/610_692.mp4,1,394,1280,720,h264,2.0,Deepfakes,Deepfakes,,ORIG_692,ORIG_610,PAIR_ORIG_610_ORIG_692,,,610
FFPP_0001611,FaceForensics++,Deepfakes/611_760.mp4,1,645,640,480,h264,0.75,Deepfakes,Deepfakes,,ORIG_760,ORIG_611,PAIR_ORIG_611_ORIG_760,,,611
FFPP_0001612,FaceForensics++,Deepfakes/612_702.mp4,1,420,1280,720,h264,2.06,Deepfakes,Deepfakes,,ORIG_702,ORIG_612,PAIR_ORIG_612_ORIG_702,,,612
FFPP_0001613,FaceForensics++,Deepfakes/613_685.mp4,1,415,1280,720,h264,1.2,Deepfakes,Deepfakes,,ORIG_685,ORIG_613,PAIR_ORIG_613_ORIG_685,,,613
FFPP_0001614,FaceForensics++,Deepfakes/614_616.mp4,1,507,1280,720,h264,2.03,Deepfakes,Deepfakes,,ORIG_616,ORIG_614,PAIR_ORIG_614_ORIG_616,,,614
FFPP_0001615,FaceForensics++,Deepfakes/615_687.mp4,1,452,1280,720,h264,1.75,Deepfakes,Deepfakes,,ORIG_687,ORIG_615,PAIR_ORIG_615_ORIG_687,,,615
FFPP_0001616,FaceForensics++,Deepfakes/616_614.mp4,1,663,640,480,h264,1.47,Deepfakes,Deepfakes,,ORIG_614,ORIG_616,PAIR_ORIG_614_ORIG_616,,,616
FFPP_0001617,FaceForensics++,Deepfakes/617_566.mp4,1,312,854,480,h264,0.62,Deepfakes,Deepfakes,,ORIG_566,ORIG_617,PAIR_ORIG_566_ORIG_617,,,617
FFPP_0001618,FaceForensics++,Deepfakes/618_629.mp4,1,382,1280,720,h264,2.0,Deepfakes,Deepfakes,,ORIG_629,ORIG_618,PAIR_ORIG_618_ORIG_629,,,618
FFPP_0001619,FaceForensics++,Deepfakes/619_620.mp4,1,305,1280,720,h264,1.01,Deepfakes,Deepfakes,,ORIG_620,ORIG_619,PAIR_ORIG_619_ORIG_620,,,619
FFPP_0001620,FaceForensics++,Deepfakes/620_619.mp4,1,628,1920,1080,h264,4.56,Deepfakes,Deepfakes,,ORIG_619,ORIG_620,PAIR_ORIG_619_ORIG_620,,,620
FFPP_0001621,FaceForensics++,Deepfakes/621_546.mp4,1,370,1280,720,h264,1.69,Deepfakes,Deepfakes,,ORIG_546,ORIG_621,PAIR_ORIG_546_ORIG_621,,,621
FFPP_0001622,FaceForensics++,Deepfakes/622_647.mp4,1,371,1280,720,h264,1.09,Deepfakes,Deepfakes,,ORIG_647,ORIG_622,PAIR_ORIG_622_ORIG_647,,,622
FFPP_0001623,FaceForensics++,Deepfakes/623_630.mp4,1,352,640,480,h264,0.65,Deepfakes,Deepfakes,,ORIG_630,ORIG_623,PAIR_ORIG_623_ORIG_630,,,623
FFPP_0001624,FaceForensics++,Deepfakes/624_570.mp4,1,350,854,480,h264,1.37,Deepfakes,Deepfakes,,ORIG_570,ORIG_624,PAIR_ORIG_570_ORIG_624,,,624
FFPP_0001625,FaceForensics++,Deepfakes/625_650.mp4,1,332,640,480,h264,0.62,Deepfakes,Deepfakes,,ORIG_650,ORIG_625,PAIR_ORIG_625_ORIG_650,,,625
FFPP_0001626,FaceForensics++,Deepfakes/626_562.mp4,1,975,854,480,h264,1.67,Deepfakes,Deepfakes,,ORIG_562,ORIG_626,PAIR_ORIG_562_ORIG_626,,,626
FFPP_0001627,FaceForensics++,Deepfakes/627_658.mp4,1,374,600,480,h264,0.86,Deepfakes,Deepfakes,,ORIG_658,ORIG_627,PAIR_ORIG_627_ORIG_658,,,627
FFPP_0001628,FaceForensics++,Deepfakes/628_568.mp4,1,895,640,480,h264,1.3,Deepfakes,Deepfakes,,ORIG_568,ORIG_628,PAIR_ORIG_568_ORIG_628,,,628
FFPP_0001629,FaceForensics++,Deepfakes/629_618.mp4,1,990,1280,720,h264,3.4,Deepfakes,Deepfakes,,ORIG_618,ORIG_629,PAIR_ORIG_618_ORIG_629,,,629
FFPP_0001630,FaceForensics++,Deepfakes/630_623.mp4,1,423,640,480,h264,1.29,Deepfakes,Deepfakes,,ORIG_623,ORIG_630,PAIR_ORIG_623_ORIG_630,,,630
FFPP_0001631,FaceForensics++,Deepfakes/631_551.mp4,1,424,656,480,h264,1.06,Deepfakes,Deepfakes,,ORIG_551,ORIG_631,PAIR_ORIG_551_ORIG_631,,,631
FFPP_0001632,FaceForensics++,Deepfakes/632_548.mp4,1,427,1920,1080,h264,4.04,Deepfakes,Deepfakes,,ORIG_548,ORIG_632,PAIR_ORIG_548_ORIG_632,,,632
FFPP_0001633,FaceForensics++,Deepfakes/633_529.mp4,1,512,1280,720,h264,2.21,Deepfakes,Deepfakes,,ORIG_529,ORIG_633,PAIR_ORIG_529_ORIG_633,,,633
FFPP_0001634,FaceForensics++,Deepfakes/634_660.mp4,1,338,1280,720,h264,1.47,Deepfakes,Deepfakes,,ORIG_660,ORIG_634,PAIR_ORIG_634_ORIG_660,,,634
FFPP_0001635,FaceForensics++,Deepfakes/635_642.mp4,1,764,854,480,h264,1.59,Deepfakes,Deepfakes,,ORIG_642,ORIG_635,PAIR_ORIG_635_ORIG_642,,,635
FFPP_0001636,FaceForensics++,Deepfakes/636_578.mp4,1,335,640,480,h264,0.56,Deepfakes,Deepfakes,,ORIG_578,ORIG_636,PAIR_ORIG_578_ORIG_636,,,636
FFPP_0001637,FaceForensics++,Deepfakes/637_427.mp4,1,510,1280,720,h264,1.22,Deepfakes,Deepfakes,,ORIG_427,ORIG_637,PAIR_ORIG_427_ORIG_637,,,637
FFPP_0001638,FaceForensics++,Deepfakes/638_640.mp4,1,698,1280,720,h264,2.99,Deepfakes,Deepfakes,,ORIG_640,ORIG_638,PAIR_ORIG_638_ORIG_640,,,638
FFPP_0001639,FaceForensics++,Deepfakes/639_841.mp4,1,662,1280,720,h264,2.56,Deepfakes,Deepfakes,,ORIG_841,ORIG_639,PAIR_ORIG_639_ORIG_841,,,639
FFPP_0001640,FaceForensics++,Deepfakes/640_638.mp4,1,306,1280,720,h264,1.37,Deepfakes,Deepfakes,,ORIG_638,ORIG_640,PAIR_ORIG_638_ORIG_640,,,640
FFPP_0001641,FaceForensics++,Deepfakes/641_662.mp4,1,350,1280,720,h264,2.44,Deepfakes,Deepfakes,,ORIG_662,ORIG_641,PAIR_ORIG_641_ORIG_662,,,641
FFPP_0001642,FaceForensics++,Deepfakes/642_635.mp4,1,573,656,480,h264,1.54,Deepfakes,Deepfakes,,ORIG_635,ORIG_642,PAIR_ORIG_635_ORIG_642,,,642
FFPP_0001643,FaceForensics++,Deepfakes/643_646.mp4,1,364,1280,720,h264,1.47,Deepfakes,Deepfakes,,ORIG_646,ORIG_643,PAIR_ORIG_643_ORIG_646,,,643
FFPP_0001644,FaceForensics++,Deepfakes/644_657.mp4,1,413,854,480,h264,0.87,Deepfakes,Deepfakes,,ORIG_657,ORIG_644,PAIR_ORIG_644_ORIG_657,,,644
FFPP_0001645,FaceForensics++,Deepfakes/645_688.mp4,1,554,1920,1080,h264,6.4,Deepfakes,Deepfakes,,ORIG_688,ORIG_645,PAIR_ORIG_645_ORIG_688,,,645
FFPP_0001646,FaceForensics++,Deepfakes/646_643.mp4,1,440,640,480,h264,0.58,Deepfakes,Deepfakes,,ORIG_643,ORIG_646,PAIR_ORIG_643_ORIG_646,,,646
FFPP_0001647,FaceForensics++,Deepfakes/647_622.mp4,1,699,1920,1080,h264,4.74,Deepfakes,Deepfakes,,ORIG_622,ORIG_647,PAIR_ORIG_622_ORIG_647,,,647
FFPP_0001648,FaceForensics++,Deepfakes/648_654.mp4,1,471,1280,720,h264,1.41,Deepfakes,Deepfakes,,ORIG_654,ORIG_648,PAIR_ORIG_648_ORIG_654,,,648
FFPP_0001649,FaceForensics++,Deepfakes/649_816.mp4,1,930,1280,720,h264,3.56,Deepfakes,Deepfakes,,ORIG_816,ORIG_649,PAIR_ORIG_649_ORIG_816,,,649
FFPP_0001650,FaceForensics++,Deepfakes/650_625.mp4,1,693,656,480,h264,0.88,Deepfakes,Deepfakes,,ORIG_625,ORIG_650,PAIR_ORIG_625_ORIG_650,,,650
FFPP_0001651,FaceForensics++,Deepfakes/651_835.mp4,1,380,1280,720,h264,2.34,Deepfakes,Deepfakes,,ORIG_835,ORIG_651,PAIR_ORIG_651_ORIG_835,,,651
FFPP_0001652,FaceForensics++,Deepfakes/652_773.mp4,1,456,1280,720,h264,1.86,Deepfakes,Deepfakes,,ORIG_773,ORIG_652,PAIR_ORIG_652_ORIG_773,,,652
FFPP_0001653,FaceForensics++,Deepfakes/653_601.mp4,1,731,654,480,h264,1.21,Deepfakes,Deepfakes,,ORIG_601,ORIG_653,PAIR_ORIG_601_ORIG_653,,,653
FFPP_0001654,FaceForensics++,Deepfakes/654_648.mp4,1,410,640,480,h264,0.72,Deepfakes,Deepfakes,,ORIG_648,ORIG_654,PAIR_ORIG_648_ORIG_654,,,654
FFPP_0001655,FaceForensics++,Deepfakes/655_444.mp4,1,678,640,480,h264,1.8,Deepfakes,Deepfakes,,ORIG_444,ORIG_655,PAIR_ORIG_444_ORIG_655,,,655
FFPP_0001656,FaceForensics++,Deepfakes/656_666.mp4,1,505,640,480,h264,0.74,Deepfakes,Deepfakes,,ORIG_666,ORIG_656,PAIR_ORIG_656_ORIG_666,,,656
FFPP_0001657,FaceForensics++,Deepfakes/657_644.mp4,1,546,656,480,h264,1.56,Deepfakes,Deepfakes,,ORIG_644,ORIG_657,PAIR_ORIG_644_ORIG_657,,,657
FFPP_0001658,FaceForensics++,Deepfakes/658_627.mp4,1,404,656,480,h264,0.59,Deepfakes,Deepfakes,,ORIG_627,ORIG_658,PAIR_ORIG_627_ORIG_658,,,658
FFPP_0001659,FaceForensics++,Deepfakes/659_749.mp4,1,1001,640,480,h264,1.45,Deepfakes,Deepfakes,,ORIG_749,ORIG_659,PAIR_ORIG_659_ORIG_749,,,659
FFPP_0001660,FaceForensics++,Deepfakes/660_634.mp4,1,340,1280,720,h264,3.74,Deepfakes,Deepfakes,,ORIG_634,ORIG_660,PAIR_ORIG_634_ORIG_660,,,660
FFPP_0001661,FaceForensics++,Deepfakes/661_670.mp4,1,513,1280,720,h264,3.18,Deepfakes,Deepfakes,,ORIG_670,ORIG_661,PAIR_ORIG_661_ORIG_670,,,661
FFPP_0001662,FaceForensics++,Deepfakes/662_641.mp4,1,496,1280,720,h264,3.06,Deepfakes,Deepfakes,,ORIG_641,ORIG_662,PAIR_ORIG_641_ORIG_662,,,662
FFPP_0001663,FaceForensics++,Deepfakes/663_231.mp4,1,316,640,480,h264,0.5,Deepfakes,Deepfakes,,ORIG_231,ORIG_663,PAIR_ORIG_231_ORIG_663,,,663
FFPP_0001664,FaceForensics++,Deepfakes/664_668.mp4,1,293,1280,720,h264,1.2,Deepfakes,Deepfakes,,ORIG_668,ORIG_664,PAIR_ORIG_664_ORIG_668,,,664
FFPP_0001665,FaceForensics++,Deepfakes/665_679.mp4,1,324,640,480,h264,0.37,Deepfakes,Deepfakes,,ORIG_679,ORIG_665,PAIR_ORIG_665_ORIG_679,,,665
FFPP_0001666,FaceForensics++,Deepfakes/666_656.mp4,1,383,640,480,h264,0.58,Deepfakes,Deepfakes,,ORIG_656,ORIG_666,PAIR_ORIG_656_ORIG_666,,,666
FFPP_0001667,FaceForensics++,Deepfakes/667_446.mp4,1,469,1920,1080,h264,6.59,Deepfakes,Deepfakes,,ORIG_446,ORIG_667,PAIR_ORIG_446_ORIG_667,,,667
FFPP_0001668,FaceForensics++,Deepfakes/668_664.mp4,1,398,654,480,h264,0.93,Deepfakes,Deepfakes,,ORIG_664,ORIG_668,PAIR_ORIG_664_ORIG_668,,,668
FFPP_0001669,FaceForensics++,Deepfakes/669_682.mp4,1,489,640,480,h264,0.39,Deepfakes,Deepfakes,,ORIG_682,ORIG_669,PAIR_ORIG_669_ORIG_682,,,669
FFPP_0001670,FaceForensics++,Deepfakes/670_661.mp4,1,481,640,480,h264,0.85,Deepfakes,Deepfakes,,ORIG_661,ORIG_670,PAIR_ORIG_661_ORIG_670,,,670
FFPP_0001671,FaceForensics++,Deepfakes/671_677.mp4,1,343,1280,720,h264,1.64,Deepfakes,Deepfakes,,ORIG_677,ORIG_671,PAIR_ORIG_671_ORIG_677,,,671
FFPP_0001672,FaceForensics++,Deepfakes/672_720.mp4,1,541,1280,720,h264,1.79,Deepfakes,Deepfakes,,ORIG_720,ORIG_672,PAIR_ORIG_672_ORIG_720,,,672
FFPP_0001673,FaceForensics++,Deepfakes/673_728.mp4,1,592,640,480,h264,1.11,Deepfakes,Deepfakes,,ORIG_728,ORIG_673,PAIR_ORIG_673_ORIG_728,,,673
FFPP_0001674,FaceForensics++,Deepfakes/674_744.mp4,1,367,640,480,h264,0.84,Deepfakes,Deepfakes,,ORIG_744,ORIG_674,PAIR_ORIG_674_ORIG_744,,,674
FFPP_0001675,FaceForensics++,Deepfakes/675_608.mp4,1,421,600,480,h264,1.2,Deepfakes,Deepfakes,,ORIG_608,ORIG_675,PAIR_ORIG_608_ORIG_675,,,675
FFPP_0001676,FaceForensics++,Deepfakes/676_776.mp4,1,515,1280,720,h264,1.94,Deepfakes,Deepfakes,,ORIG_776,ORIG_676,PAIR_ORIG_676_ORIG_776,,,676
FFPP_0001677,FaceForensics++,Deepfakes/677_671.mp4,1,314,1280,720,h264,1.7,Deepfakes,Deepfakes,,ORIG_671,ORIG_677,PAIR_ORIG_671_ORIG_677,,,677
FFPP_0001678,FaceForensics++,Deepfakes/678_460.mp4,1,400,1920,1080,h264,4.75,Deepfakes,Deepfakes,,ORIG_460,ORIG_678,PAIR_ORIG_460_ORIG_678,,,678
FFPP_0001679,FaceForensics++,Deepfakes/679_665.mp4,1,416,656,480,h264,0.63,Deepfakes,Deepfakes,,ORIG_665,ORIG_679,PAIR_ORIG_665_ORIG_679,,,679
FFPP_0001680,FaceForensics++,Deepfakes/680_486.mp4,1,300,656,480,h264,0.47,Deepfakes,Deepfakes,,ORIG_486,ORIG_680,PAIR_ORIG_486_ORIG_680,,,680
FFPP_0001681,FaceForensics++,Deepfakes/681_711.mp4,1,840,1280,720,h264,3.13,Deepfakes,Deepfakes,,ORIG_711,ORIG_681,PAIR_ORIG_681_ORIG_711,,,681
FFPP_0001682,FaceForensics++,Deepfakes/682_669.mp4,1,965,600,480,h264,1.48,Deepfakes,Deepfakes,,ORIG_669,ORIG_682,PAIR_ORIG_669_ORIG_682,,,682
FFPP_0001683,FaceForensics++,Deepfakes/683_607.mp4,1,302,1920,1080,h264,2.34,Deepfakes,Deepfakes,,ORIG_607,ORIG_683,PAIR_ORIG_607_ORIG_683,,,683
FFPP_0001684,FaceForensics++,Deepfakes/684_717.mp4,1,497,1920,1080,h264,4.42,Deepfakes,Deepfakes,,ORIG_717,ORIG_684,PAIR_ORIG_684_ORIG_717,,,684
FFPP_0001685,FaceForensics++,Deepfakes/685_613.mp4,1,522,1280,720,h264,2.02,Deepfakes,Deepfakes,,ORIG_613,ORIG_685,PAIR_ORIG_613_ORIG_685,,,685
FFPP_0001686,FaceForensics++,Deepfakes/686_696.mp4,1,342,1280,720,h264,1.06,Deepfakes,Deepfakes,,ORIG_696,ORIG_686,PAIR_ORIG_686_ORIG_696,,,686
FFPP_0001687,FaceForensics++,Deepfakes/687_615.mp4,1,469,1280,720,h264,1.49,Deepfakes,Deepfakes,,ORIG_615,ORIG_687,PAIR_ORIG_615_ORIG_687,,,687
FFPP_0001688,FaceForensics++,Deepfakes/688_645.mp4,1,571,1280,720,h264,3.0,Deepfakes,Deepfakes,,ORIG_645,ORIG_688,PAIR_ORIG_645_ORIG_688,,,688
FFPP_0001689,FaceForensics++,Deepfakes/689_690.mp4,1,455,640,480,h264,0.72,Deepfakes,Deepfakes,,ORIG_690,ORIG_689,PAIR_ORIG_689_ORIG_690,,,689
FFPP_0001690,FaceForensics++,Deepfakes/690_689.mp4,1,331,854,480,h264,0.69,Deepfakes,Deepfakes,,ORIG_689,ORIG_690,PAIR_ORIG_689_ORIG_690,,,690
FFPP_0001691,FaceForensics++,Deepfakes/691_732.mp4,1,540,1280,720,h264,1.9,Deepfakes,Deepfakes,,ORIG_732,ORIG_691,PAIR_ORIG_691_ORIG_732,,,691
FFPP_0001692,FaceForensics++,Deepfakes/692_610.mp4,1,354,1280,720,h264,2.4,Deepfakes,Deepfakes,,ORIG_610,ORIG_692,PAIR_ORIG_610_ORIG_692,,,692
FFPP_0001693,FaceForensics++,Deepfakes/693_698.mp4,1,595,656,480,h264,1.53,Deepfakes,Deepfakes,,ORIG_698,ORIG_693,PAIR_ORIG_693_ORIG_698,,,693
FFPP_0001694,FaceForensics++,Deepfakes/694_767.mp4,1,299,854,480,h264,0.82,Deepfakes,Deepfakes,,ORIG_767,ORIG_694,PAIR_ORIG_694_ORIG_767,,,694
FFPP_0001695,FaceForensics++,Deepfakes/695_422.mp4,1,310,1920,1080,h264,2.8,Deepfakes,Deepfakes,,ORIG_422,ORIG_695,PAIR_ORIG_422_ORIG_695,,,695
FFPP_0001696,FaceForensics++,Deepfakes/696_686.mp4,1,405,656,480,h264,0.68,Deepfakes,Deepfakes,,ORIG_686,ORIG_696,PAIR_ORIG_686_ORIG_696,,,696
FFPP_0001697,FaceForensics++,Deepfakes/697_581.mp4,1,465,1280,720,h264,2.19,Deepfakes,Deepfakes,,ORIG_581,ORIG_697,PAIR_ORIG_581_ORIG_697,,,697
FFPP_0001698,FaceForensics++,Deepfakes/698_693.mp4,1,304,656,480,h264,0.43,Deepfakes,Deepfakes,,ORIG_693,ORIG_698,PAIR_ORIG_693_ORIG_698,,,698
FFPP_0001699,FaceForensics++,Deepfakes/699_734.mp4,1,524,600,480,h264,0.65,Deepfakes,Deepfakes,,ORIG_734,ORIG_699,PAIR_ORIG_699_ORIG_734,,,699
FFPP_0002000,FaceForensics++,Face2Face/000_003.mp4,1,303,640,480,h264,0.64,Face2Face,Face2Face,,ORIG_003,ORIG_000,PAIR_ORIG_000_ORIG_003,,,0
FFPP_0002001,FaceForensics++,Face2Face/001_870.mp4,1,604,1280,720,h264,3.51,Face2Face,Face2Face,,ORIG_870,ORIG_001,PAIR_ORIG_001_ORIG_870,,,1
FFPP_0002002,FaceForensics++,Face2Face/002_006.mp4,1,310,1280,720,h264,0.91,Face2Face,Face2Face,,ORIG_006,ORIG_002,PAIR_ORIG_002_ORIG_006,,,2
FFPP_0002003,FaceForensics++,Face2Face/003_000.mp4,1,396,640,480,h264,0.75,Face2Face,Face2Face,,ORIG_000,ORIG_003,PAIR_ORIG_000_ORIG_003,,,3
FFPP_0002004,FaceForensics++,Face2Face/004_982.mp4,1,845,1280,720,h264,3.2,Face2Face,Face2Face,,ORIG_982,ORIG_004,PAIR_ORIG_004_ORIG_982,,,4
FFPP_0002005,FaceForensics++,Face2Face/005_010.mp4,1,474,704,480,h264,1.87,Face2Face,Face2Face,,ORIG_010,ORIG_005,PAIR_ORIG_005_ORIG_010,,,5
FFPP_0002006,FaceForensics++,Face2Face/006_002.mp4,1,693,1280,720,h264,1.79,Face2Face,Face2Face,,ORIG_002,ORIG_006,PAIR_ORIG_002_ORIG_006,,,6
FFPP_0002007,FaceForensics++,Face2Face/007_132.mp4,1,413,576,480,h264,0.8,Face2Face,Face2Face,,ORIG_132,ORIG_007,PAIR_ORIG_007_ORIG_132,,,7
FFPP_0002008,FaceForensics++,Face2Face/008_990.mp4,1,305,640,480,h264,0.49,Face2Face,Face2Face,,ORIG_990,ORIG_008,PAIR_ORIG_008_ORIG_990,,,8
FFPP_0002009,FaceForensics++,Face2Face/009_027.mp4,1,315,640,480,h264,0.39,Face2Face,Face2Face,,ORIG_027,ORIG_009,PAIR_ORIG_009_ORIG_027,,,9
FFPP_0002010,FaceForensics++,Face2Face/010_005.mp4,1,385,640,480,h264,1.12,Face2Face,Face2Face,,ORIG_005,ORIG_010,PAIR_ORIG_005_ORIG_010,,,10
FFPP_0002011,FaceForensics++,Face2Face/011_805.mp4,1,411,1280,720,h264,1.99,Face2Face,Face2Face,,ORIG_805,ORIG_011,PAIR_ORIG_011_ORIG_805,,,11
FFPP_0002012,FaceForensics++,Face2Face/012_026.mp4,1,322,640,480,h264,0.61,Face2Face,Face2Face,,ORIG_026,ORIG_012,PAIR_ORIG_012_ORIG_026,,,12
FFPP_0002013,FaceForensics++,Face2Face/013_883.mp4,1,433,640,480,h264,0.73,Face2Face,Face2Face,,ORIG_883,ORIG_013,PAIR_ORIG_013_ORIG_883,,,13
FFPP_0002014,FaceForensics++,Face2Face/014_790.mp4,1,690,640,480,h264,3.35,Face2Face,Face2Face,,ORIG_790,ORIG_014,PAIR_ORIG_014_ORIG_790,,,14
FFPP_0002015,FaceForensics++,Face2Face/015_919.mp4,1,534,640,480,h264,1.05,Face2Face,Face2Face,,ORIG_919,ORIG_015,PAIR_ORIG_015_ORIG_919,,,15
FFPP_0002016,FaceForensics++,Face2Face/016_209.mp4,1,337,640,480,h264,0.79,Face2Face,Face2Face,,ORIG_209,ORIG_016,PAIR_ORIG_016_ORIG_209,,,16
FFPP_0002017,FaceForensics++,Face2Face/017_803.mp4,1,297,1280,720,h264,1.34,Face2Face,Face2Face,,ORIG_803,ORIG_017,PAIR_ORIG_017_ORIG_803,,,17
FFPP_0002018,FaceForensics++,Face2Face/018_019.mp4,1,1385,640,480,h264,1.26,Face2Face,Face2Face,,ORIG_019,ORIG_018,PAIR_ORIG_018_ORIG_019,,,18
FFPP_0002019,FaceForensics++,Face2Face/019_018.mp4,1,432,640,480,h264,0.71,Face2Face,Face2Face,,ORIG_018,ORIG_019,PAIR_ORIG_018_ORIG_019,,,19
FFPP_0002020,FaceForensics++,Face2Face/020_344.mp4,1,631,1280,720,h264,2.69,Face2Face,Face2Face,,ORIG_344,ORIG_020,PAIR_ORIG_020_ORIG_344,,,20
FFPP_0002021,FaceForensics++,Face2Face/021_312.mp4,1,428,640,480,h264,0.46,Face2Face,Face2Face,,ORIG_312,ORIG_021,PAIR_ORIG_021_ORIG_312,,,21
FFPP_0002022,FaceForensics++,Face2Face/022_489.mp4,1,566,1280,720,h264,1.99,Face2Face,Face2Face,,ORIG_489,ORIG_022,PAIR_ORIG_022_ORIG_489,,,22
FFPP_0002023,FaceForensics++,Face2Face/023_923.mp4,1,602,640,480,h264,1.76,Face2Face,Face2Face,,ORIG_923,ORIG_023,PAIR_ORIG_023_ORIG_923,,,23
FFPP_0002024,FaceForensics++,Face2Face/024_073.mp4,1,703,640,480,h264,1.14,Face2Face,Face2Face,,ORIG_073,ORIG_024,PAIR_ORIG_024_ORIG_073,,,24
FFPP_0002025,FaceForensics++,Face2Face/025_067.mp4,1,538,1440,1080,h264,2.4,Face2Face,Face2Face,,ORIG_067,ORIG_025,PAIR_ORIG_025_ORIG_067,,,25
FFPP_0002026,FaceForensics++,Face2Face/026_012.mp4,1,363,640,480,h264,0.55,Face2Face,Face2Face,,ORIG_012,ORIG_026,PAIR_ORIG_012_ORIG_026,,,26
FFPP_0002027,FaceForensics++,Face2Face/027_009.mp4,1,588,640,480,h264,1.6,Face2Face,Face2Face,,ORIG_009,ORIG_027,PAIR_ORIG_009_ORIG_027,,,27
FFPP_0002028,FaceForensics++,Face2Face/028_068.mp4,1,401,832,480,h264,0.75,Face2Face,Face2Face,,ORIG_068,ORIG_028,PAIR_ORIG_028_ORIG_068,,,28
FFPP_0002029,FaceForensics++,Face2Face/029_048.mp4,1,485,576,480,h264,0.55,Face2Face,Face2Face,,ORIG_048,ORIG_029,PAIR_ORIG_029_ORIG_048,,,29
FFPP_0002030,FaceForensics++,Face2Face/030_193.mp4,1,372,1920,1080,h264,4.33,Face2Face,Face2Face,,ORIG_193,ORIG_030,PAIR_ORIG_030_ORIG_193,,,30
FFPP_0002031,FaceForensics++,Face2Face/031_163.mp4,1,304,1280,720,h264,0.96,Face2Face,Face2Face,,ORIG_163,ORIG_031,PAIR_ORIG_031_ORIG_163,,,31
FFPP_0002032,FaceForensics++,Face2Face/032_944.mp4,1,342,1280,720,h264,1.81,Face2Face,Face2Face,,ORIG_944,ORIG_032,PAIR_ORIG_032_ORIG_944,,,32
FFPP_0002033,FaceForensics++,Face2Face/033_097.mp4,1,478,832,480,h264,1.13,Face2Face,Face2Face,,ORIG_097,ORIG_033,PAIR_ORIG_033_ORIG_097,,,33
FFPP_0002034,FaceForensics++,Face2Face/034_590.mp4,1,600,960,720,h264,1.69,Face2Face,Face2Face,,ORIG_590,ORIG_034,PAIR_ORIG_034_ORIG_590,,,34
FFPP_0002035,FaceForensics++,Face2Face/035_036.mp4,1,337,640,480,h264,0.43,Face2Face,Face2Face,,ORIG_036,ORIG_035,PAIR_ORIG_035_ORIG_036,,,35
FFPP_0002036,FaceForensics++,Face2Face/036_035.mp4,1,423,640,480,h264,1.13,Face2Face,Face2Face,,ORIG_035,ORIG_036,PAIR_ORIG_035_ORIG_036,,,36
FFPP_0002037,FaceForensics++,Face2Face/037_072.mp4,1,311,640,480,h264,0.54,Face2Face,Face2Face,,ORIG_072,ORIG_037,PAIR_ORIG_037_ORIG_072,,,37
FFPP_0002038,FaceForensics++,Face2Face/038_125.mp4,1,500,832,480,h264,0.83,Face2Face,Face2Face,,ORIG_125,ORIG_038,PAIR_ORIG_038_ORIG_125,,,38
FFPP_0002039,FaceForensics++,Face2Face/039_058.mp4,1,669,640,480,h264,1.09,Face2Face,Face2Face,,ORIG_058,ORIG_039,PAIR_ORIG_039_ORIG_058,,,39
FFPP_0002040,FaceForensics++,Face2Face/040_997.mp4,1,438,1280,720,h264,2.38,Face2Face,Face2Face,,ORIG_997,ORIG_040,PAIR_ORIG_040_ORIG_997,,,40
FFPP_0002041,FaceForensics++,Face2Face/041_063.mp4,1,930,640,480,h264,1.76,Face2Face,Face2Face,,ORIG_063,ORIG_041,PAIR_ORIG_041_ORIG_063,,,41
FFPP_0002042,FaceForensics++,Face2Face/042_084.mp4,1,375,640,480,h264,0.98,Face2Face,Face2Face,,ORIG_084,ORIG_042,PAIR_ORIG_042_ORIG_084,,,42
FFPP_0002043,FaceForensics++,Face2Face/043_110.mp4,1,565,1280,720,h264,1.76,Face2Face,Face2Face,,ORIG_110,ORIG_043,PAIR_ORIG_043_ORIG_110,,,43
FFPP_0002044,FaceForensics++,Face2Face/044_945.mp4,1,761,1280,720,h264,3.81,Face2Face,Face2Face,,ORIG_945,ORIG_044,PAIR_ORIG_044_ORIG_945,,,44
FFPP_0002045,FaceForensics++,Face2Face/045_889.mp4,1,329,1920,1080,h264,4.08,Face2Face,Face2Face,,ORIG_889,ORIG_045,PAIR_ORIG_045_ORIG_889,,,45
FFPP_0002046,FaceForensics++,Face2Face/046_904.mp4,1,359,1280,720,h264,1.53,Face2Face,Face2Face,,ORIG_904,ORIG_046,PAIR_ORIG_046_ORIG_904,,,46
FFPP_0002047,FaceForensics++,Face2Face/047_862.mp4,1,470,832,480,h264,0.64,Face2Face,Face2Face,,ORIG_862,ORIG_047,PAIR_ORIG_047_ORIG_862,,,47
FFPP_0002048,FaceForensics++,Face2Face/048_029.mp4,1,416,640,480,h264,1.02,Face2Face,Face2Face,,ORIG_029,ORIG_048,PAIR_ORIG_029_ORIG_048,,,48
FFPP_0002049,FaceForensics++,Face2Face/049_946.mp4,1,462,640,480,h264,0.56,Face2Face,Face2Face,,ORIG_946,ORIG_049,PAIR_ORIG_049_ORIG_946,,,49
FFPP_0002050,FaceForensics++,Face2Face/050_059.mp4,1,721,640,480,h264,0.75,Face2Face,Face2Face,,ORIG_059,ORIG_050,PAIR_ORIG_050_ORIG_059,,,50
FFPP_0002051,FaceForensics++,Face2Face/051_332.mp4,1,695,1280,720,h264,2.47,Face2Face,Face2Face,,ORIG_332,ORIG_051,PAIR_ORIG_051_ORIG_332,,,51
FFPP_0002052,FaceForensics++,Face2Face/052_108.mp4,1,300,1920,1080,h264,2.49,Face2Face,Face2Face,,ORIG_108,ORIG_052,PAIR_ORIG_052_ORIG_108,,,52
FFPP_0002053,FaceForensics++,Face2Face/053_095.mp4,1,1006,640,480,h264,1.48,Face2Face,Face2Face,,ORIG_095,ORIG_053,PAIR_ORIG_053_ORIG_095,,,53
FFPP_0002054,FaceForensics++,Face2Face/054_071.mp4,1,453,640,480,h264,0.84,Face2Face,Face2Face,,ORIG_071,ORIG_054,PAIR_ORIG_054_ORIG_071,,,54
FFPP_0002055,FaceForensics++,Face2Face/055_147.mp4,1,667,640,480,h264,0.95,Face2Face,Face2Face,,ORIG_147,ORIG_055,PAIR_ORIG_055_ORIG_147,,,55
FFPP_0002056,FaceForensics++,Face2Face/056_996.mp4,1,312,1280,720,h264,0.91,Face2Face,Face2Face,,ORIG_996,ORIG_056,PAIR_ORIG_056_ORIG_996,,,56
FFPP_0002057,FaceForensics++,Face2Face/057_070.mp4,1,367,640,480,h264,1.05,Face2Face,Face2Face,,ORIG_070,ORIG_057,PAIR_ORIG_057_ORIG_070,,,57
FFPP_0002058,FaceForensics++,Face2Face/058_039.mp4,1,609,704,480,h264,1.03,Face2Face,Face2Face,,ORIG_039,ORIG_058,PAIR_ORIG_039_ORIG_058,,,58
FFPP_0002059,FaceForensics++,Face2Face/059_050.mp4,1,530,640,480,h264,1.1,Face2Face,Face2Face,,ORIG_050,ORIG_059,PAIR_ORIG_050_ORIG_059,,,59
FFPP_0002060,FaceForensics++,Face2Face/060_088.mp4,1,665,576,480,h264,3.13,Face2Face,Face2Face,,ORIG_088,ORIG_060,PAIR_ORIG_060_ORIG_088,,,60
FFPP_0002061,FaceForensics++,Face2Face/061_080.mp4,1,483,640,480,h264,1.0,Face2Face,Face2Face,,ORIG_080,ORIG_061,PAIR_ORIG_061_ORIG_080,,,61
FFPP_0002062,FaceForensics++,Face2Face/062_066.mp4,1,435,640,480,h264,0.66,Face2Face,Face2Face,,ORIG_066,ORIG_062,PAIR_ORIG_062_ORIG_066,,,62
FFPP_0002063,FaceForensics++,Face2Face/063_041.mp4,1,349,640,480,h264,0.75,Face2Face,Face2Face,,ORIG_041,ORIG_063,PAIR_ORIG_041_ORIG_063,,,63
FFPP_0002064,FaceForensics++,Face2Face/064_991.mp4,1,402,640,480,h264,0.84,Face2Face,Face2Face,,ORIG_991,ORIG_064,PAIR_ORIG_064_ORIG_991,,,64
FFPP_0002065,FaceForensics++,Face2Face/065_089.mp4,1,751,1280,720,h264,5.47,Face2Face,Face2Face,,ORIG_089,ORIG_065,PAIR_ORIG_065_ORIG_089,,,65
FFPP_0002066,FaceForensics++,Face2Face/066_062.mp4,1,423,704,480,h264,1.48,Face2Face,Face2Face,,ORIG_062,ORIG_066,PAIR_ORIG_062_ORIG_066,,,66
FFPP_0002067,FaceForensics++,Face2Face/067_025.mp4,1,747,1280,720,h264,2.82,Face2Face,Face2Face,,ORIG_025,ORIG_067,PAIR_ORIG_025_ORIG_067,,,67
FFPP_0002068,FaceForensics++,Face2Face/068_028.mp4,1,434,640,480,h264,0.78,Face2Face,Face2Face,,ORIG_028,ORIG_068,PAIR_ORIG_028_ORIG_068,,,68
FFPP_0002069,FaceForensics++,Face2Face/069_961.mp4,1,323,1280,720,h264,1.62,Face2Face,Face2Face,,ORIG_961,ORIG_069,PAIR_ORIG_069_ORIG_961,,,69
FFPP_0002070,FaceForensics++,Face2Face/070_057.mp4,1,431,640,480,h264,0.95,Face2Face,Face2Face,,ORIG_057,ORIG_070,PAIR_ORIG_057_ORIG_070,,,70
FFPP_0002071,FaceForensics++,Face2Face/071_054.mp4,1,368,640,480,h264,1.1,Face2Face,Face2Face,,ORIG_054,ORIG_071,PAIR_ORIG_054_ORIG_071,,,71
FFPP_0002072,FaceForensics++,Face2Face/072_037.mp4,1,454,640,480,h264,1.18,Face2Face,Face2Face,,ORIG_037,ORIG_072,PAIR_ORIG_037_ORIG_072,,,72
FFPP_0002073,FaceForensics++,Face2Face/073_024.mp4,1,306,1280,720,h264,1.16,Face2Face,Face2Face,,ORIG_024,ORIG_073,PAIR_ORIG_024_ORIG_073,,,73
FFPP_0002074,FaceForensics++,Face2Face/074_825.mp4,1,547,1920,1080,h264,4.51,Face2Face,Face2Face,,ORIG_825,ORIG_074,PAIR_ORIG_074_ORIG_825,,,74
FFPP_0002075,FaceForensics++,Face2Face/075_977.mp4,1,651,1280,720,h264,3.05,Face2Face,Face2Face,,ORIG_977,ORIG_075,PAIR_ORIG_075_ORIG_977,,,75
FFPP_0002076,FaceForensics++,Face2Face/076_079.mp4,1,424,1280,720,h264,1.54,Face2Face,Face2Face,,ORIG_079,ORIG_076,PAIR_ORIG_076_ORIG_079,,,76
FFPP_0002077,FaceForensics++,Face2Face/077_100.mp4,1,423,640,480,h264,0.56,Face2Face,Face2Face,,ORIG_100,ORIG_077,PAIR_ORIG_077_ORIG_100,,,77
FFPP_0002078,FaceForensics++,Face2Face/078_955.mp4,1,531,1280,720,h264,1.94,Face2Face,Face2Face,,ORIG_955,ORIG_078,PAIR_ORIG_078_ORIG_955,,,78
FFPP_0002079,FaceForensics++,Face2Face/079_076.mp4,1,329,1280,720,h264,1.21,Face2Face,Face2Face,,ORIG_076,ORIG_079,PAIR_ORIG_076_ORIG_079,,,79
FFPP_0002080,FaceForensics++,Face2Face/080_061.mp4,1,337,640,480,h264,0.42,Face2Face,Face2Face,,ORIG_061,ORIG_080,PAIR_ORIG_061_ORIG_080,,,80
FFPP_0002081,FaceForensics++,Face2Face/081_087.mp4,1,309,576,480,h264,0.61,Face2Face,Face2Face,,ORIG_087,ORIG_081,PAIR_ORIG_081_ORIG_087,,,81
FFPP_0002082,FaceForensics++,Face2Face/082_103.mp4,1,595,640,480,h264,1.15,Face2Face,Face2Face,,ORIG_103,ORIG_082,PAIR_ORIG_082_ORIG_103,,,82
FFPP_0002083,FaceForensics++,Face2Face/083_213.mp4,1,378,1920,1080,h264,3.49,Face2Face,Face2Face,,ORIG_213,ORIG_083,PAIR_ORIG_083_ORIG_213,,,83
FFPP_0002084,FaceForensics++,Face2Face/084_042.mp4,1,338,1920,1080,h264,4.92,Face2Face,Face2Face,,ORIG_042,ORIG_084,PAIR_ORIG_042_ORIG_084,,,84
FFPP_0002085,FaceForensics++,Face2Face/085_124.mp4,1,318,640,480,h264,1.73,Face2Face,Face2Face,,ORIG_124,ORIG_085,PAIR_ORIG_085_ORIG_124,,,85
FFPP_0002086,FaceForensics++,Face2Face/086_090.mp4,1,687,1280,720,h264,1.89,Face2Face,Face2Face,,ORIG_090,ORIG_086,PAIR_ORIG_086_ORIG_090,,,86
FFPP_0002087,FaceForensics++,Face2Face/087_081.mp4,1,1170,640,480,h264,1.33,Face2Face,Face2Face,,ORIG_081,ORIG_087,PAIR_ORIG_081_ORIG_087,,,87
FFPP_0002088,FaceForensics++,Face2Face/088_060.mp4,1,844,640,480,h264,2.51,Face2Face,Face2Face,,ORIG_060,ORIG_088,PAIR_ORIG_060_ORIG_088,,,88
FFPP_0002089,FaceForensics++,Face2Face/089_065.mp4,1,442,1280,720,h264,1.8,Face2Face,Face2Face,,ORIG_065,ORIG_089,PAIR_ORIG_065_ORIG_089,,,89
FFPP_0002090,FaceForensics++,Face2Face/090_086.mp4,1,935,1280,720,h264,6.12,Face2Face,Face2Face,,ORIG_086,ORIG_090,PAIR_ORIG_086_ORIG_090,,,90
FFPP_0002091,FaceForensics++,Face2Face/091_116.mp4,1,327,640,480,h264,0.8,Face2Face,Face2Face,,ORIG_116,ORIG_091,PAIR_ORIG_091_ORIG_116,,,91
FFPP_0002092,FaceForensics++,Face2Face/092_098.mp4,1,299,704,480,h264,0.62,Face2Face,Face2Face,,ORIG_098,ORIG_092,PAIR_ORIG_092_ORIG_098,,,92
FFPP_0002093,FaceForensics++,Face2Face/093_121.mp4,1,553,1280,720,h264,3.82,Face2Face,Face2Face,,ORIG_121,ORIG_093,PAIR_ORIG_093_ORIG_121,,,93
FFPP_0002094,FaceForensics++,Face2Face/094_111.mp4,1,433,1280,720,h264,1.83,Face2Face,Face2Face,,ORIG_111,ORIG_094,PAIR_ORIG_094_ORIG_111,,,94
FFPP_0002095,FaceForensics++,Face2Face/095_053.mp4,1,417,640,480,h264,0.88,Face2Face,Face2Face,,ORIG_053,ORIG_095,PAIR_ORIG_053_ORIG_095,,,95
FFPP_0002096,FaceForensics++,Face2Face/096_101.mp4,1,1148,1920,1080,h264,11.49,Face2Face,Face2Face,,ORIG_101,ORIG_096,PAIR_ORIG_096_ORIG_101,,,96
FFPP_0002097,FaceForensics++,Face2Face/097_033.mp4,1,809,640,480,h264,1.65,Face2Face,Face2Face,,ORIG_033,ORIG_097,PAIR_ORIG_033_ORIG_097,,,97
FFPP_0002098,FaceForensics++,Face2Face/098_092.mp4,1,460,640,480,h264,0.56,Face2Face,Face2Face,,ORIG_092,ORIG_098,PAIR_ORIG_092_ORIG_098,,,98
FFPP_0002099,FaceForensics++,Face2Face/099_295.mp4,1,411,1920,1080,h264,6.64,Face2Face,Face2Face,,ORIG_295,ORIG_099,PAIR_ORIG_099_ORIG_295,,,99
FFPP_0002100,FaceForensics++,Face2Face/100_077.mp4,1,611,640,480,h264,1.24,Face2Face,Face2Face,,ORIG_077,ORIG_100,PAIR_ORIG_077_ORIG_100,,,100
FFPP_0002101,FaceForensics++,Face2Face/101_096.mp4,1,504,832,480,h264,1.05,Face2Face,Face2Face,,ORIG_096,ORIG_101,PAIR_ORIG_096_ORIG_101,,,101
FFPP_0002102,FaceForensics++,Face2Face/102_114.mp4,1,1269,704,480,h264,3.01,Face2Face,Face2Face,,ORIG_114,ORIG_102,PAIR_ORIG_102_ORIG_114,,,102
FFPP_0002103,FaceForensics++,Face2Face/103_082.mp4,1,316,640,480,h264,0.88,Face2Face,Face2Face,,ORIG_082,ORIG_103,PAIR_ORIG_082_ORIG_103,,,103
FFPP_0002104,FaceForensics++,Face2Face/104_126.mp4,1,328,640,480,h264,0.84,Face2Face,Face2Face,,ORIG_126,ORIG_104,PAIR_ORIG_104_ORIG_126,,,104
FFPP_0002105,FaceForensics++,Face2Face/105_180.mp4,1,569,640,480,h264,2.08,Face2Face,Face2Face,,ORIG_180,ORIG_105,PAIR_ORIG_105_ORIG_180,,,105
FFPP_0002106,FaceForensics++,Face2Face/106_198.mp4,1,392,832,480,h264,0.52,Face2Face,Face2Face,,ORIG_198,ORIG_106,PAIR_ORIG_106_ORIG_198,,,106
FFPP_0002107,FaceForensics++,Face2Face/107_109.mp4,1,298,640,480,h264,0.57,Face2Face,Face2Face,,ORIG_109,ORIG_107,PAIR_ORIG_107_ORIG_109,,,107
FFPP_0002108,FaceForensics++,Face2Face/108_052.mp4,1,323,1440,1080,h264,3.76,Face2Face,Face2Face,,ORIG_052,ORIG_108,PAIR_ORIG_052_ORIG_108,,,108
FFPP_0002109,FaceForensics++,Face2Face/109_107.mp4,1,556,640,480,h264,1.84,Face2Face,Face2Face,,ORIG_107,ORIG_109,PAIR_ORIG_107_ORIG_109,,,109
FFPP_0002110,FaceForensics++,Face2Face/110_043.mp4,1,495,960,720,h264,0.96,Face2Face,Face2Face,,ORIG_043,ORIG_110,PAIR_ORIG_043_ORIG_110,,,110
FFPP_0002111,FaceForensics++,Face2Face/111_094.mp4,1,559,640,480,h264,1.14,Face2Face,Face2Face,,ORIG_094,ORIG_111,PAIR_ORIG_094_ORIG_111,,,111
FFPP_0002112,FaceForensics++,Face2Face/112_892.mp4,1,311,1920,1080,h264,4.13,Face2Face,Face2Face,,ORIG_892,ORIG_112,PAIR_ORIG_112_ORIG_892,,,112
FFPP_0002113,FaceForensics++,Face2Face/113_983.mp4,1,406,1280,720,h264,1.86,Face2Face,Face2Face,,ORIG_983,ORIG_113,PAIR_ORIG_113_ORIG_983,,,113
FFPP_0002114,FaceForensics++,Face2Face/114_102.mp4,1,389,640,480,h264,0.79,Face2Face,Face2Face,,ORIG_102,ORIG_114,PAIR_ORIG_102_ORIG_114,,,114
FFPP_0002115,FaceForensics++,Face2Face/115_939.mp4,1,511,1280,720,h264,2.12,Face2Face,Face2Face,,ORIG_939,ORIG_115,PAIR_ORIG_115_ORIG_939,,,115
FFPP_0002116,FaceForensics++,Face2Face/116_091.mp4,1,639,640,480,h264,1.26,Face2Face,Face2Face,,ORIG_091,ORIG_116,PAIR_ORIG_091_ORIG_116,,,116
FFPP_0002117,FaceForensics++,Face2Face/117_217.mp4,1,702,1280,720,h264,4.73,Face2Face,Face2Face,,ORIG_217,ORIG_117,PAIR_ORIG_117_ORIG_217,,,117
FFPP_0002118,FaceForensics++,Face2Face/118_120.mp4,1,405,832,480,h264,1.12,Face2Face,Face2Face,,ORIG_120,ORIG_118,PAIR_ORIG_118_ORIG_120,,,118
FFPP_0002119,FaceForensics++,Face2Face/119_123.mp4,1,514,640,480,h264,0.85,Face2Face,Face2Face,,ORIG_123,ORIG_119,PAIR_ORIG_119_ORIG_123,,,119
FFPP_0002120,FaceForensics++,Face2Face/120_118.mp4,1,352,640,480,h264,0.94,Face2Face,Face2Face,,ORIG_118,ORIG_120,PAIR_ORIG_118_ORIG_120,,,120
FFPP_0002121,FaceForensics++,Face2Face/121_093.mp4,1,308,1920,1080,h264,2.21,Face2Face,Face2Face,,ORIG_093,ORIG_121,PAIR_ORIG_093_ORIG_121,,,121
FFPP_0002122,FaceForensics++,Face2Face/122_144.mp4,1,344,1248,720,h264,1.65,Face2Face,Face2Face,,ORIG_144,ORIG_122,PAIR_ORIG_122_ORIG_144,,,122
FFPP_0002123,FaceForensics++,Face2Face/123_119.mp4,1,502,640,480,h264,1.1,Face2Face,Face2Face,,ORIG_119,ORIG_123,PAIR_ORIG_119_ORIG_123,,,123
FFPP_0002124,FaceForensics++,Face2Face/124_085.mp4,1,329,576,480,h264,0.66,Face2Face,Face2Face,,ORIG_085,ORIG_124,PAIR_ORIG_085_ORIG_124,,,124
FFPP_0002125,FaceForensics++,Face2Face/125_038.mp4,1,305,1280,720,h264,1.45,Face2Face,Face2Face,,ORIG_038,ORIG_125,PAIR_ORIG_038_ORIG_125,,,125
FFPP_0002126,FaceForensics++,Face2Face/126_104.mp4,1,462,640,480,h264,0.93,Face2Face,Face2Face,,ORIG_104,ORIG_126,PAIR_ORIG_104_ORIG_126,,,126
FFPP_0002127,FaceForensics++,Face2Face/127_129.mp4,1,330,1280,720,h264,1.2,Face2Face,Face2Face,,ORIG_129,ORIG_127,PAIR_ORIG_127_ORIG_129,,,127
FFPP_0002128,FaceForensics++,Face2Face/128_896.mp4,1,531,640,480,h264,0.92,Face2Face,Face2Face,,ORIG_896,ORIG_128,PAIR_ORIG_128_ORIG_896,,,128
FFPP_0002129,FaceForensics++,Face2Face/129_127.mp4,1,864,1280,720,h264,4.13,Face2Face,Face2Face,,ORIG_127,ORIG_129,PAIR_ORIG_127_ORIG_129,,,129
FFPP_0002130,FaceForensics++,Face2Face/130_139.mp4,1,378,640,480,h264,1.2,Face2Face,Face2Face,,ORIG_139,ORIG_130,PAIR_ORIG_130_ORIG_139,,,130
FFPP_0002131,FaceForensics++,Face2Face/131_518.mp4,1,295,576,480,h264,0.47,Face2Face,Face2Face,,ORIG_518,ORIG_131,PAIR_ORIG_131_ORIG_518,,,131
FFPP_0002132,FaceForensics++,Face2Face/132_007.mp4,1,505,640,480,h264,0.51,Face2Face,Face2Face,,ORIG_007,ORIG_132,PAIR_ORIG_007_ORIG_132,,,132
FFPP_0002133,FaceForensics++,Face2Face/133_148.mp4,1,475,704,480,h264,0.65,Face2Face,Face2Face,,ORIG_148,ORIG_133,PAIR_ORIG_133_ORIG_148,,,133
FFPP_0002134,FaceForensics++,Face2Face/134_192.mp4,1,287,1280,720,h264,1.67,Face2Face,Face2Face,,ORIG_192,ORIG_134,PAIR_ORIG_134_ORIG_192,,,134
FFPP_0002135,FaceForensics++,Face2Face/135_880.mp4,1,435,1280,720,h264,1.51,Face2Face,Face2Face,,ORIG_880,ORIG_135,PAIR_ORIG_135_ORIG_880,,,135
FFPP_0002136,FaceForensics++,Face2Face/136_285.mp4,1,383,1280,720,h264,2.29,Face2Face,Face2Face,,ORIG_285,ORIG_136,PAIR_ORIG_136_ORIG_285,,,136
FFPP_0002137,FaceForensics++,Face2Face/137_165.mp4,1,387,704,480,h264,1.37,Face2Face,Face2Face,,ORIG_165,ORIG_137,PAIR_ORIG_137_ORIG_165,,,137
FFPP_0002138,FaceForensics++,Face2Face/138_142.mp4,1,962,576,480,h264,1.0,Face2Face,Face2Face,,ORIG_142,ORIG_138,PAIR_ORIG_138_ORIG_142,,,138
FFPP_0002139,FaceForensics++,Face2Face/139_130.mp4,1,662,576,480,h264,0.87,Face2Face,Face2Face,,ORIG_130,ORIG_139,PAIR_ORIG_130_ORIG_139,,,139
FFPP_0002140,FaceForensics++,Face2Face/140_143.mp4,1,414,640,480,h264,1.88,Face2Face,Face2Face,,ORIG_143,ORIG_140,PAIR_ORIG_140_ORIG_143,,,140
FFPP_0002141,FaceForensics++,Face2Face/141_161.mp4,1,369,832,480,h264,0.81,Face2Face,Face2Face,,ORIG_161,ORIG_141,PAIR_ORIG_141_ORIG_161,,,141
FFPP_0002142,FaceForensics++,Face2Face/142_138.mp4,1,410,576,480,h264,0.52,Face2Face,Face2Face,,ORIG_138,ORIG_142,PAIR_ORIG_138_ORIG_142,,,142
FFPP_0002143,FaceForensics++,Face2Face/143_140.mp4,1,485,640,480,h264,0.76,Face2Face,Face2Face,,ORIG_140,ORIG_143,PAIR_ORIG_140_ORIG_143,,,143
FFPP_0002144,FaceForensics++,Face2Face/144_122.mp4,1,309,1280,720,h264,0.9,Face2Face,Face2Face,,ORIG_122,ORIG_144,PAIR_ORIG_122_ORIG_144,,,144
FFPP_0002145,FaceForensics++,Face2Face/145_299.mp4,1,314,576,480,h264,0.36,Face2Face,Face2Face,,ORIG_299,ORIG_145,PAIR_ORIG_145_ORIG_299,,,145
FFPP_0002146,FaceForensics++,Face2Face/146_256.mp4,1,546,1280,720,h264,3.43,Face2Face,Face2Face,,ORIG_256,ORIG_146,PAIR_ORIG_146_ORIG_256,,,146
FFPP_0002147,FaceForensics++,Face2Face/147_055.mp4,1,394,576,480,h264,0.76,Face2Face,Face2Face,,ORIG_055,ORIG_147,PAIR_ORIG_055_ORIG_147,,,147
FFPP_0002148,FaceForensics++,Face2Face/148_133.mp4,1,767,640,480,h264,1.19,Face2Face,Face2Face,,ORIG_133,ORIG_148,PAIR_ORIG_133_ORIG_148,,,148
FFPP_0002149,FaceForensics++,Face2Face/149_152.mp4,1,313,832,480,h264,0.75,Face2Face,Face2Face,,ORIG_152,ORIG_149,PAIR_ORIG_149_ORIG_152,,,149
FFPP_0002150,FaceForensics++,Face2Face/150_153.mp4,1,732,832,480,h264,0.86,Face2Face,Face2Face,,ORIG_153,ORIG_150,PAIR_ORIG_150_ORIG_153,,,150
FFPP_0002151,FaceForensics++,Face2Face/151_225.mp4,1,304,1280,720,h264,1.82,Face2Face,Face2Face,,ORIG_225,ORIG_151,PAIR_ORIG_151_ORIG_225,,,151
FFPP_0002152,FaceForensics++,Face2Face/152_149.mp4,1,363,640,480,h264,0.73,Face2Face,Face2Face,,ORIG_149,ORIG_152,PAIR_ORIG_149_ORIG_152,,,152
FFPP_0002153,FaceForensics++,Face2Face/153_150.mp4,1,456,640,480,h264,1.26,Face2Face,Face2Face,,ORIG_150,ORIG_153,PAIR_ORIG_150_ORIG_153,,,153
FFPP_0002154,FaceForensics++,Face2Face/154_386.mp4,1,449,1280,720,h264,1.99,Face2Face,Face2Face,,ORIG_386,ORIG_154,PAIR_ORIG_154_ORIG_386,,,154
FFPP_0002155,FaceForensics++,Face2Face/155_576.mp4,1,461,832,480,h264,1.04,Face2Face,Face2Face,,ORIG_576,ORIG_155,PAIR_ORIG_155_ORIG_576,,,155
FFPP_0002156,FaceForensics++,Face2Face/156_243.mp4,1,387,640,480,h264,0.82,Face2Face,Face2Face,,ORIG_243,ORIG_156,PAIR_ORIG_156_ORIG_243,,,156
FFPP_0002157,FaceForensics++,Face2Face/157_245.mp4,1,334,640,480,h264,0.55,Face2Face,Face2Face,,ORIG_245,ORIG_157,PAIR_ORIG_157_ORIG_245,,,157
FFPP_0002158,FaceForensics++,Face2Face/158_379.mp4,1,341,640,480,h264,0.63,Face2Face,Face2Face,,ORIG_379,ORIG_158,PAIR_ORIG_158_ORIG_379,,,158
FFPP_0002159,FaceForensics++,Face2Face/159_175.mp4,1,504,576,480,h264,1.38,Face2Face,Face2Face,,ORIG_175,ORIG_159,PAIR_ORIG_159_ORIG_175,,,159
FFPP_0002160,FaceForensics++,Face2Face/160_928.mp4,1,376,1280,720,h264,1.54,Face2Face,Face2Face,,ORIG_928,ORIG_160,PAIR_ORIG_160_ORIG_928,,,160
FFPP_0002161,FaceForensics++,Face2Face/161_141.mp4,1,508,640,480,h264,0.86,Face2Face,Face2Face,,ORIG_141,ORIG_161,PAIR_ORIG_141_ORIG_161,,,161
FFPP_0002162,FaceForensics++,Face2Face/162_330.mp4,1,407,1280,720,h264,1.7,Face2Face,Face2Face,,ORIG_330,ORIG_162,PAIR_ORIG_162_ORIG_330,,,162
FFPP_0002163,FaceForensics++,Face2Face/163_031.mp4,1,482,1280,720,h264,1.24,Face2Face,Face2Face,,ORIG_031,ORIG_163,PAIR_ORIG_031_ORIG_163,,,163
FFPP_0002164,FaceForensics++,Face2Face/164_216.mp4,1,476,832,480,h264,1.16,Face2Face,Face2Face,,ORIG_216,ORIG_164,PAIR_ORIG_164_ORIG_216,,,164
FFPP_0002165,FaceForensics++,Face2Face/165_137.mp4,1,606,640,480,h264,1.01,Face2Face,Face2Face,,ORIG_137,ORIG_165,PAIR_ORIG_137_ORIG_165,,,165
FFPP_0002166,FaceForensics++,Face2Face/166_167.mp4,1,341,640,480,h264,0.55,Face2Face,Face2Face,,ORIG_167,ORIG_166,PAIR_ORIG_166_ORIG_167,,,166
FFPP_0002167,FaceForensics++,Face2Face/167_166.mp4,1,756,832,480,h264,1.85,Face2Face,Face2Face,,ORIG_166,ORIG_167,PAIR_ORIG_166_ORIG_167,,,167
FFPP_0002168,FaceForensics++,Face2Face/168_222.mp4,1,407,640,480,h264,0.55,Face2Face,Face2Face,,ORIG_222,ORIG_168,PAIR_ORIG_168_ORIG_222,,,168
FFPP_0002169,FaceForensics++,Face2Face/169_227.mp4,1,441,640,480,h264,0.57,Face2Face,Face2Face,,ORIG_227,ORIG_169,PAIR_ORIG_169_ORIG_227,,,169
FFPP_0002170,FaceForensics++,Face2Face/170_186.mp4,1,334,1920,1080,h264,2.7,Face2Face,Face2Face,,ORIG_186,ORIG_170,PAIR_ORIG_170_ORIG_186,,,170
FFPP_0002171,FaceForensics++,Face2Face/171_173.mp4,1,721,1280,720,h264,3.22,Face2Face,Face2Face,,ORIG_173,ORIG_171,PAIR_ORIG_171_ORIG_173,,,171
FFPP_0002172,FaceForensics++,Face2Face/172_582.mp4,1,431,640,480,h264,0.63,Face2Face,Face2Face,,ORIG_582,ORIG_172,PAIR_ORIG_172_ORIG_582,,,172
FFPP_0002173,FaceForensics++,Face2Face/173_171.mp4,1,541,1280,720,h264,2.61,Face2Face,Face2Face,,ORIG_171,ORIG_173,PAIR_ORIG_171_ORIG_173,,,173
FFPP_0002174,FaceForensics++,Face2Face/174_964.mp4,1,451,1280,720,h264,1.09,Face2Face,Face2Face,,ORIG_964,ORIG_174,PAIR_ORIG_174_ORIG_964,,,174
FFPP_0002175,FaceForensics++,Face2Face/175_159.mp4,1,325,640,480,h264,0.68,Face2Face,Face2Face,,ORIG_159,ORIG_175,PAIR_ORIG_159_ORIG_175,,,175
FFPP_0002176,FaceForensics++,Face2Face/176_190.mp4,1,331,1920,1080,h264,3.8,Face2Face,Face2Face,,ORIG_190,ORIG_176,PAIR_ORIG_176_ORIG_190,,,176
FFPP_0002177,FaceForensics++,Face2Face/177_211.mp4,1,527,832,480,h264,1.33,Face2Face,Face2Face,,ORIG_211,ORIG_177,PAIR_ORIG_177_ORIG_211,,,177
FFPP_0002178,FaceForensics++,Face2Face/178_598.mp4,1,686,640,480,h264,0.65,Face2Face,Face2Face,,ORIG_598,ORIG_178,PAIR_ORIG_178_ORIG_598,,,178
FFPP_0002179,FaceForensics++,Face2Face/179_212.mp4,1,415,640,480,h264,0.61,Face2Face,Face2Face,,ORIG_212,ORIG_179,PAIR_ORIG_179_ORIG_212,,,179
FFPP_0002180,FaceForensics++,Face2Face/180_105.mp4,1,300,640,480,h264,0.67,Face2Face,Face2Face,,ORIG_105,ORIG_180,PAIR_ORIG_105_ORIG_180,,,180
FFPP_0002181,FaceForensics++,Face2Face/181_199.mp4,1,368,640,480,h264,0.53,Face2Face,Face2Face,,ORIG_199,ORIG_181,PAIR_ORIG_181_ORIG_199,,,181
FFPP_0002182,FaceForensics++,Face2Face/182_242.mp4,1,331,1280,720,h264,1.21,Face2Face,Face2Face,,ORIG_242,ORIG_182,PAIR_ORIG_182_ORIG_242,,,182
FFPP_0002183,FaceForensics++,Face2Face/183_253.mp4,1,501,1280,720,h264,1.71,Face2Face,Face2Face,,ORIG_253,ORIG_183,PAIR_ORIG_183_ORIG_253,,,183
FFPP_0002184,FaceForensics++,Face2Face/184_205.mp4,1,307,1280,720,h264,0.49,Face2Face,Face2Face,,ORIG_205,ORIG_184,PAIR_ORIG_184_ORIG_205,,,184
FFPP_0002185,FaceForensics++,Face2Face/185_276.mp4,1,331,832,480,h264,0.85,Face2Face,Face2Face,,ORIG_276,ORIG_185,PAIR_ORIG_185_ORIG_276,,,185
FFPP_0002186,FaceForensics++,Face2Face/186_170.mp4,1,504,1920,1080,h264,7.73,Face2Face,Face2Face,,ORIG_170,ORIG_186,PAIR_ORIG_170_ORIG_186,,,186
FFPP_0002187,FaceForensics++,Face2Face/187_234.mp4,1,528,1280,720,h264,2.83,Face2Face,Face2Face,,ORIG_234,ORIG_187,PAIR_ORIG_187_ORIG_234,,,187
FFPP_0002188,FaceForensics++,Face2Face/188_191.mp4,1,372,1280,720,h264,1.54,Face2Face,Face2Face,,ORIG_191,ORIG_188,PAIR_ORIG_188_ORIG_191,,,188
FFPP_0002189,FaceForensics++,Face2Face/189_200.mp4,1,719,640,480,h264,2.19,Face2Face,Face2Face,,ORIG_200,ORIG_189,PAIR_ORIG_189_ORIG_200,,,189
FFPP_0002190,FaceForensics++,Face2Face/190_176.mp4,1,376,1920,1080,h264,2.74,Face2Face,Face2Face,,ORIG_176,ORIG_190,PAIR_ORIG_176_ORIG_190,,,190
FFPP_0002191,FaceForensics++,Face2Face/191_188.mp4,1,310,1920,1080,h264,3.23,Face2Face,Face2Face,,ORIG_188,ORIG_191,PAIR_ORIG_188_ORIG_191,,,191
FFPP_0002192,FaceForensics++,Face2Face/192_134.mp4,1,346,1280,720,h264,1.0,Face2Face,Face2Face,,ORIG_134,ORIG_192,PAIR_ORIG_134_ORIG_192,,,192
FFPP_0002193,FaceForensics++,Face2Face/193_030.mp4,1,297,1920,1080,h264,3.53,Face2Face,Face2Face,,ORIG_030,ORIG_193,PAIR_ORIG_030_ORIG_193,,,193
FFPP_0002194,FaceForensics++,Face2Face/194_235.mp4,1,312,640,480,h264,0.55,Face2Face,Face2Face,,ORIG_235,ORIG_194,PAIR_ORIG_194_ORIG_235,,,194
FFPP_0002195,FaceForensics++,Face2Face/195_442.mp4,1,355,1280,720,h264,1.28,Face2Face,Face2Face,,ORIG_442,ORIG_195,PAIR_ORIG_195_ORIG_442,,,195
FFPP_0002196,FaceForensics++,Face2Face/196_310.mp4,1,375,640,480,h264,0.49,Face2Face,Face2Face,,ORIG_310,ORIG_196,PAIR_ORIG_196_ORIG_310,,,196
FFPP_0002197,FaceForensics++,Face2Face/197_224.mp4,1,488,640,480,h264,0.84,Face2Face,Face2Face,,ORIG_224,ORIG_197,PAIR_ORIG_197_ORIG_224,,,197
FFPP_0002198,FaceForensics++,Face2Face/198_106.mp4,1,356,704,480,h264,0.62,Face2Face,Face2Face,,ORIG_106,ORIG_198,PAIR_ORIG_106_ORIG_198,,,198
FFPP_0002199,FaceForensics++,Face2Face/199_181.mp4,1,478,1280,720,h264,1.39,Face2Face,Face2Face,,ORIG_181,ORIG_199,PAIR_ORIG_181_ORIG_199,,,199
FFPP_0002200,FaceForensics++,Face2Face/200_189.mp4,1,512,832,480,h264,1.8,Face2Face,Face2Face,,ORIG_189,ORIG_200,PAIR_ORIG_189_ORIG_200,,,200
FFPP_0002201,FaceForensics++,Face2Face/201_203.mp4,1,446,640,480,h264,0.91,Face2Face,Face2Face,,ORIG_203,ORIG_201,PAIR_ORIG_201_ORIG_203,,,201
FFPP_0002202,FaceForensics++,Face2Face/202_348.mp4,1,414,832,480,h264,0.81,Face2Face,Face2Face,,ORIG_348,ORIG_202,PAIR_ORIG_202_ORIG_348,,,202
FFPP_0002203,FaceForensics++,Face2Face/203_201.mp4,1,863,640,480,h264,2.64,Face2Face,Face2Face,,ORIG_201,ORIG_203,PAIR_ORIG_201_ORIG_203,,,203
FFPP_0002204,FaceForensics++,Face2Face/204_230.mp4,1,372,960,720,h264,1.29,Face2Face,Face2Face,,ORIG_230,ORIG_204,PAIR_ORIG_204_ORIG_230,,,204
FFPP_0002205,FaceForensics++,Face2Face/205_184.mp4,1,1254,832,480,h264,3.24,Face2Face,Face2Face,,ORIG_184,ORIG_205,PAIR_ORIG_184_ORIG_205,,,205
FFPP_0002206,FaceForensics++,Face2Face/206_221.mp4,1,718,640,480,h264,0.7,Face2Face,Face2Face,,ORIG_221,ORIG_206,PAIR_ORIG_206_ORIG_221,,,206
FFPP_0002207,FaceForensics++,Face2Face/207_908.mp4,1,667,1920,1080,h264,5.57,Face2Face,Face2Face,,ORIG_908,ORIG_207,PAIR_ORIG_207_ORIG_908,,,207
FFPP_0002208,FaceForensics++,Face2Face/208_215.mp4,1,588,640,480,h264,1.42,Face2Face,Face2Face,,ORIG_215,ORIG_208,PAIR_ORIG_208_ORIG_215,,,208
FFPP_0002209,FaceForensics++,Face2Face/209_016.mp4,1,678,832,480,h264,2.35,Face2Face,Face2Face,,ORIG_016,ORIG_209,PAIR_ORIG_016_ORIG_209,,,209
FFPP_0002210,FaceForensics++,Face2Face/210_241.mp4,1,292,640,480,h264,0.61,Face2Face,Face2Face,,ORIG_241,ORIG_210,PAIR_ORIG_210_ORIG_241,,,210
FFPP_0002211,FaceForensics++,Face2Face/211_177.mp4,1,410,1280,720,h264,1.95,Face2Face,Face2Face,,ORIG_177,ORIG_211,PAIR_ORIG_177_ORIG_211,,,211
FFPP_0002212,FaceForensics++,Face2Face/212_179.mp4,1,1260,832,480,h264,2.09,Face2Face,Face2Face,,ORIG_179,ORIG_212,PAIR_ORIG_179_ORIG_212,,,212
FFPP_0002213,FaceForensics++,Face2Face/213_083.mp4,1,545,1280,720,h264,2.57,Face2Face,Face2Face,,ORIG_083,ORIG_213,PAIR_ORIG_083_ORIG_213,,,213
FFPP_0002214,FaceForensics++,Face2Face/214_255.mp4,1,470,832,480,h264,1.44,Face2Face,Face2Face,,ORIG_255,ORIG_214,PAIR_ORIG_214_ORIG_255,,,214
FFPP_0002215,FaceForensics++,Face2Face/215_208.mp4,1,465,704,480,h264,0.78,Face2Face,Face2Face,,ORIG_208,ORIG_215,PAIR_ORIG_208_ORIG_215,,,215
FFPP_0002216,FaceForensics++,Face2Face/216_164.mp4,1,1021,640,480,h264,2.0,Face2Face,Face2Face,,ORIG_164,ORIG_216,PAIR_ORIG_164_ORIG_216,,,216
FFPP_0002217,FaceForensics++,Face2Face/217_117.mp4,1,548,1920,1080,h264,5.33,Face2Face,Face2Face,,ORIG_117,ORIG_217,PAIR_ORIG_117_ORIG_217,,,217
FFPP_0002218,FaceForensics++,Face2Face/218_239.mp4,1,588,640,480,h264,0.72,Face2Face,Face2Face,,ORIG_239,ORIG_218,PAIR_ORIG_218_ORIG_239,,,218
FFPP_0002219,FaceForensics++,Face2Face/219_220.mp4,1,357,1280,720,h264,2.04,Face2Face,Face2Face,,ORIG_220,ORIG_219,PAIR_ORIG_219_ORIG_220,,,219
FFPP_0002220,FaceForensics++,Face2Face/220_219.mp4,1,350,704,480,h264,0.72,Face2Face,Face2Face,,ORIG_219,ORIG_220,PAIR_ORIG_219_ORIG_220,,,220
FFPP_0002221,FaceForensics++,Face2Face/221_206.mp4,1,714,1280,720,h264,2.69,Face2Face,Face2Face,,ORIG_206,ORIG_221,PAIR_ORIG_206_ORIG_221,,,221
FFPP_0002222,FaceForensics++,Face2Face/222_168.mp4,1,1228,640,480,h264,2.47,Face2Face,Face2Face,,ORIG_168,ORIG_222,PAIR_ORIG_168_ORIG_222,,,222
FFPP_0002223,FaceForensics++,Face2Face/223_586.mp4,1,379,1920,1080,h264,1.98,Face2Face,Face2Face,,ORIG_586,ORIG_223,PAIR_ORIG_223_ORIG_586,,,223
FFPP_0002224,FaceForensics++,Face2Face/224_197.mp4,1,880,640,480,h264,3.28,Face2Face,Face2Face,,ORIG_197,ORIG_224,PAIR_ORIG_197_ORIG_224,,,224
FFPP_0002225,FaceForensics++,Face2Face/225_151.mp4,1,347,1280,720,h264,1.29,Face2Face,Face2Face,,ORIG_151,ORIG_225,PAIR_ORIG_151_ORIG_225,,,225
FFPP_0002226,FaceForensics++,Face2Face/226_491.mp4,1,427,1280,720,h264,1.55,Face2Face,Face2Face,,ORIG_491,ORIG_226,PAIR_ORIG_226_ORIG_491,,,226
FFPP_0002227,FaceForensics++,Face2Face/227_169.mp4,1,649,1280,720,h264,2.06,Face2Face,Face2Face,,ORIG_169,ORIG_227,PAIR_ORIG_169_ORIG_227,,,227
FFPP_0002228,FaceForensics++,Face2Face/228_289.mp4,1,597,832,480,h264,0.73,Face2Face,Face2Face,,ORIG_289,ORIG_228,PAIR_ORIG_228_ORIG_289,,,228
FFPP_0002229,FaceForensics++,Face2Face/229_247.mp4,1,399,832,480,h264,0.64,Face2Face,Face2Face,,ORIG_247,ORIG_229,PAIR_ORIG_229_ORIG_247,,,229
FFPP_0002230,FaceForensics++,Face2Face/230_204.mp4,1,515,1280,720,h264,1.82,Face2Face,Face2Face,,ORIG_204,ORIG_230,PAIR_ORIG_204_ORIG_230,,,230
FFPP_0002231,FaceForensics++,Face2Face/231_663.mp4,1,316,704,480,h264,0.55,Face2Face,Face2Face,,ORIG_663,ORIG_231,PAIR_ORIG_231_ORIG_663,,,231
FFPP_0002232,FaceForensics++,Face2Face/232_248.mp4,1,496,704,480,h264,1.23,Face2Face,Face2Face,,ORIG_248,ORIG_232,PAIR_ORIG_232_ORIG_248,,,232
FFPP_0002233,FaceForensics++,Face2Face/233_995.mp4,1,548,1280,720,h264,2.23,Face2Face,Face2Face,,ORIG_995,ORIG_233,PAIR_ORIG_233_ORIG_995,,,233
FFPP_0002234,FaceForensics++,Face2Face/234_187.mp4,1,986,1280,720,h264,2.64,Face2Face,Face2Face,,ORIG_187,ORIG_234,PAIR_ORIG_187_ORIG_234,,,234
FFPP_0002235,FaceForensics++,Face2Face/235_194.mp4,1,567,832,480,h264,2.54,Face2Face,Face2Face,,ORIG_194,ORIG_235,PAIR_ORIG_194_ORIG_235,,,235
FFPP_0002236,FaceForensics++,Face2Face/236_237.mp4,1,757,640,480,h264,1.66,Face2Face,Face2Face,,ORIG_237,ORIG_236,PAIR_ORIG_236_ORIG_237,,,236
FFPP_0002237,FaceForensics++,Face2Face/237_236.mp4,1,651,1280,720,h264,2.6,Face2Face,Face2Face,,ORIG_236,ORIG_237,PAIR_ORIG_236_ORIG_237,,,237
FFPP_0002238,FaceForensics++,Face2Face/238_282.mp4,1,594,640,480,h264,0.84,Face2Face,Face2Face,,ORIG_282,ORIG_238,PAIR_ORIG_238_ORIG_282,,,238
FFPP_0002239,FaceForensics++,Face2Face/239_218.mp4,1,353,640,480,h264,0.91,Face2Face,Face2Face,,ORIG_218,ORIG_239,PAIR_ORIG_218_ORIG_239,,,239
FFPP_0002240,FaceForensics++,Face2Face/240_290.mp4,1,422,704,480,h264,0.74,Face2Face,Face2Face,,ORIG_290,ORIG_240,PAIR_ORIG_240_ORIG_290,,,240
FFPP_0002241,FaceForensics++,Face2Face/241_210.mp4,1,839,832,480,h264,1.6,Face2Face,Face2Face,,ORIG_210,ORIG_241,PAIR_ORIG_210_ORIG_241,,,241
FFPP_0002242,FaceForensics++,Face2Face/242_182.mp4,1,620,640,480,h264,0.97,Face2Face,Face2Face,,ORIG_182,ORIG_242,PAIR_ORIG_182_ORIG_242,,,242
FFPP_0002243,FaceForensics++,Face2Face/243_156.mp4,1,518,1280,720,h264,3.05,Face2Face,Face2Face,,ORIG_156,ORIG_243,PAIR_ORIG_156_ORIG_243,,,243
FFPP_0002244,FaceForensics++,Face2Face/244_822.mp4,1,297,1920,1080,h264,2.41,Face2Face,Face2Face,,ORIG_822,ORIG_244,PAIR_ORIG_244_ORIG_822,,,244
FFPP_0002245,FaceForensics++,Face2Face/245_157.mp4,1,486,640,480,h264,0.93,Face2Face,Face2Face,,ORIG_157,ORIG_245,PAIR_ORIG_157_ORIG_245,,,245
FFPP_0002246,FaceForensics++,Face2Face/246_258.mp4,1,498,1280,720,h264,1.82,Face2Face,Face2Face,,ORIG_258,ORIG_246,PAIR_ORIG_246_ORIG_258,,,246
FFPP_0002247,FaceForensics++,Face2Face/247_229.mp4,1,392,640,480,h264,1.16,Face2Face,Face2Face,,ORIG_229,ORIG_247,PAIR_ORIG_229_ORIG_247,,,247
FFPP_0002248,FaceForensics++,Face2Face/248_232.mp4,1,574,1280,720,h264,2.51,Face2Face,Face2Face,,ORIG_232,ORIG_248,PAIR_ORIG_232_ORIG_248,,,248
FFPP_0002249,FaceForensics++,Face2Face/249_280.mp4,1,606,832,480,h264,1.47,Face2Face,Face2Face,,ORIG_280,ORIG_249,PAIR_ORIG_249_ORIG_280,,,249
FFPP_0002250,FaceForensics++,Face2Face/250_461.mp4,1,612,1280,720,h264,2.68,Face2Face,Face2Face,,ORIG_461,ORIG_250,PAIR_ORIG_250_ORIG_461,,,250
FFPP_0002251,FaceForensics++,Face2Face/251_375.mp4,1,353,1920,1080,h264,2.49,Face2Face,Face2Face,,ORIG_375,ORIG_251,PAIR_ORIG_251_ORIG_375,,,251
FFPP_0002252,FaceForensics++,Face2Face/252_266.mp4,1,465,800,480,h264,1.42,Face2Face,Face2Face,,ORIG_266,ORIG_252,PAIR_ORIG_252_ORIG_266,,,252
FFPP_0002253,FaceForensics++,Face2Face/253_183.mp4,1,390,1280,720,h264,1.15,Face2Face,Face2Face,,ORIG_183,ORIG_253,PAIR_ORIG_183_ORIG_253,,,253
FFPP_0002254,FaceForensics++,Face2Face/254_261.mp4,1,677,1280,720,h264,2.07,Face2Face,Face2Face,,ORIG_261,ORIG_254,PAIR_ORIG_254_ORIG_261,,,254
FFPP_0002255,FaceForensics++,Face2Face/255_214.mp4,1,462,1280,720,h264,1.79,Face2Face,Face2Face,,ORIG_214,ORIG_255,PAIR_ORIG_214_ORIG_255,,,255
FFPP_0002256,FaceForensics++,Face2Face/256_146.mp4,1,1003,1280,720,h264,4.2,Face2Face,Face2Face,,ORIG_146,ORIG_256,PAIR_ORIG_146_ORIG_256,,,256
FFPP_0002257,FaceForensics++,Face2Face/257_420.mp4,1,1126,640,480,h264,3.71,Face2Face,Face2Face,,ORIG_420,ORIG_257,PAIR_ORIG_257_ORIG_420,,,257
FFPP_0002258,FaceForensics++,Face2Face/258_246.mp4,1,496,1280,720,h264,3.08,Face2Face,Face2Face,,ORIG_246,ORIG_258,PAIR_ORIG_246_ORIG_258,,,258
FFPP_0002259,FaceForensics++,Face2Face/259_345.mp4,1,423,640,480,h264,1.07,Face2Face,Face2Face,,ORIG_345,ORIG_259,PAIR_ORIG_259_ORIG_345,,,259
FFPP_0002260,FaceForensics++,Face2Face/260_331.mp4,1,469,640,480,h264,0.71,Face2Face,Face2Face,,ORIG_331,ORIG_260,PAIR_ORIG_260_ORIG_331,,,260
FFPP_0002261,FaceForensics++,Face2Face/261_254.mp4,1,427,576,480,h264,0.44,Face2Face,Face2Face,,ORIG_254,ORIG_261,PAIR_ORIG_254_ORIG_261,,,261
FFPP_0002262,FaceForensics++,Face2Face/262_301.mp4,1,763,576,480,h264,1.27,Face2Face,Face2Face,,ORIG_301,ORIG_262,PAIR_ORIG_262_ORIG_301,,,262
FFPP_0002263,FaceForensics++,Face2Face/263_284.mp4,1,483,1280,720,h264,2.35,Face2Face,Face2Face,,ORIG_284,ORIG_263,PAIR_ORIG_263_ORIG_284,,,263
FFPP_0002264,FaceForensics++,Face2Face/264_271.mp4,1,490,832,480,h264,0.66,Face2Face,Face2Face,,ORIG_271,ORIG_264,PAIR_ORIG_264_ORIG_271,,,264
FFPP_0002265,FaceForensics++,Face2Face/265_475.mp4,1,337,1920,1080,h264,3.63,Face2Face,Face2Face,,ORIG_475,ORIG_265,PAIR_ORIG_265_ORIG_475,,,265
FFPP_0002266,FaceForensics++,Face2Face/266_252.mp4,1,572,704,480,h264,1.68,Face2Face,Face2Face,,ORIG_252,ORIG_266,PAIR_ORIG_252_ORIG_266,,,266
FFPP_0002267,FaceForensics++,Face2Face/267_286.mp4,1,668,1280,720,h264,3.54,Face2Face,Face2Face,,ORIG_286,ORIG_267,PAIR_ORIG_267_ORIG_286,,,267
FFPP_0002268,FaceForensics++,Face2Face/268_269.mp4,1,387,640,480,h264,0.88,Face2Face,Face2Face,,ORIG_269,ORIG_268,PAIR_ORIG_268_ORIG_269,,,268
FFPP_0002269,FaceForensics++,Face2Face/269_268.mp4,1,1465,640,480,h264,2.63,Face2Face,Face2Face,,ORIG_268,ORIG_269,PAIR_ORIG_268_ORIG_269,,,269
FFPP_0002270,FaceForensics++,Face2Face/270_297.mp4,1,390,640,480,h264,0.96,Face2Face,Face2Face,,ORIG_297,ORIG_270,PAIR_ORIG_270_ORIG_297,,,270
FFPP_0002271,FaceForensics++,Face2Face/271_264.mp4,1,455,640,480,h264,1.23,Face2Face,Face2Face,,ORIG_264,ORIG_271,PAIR_ORIG_264_ORIG_271,,,271
FFPP_0002272,FaceForensics++,Face2Face/272_396.mp4,1,525,1280,720,h264,2.46,Face2Face,Face2Face,,ORIG_396,ORIG_272,PAIR_ORIG_272_ORIG_396,,,272
FFPP_0002273,FaceForensics++,Face2Face/273_807.mp4,1,650,1280,720,h264,1.77,Face2Face,Face2Face,,ORIG_807,ORIG_273,PAIR_ORIG_273_ORIG_807,,,273
FFPP_0002274,FaceForensics++,Face2Face/274_412.mp4,1,572,1280,720,h264,2.77,Face2Face,Face2Face,,ORIG_412,ORIG_274,PAIR_ORIG_274_ORIG_412,,,274
FFPP_0002275,FaceForensics++,Face2Face/275_887.mp4,1,339,640,480,h264,0.63,Face2Face,Face2Face,,ORIG_887,ORIG_275,PAIR_ORIG_275_ORIG_887,,,275
FFPP_0002276,FaceForensics++,Face2Face/276_185.mp4,1,875,640,480,h264,2.06,Face2Face,Face2Face,,ORIG_185,ORIG_276,PAIR_ORIG_185_ORIG_276,,,276
FFPP_0002277,FaceForensics++,Face2Face/277_335.mp4,1,384,1280,720,h264,1.18,Face2Face,Face2Face,,ORIG_335,ORIG_277,PAIR_ORIG_277_ORIG_335,,,277
FFPP_0002278,FaceForensics++,Face2Face/278_306.mp4,1,728,640,480,h264,1.07,Face2Face,Face2Face,,ORIG_306,ORIG_278,PAIR_ORIG_278_ORIG_306,,,278
FFPP_0002279,FaceForensics++,Face2Face/279_298.mp4,1,569,640,480,h264,1.59,Face2Face,Face2Face,,ORIG_298,ORIG_279,PAIR_ORIG_279_ORIG_298,,,279
FFPP_0002280,FaceForensics++,Face2Face/280_249.mp4,1,632,832,480,h264,1.01,Face2Face,Face2Face,,ORIG_249,ORIG_280,PAIR_ORIG_249_ORIG_280,,,280
FFPP_0002281,FaceForensics++,Face2Face/281_474.mp4,1,296,1280,720,h264,0.82,Face2Face,Face2Face,,ORIG_474,ORIG_281,PAIR_ORIG_281_ORIG_474,,,281
FFPP_0002282,FaceForensics++,Face2Face/282_238.mp4,1,622,832,480,h264,1.17,Face2Face,Face2Face,,ORIG_238,ORIG_282,PAIR_ORIG_238_ORIG_282,,,282
FFPP_0002283,FaceForensics++,Face2Face/283_313.mp4,1,481,640,480,h264,0.59,Face2Face,Face2Face,,ORIG_313,ORIG_283,PAIR_ORIG_283_ORIG_313,,,283
FFPP_0002284,FaceForensics++,Face2Face/284_263.mp4,1,300,1920,1080,h264,2.77,Face2Face,Face2Face,,ORIG_263,ORIG_284,PAIR_ORIG_263_ORIG_284,,,284
FFPP_0002285,FaceForensics++,Face2Face/285_136.mp4,1,611,1280,720,h264,2.22,Face2Face,Face2Face,,ORIG_136,ORIG_285,PAIR_ORIG_136_ORIG_285,,,285
FFPP_0002286,FaceForensics++,Face2Face/286_267.mp4,1,306,1280,720,h264,1.15,Face2Face,Face2Face,,ORIG_267,ORIG_286,PAIR_ORIG_267_ORIG_286,,,286
FFPP_0002287,FaceForensics++,Face2Face/287_426.mp4,1,335,1280,720,h264,1.96,Face2Face,Face2Face,,ORIG_426,ORIG_287,PAIR_ORIG_287_ORIG_426,,,287
FFPP_0002288,FaceForensics++,Face2Face/288_321.mp4,1,567,640,480,h264,0.75,Face2Face,Face2Face,,ORIG_321,ORIG_288,PAIR_ORIG_288_ORIG_321,,,288
FFPP_0002289,FaceForensics++,Face2Face/289_228.mp4,1,556,704,480,h264,1.02,Face2Face,Face2Face,,ORIG_228,ORIG_289,PAIR_ORIG_228_ORIG_289,,,289
FFPP_0002290,FaceForensics++,Face2Face/290_240.mp4,1,1274,640,480,h264,3.25,Face2Face,Face2Face,,ORIG_240,ORIG_290,PAIR_ORIG_240_ORIG_290,,,290
FFPP_0002291,FaceForensics++,Face2Face/291_874.mp4,1,469,1920,1080,h264,3.23,Face2Face,Face2Face,,ORIG_874,ORIG_291,PAIR_ORIG_291_ORIG_874,,,291
FFPP_0002292,FaceForensics++,Face2Face/292_294.mp4,1,604,1280,720,h264,3.26,Face2Face,Face2Face,,ORIG_294,ORIG_292,PAIR_ORIG_292_ORIG_294,,,292
FFPP_0002293,FaceForensics++,Face2Face/293_296.mp4,1,336,640,480,h264,0.92,Face2Face,Face2Face,,ORIG_296,ORIG_293,PAIR_ORIG_293_ORIG_296,,,293
FFPP_0002294,FaceForensics++,Face2Face/294_292.mp4,1,425,1280,720,h264,2.35,Face2Face,Face2Face,,ORIG_292,ORIG_294,PAIR_ORIG_292_ORIG_294,,,294
FFPP_0002295,FaceForensics++,Face2Face/295_099.mp4,1,613,1920,1080,h264,5.0,Face2Face,Face2Face,,ORIG_099,ORIG_295,PAIR_ORIG_099_ORIG_295,,,295
FFPP_0002296,FaceForensics++,Face2Face/296_293.mp4,1,758,640,480,h264,1.46,Face2Face,Face2Face,,ORIG_293,ORIG_296,PAIR_ORIG_293_ORIG_296,,,296
FFPP_0002297,FaceForensics++,Face2Face/297_270.mp4,1,311,640,480,h264,0.4,Face2Face,Face2Face,,ORIG_270,ORIG_297,PAIR_ORIG_270_ORIG_297,,,297
FFPP_0002298,FaceForensics++,Face2Face/298_279.mp4,1,906,640,480,h264,1.72,Face2Face,Face2Face,,ORIG_279,ORIG_298,PAIR_ORIG_279_ORIG_298,,,298
FFPP_0002299,FaceForensics++,Face2Face/299_145.mp4,1,475,640,480,h264,1.3,Face2Face,Face2Face,,ORIG_145,ORIG_299,PAIR_ORIG_145_ORIG_299,,,299
FFPP_0002300,FaceForensics++,Face2Face/300_304.mp4,1,610,576,480,h264,0.87,Face2Face,Face2Face,,ORIG_304,ORIG_300,PAIR_ORIG_300_ORIG_304,,,300
FFPP_0002301,FaceForensics++,Face2Face/301_262.mp4,1,397,640,480,h264,0.64,Face2Face,Face2Face,,ORIG_262,ORIG_301,PAIR_ORIG_262_ORIG_301,,,301
FFPP_0002302,FaceForensics++,Face2Face/302_323.mp4,1,456,832,480,h264,0.74,Face2Face,Face2Face,,ORIG_323,ORIG_302,PAIR_ORIG_302_ORIG_323,,,302
FFPP_0002303,FaceForensics++,Face2Face/303_309.mp4,1,850,640,480,h264,2.48,Face2Face,Face2Face,,ORIG_309,ORIG_303,PAIR_ORIG_303_ORIG_309,,,303
FFPP_0002304,FaceForensics++,Face2Face/304_300.mp4,1,598,640,480,h264,0.92,Face2Face,Face2Face,,ORIG_300,ORIG_304,PAIR_ORIG_300_ORIG_304,,,304
FFPP_0002305,FaceForensics++,Face2Face/305_513.mp4,1,494,1280,720,h264,1.75,Face2Face,Face2Face,,ORIG_513,ORIG_305,PAIR_ORIG_305_ORIG_513,,,305
FFPP_0002306,FaceForensics++,Face2Face/306_278.mp4,1,449,576,480,h264,0.56,Face2Face,Face2Face,,ORIG_278,ORIG_306,PAIR_ORIG_278_ORIG_306,,,306
FFPP_0002307,FaceForensics++,Face2Face/307_365.mp4,1,369,640,480,h264,0.55,Face2Face,Face2Face,,ORIG_365,ORIG_307,PAIR_ORIG_307_ORIG_365,,,307
FFPP_0002308,FaceForensics++,Face2Face/308_388.mp4,1,636,1280,720,h264,1.7,Face2Face,Face2Face,,ORIG_388,ORIG_308,PAIR_ORIG_308_ORIG_388,,,308
FFPP_0002309,FaceForensics++,Face2Face/309_303.mp4,1,571,576,480,h264,1.12,Face2Face,Face2Face,,ORIG_303,ORIG_309,PAIR_ORIG_303_ORIG_309,,,309
FFPP_0002310,FaceForensics++,Face2Face/310_196.mp4,1,426,1280,720,h264,2.31,Face2Face,Face2Face,,ORIG_196,ORIG_310,PAIR_ORIG_196_ORIG_310,,,310
FFPP_0002311,FaceForensics++,Face2Face/311_387.mp4,1,528,960,720,h264,1.66,Face2Face,Face2Face,,ORIG_387,ORIG_311,PAIR_ORIG_311_ORIG_387,,,311
FFPP_0002312,FaceForensics++,Face2Face/312_021.mp4,1,431,640,480,h264,1.11,Face2Face,Face2Face,,ORIG_021,ORIG_312,PAIR_ORIG_021_ORIG_312,,,312
FFPP_0002313,FaceForensics++,Face2Face/313_283.mp4,1,966,640,480,h264,1.42,Face2Face,Face2Face,,ORIG_283,ORIG_313,PAIR_ORIG_283_ORIG_313,,,313
FFPP_0002314,FaceForensics++,Face2Face/314_347.mp4,1,458,1280,720,h264,0.94,Face2Face,Face2Face,,ORIG_347,ORIG_314,PAIR_ORIG_314_ORIG_347,,,314
FFPP_0002315,FaceForensics++,Face2Face/315_322.mp4,1,313,832,480,h264,0.59,Face2Face,Face2Face,,ORIG_322,ORIG_315,PAIR_ORIG_315_ORIG_322,,,315
FFPP_0002316,FaceForensics++,Face2Face/316_369.mp4,1,320,640,480,h264,0.38,Face2Face,Face2Face,,ORIG_369,ORIG_316,PAIR_ORIG_316_ORIG_369,,,316
FFPP_0002317,FaceForensics++,Face2Face/317_359.mp4,1,456,640,480,h264,0.69,Face2Face,Face2Face,,ORIG_359,ORIG_317,PAIR_ORIG_317_ORIG_359,,,317
FFPP_0002318,FaceForensics++,Face2Face/318_334.mp4,1,1339,640,480,h264,2.47,Face2Face,Face2Face,,ORIG_334,ORIG_318,PAIR_ORIG_318_ORIG_334,,,318
FFPP_0002319,FaceForensics++,Face2Face/319_352.mp4,1,421,832,480,h264,0.78,Face2Face,Face2Face,,ORIG_352,ORIG_319,PAIR_ORIG_319_ORIG_352,,,319
FFPP_0002320,FaceForensics++,Face2Face/320_328.mp4,1,319,1280,720,h264,1.59,Face2Face,Face2Face,,ORIG_328,ORIG_320,PAIR_ORIG_320_ORIG_328,,,320
FFPP_0002321,FaceForensics++,Face2Face/321_288.mp4,1,543,640,480,h264,1.13,Face2Face,Face2Face,,ORIG_288,ORIG_321,PAIR_ORIG_288_ORIG_321,,,321
FFPP_0002322,FaceForensics++,Face2Face/322_315.mp4,1,304,1280,720,h264,1.05,Face2Face,Face2Face,,ORIG_315,ORIG_322,PAIR_ORIG_315_ORIG_322,,,322
FFPP_0002323,FaceForensics++,Face2Face/323_302.mp4,1,875,640,480,h264,2.3,Face2Face,Face2Face,,ORIG_302,ORIG_323,PAIR_ORIG_302_ORIG_323,,,323
FFPP_0002324,FaceForensics++,Face2Face/324_356.mp4,1,558,640,480,h264,1.14,Face2Face,Face2Face,,ORIG_356,ORIG_324,PAIR_ORIG_324_ORIG_356,,,324
FFPP_0002325,FaceForensics++,Face2Face/325_492.mp4,1,347,1280,720,h264,2.56,Face2Face,Face2Face,,ORIG_492,ORIG_325,PAIR_ORIG_325_ORIG_492,,,325
FFPP_0002326,FaceForensics++,Face2Face/326_501.mp4,1,522,640,480,h264,0.86,Face2Face,Face2Face,,ORIG_501,ORIG_326,PAIR_ORIG_326_ORIG_501,,,326
FFPP_0002327,FaceForensics++,Face2Face/327_329.mp4,1,415,640,480,h264,0.5,Face2Face,Face2Face,,ORIG_329,ORIG_327,PAIR_ORIG_327_ORIG_329,,,327
FFPP_0002328,FaceForensics++,Face2Face/328_320.mp4,1,504,1280,720,h264,2.27,Face2Face,Face2Face,,ORIG_320,ORIG_328,PAIR_ORIG_320_ORIG_328,,,328
FFPP_0002329,FaceForensics++,Face2Face/329_327.mp4,1,495,640,480,h264,0.51,Face2Face,Face2Face,,ORIG_327,ORIG_329,PAIR_ORIG_327_ORIG_329,,,329
FFPP_0002330,FaceForensics++,Face2Face/330_162.mp4,1,685,1280,720,h264,2.89,Face2Face,Face2Face,,ORIG_162,ORIG_330,PAIR_ORIG_162_ORIG_330,,,330
FFPP_0002331,FaceForensics++,Face2Face/331_260.mp4,1,302,1280,720,h264,0.98,Face2Face,Face2Face,,ORIG_260,ORIG_331,PAIR_ORIG_260_ORIG_331,,,331
FFPP_0002332,FaceForensics++,Face2Face/332_051.mp4,1,717,1280,720,h264,5.46,Face2Face,Face2Face,,ORIG_051,ORIG_332,PAIR_ORIG_051_ORIG_332,,,332
FFPP_0002333,FaceForensics++,Face2Face/333_377.mp4,1,398,640,480,h264,0.98,Face2Face,Face2Face,,ORIG_377,ORIG_333,PAIR_ORIG_333_ORIG_377,,,333
FFPP_0002334,FaceForensics++,Face2Face/334_318.mp4,1,475,576,480,h264,0.96,Face2Face,Face2Face,,ORIG_318,ORIG_334,PAIR_ORIG_318_ORIG_334,,,334
FFPP_0002335,FaceForensics++,Face2Face/335_277.mp4,1,966,1280,720,h264,3.47,Face2Face,Face2Face,,ORIG_277,ORIG_335,PAIR_ORIG_277_ORIG_335,,,335
FFPP_0002336,FaceForensics++,Face2Face/336_338.mp4,1,889,640,480,h264,1.43,Face2Face,Face2Face,,ORIG_338,ORIG_336,PAIR_ORIG_336_ORIG_338,,,336
FFPP_0002337,FaceForensics++,Face2Face/337_522.mp4,1,713,640,480,h264,1.78,Face2Face,Face2Face,,ORIG_522,ORIG_337,PAIR_ORIG_337_ORIG_522,,,337
FFPP_0002338,FaceForensics++,Face2Face/338_336.mp4,1,507,576,480,h264,1.01,Face2Face,Face2Face,,ORIG_336,ORIG_338,PAIR_ORIG_336_ORIG_338,,,338
FFPP_0002339,FaceForensics++,Face2Face/339_392.mp4,1,1496,640,480,h264,1.94,Face2Face,Face2Face,,ORIG_392,ORIG_339,PAIR_ORIG_339_ORIG_392,,,339
FFPP_0002340,FaceForensics++,Face2Face/340_341.mp4,1,827,1920,1080,h264,6.54,Face2Face,Face2Face,,ORIG_341,ORIG_340,PAIR_ORIG_340_ORIG_341,,,340
FFPP_0002341,FaceForensics++,Face2Face/341_340.mp4,1,293,960,720,h264,2.12,Face2Face,Face2Face,,ORIG_340,ORIG_341,PAIR_ORIG_340_ORIG_341,,,341
FFPP_0002342,FaceForensics++,Face2Face/342_416.mp4,1,313,1280,720,h264,1.22,Face2Face,Face2Face,,ORIG_416,ORIG_342,PAIR_ORIG_342_ORIG_416,,,342
FFPP_0002343,FaceForensics++,Face2Face/343_363.mp4,1,473,640,480,h264,0.56,Face2Face,Face2Face,,ORIG_363,ORIG_343,PAIR_ORIG_343_ORIG_363,,,343
FFPP_0002344,FaceForensics++,Face2Face/344_020.mp4,1,390,1280,720,h264,1.81,Face2Face,Face2Face,,ORIG_020,ORIG_344,PAIR_ORIG_020_ORIG_344,,,344
FFPP_0002345,FaceForensics++,Face2Face/345_259.mp4,1,444,832,480,h264,0.85,Face2Face,Face2Face,,ORIG_259,ORIG_345,PAIR_ORIG_259_ORIG_345,,,345
FFPP_0002346,FaceForensics++,Face2Face/346_351.mp4,1,684,448,480,h264,0.73,Face2Face,Face2Face,,ORIG_351,ORIG_346,PAIR_ORIG_346_ORIG_351,,,346
FFPP_0002347,FaceForensics++,Face2Face/347_314.mp4,1,413,832,480,h264,0.61,Face2Face,Face2Face,,ORIG_314,ORIG_347,PAIR_ORIG_314_ORIG_347,,,347
FFPP_0002348,FaceForensics++,Face2Face/348_202.mp4,1,323,832,480,h264,0.39,Face2Face,Face2Face,,ORIG_202,ORIG_348,PAIR_ORIG_202_ORIG_348,,,348
FFPP_0002349,FaceForensics++,Face2Face/349_350.mp4,1,405,1280,720,h264,1.37,Face2Face,Face2Face,,ORIG_350,ORIG_349,PAIR_ORIG_349_ORIG_350,,,349
FFPP_0002350,FaceForensics++,Face2Face/350_349.mp4,1,471,832,480,h264,1.11,Face2Face,Face2Face,,ORIG_349,ORIG_350,PAIR_ORIG_349_ORIG_350,,,350
FFPP_0002351,FaceForensics++,Face2Face/351_346.mp4,1,615,640,480,h264,0.88,Face2Face,Face2Face,,ORIG_346,ORIG_351,PAIR_ORIG_346_ORIG_351,,,351
FFPP_0002352,FaceForensics++,Face2Face/352_319.mp4,1,717,704,480,h264,2.19,Face2Face,Face2Face,,ORIG_319,ORIG_352,PAIR_ORIG_319_ORIG_352,,,352
FFPP_0002353,FaceForensics++,Face2Face/353_383.mp4,1,465,1280,720,h264,2.11,Face2Face,Face2Face,,ORIG_383,ORIG_353,PAIR_ORIG_353_ORIG_383,,,353
FFPP_0002354,FaceForensics++,Face2Face/354_362.mp4,1,455,1280,720,h264,1.87,Face2Face,Face2Face,,ORIG_362,ORIG_354,PAIR_ORIG_354_ORIG_362,,,354
FFPP_0002355,FaceForensics++,Face2Face/355_748.mp4,1,318,1920,1080,h264,3.19,Face2Face,Face2Face,,ORIG_748,ORIG_355,PAIR_ORIG_355_ORIG_748,,,355
FFPP_0002356,FaceForensics++,Face2Face/356_324.mp4,1,1249,1280,720,h264,6.44,Face2Face,Face2Face,,ORIG_324,ORIG_356,PAIR_ORIG_324_ORIG_356,,,356
FFPP_0002357,FaceForensics++,Face2Face/357_432.mp4,1,360,832,480,h264,0.47,Face2Face,Face2Face,,ORIG_432,ORIG_357,PAIR_ORIG_357_ORIG_432,,,357
FFPP_0002358,FaceForensics++,Face2Face/358_380.mp4,1,455,640,480,h264,0.6,Face2Face,Face2Face,,ORIG_380,ORIG_358,PAIR_ORIG_358_ORIG_380,,,358
FFPP_0002359,FaceForensics++,Face2Face/359_317.mp4,1,682,640,480,h264,1.23,Face2Face,Face2Face,,ORIG_317,ORIG_359,PAIR_ORIG_317_ORIG_359,,,359
FFPP_0002360,FaceForensics++,Face2Face/360_437.mp4,1,593,1280,720,h264,3.21,Face2Face,Face2Face,,ORIG_437,ORIG_360,PAIR_ORIG_360_ORIG_437,,,360
FFPP_0002361,FaceForensics++,Face2Face/361_448.mp4,1,528,1280,720,h264,3.48,Face2Face,Face2Face,,ORIG_448,ORIG_361,PAIR_ORIG_361_ORIG_448,,,361
FFPP_0002362,FaceForensics++,Face2Face/362_354.mp4,1,460,1280,720,h264,1.82,Face2Face,Face2Face,,ORIG_354,ORIG_362,PAIR_ORIG_354_ORIG_362,,,362
FFPP_0002363,FaceForensics++,Face2Face/363_343.mp4,1,299,640,480,h264,0.6,Face2Face,Face2Face,,ORIG_343,ORIG_363,PAIR_ORIG_343_ORIG_363,,,363
FFPP_0002364,FaceForensics++,Face2Face/364_440.mp4,1,419,832,480,h264,1.27,Face2Face,Face2Face,,ORIG_440,ORIG_364,PAIR_ORIG_364_ORIG_440,,,364
FFPP_0002365,FaceForensics++,Face2Face/365_307.mp4,1,378,640,480,h264,0.37,Face2Face,Face2Face,,ORIG_307,ORIG_365,PAIR_ORIG_307_ORIG_365,,,365
FFPP_0002366,FaceForensics++,Face2Face/366_473.mp4,1,574,640,480,h264,1.18,Face2Face,Face2Face,,ORIG_473,ORIG_366,PAIR_ORIG_366_ORIG_473,,,366
FFPP_0002367,FaceForensics++,Face2Face/367_371.mp4,1,718,640,480,h264,1.01,Face2Face,Face2Face,,ORIG_371,ORIG_367,PAIR_ORIG_367_ORIG_371,,,367
FFPP_0002368,FaceForensics++,Face2Face/368_378.mp4,1,761,640,480,h264,1.16,Face2Face,Face2Face,,ORIG_378,ORIG_368,PAIR_ORIG_368_ORIG_378,,,368
FFPP_0002369,FaceForensics++,Face2Face/369_316.mp4,1,566,832,480,h264,1.16,Face2Face,Face2Face,,ORIG_316,ORIG_369,PAIR_ORIG_316_ORIG_369,,,369
FFPP_0002370,FaceForensics++,Face2Face/370_483.mp4,1,375,1920,1080,h264,3.57,Face2Face,Face2Face,,ORIG_483,ORIG_370,PAIR_ORIG_370_ORIG_483,,,370
FFPP_0002371,FaceForensics++,Face2Face/371_367.mp4,1,649,576,480,h264,1.3,Face2Face,Face2Face,,ORIG_367,ORIG_371,PAIR_ORIG_367_ORIG_371,,,371
FFPP_0002372,FaceForensics++,Face2Face/372_413.mp4,1,379,832,480,h264,0.74,Face2Face,Face2Face,,ORIG_413,ORIG_372,PAIR_ORIG_372_ORIG_413,,,372
FFPP_0002373,FaceForensics++,Face2Face/373_394.mp4,1,420,1280,720,h264,1.73,Face2Face,Face2Face,,ORIG_394,ORIG_373,PAIR_ORIG_373_ORIG_394,,,373
FFPP_0002374,FaceForensics++,Face2Face/374_407.mp4,1,504,1280,720,h264,1.32,Face2Face,Face2Face,,ORIG_407,ORIG_374,PAIR_ORIG_374_ORIG_407,,,374
FFPP_0002375,FaceForensics++,Face2Face/375_251.mp4,1,346,1280,720,h264,1.75,Face2Face,Face2Face,,ORIG_251,ORIG_375,PAIR_ORIG_251_ORIG_375,,,375
FFPP_0002376,FaceForensics++,Face2Face/376_381.mp4,1,578,1280,720,h264,1.93,Face2Face,Face2Face,,ORIG_381,ORIG_376,PAIR_ORIG_376_ORIG_381,,,376
FFPP_0002377,FaceForensics++,Face2Face/377_333.mp4,1,429,640,480,h264,0.75,Face2Face,Face2Face,,ORIG_333,ORIG_377,PAIR_ORIG_333_ORIG_377,,,377
FFPP_0002378,FaceForensics++,Face2Face/378_368.mp4,1,761,1280,720,h264,3.71,Face2Face,Face2Face,,ORIG_368,ORIG_378,PAIR_ORIG_368_ORIG_378,,,378
FFPP_0002379,FaceForensics++,Face2Face/379_158.mp4,1,444,640,480,h264,1.2,Face2Face,Face2Face,,ORIG_158,ORIG_379,PAIR_ORIG_158_ORIG_379,,,379
FFPP_0002380,FaceForensics++,Face2Face/380_358.mp4,1,534,640,480,h264,0.71,Face2Face,Face2Face,,ORIG_358,ORIG_380,PAIR_ORIG_358_ORIG_380,,,380
FFPP_0002381,FaceForensics++,Face2Face/381_376.mp4,1,515,640,480,h264,1.34,Face2Face,Face2Face,,ORIG_376,ORIG_381,PAIR_ORIG_376_ORIG_381,,,381
FFPP_0002382,FaceForensics++,Face2Face/382_409.mp4,1,361,640,480,h264,0.79,Face2Face,Face2Face,,ORIG_409,ORIG_382,PAIR_ORIG_382_ORIG_409,,,382
FFPP_0002383,FaceForensics++,Face2Face/383_353.mp4,1,358,1920,1080,h264,2.21,Face2Face,Face2Face,,ORIG_353,ORIG_383,PAIR_ORIG_353_ORIG_383,,,383
FFPP_0002384,FaceForensics++,Face2Face/384_932.mp4,1,484,1920,1080,h264,3.28,Face2Face,Face2Face,,ORIG_932,ORIG_384,PAIR_ORIG_384_ORIG_932,,,384
FFPP_0002385,FaceForensics++,Face2Face/385_414.mp4,1,587,1280,720,h264,2.73,Face2Face,Face2Face,,ORIG_414,ORIG_385,PAIR_ORIG_385_ORIG_414,,,385
FFPP_0002386,FaceForensics++,Face2Face/386_154.mp4,1,594,1920,1080,h264,4.58,Face2Face,Face2Face,,ORIG_154,ORIG_386,PAIR_ORIG_154_ORIG_386,,,386
FFPP_0002387,FaceForensics++,Face2Face/387_311.mp4,1,368,1280,720,h264,0.81,Face2Face,Face2Face,,ORIG_311,ORIG_387,PAIR_ORIG_311_ORIG_387,,,387
FFPP_0002388,FaceForensics++,Face2Face/388_308.mp4,1,502,640,480,h264,0.78,Face2Face,Face2Face,,ORIG_308,ORIG_388,PAIR_ORIG_308_ORIG_388,,,388
FFPP_0002389,FaceForensics++,Face2Face/389_480.mp4,1,485,1920,1080,h264,4.29,Face2Face,Face2Face,,ORIG_480,ORIG_389,PAIR_ORIG_389_ORIG_480,,,389
FFPP_0002390,FaceForensics++,Face2Face/390_709.mp4,1,300,1280,720,h264,2.13,Face2Face,Face2Face,,ORIG_709,ORIG_390,PAIR_ORIG_390_ORIG_709,,,390
FFPP_0002391,FaceForensics++,Face2Face/391_406.mp4,1,512,640,480,h264,0.64,Face2Face,Face2Face,,ORIG_406,ORIG_391,PAIR_ORIG_391_ORIG_406,,,391
FFPP_0002392,FaceForensics++,Face2Face/392_339.mp4,1,457,1280,720,h264,2.25,Face2Face,Face2Face,,ORIG_339,ORIG_392,PAIR_ORIG_339_ORIG_392,,,392
FFPP_0002393,FaceForensics++,Face2Face/393_405.mp4,1,531,640,480,h264,1.05,Face2Face,Face2Face,,ORIG_405,ORIG_393,PAIR_ORIG_393_ORIG_405,,,393
FFPP_0002394,FaceForensics++,Face2Face/394_373.mp4,1,602,1280,720,h264,2.02,Face2Face,Face2Face,,ORIG_373,ORIG_394,PAIR_ORIG_373_ORIG_394,,,394
FFPP_0002395,FaceForensics++,Face2Face/395_401.mp4,1,492,1280,720,h264,1.3,Face2Face,Face2Face,,ORIG_401,ORIG_395,PAIR_ORIG_395_ORIG_401,,,395
FFPP_0002396,FaceForensics++,Face2Face/396_272.mp4,1,323,1280,720,h264,1.01,Face2Face,Face2Face,,ORIG_272,ORIG_396,PAIR_ORIG_272_ORIG_396,,,396
FFPP_0002397,FaceForensics++,Face2Face/397_602.mp4,1,667,1920,1080,h264,6.82,Face2Face,Face2Face,,ORIG_602,ORIG_397,PAIR_ORIG_397_ORIG_602,,,397
FFPP_0002398,FaceForensics++,Face2Face/398_457.mp4,1,528,640,480,h264,1.13,Face2Face,Face2Face,,ORIG_457,ORIG_398,PAIR_ORIG_398_ORIG_457,,,398
FFPP_0002399,FaceForensics++,Face2Face/399_488.mp4,1,518,1280,720,h264,2.08,Face2Face,Face2Face,,ORIG_488,ORIG_399,PAIR_ORIG_399_ORIG_488,,,399
FFPP_0002400,FaceForensics++,Face2Face/400_476.mp4,1,310,1280,720,h264,1.32,Face2Face,Face2Face,,ORIG_476,ORIG_400,PAIR_ORIG_400_ORIG_476,,,400
FFPP_0002401,FaceForensics++,Face2Face/401_395.mp4,1,448,1280,720,h264,1.77,Face2Face,Face2Face,,ORIG_395,ORIG_401,PAIR_ORIG_395_ORIG_401,,,401
FFPP_0002402,FaceForensics++,Face2Face/402_453.mp4,1,645,1920,1080,h264,7.29,Face2Face,Face2Face,,ORIG_453,ORIG_402,PAIR_ORIG_402_ORIG_453,,,402
FFPP_0002403,FaceForensics++,Face2Face/403_497.mp4,1,621,256,480,h264,0.74,Face2Face,Face2Face,,ORIG_497,ORIG_403,PAIR_ORIG_403_ORIG_497,,,403
FFPP_0002404,FaceForensics++,Face2Face/404_429.mp4,1,457,1280,720,h264,3.79,Face2Face,Face2Face,,ORIG_429,ORIG_404,PAIR_ORIG_404_ORIG_429,,,404
FFPP_0002405,FaceForensics++,Face2Face/405_393.mp4,1,579,640,480,h264,1.08,Face2Face,Face2Face,,ORIG_393,ORIG_405,PAIR_ORIG_393_ORIG_405,,,405
FFPP_0002406,FaceForensics++,Face2Face/406_391.mp4,1,547,576,480,h264,1.48,Face2Face,Face2Face,,ORIG_391,ORIG_406,PAIR_ORIG_391_ORIG_406,,,406
FFPP_0002407,FaceForensics++,Face2Face/407_374.mp4,1,586,576,480,h264,1.4,Face2Face,Face2Face,,ORIG_374,ORIG_407,PAIR_ORIG_374_ORIG_407,,,407
FFPP_0002408,FaceForensics++,Face2Face/408_424.mp4,1,311,704,480,h264,1.51,Face2Face,Face2Face,,ORIG_424,ORIG_408,PAIR_ORIG_408_ORIG_424,,,408
FFPP_0002409,FaceForensics++,Face2Face/409_382.mp4,1,313,640,480,h264,0.43,Face2Face,Face2Face,,ORIG_382,ORIG_409,PAIR_ORIG_382_ORIG_409,,,409
FFPP_0002410,FaceForensics++,Face2Face/410_411.mp4,1,529,1920,1080,h264,5.46,Face2Face,Face2Face,,ORIG_411,ORIG_410,PAIR_ORIG_410_ORIG_411,,,410
FFPP_0002411,FaceForensics++,Face2Face/411_410.mp4,1,459,1920,1080,h264,5.63,Face2Face,Face2Face,,ORIG_410,ORIG_411,PAIR_ORIG_410_ORIG_411,,,411
FFPP_0002412,FaceForensics++,Face2Face/412_274.mp4,1,474,1280,720,h264,1.37,Face2Face,Face2Face,,ORIG_274,ORIG_412,PAIR_ORIG_274_ORIG_412,,,412
FFPP_0002413,FaceForensics++,Face2Face/413_372.mp4,1,486,640,480,h264,0.85,Face2Face,Face2Face,,ORIG_372,ORIG_413,PAIR_ORIG_372_ORIG_413,,,413
FFPP_0002414,FaceForensics++,Face2Face/414_385.mp4,1,349,1920,1080,h264,3.65,Face2Face,Face2Face,,ORIG_385,ORIG_414,PAIR_ORIG_385_ORIG_414,,,414
FFPP_0002415,FaceForensics++,Face2Face/415_484.mp4,1,319,704,480,h264,0.38,Face2Face,Face2Face,,ORIG_484,ORIG_415,PAIR_ORIG_415_ORIG_484,,,415
FFPP_0002416,FaceForensics++,Face2Face/416_342.mp4,1,302,1280,720,h264,1.58,Face2Face,Face2Face,,ORIG_342,ORIG_416,PAIR_ORIG_342_ORIG_416,,,416
FFPP_0002417,FaceForensics++,Face2Face/417_496.mp4,1,1496,832,480,h264,3.79,Face2Face,Face2Face,,ORIG_496,ORIG_417,PAIR_ORIG_417_ORIG_496,,,417
FFPP_0002418,FaceForensics++,Face2Face/418_507.mp4,1,469,1280,720,h264,2.43,Face2Face,Face2Face,,ORIG_507,ORIG_418,PAIR_ORIG_418_ORIG_507,,,418
FFPP_0002419,FaceForensics++,Face2Face/419_824.mp4,1,577,1280,720,h264,2.33,Face2Face,Face2Face,,ORIG_824,ORIG_419,PAIR_ORIG_419_ORIG_824,,,419
FFPP_0002420,FaceForensics++,Face2Face/420_257.mp4,1,763,576,480,h264,1.19,Face2Face,Face2Face,,ORIG_257,ORIG_420,PAIR_ORIG_257_ORIG_420,,,420
FFPP_0002421,FaceForensics++,Face2Face/421_423.mp4,1,1814,640,480,h264,2.99,Face2Face,Face2Face,,ORIG_423,ORIG_421,PAIR_ORIG_421_ORIG_423,,,421
FFPP_0002422,FaceForensics++,Face2Face/422_695.mp4,1,310,1920,1080,h264,4.51,Face2Face,Face2Face,,ORIG_695,ORIG_422,PAIR_ORIG_422_ORIG_695,,,422
FFPP_0002423,FaceForensics++,Face2Face/423_421.mp4,1,1038,576,480,h264,1.86,Face2Face,Face2Face,,ORIG_421,ORIG_423,PAIR_ORIG_421_ORIG_423,,,423
FFPP_0002424,FaceForensics++,Face2Face/424_408.mp4,1,306,640,480,h264,0.55,Face2Face,Face2Face,,ORIG_408,ORIG_424,PAIR_ORIG_408_ORIG_424,,,424
FFPP_0002425,FaceForensics++,Face2Face/425_485.mp4,1,803,832,480,h264,1.66,Face2Face,Face2Face,,ORIG_485,ORIG_425,PAIR_ORIG_425_ORIG_485,,,425
FFPP_0002426,FaceForensics++,Face2Face/426_287.mp4,1,475,1920,1080,h264,6.38,Face2Face,Face2Face,,ORIG_287,ORIG_426,PAIR_ORIG_287_ORIG_426,,,426
FFPP_0002427,FaceForensics++,Face2Face/427_637.mp4,1,510,1280,720,h264,0.81,Face2Face,Face2Face,,ORIG_637,ORIG_427,PAIR_ORIG_427_ORIG_637,,,427
FFPP_0002428,FaceForensics++,Face2Face/428_466.mp4,1,334,1280,720,h264,1.06,Face2Face,Face2Face,,ORIG_466,ORIG_428,PAIR_ORIG_428_ORIG_466,,,428
FFPP_0002429,FaceForensics++,Face2Face/429_404.mp4,1,798,640,480,h264,1.85,Face2Face,Face2Face,,ORIG_404,ORIG_429,PAIR_ORIG_404_ORIG_429,,,429
FFPP_0002430,FaceForensics++,Face2Face/430_459.mp4,1,526,1920,1080,h264,3.72,Face2Face,Face2Face,,ORIG_459,ORIG_430,PAIR_ORIG_430_ORIG_459,,,430
FFPP_0002431,FaceForensics++,Face2Face/431_447.mp4,1,326,1280,720,h264,1.03,Face2Face,Face2Face,,ORIG_447,ORIG_431,PAIR_ORIG_431_ORIG_447,,,431
FFPP_0002432,FaceForensics++,Face2Face/432_357.mp4,1,346,640,480,h264,0.57,Face2Face,Face2Face,,ORIG_357,ORIG_432,PAIR_ORIG_357_ORIG_432,,,432
FFPP_0002433,FaceForensics++,Face2Face/433_498.mp4,1,317,1280,720,h264,1.48,Face2Face,Face2Face,,ORIG_498,ORIG_433,PAIR_ORIG_433_ORIG_498,,,433
FFPP_0002434,FaceForensics++,Face2Face/434_438.mp4,1,542,832,480,h264,0.76,Face2Face,Face2Face,,ORIG_438,ORIG_434,PAIR_ORIG_434_ORIG_438,,,434
FFPP_0002435,FaceForensics++,Face2Face/435_456.mp4,1,608,640,480,h264,1.22,Face2Face,Face2Face,,ORIG_456,ORIG_435,PAIR_ORIG_435_ORIG_456,,,435
FFPP_0002436,FaceForensics++,Face2Face/436_526.mp4,1,838,1280,720,h264,4.06,Face2Face,Face2Face,,ORIG_526,ORIG_436,PAIR_ORIG_436_ORIG_526,,,436
FFPP_0002437,FaceForensics++,Face2Face/437_360.mp4,1,385,1280,720,h264,2.68,Face2Face,Face2Face,,ORIG_360,ORIG_437,PAIR_ORIG_360_ORIG_437,,,437
FFPP_0002438,FaceForensics++,Face2Face/438_434.mp4,1,337,640,480,h264,0.41,Face2Face,Face2Face,,ORIG_434,ORIG_438,PAIR_ORIG_434_ORIG_438,,,438
FFPP_0002439,FaceForensics++,Face2Face/439_441.mp4,1,305,640,480,h264,0.57,Face2Face,Face2Face,,ORIG_441,ORIG_439,PAIR_ORIG_439_ORIG_441,,,439
FFPP_0002440,FaceForensics++,Face2Face/440_364.mp4,1,648,640,480,h264,0.81,Face2Face,Face2Face,,ORIG_364,ORIG_440,PAIR_ORIG_364_ORIG_440,,,440
FFPP_0002441,FaceForensics++,Face2Face/441_439.mp4,1,462,640,480,h264,1.0,Face2Face,Face2Face,,ORIG_439,ORIG_441,PAIR_ORIG_439_ORIG_441,,,441
FFPP_0002442,FaceForensics++,Face2Face/442_195.mp4,1,333,1920,1080,h264,3.71,Face2Face,Face2Face,,ORIG_195,ORIG_442,PAIR_ORIG_195_ORIG_442,,,442
FFPP_0002443,FaceForensics++,Face2Face/443_514.mp4,1,361,640,480,h264,0.49,Face2Face,Face2Face,,ORIG_514,ORIG_443,PAIR_ORIG_443_ORIG_514,,,443
FFPP_0002444,FaceForensics++,Face2Face/444_655.mp4,1,678,832,480,h264,1.22,Face2Face,Face2Face,,ORIG_655,ORIG_444,PAIR_ORIG_444_ORIG_655,,,444
FFPP_0002445,FaceForensics++,Face2Face/445_494.mp4,1,802,1280,720,h264,2.87,Face2Face,Face2Face,,ORIG_494,ORIG_445,PAIR_ORIG_445_ORIG_494,,,445
FFPP_0002446,FaceForensics++,Face2Face/446_667.mp4,1,469,1920,1080,h264,4.87,Face2Face,Face2Face,,ORIG_667,ORIG_446,PAIR_ORIG_446_ORIG_667,,,446
FFPP_0002447,FaceForensics++,Face2Face/447_431.mp4,1,616,640,480,h264,1.06,Face2Face,Face2Face,,ORIG_431,ORIG_447,PAIR_ORIG_431_ORIG_447,,,447
FFPP_0002448,FaceForensics++,Face2Face/448_361.mp4,1,455,1280,720,h264,1.8,Face2Face,Face2Face,,ORIG_361,ORIG_448,PAIR_ORIG_361_ORIG_448,,,448
FFPP_0002449,FaceForensics++,Face2Face/449_451.mp4,1,383,1280,720,h264,1.8,Face2Face,Face2Face,,ORIG_451,ORIG_449,PAIR_ORIG_449_ORIG_451,,,449
FFPP_0002450,FaceForensics++,Face2Face/450_533.mp4,1,558,1920,1080,h264,4.69,Face2Face,Face2Face,,ORIG_533,ORIG_450,PAIR_ORIG_450_ORIG_533,,,450
FFPP_0002451,FaceForensics++,Face2Face/451_449.mp4,1,306,1280,720,h264,1.15,Face2Face,Face2Face,,ORIG_449,ORIG_451,PAIR_ORIG_449_ORIG_451,,,451
FFPP_0002452,FaceForensics++,Face2Face/452_550.mp4,1,444,640,480,h264,0.75,Face2Face,Face2Face,,ORIG_550,ORIG_452,PAIR_ORIG_452_ORIG_550,,,452
FFPP_0002453,FaceForensics++,Face2Face/453_402.mp4,1,423,1280,718,h264,1.56,Face2Face,Face2Face,,ORIG_402,ORIG_453,PAIR_ORIG_402_ORIG_453,,,453
FFPP_0002454,FaceForensics++,Face2Face/454_527.mp4,1,342,832,480,h264,0.95,Face2Face,Face2Face,,ORIG_527,ORIG_454,PAIR_ORIG_454_ORIG_527,,,454
FFPP_0002455,FaceForensics++,Face2Face/455_471.mp4,1,540,640,480,h264,1.9,Face2Face,Face2Face,,ORIG_471,ORIG_455,PAIR_ORIG_455_ORIG_471,,,455
FFPP_0002456,FaceForensics++,Face2Face/456_435.mp4,1,476,1280,720,h264,2.6,Face2Face,Face2Face,,ORIG_435,ORIG_456,PAIR_ORIG_435_ORIG_456,,,456
FFPP_0002457,FaceForensics++,Face2Face/457_398.mp4,1,582,640,480,h264,1.32,Face2Face,Face2Face,,ORIG_398,ORIG_457,PAIR_ORIG_398_ORIG_457,,,457
FFPP_0002458,FaceForensics++,Face2Face/458_722.mp4,1,396,832,480,h264,0.81,Face2Face,Face2Face,,ORIG_722,ORIG_458,PAIR_ORIG_458_ORIG_722,,,458
FFPP_0002459,FaceForensics++,Face2Face/459_430.mp4,1,357,1920,1080,h264,3.0,Face2Face,Face2Face,,ORIG_430,ORIG_459,PAIR_ORIG_430_ORIG_459,,,459
FFPP_0002460,FaceForensics++,Face2Face/460_678.mp4,1,400,1280,720,h264,1.64,Face2Face,Face2Face,,ORIG_678,ORIG_460,PAIR_ORIG_460_ORIG_678,,,460
FFPP_0002461,FaceForensics++,Face2Face/461_250.mp4,1,564,1280,720,h264,1.92,Face2Face,Face2Face,,ORIG_250,ORIG_461,PAIR_ORIG_250_ORIG_461,,,461
FFPP_0002462,FaceForensics++,Face2Face/462_467.mp4,1,423,640,480,h264,0.72,Face2Face,Face2Face,,ORIG_467,ORIG_462,PAIR_ORIG_462_ORIG_467,,,462
FFPP_0002463,FaceForensics++,Face2Face/463_464.mp4,1,404,608,480,h264,0.98,Face2Face,Face2Face,,ORIG_464,ORIG_463,PAIR_ORIG_463_ORIG_464,,,463
FFPP_0002464,FaceForensics++,Face2Face/464_463.mp4,1,315,640,480,h264,0.78,Face2Face,Face2Face,,ORIG_463,ORIG_464,PAIR_ORIG_463_ORIG_464,,,464
FFPP_0002465,FaceForensics++,Face2Face/465_482.mp4,1,354,1280,720,h264,1.55,Face2Face,Face2Face,,ORIG_482,ORIG_465,PAIR_ORIG_465_ORIG_482,,,465
FFPP_0002466,FaceForensics++,Face2Face/466_428.mp4,1,540,1280,720,h264,2.54,Face2Face,Face2Face,,ORIG_428,ORIG_466,PAIR_ORIG_428_ORIG_466,,,466
FFPP_0002467,FaceForensics++,Face2Face/467_462.mp4,1,585,640,480,h264,1.07,Face2Face,Face2Face,,ORIG_462,ORIG_467,PAIR_ORIG_462_ORIG_467,,,467
FFPP_0002468,FaceForensics++,Face2Face/468_470.mp4,1,905,576,480,h264,1.79,Face2Face,Face2Face,,ORIG_470,ORIG_468,PAIR_ORIG_468_ORIG_470,,,468
FFPP_0002469,FaceForensics++,Face2Face/469_481.mp4,1,414,832,480,h264,0.88,Face2Face,Face2Face,,ORIG_481,ORIG_469,PAIR_ORIG_469_ORIG_481,,,469
FFPP_0002470,FaceForensics++,Face2Face/470_468.mp4,1,597,640,480,h264,0.68,Face2Face,Face2Face,,ORIG_468,ORIG_470,PAIR_ORIG_468_ORIG_470,,,470
FFPP_0002471,FaceForensics++,Face2Face/471_455.mp4,1,370,640,480,h264,0.61,Face2Face,Face2Face,,ORIG_455,ORIG_471,PAIR_ORIG_455_ORIG_471,,,471
FFPP_0002472,FaceForensics++,Face2Face/472_511.mp4,1,809,640,480,h264,0.55,Face2Face,Face2Face,,ORIG_511,ORIG_472,PAIR_ORIG_472_ORIG_511,,,472
FFPP_0002473,FaceForensics++,Face2Face/473_366.mp4,1,404,640,480,h264,0.63,Face2Face,Face2Face,,ORIG_366,ORIG_473,PAIR_ORIG_366_ORIG_473,,,473
FFPP_0002474,FaceForensics++,Face2Face/474_281.mp4,1,309,640,480,h264,1.29,Face2Face,Face2Face,,ORIG_281,ORIG_474,PAIR_ORIG_281_ORIG_474,,,474
FFPP_0002475,FaceForensics++,Face2Face/475_265.mp4,1,552,1280,720,h264,2.3,Face2Face,Face2Face,,ORIG_265,ORIG_475,PAIR_ORIG_265_ORIG_475,,,475
FFPP_0002476,FaceForensics++,Face2Face/476_400.mp4,1,357,640,480,h264,1.3,Face2Face,Face2Face,,ORIG_400,ORIG_476,PAIR_ORIG_400_ORIG_476,,,476
FFPP_0002477,FaceForensics++,Face2Face/477_487.mp4,1,319,1248,720,h264,1.24,Face2Face,Face2Face,,ORIG_487,ORIG_477,PAIR_ORIG_477_ORIG_487,,,477
FFPP_0002478,FaceForensics++,Face2Face/478_506.mp4,1,668,640,480,h264,0.78,Face2Face,Face2Face,,ORIG_506,ORIG_478,PAIR_ORIG_478_ORIG_506,,,478
FFPP_0002479,FaceForensics++,Face2Face/479_706.mp4,1,328,1920,1080,h264,2.8,Face2Face,Face2Face,,ORIG_706,ORIG_479,PAIR_ORIG_479_ORIG_706,,,479
FFPP_0002480,FaceForensics++,Face2Face/480_389.mp4,1,314,1280,720,h264,1.48,Face2Face,Face2Face,,ORIG_389,ORIG_480,PAIR_ORIG_389_ORIG_480,,,480
FFPP_0002481,FaceForensics++,Face2Face/481_469.mp4,1,414,1280,720,h264,2.5,Face2Face,Face2Face,,ORIG_469,ORIG_481,PAIR_ORIG_469_ORIG_481,,,481
FFPP_0002482,FaceForensics++,Face2Face/482_465.mp4,1,329,640,480,h264,1.01,Face2Face,Face2Face,,ORIG_465,ORIG_482,PAIR_ORIG_465_ORIG_482,,,482
FFPP_0002483,FaceForensics++,Face2Face/483_370.mp4,1,396,1280,720,h264,1.17,Face2Face,Face2Face,,ORIG_370,ORIG_483,PAIR_ORIG_370_ORIG_483,,,483
FFPP_0002484,FaceForensics++,Face2Face/484_415.mp4,1,563,640,480,h264,0.65,Face2Face,Face2Face,,ORIG_415,ORIG_484,PAIR_ORIG_415_ORIG_484,,,484
FFPP_0002485,FaceForensics++,Face2Face/485_425.mp4,1,336,832,480,h264,0.66,Face2Face,Face2Face,,ORIG_425,ORIG_485,PAIR_ORIG_425_ORIG_485,,,485
FFPP_0002486,FaceForensics++,Face2Face/486_680.mp4,1,300,640,480,h264,0.47,Face2Face,Face2Face,,ORIG_680,ORIG_486,PAIR_ORIG_486_ORIG_680,,,486
FFPP_0002487,FaceForensics++,Face2Face/487_477.mp4,1,365,1280,720,h264,1.92,Face2Face,Face2Face,,ORIG_477,ORIG_487,PAIR_ORIG_477_ORIG_487,,,487
FFPP_0002488,FaceForensics++,Face2Face/488_399.mp4,1,862,832,480,h264,1.58,Face2Face,Face2Face,,ORIG_399,ORIG_488,PAIR_ORIG_399_ORIG_488,,,488
FFPP_0002489,FaceForensics++,Face2Face/489_022.mp4,1,325,1280,720,h264,1.73,Face2Face,Face2Face,,ORIG_022,ORIG_489,PAIR_ORIG_022_ORIG_489,,,489
FFPP_0002490,FaceForensics++,Face2Face/490_534.mp4,1,384,1920,1080,h264,3.27,Face2Face,Face2Face,,ORIG_534,ORIG_490,PAIR_ORIG_490_ORIG_534,,,490
FFPP_0002491,FaceForensics++,Face2Face/491_226.mp4,1,328,1920,1080,h264,3.28,Face2Face,Face2Face,,ORIG_226,ORIG_491,PAIR_ORIG_226_ORIG_491,,,491
FFPP_0002492,FaceForensics++,Face2Face/492_325.mp4,1,1421,1280,720,h264,5.51,Face2Face,Face2Face,,ORIG_325,ORIG_492,PAIR_ORIG_325_ORIG_492,,,492
FFPP_0002493,FaceForensics++,Face2Face/493_538.mp4,1,596,640,480,h264,1.46,Face2Face,Face2Face,,ORIG_538,ORIG_493,PAIR_ORIG_493_ORIG_538,,,493
FFPP_0002494,FaceForensics++,Face2Face/494_445.mp4,1,1053,1280,720,h264,4.4,Face2Face,Face2Face,,ORIG_445,ORIG_494,PAIR_ORIG_445_ORIG_494,,,494
FFPP_0002495,FaceForensics++,Face2Face/495_512.mp4,1,750,640,480,h264,1.41,Face2Face,Face2Face,,ORIG_512,ORIG_495,PAIR_ORIG_495_ORIG_512,,,495
FFPP_0002496,FaceForensics++,Face2Face/496_417.mp4,1,861,640,480,h264,1.19,Face2Face,Face2Face,,ORIG_417,ORIG_496,PAIR_ORIG_417_ORIG_496,,,496
FFPP_0002497,FaceForensics++,Face2Face/497_403.mp4,1,707,832,480,h264,1.5,Face2Face,Face2Face,,ORIG_403,ORIG_497,PAIR_ORIG_403_ORIG_497,,,497
FFPP_0002498,FaceForensics++,Face2Face/498_433.mp4,1,532,832,480,h264,1.45,Face2Face,Face2Face,,ORIG_433,ORIG_498,PAIR_ORIG_433_ORIG_498,,,498
FFPP_0002499,FaceForensics++,Face2Face/499_539.mp4,1,313,1280,720,h264,1.5,Face2Face,Face2Face,,ORIG_539,ORIG_499,PAIR_ORIG_499_ORIG_539,,,499
FFPP_0002500,FaceForensics++,Face2Face/500_592.mp4,1,383,1920,1080,h264,3.46,Face2Face,Face2Face,,ORIG_592,ORIG_500,PAIR_ORIG_500_ORIG_592,,,500
FFPP_0002501,FaceForensics++,Face2Face/501_326.mp4,1,914,576,480,h264,1.19,Face2Face,Face2Face,,ORIG_326,ORIG_501,PAIR_ORIG_326_ORIG_501,,,501
FFPP_0002502,FaceForensics++,Face2Face/502_504.mp4,1,317,1280,720,h264,1.67,Face2Face,Face2Face,,ORIG_504,ORIG_502,PAIR_ORIG_502_ORIG_504,,,502
FFPP_0002503,FaceForensics++,Face2Face/503_756.mp4,1,570,640,480,h264,0.74,Face2Face,Face2Face,,ORIG_756,ORIG_503,PAIR_ORIG_503_ORIG_756,,,503
FFPP_0002504,FaceForensics++,Face2Face/504_502.mp4,1,317,1280,720,h264,1.01,Face2Face,Face2Face,,ORIG_502,ORIG_504,PAIR_ORIG_502_ORIG_504,,,504
FFPP_0002505,FaceForensics++,Face2Face/505_600.mp4,1,388,640,480,h264,0.33,Face2Face,Face2Face,,ORIG_600,ORIG_505,PAIR_ORIG_505_ORIG_600,,,505
FFPP_0002506,FaceForensics++,Face2Face/506_478.mp4,1,749,832,480,h264,1.39,Face2Face,Face2Face,,ORIG_478,ORIG_506,PAIR_ORIG_478_ORIG_506,,,506
FFPP_0002507,FaceForensics++,Face2Face/507_418.mp4,1,319,1920,1080,h264,4.93,Face2Face,Face2Face,,ORIG_418,ORIG_507,PAIR_ORIG_418_ORIG_507,,,507
FFPP_0002508,FaceForensics++,Face2Face/508_831.mp4,1,327,1920,1080,h264,2.37,Face2Face,Face2Face,,ORIG_831,ORIG_508,PAIR_ORIG_508_ORIG_831,,,508
FFPP_0002509,FaceForensics++,Face2Face/509_525.mp4,1,517,640,480,h264,1.81,Face2Face,Face2Face,,ORIG_525,ORIG_509,PAIR_ORIG_509_ORIG_525,,,509
FFPP_0002510,FaceForensics++,Face2Face/510_528.mp4,1,377,832,480,h264,1.58,Face2Face,Face2Face,,ORIG_528,ORIG_510,PAIR_ORIG_510_ORIG_528,,,510
FFPP_0002511,FaceForensics++,Face2Face/511_472.mp4,1,479,640,480,h264,0.84,Face2Face,Face2Face,,ORIG_472,ORIG_511,PAIR_ORIG_472_ORIG_511,,,511
FFPP_0002512,FaceForensics++,Face2Face/512_495.mp4,1,573,640,480,h264,1.14,Face2Face,Face2Face,,ORIG_495,ORIG_512,PAIR_ORIG_495_ORIG_512,,,512
FFPP_0002513,FaceForensics++,Face2Face/513_305.mp4,1,843,1280,720,h264,4.68,Face2Face,Face2Face,,ORIG_305,ORIG_513,PAIR_ORIG_305_ORIG_513,,,513
FFPP_0002514,FaceForensics++,Face2Face/514_443.mp4,1,1146,640,480,h264,2.53,Face2Face,Face2Face,,ORIG_443,ORIG_514,PAIR_ORIG_443_ORIG_514,,,514
FFPP_0002515,FaceForensics++,Face2Face/515_519.mp4,1,751,640,480,h264,1.83,Face2Face,Face2Face,,ORIG_519,ORIG_515,PAIR_ORIG_515_ORIG_519,,,515
FFPP_0002516,FaceForensics++,Face2Face/516_555.mp4,1,572,1920,1080,h264,4.94,Face2Face,Face2Face,,ORIG_555,ORIG_516,PAIR_ORIG_516_ORIG_555,,,516
FFPP_0002517,FaceForensics++,Face2Face/517_521.mp4,1,304,640,480,h264,0.51,Face2Face,Face2Face,,ORIG_521,ORIG_517,PAIR_ORIG_517_ORIG_521,,,517
FFPP_0002518,FaceForensics++,Face2Face/518_131.mp4,1,306,832,480,h264,0.75,Face2Face,Face2Face,,ORIG_131,ORIG_518,PAIR_ORIG_131_ORIG_518,,,518
FFPP_0002519,FaceForensics++,Face2Face/519_515.mp4,1,766,640,480,h264,2.25,Face2Face,Face2Face,,ORIG_515,ORIG_519,PAIR_ORIG_515_ORIG_519,,,519
FFPP_0002520,FaceForensics++,Face2Face/520_542.mp4,1,320,1280,720,h264,1.35,Face2Face,Face2Face,,ORIG_542,ORIG_520,PAIR_ORIG_520_ORIG_542,,,520
FFPP_0002521,FaceForensics++,Face2Face/521_517.mp4,1,373,640,480,h264,0.72,Face2Face,Face2Face,,ORIG_517,ORIG_521,PAIR_ORIG_517_ORIG_521,,,521
FFPP_0002522,FaceForensics++,Face2Face/522_337.mp4,1,331,576,480,h264,0.49,Face2Face,Face2Face,,ORIG_337,ORIG_522,PAIR_ORIG_337_ORIG_522,,,522
FFPP_0002523,FaceForensics++,Face2Face/523_541.mp4,1,390,832,480,h264,0.86,Face2Face,Face2Face,,ORIG_541,ORIG_523,PAIR_ORIG_523_ORIG_541,,,523
FFPP_0002524,FaceForensics++,Face2Face/524_580.mp4,1,292,832,480,h264,0.48,Face2Face,Face2Face,,ORIG_580,ORIG_524,PAIR_ORIG_524_ORIG_580,,,524
FFPP_0002525,FaceForensics++,Face2Face/525_509.mp4,1,563,832,480,h264,0.62,Face2Face,Face2Face,,ORIG_509,ORIG_525,PAIR_ORIG_509_ORIG_525,,,525
FFPP_0002526,FaceForensics++,Face2Face/526_436.mp4,1,518,1280,720,h264,1.84,Face2Face,Face2Face,,ORIG_436,ORIG_526,PAIR_ORIG_436_ORIG_526,,,526
FFPP_0002527,FaceForensics++,Face2Face/527_454.mp4,1,384,1280,720,h264,0.93,Face2Face,Face2Face,,ORIG_454,ORIG_527,PAIR_ORIG_454_ORIG_527,,,527
FFPP_0002528,FaceForensics++,Face2Face/528_510.mp4,1,340,704,480,h264,1.13,Face2Face,Face2Face,,ORIG_510,ORIG_528,PAIR_ORIG_510_ORIG_528,,,528
FFPP_0002529,FaceForensics++,Face2Face/529_633.mp4,1,512,1920,1080,h264,4.75,Face2Face,Face2Face,,ORIG_633,ORIG_529,PAIR_ORIG_529_ORIG_633,,,529
FFPP_0002530,FaceForensics++,Face2Face/530_594.mp4,1,294,1280,720,h264,1.56,Face2Face,Face2Face,,ORIG_594,ORIG_530,PAIR_ORIG_530_ORIG_594,,,530
FFPP_0002531,FaceForensics++,Face2Face/531_549.mp4,1,624,640,480,h264,1.58,Face2Face,Face2Face,,ORIG_549,ORIG_531,PAIR_ORIG_531_ORIG_549,,,531
FFPP_0002532,FaceForensics++,Face2Face/532_544.mp4,1,355,1280,720,h264,1.12,Face2Face,Face2Face,,ORIG_544,ORIG_532,PAIR_ORIG_532_ORIG_544,,,532
FFPP_0002533,FaceForensics++,Face2Face/533_450.mp4,1,774,1920,1080,h264,4.93,Face2Face,Face2Face,,ORIG_450,ORIG_533,PAIR_ORIG_450_ORIG_533,,,533
FFPP_0002534,FaceForensics++,Face2Face/534_490.mp4,1,635,1280,720,h264,2.67,Face2Face,Face2Face,,ORIG_490,ORIG_534,PAIR_ORIG_490_ORIG_534,,,534
FFPP_0002535,FaceForensics++,Face2Face/535_587.mp4,1,626,640,480,h264,0.81,Face2Face,Face2Face,,ORIG_587,ORIG_535,PAIR_ORIG_535_ORIG_587,,,535
FFPP_0002536,FaceForensics++,Face2Face/536_540.mp4,1,957,1280,720,h264,3.18,Face2Face,Face2Face,,ORIG_540,ORIG_536,PAIR_ORIG_536_ORIG_540,,,536
FFPP_0002537,FaceForensics++,Face2Face/537_563.mp4,1,390,1280,720,h264,2.0,Face2Face,Face2Face,,ORIG_563,ORIG_537,PAIR_ORIG_537_ORIG_563,,,537
FFPP_0002538,FaceForensics++,Face2Face/538_493.mp4,1,395,832,480,h264,0.72,Face2Face,Face2Face,,ORIG_493,ORIG_538,PAIR_ORIG_493_ORIG_538,,,538
FFPP_0002539,FaceForensics++,Face2Face/539_499.mp4,1,514,640,480,h264,0.68,Face2Face,Face2Face,,ORIG_499,ORIG_539,PAIR_ORIG_499_ORIG_539,,,539
FFPP_0002540,FaceForensics++,Face2Face/540_536.mp4,1,603,1280,720,h264,1.6,Face2Face,Face2Face,,ORIG_536,ORIG_540,PAIR_ORIG_536_ORIG_540,,,540
FFPP_0002541,FaceForensics++,Face2Face/541_523.mp4,1,375,640,480,h264,0.39,Face2Face,Face2Face,,ORIG_523,ORIG_541,PAIR_ORIG_523_ORIG_541,,,541
FFPP_0002542,FaceForensics++,Face2Face/542_520.mp4,1,350,1280,720,h264,1.24,Face2Face,Face2Face,,ORIG_520,ORIG_542,PAIR_ORIG_520_ORIG_542,,,542
FFPP_0002543,FaceForensics++,Face2Face/543_559.mp4,1,334,640,480,h264,0.6,Face2Face,Face2Face,,ORIG_559,ORIG_543,PAIR_ORIG_543_ORIG_559,,,543
FFPP_0002544,FaceForensics++,Face2Face/544_532.mp4,1,391,1280,720,h264,1.7,Face2Face,Face2Face,,ORIG_532,ORIG_544,PAIR_ORIG_532_ORIG_544,,,544
FFPP_0002545,FaceForensics++,Face2Face/545_553.mp4,1,364,640,480,h264,0.81,Face2Face,Face2Face,,ORIG_553,ORIG_545,PAIR_ORIG_545_ORIG_553,,,545
FFPP_0002546,FaceForensics++,Face2Face/546_621.mp4,1,370,832,480,h264,0.56,Face2Face,Face2Face,,ORIG_621,ORIG_546,PAIR_ORIG_546_ORIG_621,,,546
FFPP_0002547,FaceForensics++,Face2Face/547_574.mp4,1,507,1920,1080,h264,3.79,Face2Face,Face2Face,,ORIG_574,ORIG_547,PAIR_ORIG_547_ORIG_574,,,547
FFPP_0002548,FaceForensics++,Face2Face/548_632.mp4,1,427,1280,720,h264,1.83,Face2Face,Face2Face,,ORIG_632,ORIG_548,PAIR_ORIG_548_ORIG_632,,,548
FFPP_0002549,FaceForensics++,Face2Face/549_531.mp4,1,319,1280,720,h264,6.91,Face2Face,Face2Face,,ORIG_531,ORIG_549,PAIR_ORIG_531_ORIG_549,,,549
FFPP_0002550,FaceForensics++,Face2Face/550_452.mp4,1,606,640,480,h264,0.82,Face2Face,Face2Face,,ORIG_452,ORIG_550,PAIR_ORIG_452_ORIG_550,,,550
FFPP_0002551,FaceForensics++,Face2Face/551_631.mp4,1,424,1280,720,h264,2.9,Face2Face,Face2Face,,ORIG_631,ORIG_551,PAIR_ORIG_551_ORIG_631,,,551
FFPP_0002552,FaceForensics++,Face2Face/552_851.mp4,1,833,1280,720,h264,3.42,Face2Face,Face2Face,,ORIG_851,ORIG_552,PAIR_ORIG_552_ORIG_851,,,552
FFPP_0002553,FaceForensics++,Face2Face/553_545.mp4,1,436,640,480,h264,0.61,Face2Face,Face2Face,,ORIG_545,ORIG_553,PAIR_ORIG_545_ORIG_553,,,553
FFPP_0002554,FaceForensics++,Face2Face/554_572.mp4,1,347,1280,720,h264,1.1,Face2Face,Face2Face,,ORIG_572,ORIG_554,PAIR_ORIG_554_ORIG_572,,,554
FFPP_0002555,FaceForensics++,Face2Face/555_516.mp4,1,354,1920,1080,h264,4.2,Face2Face,Face2Face,,ORIG_516,ORIG_555,PAIR_ORIG_516_ORIG_555,,,555
FFPP_0002556,FaceForensics++,Face2Face/556_588.mp4,1,544,640,480,h264,0.74,Face2Face,Face2Face,,ORIG_588,ORIG_556,PAIR_ORIG_556_ORIG_588,,,556
FFPP_0002557,FaceForensics++,Face2Face/557_560.mp4,1,349,832,480,h264,0.57,Face2Face,Face2Face,,ORIG_560,ORIG_557,PAIR_ORIG_557_ORIG_560,,,557
FFPP_0002558,FaceForensics++,Face2Face/558_583.mp4,1,475,1280,720,h264,2.9,Face2Face,Face2Face,,ORIG_583,ORIG_558,PAIR_ORIG_558_ORIG_583,,,558
FFPP_0002559,FaceForensics++,Face2Face/559_543.mp4,1,718,1280,720,h264,4.73,Face2Face,Face2Face,,ORIG_543,ORIG_559,PAIR_ORIG_543_ORIG_559,,,559
FFPP_0002560,FaceForensics++,Face2Face/560_557.mp4,1,509,640,480,h264,0.58,Face2Face,Face2Face,,ORIG_557,ORIG_560,PAIR_ORIG_557_ORIG_560,,,560
FFPP_0002561,FaceForensics++,Face2Face/561_998.mp4,1,344,1920,1080,h264,2.53,Face2Face,Face2Face,,ORIG_998,ORIG_561,PAIR_ORIG_561_ORIG_998,,,561
FFPP_0002562,FaceForensics++,Face2Face/562_626.mp4,1,975,1280,720,h264,6.29,Face2Face,Face2Face,,ORIG_626,ORIG_562,PAIR_ORIG_562_ORIG_626,,,562
FFPP_0002563,FaceForensics++,Face2Face/563_537.mp4,1,385,640,480,h264,0.59,Face2Face,Face2Face,,ORIG_537,ORIG_563,PAIR_ORIG_537_ORIG_563,,,563
FFPP_0002564,FaceForensics++,Face2Face/564_971.mp4,1,354,1920,1080,h264,2.17,Face2Face,Face2Face,,ORIG_971,ORIG_564,PAIR_ORIG_564_ORIG_971,,,564
FFPP_0002565,FaceForensics++,Face2Face/565_589.mp4,1,686,640,480,h264,1.3,Face2Face,Face2Face,,ORIG_589,ORIG_565,PAIR_ORIG_565_ORIG_589,,,565
FFPP_0002566,FaceForensics++,Face2Face/566_617.mp4,1,312,832,480,h264,1.4,Face2Face,Face2Face,,ORIG_617,ORIG_566,PAIR_ORIG_566_ORIG_617,,,566
FFPP_0002567,FaceForensics++,Face2Face/567_606.mp4,1,387,832,480,h264,0.68,Face2Face,Face2Face,,ORIG_606,ORIG_567,PAIR_ORIG_567_ORIG_606,,,567
FFPP_0002568,FaceForensics++,Face2Face/568_628.mp4,1,895,640,480,h264,1.5,Face2Face,Face2Face,,ORIG_628,ORIG_568,PAIR_ORIG_568_ORIG_628,,,568
FFPP_0002569,FaceForensics++,Face2Face/569_921.mp4,1,296,1920,1080,h264,2.72,Face2Face,Face2Face,,ORIG_921,ORIG_569,PAIR_ORIG_569_ORIG_921,,,569
FFPP_0002570,FaceForensics++,Face2Face/570_624.mp4,1,350,1280,720,h264,1.48,Face2Face,Face2Face,,ORIG_624,ORIG_570,PAIR_ORIG_570_ORIG_624,,,570
FFPP_0002571,FaceForensics++,Face2Face/571_746.mp4,1,493,1280,720,h264,2.48,Face2Face,Face2Face,,ORIG_746,ORIG_571,PAIR_ORIG_571_ORIG_746,,,571
FFPP_0002572,FaceForensics++,Face2Face/572_554.mp4,1,828,1280,720,h264,3.3,Face2Face,Face2Face,,ORIG_554,ORIG_572,PAIR_ORIG_554_ORIG_572,,,572
FFPP_0002573,FaceForensics++,Face2Face/573_757.mp4,1,441,1280,720,h264,2.09,Face2Face,Face2Face,,ORIG_757,ORIG_573,PAIR_ORIG_573_ORIG_757,,,573
FFPP_0002574,FaceForensics++,Face2Face/574_547.mp4,1,496,640,480,h264,0.86,Face2Face,Face2Face,,ORIG_547,ORIG_574,PAIR_ORIG_547_ORIG_574,,,574
FFPP_0002575,FaceForensics++,Face2Face/575_603.mp4,1,296,1280,720,h264,1.72,Face2Face,Face2Face,,ORIG_603,ORIG_575,PAIR_ORIG_575_ORIG_603,,,575
FFPP_0002576,FaceForensics++,Face2Face/576_155.mp4,1,829,1280,720,h264,5.2,Face2Face,Face2Face,,ORIG_155,ORIG_576,PAIR_ORIG_155_ORIG_576,,,576
FFPP_0002577,FaceForensics++,Face2Face/577_593.mp4,1,535,1920,1080,h264,3.58,Face2Face,Face2Face,,ORIG_593,ORIG_577,PAIR_ORIG_577_ORIG_593,,,577
FFPP_0002578,FaceForensics++,Face2Face/578_636.mp4,1,335,1280,720,h264,1.04,Face2Face,Face2Face,,ORIG_636,ORIG_578,PAIR_ORIG_578_ORIG_636,,,578
FFPP_0002579,FaceForensics++,Face2Face/579_701.mp4,1,393,1920,1080,h264,2.74,Face2Face,Face2Face,,ORIG_701,ORIG_579,PAIR_ORIG_579_ORIG_701,,,579
FFPP_0002580,FaceForensics++,Face2Face/580_524.mp4,1,527,1280,720,h264,1.88,Face2Face,Face2Face,,ORIG_524,ORIG_580,PAIR_ORIG_524_ORIG_580,,,580
FFPP_0002581,FaceForensics++,Face2Face/581_697.mp4,1,465,1920,1080,h264,5.32,Face2Face,Face2Face,,ORIG_697,ORIG_581,PAIR_ORIG_581_ORIG_697,,,581
FFPP_0002582,FaceForensics++,Face2Face/582_172.mp4,1,752,640,480,h264,3.12,Face2Face,Face2Face,,ORIG_172,ORIG_582,PAIR_ORIG_172_ORIG_582,,,582
FFPP_0002583,FaceForensics++,Face2Face/583_558.mp4,1,535,1280,720,h264,1.87,Face2Face,Face2Face,,ORIG_558,ORIG_583,PAIR_ORIG_558_ORIG_583,,,583
FFPP_0002584,FaceForensics++,Face2Face/584_823.mp4,1,672,1280,720,h264,2.67,Face2Face,Face2Face,,ORIG_823,ORIG_584,PAIR_ORIG_584_ORIG_823,,,584
FFPP_0002585,FaceForensics++,Face2Face/585_599.mp4,1,398,1280,720,h264,1.69,Face2Face,Face2Face,,ORIG_599,ORIG_585,PAIR_ORIG_585_ORIG_599,,,585
FFPP_0002586,FaceForensics++,Face2Face/586_223.mp4,1,336,1920,1080,h264,3.07,Face2Face,Face2Face,,ORIG_223,ORIG_586,PAIR_ORIG_223_ORIG_586,,,586
FFPP_0002587,FaceForensics++,Face2Face/587_535.mp4,1,667,640,480,h264,0.94,Face2Face,Face2Face,,ORIG_535,ORIG_587,PAIR_ORIG_535_ORIG_587,,,587
FFPP_0002588,FaceForensics++,Face2Face/588_556.mp4,1,372,832,480,h264,0.61,Face2Face,Face2Face,,ORIG_556,ORIG_588,PAIR_ORIG_556_ORIG_588,,,588
FFPP_0002589,FaceForensics++,Face2Face/589_565.mp4,1,430,640,480,h264,0.92,Face2Face,Face2Face,,ORIG_565,ORIG_589,PAIR_ORIG_565_ORIG_589,,,589
FFPP_0002590,FaceForensics++,Face2Face/590_034.mp4,1,407,1920,1080,h264,4.23,Face2Face,Face2Face,,ORIG_034,ORIG_590,PAIR_ORIG_034_ORIG_590,,,590
FFPP_0002591,FaceForensics++,Face2Face/591_605.mp4,1,664,1280,720,h264,3.25,Face2Face,Face2Face,,ORIG_605,ORIG_591,PAIR_ORIG_591_ORIG_605,,,591
FFPP_0002592,FaceForensics++,Face2Face/592_500.mp4,1,292,832,480,h264,0.39,Face2Face,Face2Face,,ORIG_500,ORIG_592,PAIR_ORIG_500_ORIG_592,,,592
FFPP_0002593,FaceForensics++,Face2Face/593_577.mp4,1,344,1920,1080,h264,2.56,Face2Face,Face2Face,,ORIG_577,ORIG_593,PAIR_ORIG_577_ORIG_593,,,593
FFPP_0002594,FaceForensics++,Face2Face/594_530.mp4,1,716,1280,720,h264,2.56,Face2Face,Face2Face,,ORIG_530,ORIG_594,PAIR_ORIG_530_ORIG_594,,,594
FFPP_0002595,FaceForensics++,Face2Face/595_597.mp4,1,297,1280,720,h264,1.07,Face2Face,Face2Face,,ORIG_597,ORIG_595,PAIR_ORIG_595_ORIG_597,,,595
FFPP_0002596,FaceForensics++,Face2Face/596_609.mp4,1,489,576,480,h264,0.93,Face2Face,Face2Face,,ORIG_609,ORIG_596,PAIR_ORIG_596_ORIG_609,,,596
FFPP_0002597,FaceForensics++,Face2Face/597_595.mp4,1,565,640,480,h264,0.9,Face2Face,Face2Face,,ORIG_595,ORIG_597,PAIR_ORIG_595_ORIG_597,,,597
FFPP_0002598,FaceForensics++,Face2Face/598_178.mp4,1,521,640,480,h264,0.49,Face2Face,Face2Face,,ORIG_178,ORIG_598,PAIR_ORIG_178_ORIG_598,,,598
FFPP_0002599,FaceForensics++,Face2Face/599_585.mp4,1,359,1280,720,h264,1.78,Face2Face,Face2Face,,ORIG_585,ORIG_599,PAIR_ORIG_585_ORIG_599,,,599
FFPP_0002600,FaceForensics++,Face2Face/600_505.mp4,1,543,640,480,h264,1.31,Face2Face,Face2Face,,ORIG_505,ORIG_600,PAIR_ORIG_505_ORIG_600,,,600
FFPP_0002601,FaceForensics++,Face2Face/601_653.mp4,1,731,640,480,h264,0.98,Face2Face,Face2Face,,ORIG_653,ORIG_601,PAIR_ORIG_601_ORIG_653,,,601
FFPP_0002602,FaceForensics++,Face2Face/602_397.mp4,1,355,1920,1080,h264,3.28,Face2Face,Face2Face,,ORIG_397,ORIG_602,PAIR_ORIG_397_ORIG_602,,,602
FFPP_0002603,FaceForensics++,Face2Face/603_575.mp4,1,557,1280,720,h264,2.48,Face2Face,Face2Face,,ORIG_575,ORIG_603,PAIR_ORIG_575_ORIG_603,,,603
FFPP_0002604,FaceForensics++,Face2Face/604_703.mp4,1,375,1280,720,h264,1.14,Face2Face,Face2Face,,ORIG_703,ORIG_604,PAIR_ORIG_604_ORIG_703,,,604
FFPP_0002605,FaceForensics++,Face2Face/605_591.mp4,1,541,832,480,h264,0.85,Face2Face,Face2Face,,ORIG_591,ORIG_605,PAIR_ORIG_591_ORIG_605,,,605
FFPP_0002606,FaceForensics++,Face2Face/606_567.mp4,1,340,832,480,h264,0.48,Face2Face,Face2Face,,ORIG_567,ORIG_606,PAIR_ORIG_567_ORIG_606,,,606
FFPP_0002607,FaceForensics++,Face2Face/607_683.mp4,1,302,1920,1080,h264,2.52,Face2Face,Face2Face,,ORIG_683,ORIG_607,PAIR_ORIG_607_ORIG_683,,,607
FFPP_0002608,FaceForensics++,Face2Face/608_675.mp4,1,421,576,480,h264,0.59,Face2Face,Face2Face,,ORIG_675,ORIG_608,PAIR_ORIG_608_ORIG_675,,,608
FFPP_0002609,FaceForensics++,Face2Face/609_596.mp4,1,557,576,480,h264,1.69,Face2Face,Face2Face,,ORIG_596,ORIG_609,PAIR_ORIG_596_ORIG_609,,,609
FFPP_0002610,FaceForensics++,Face2Face/610_692.mp4,1,354,1280,720,h264,1.72,Face2Face,Face2Face,,ORIG_692,ORIG_610,PAIR_ORIG_610_ORIG_692,,,610
FFPP_0002611,FaceForensics++,Face2Face/611_760.mp4,1,306,640,480,h264,0.38,Face2Face,Face2Face,,ORIG_760,ORIG_611,PAIR_ORIG_611_ORIG_760,,,611
FFPP_0002612,FaceForensics++,Face2Face/612_702.mp4,1,749,1280,720,h264,3.64,Face2Face,Face2Face,,ORIG_702,ORIG_612,PAIR_ORIG_612_ORIG_702,,,612
FFPP_0002613,FaceForensics++,Face2Face/613_685.mp4,1,522,1280,720,h264,1.45,Face2Face,Face2Face,,ORIG_685,ORIG_613,PAIR_ORIG_613_ORIG_685,,,613
FFPP_0002614,FaceForensics++,Face2Face/614_616.mp4,1,663,1280,720,h264,2.6,Face2Face,Face2Face,,ORIG_616,ORIG_614,PAIR_ORIG_614_ORIG_616,,,614
FFPP_0002615,FaceForensics++,Face2Face/615_687.mp4,1,469,1280,720,h264,1.78,Face2Face,Face2Face,,ORIG_687,ORIG_615,PAIR_ORIG_615_ORIG_687,,,615
FFPP_0002616,FaceForensics++,Face2Face/616_614.mp4,1,507,640,480,h264,1.13,Face2Face,Face2Face,,ORIG_614,ORIG_616,PAIR_ORIG_614_ORIG_616,,,616
FFPP_0002617,FaceForensics++,Face2Face/617_566.mp4,1,723,832,480,h264,1.3,Face2Face,Face2Face,,ORIG_566,ORIG_617,PAIR_ORIG_566_ORIG_617,,,617
FFPP_0002618,FaceForensics++,Face2Face/618_629.mp4,1,990,1280,720,h264,5.45,Face2Face,Face2Face,,ORIG_629,ORIG_618,PAIR_ORIG_618_ORIG_629,,,618
FFPP_0002619,FaceForensics++,Face2Face/619_620.mp4,1,628,1280,720,h264,1.99,Face2Face,Face2Face,,ORIG_620,ORIG_619,PAIR_ORIG_619_ORIG_620,,,619
FFPP_0002620,FaceForensics++,Face2Face/620_619.mp4,1,305,1920,1080,h264,2.27,Face2Face,Face2Face,,ORIG_619,ORIG_620,PAIR_ORIG_619_ORIG_620,,,620
FFPP_0002621,FaceForensics++,Face2Face/621_546.mp4,1,714,1280,720,h264,3.17,Face2Face,Face2Face,,ORIG_546,ORIG_621,PAIR_ORIG_546_ORIG_621,,,621
FFPP_0002622,FaceForensics++,Face2Face/622_647.mp4,1,699,1280,720,h264,2.0,Face2Face,Face2Face,,ORIG_647,ORIG_622,PAIR_ORIG_622_ORIG_647,,,622
FFPP_0002623,FaceForensics++,Face2Face/623_630.mp4,1,423,640,480,h264,0.76,Face2Face,Face2Face,,ORIG_630,ORIG_623,PAIR_ORIG_623_ORIG_630,,,623
FFPP_0002624,FaceForensics++,Face2Face/624_570.mp4,1,430,832,480,h264,1.64,Face2Face,Face2Face,,ORIG_570,ORIG_624,PAIR_ORIG_570_ORIG_624,,,624
FFPP_0002625,FaceForensics++,Face2Face/625_650.mp4,1,693,640,480,h264,1.25,Face2Face,Face2Face,,ORIG_650,ORIG_625,PAIR_ORIG_625_ORIG_650,,,625
FFPP_0002626,FaceForensics++,Face2Face/626_562.mp4,1,467,832,480,h264,0.88,Face2Face,Face2Face,,ORIG_562,ORIG_626,PAIR_ORIG_562_ORIG_626,,,626
FFPP_0002627,FaceForensics++,Face2Face/627_658.mp4,1,404,576,480,h264,0.88,Face2Face,Face2Face,,ORIG_658,ORIG_627,PAIR_ORIG_627_ORIG_658,,,627
FFPP_0002628,FaceForensics++,Face2Face/628_568.mp4,1,570,640,480,h264,0.83,Face2Face,Face2Face,,ORIG_568,ORIG_628,PAIR_ORIG_568_ORIG_628,,,628
FFPP_0002629,FaceForensics++,Face2Face/629_618.mp4,1,382,1280,720,h264,1.47,Face2Face,Face2Face,,ORIG_618,ORIG_629,PAIR_ORIG_618_ORIG_629,,,629
FFPP_0002630,FaceForensics++,Face2Face/630_623.mp4,1,352,640,480,h264,1.1,Face2Face,Face2Face,,ORIG_623,ORIG_630,PAIR_ORIG_623_ORIG_630,,,630
FFPP_0002631,FaceForensics++,Face2Face/631_551.mp4,1,727,640,480,h264,1.77,Face2Face,Face2Face,,ORIG_551,ORIG_631,PAIR_ORIG_551_ORIG_631,,,631
FFPP_0002632,FaceForensics++,Face2Face/632_548.mp4,1,573,1920,1080,h264,5.32,Face2Face,Face2Face,,ORIG_548,ORIG_632,PAIR_ORIG_548_ORIG_632,,,632
FFPP_0002633,FaceForensics++,Face2Face/633_529.mp4,1,335,1280,720,h264,1.43,Face2Face,Face2Face,,ORIG_529,ORIG_633,PAIR_ORIG_529_ORIG_633,,,633
FFPP_0002634,FaceForensics++,Face2Face/634_660.mp4,1,340,1280,720,h264,1.45,Face2Face,Face2Face,,ORIG_660,ORIG_634,PAIR_ORIG_634_ORIG_660,,,634
FFPP_0002635,FaceForensics++,Face2Face/635_642.mp4,1,573,832,480,h264,1.15,Face2Face,Face2Face,,ORIG_642,ORIG_635,PAIR_ORIG_635_ORIG_642,,,635
FFPP_0002636,FaceForensics++,Face2Face/636_578.mp4,1,564,640,480,h264,0.92,Face2Face,Face2Face,,ORIG_578,ORIG_636,PAIR_ORIG_578_ORIG_636,,,636
FFPP_0002637,FaceForensics++,Face2Face/637_427.mp4,1,468,1280,720,h264,1.09,Face2Face,Face2Face,,ORIG_427,ORIG_637,PAIR_ORIG_427_ORIG_637,,,637
FFPP_0002638,FaceForensics++,Face2Face/638_640.mp4,1,306,1280,720,h264,1.26,Face2Face,Face2Face,,ORIG_640,ORIG_638,PAIR_ORIG_638_ORIG_640,,,638
FFPP_0002639,FaceForensics++,Face2Face/639_841.mp4,1,519,1280,720,h264,2.02,Face2Face,Face2Face,,ORIG_841,ORIG_639,PAIR_ORIG_639_ORIG_841,,,639
FFPP_0002640,FaceForensics++,Face2Face/640_638.mp4,1,698,1280,720,h264,2.91,Face2Face,Face2Face,,ORIG_638,ORIG_640,PAIR_ORIG_638_ORIG_640,,,640
FFPP_0002641,FaceForensics++,Face2Face/641_662.mp4,1,496,1280,720,h264,3.37,Face2Face,Face2Face,,ORIG_662,ORIG_641,PAIR_ORIG_641_ORIG_662,,,641
FFPP_0002642,FaceForensics++,Face2Face/642_635.mp4,1,764,640,480,h264,2.04,Face2Face,Face2Face,,ORIG_635,ORIG_642,PAIR_ORIG_635_ORIG_642,,,642
FFPP_0002643,FaceForensics++,Face2Face/643_646.mp4,1,440,1280,720,h264,1.69,Face2Face,Face2Face,,ORIG_646,ORIG_643,PAIR_ORIG_643_ORIG_646,,,643
FFPP_0002644,FaceForensics++,Face2Face/644_657.mp4,1,546,832,480,h264,1.18,Face2Face,Face2Face,,ORIG_657,ORIG_644,PAIR_ORIG_644_ORIG_657,,,644
FFPP_0002645,FaceForensics++,Face2Face/645_688.mp4,1,571,1920,1080,h264,6.49,Face2Face,Face2Face,,ORIG_688,ORIG_645,PAIR_ORIG_645_ORIG_688,,,645
FFPP_0002646,FaceForensics++,Face2Face/646_643.mp4,1,364,640,480,h264,0.47,Face2Face,Face2Face,,ORIG_643,ORIG_646,PAIR_ORIG_643_ORIG_646,,,646
FFPP_0002647,FaceForensics++,Face2Face/647_622.mp4,1,371,1920,1080,h264,2.55,Face2Face,Face2Face,,ORIG_622,ORIG_647,PAIR_ORIG_622_ORIG_647,,,647
FFPP_0002648,FaceForensics++,Face2Face/648_654.mp4,1,410,1280,720,h264,1.16,Face2Face,Face2Face,,ORIG_654,ORIG_648,PAIR_ORIG_648_ORIG_654,,,648
FFPP_0002649,FaceForensics++,Face2Face/649_816.mp4,1,411,1280,720,h264,1.45,Face2Face,Face2Face,,ORIG_816,ORIG_649,PAIR_ORIG_649_ORIG_816,,,649
FFPP_0002650,FaceForensics++,Face2Face/650_625.mp4,1,332,640,480,h264,0.41,Face2Face,Face2Face,,ORIG_625,ORIG_650,PAIR_ORIG_625_ORIG_650,,,650
FFPP_0002651,FaceForensics++,Face2Face/651_835.mp4,1,426,1280,720,h264,2.6,Face2Face,Face2Face,,ORIG_835,ORIG_651,PAIR_ORIG_651_ORIG_835,,,651
FFPP_0002652,FaceForensics++,Face2Face/652_773.mp4,1,579,1280,720,h264,2.32,Face2Face,Face2Face,,ORIG_773,ORIG_652,PAIR_ORIG_652_ORIG_773,,,652
FFPP_0002653,FaceForensics++,Face2Face/653_601.mp4,1,364,640,480,h264,0.67,Face2Face,Face2Face,,ORIG_601,ORIG_653,PAIR_ORIG_601_ORIG_653,,,653
FFPP_0002654,FaceForensics++,Face2Face/654_648.mp4,1,471,640,480,h264,0.83,Face2Face,Face2Face,,ORIG_648,ORIG_654,PAIR_ORIG_648_ORIG_654,,,654
FFPP_0002655,FaceForensics++,Face2Face/655_444.mp4,1,437,640,480,h264,1.15,Face2Face,Face2Face,,ORIG_444,ORIG_655,PAIR_ORIG_444_ORIG_655,,,655
FFPP_0002656,FaceForensics++,Face2Face/656_666.mp4,1,383,640,480,h264,0.53,Face2Face,Face2Face,,ORIG_666,ORIG_656,PAIR_ORIG_656_ORIG_666,,,656
FFPP_0002657,FaceForensics++,Face2Face/657_644.mp4,1,413,640,480,h264,1.16,Face2Face,Face2Face,,ORIG_644,ORIG_657,PAIR_ORIG_644_ORIG_657,,,657
FFPP_0002658,FaceForensics++,Face2Face/658_627.mp4,1,374,640,480,h264,0.55,Face2Face,Face2Face,,ORIG_627,ORIG_658,PAIR_ORIG_627_ORIG_658,,,658
FFPP_0002659,FaceForensics++,Face2Face/659_749.mp4,1,693,640,480,h264,1.0,Face2Face,Face2Face,,ORIG_749,ORIG_659,PAIR_ORIG_659_ORIG_749,,,659
FFPP_0002660,FaceForensics++,Face2Face/660_634.mp4,1,338,1280,720,h264,3.73,Face2Face,Face2Face,,ORIG_634,ORIG_660,PAIR_ORIG_634_ORIG_660,,,660
FFPP_0002661,FaceForensics++,Face2Face/661_670.mp4,1,481,1280,720,h264,2.9,Face2Face,Face2Face,,ORIG_670,ORIG_661,PAIR_ORIG_661_ORIG_670,,,661
FFPP_0002662,FaceForensics++,Face2Face/662_641.mp4,1,350,1280,720,h264,2.11,Face2Face,Face2Face,,ORIG_641,ORIG_662,PAIR_ORIG_641_ORIG_662,,,662
FFPP_0002663,FaceForensics++,Face2Face/663_231.mp4,1,573,640,480,h264,0.89,Face2Face,Face2Face,,ORIG_231,ORIG_663,PAIR_ORIG_231_ORIG_663,,,663
FFPP_0002664,FaceForensics++,Face2Face/664_668.mp4,1,398,1280,720,h264,1.58,Face2Face,Face2Face,,ORIG_668,ORIG_664,PAIR_ORIG_664_ORIG_668,,,664
FFPP_0002665,FaceForensics++,Face2Face/665_679.mp4,1,416,640,480,h264,0.41,Face2Face,Face2Face,,ORIG_679,ORIG_665,PAIR_ORIG_665_ORIG_679,,,665
FFPP_0002666,FaceForensics++,Face2Face/666_656.mp4,1,505,640,480,h264,0.77,Face2Face,Face2Face,,ORIG_656,ORIG_666,PAIR_ORIG_656_ORIG_666,,,666
FFPP_0002667,FaceForensics++,Face2Face/667_446.mp4,1,423,1920,1080,h264,5.83,Face2Face,Face2Face,,ORIG_446,ORIG_667,PAIR_ORIG_446_ORIG_667,,,667
FFPP_0002668,FaceForensics++,Face2Face/668_664.mp4,1,293,640,480,h264,0.68,Face2Face,Face2Face,,ORIG_664,ORIG_668,PAIR_ORIG_664_ORIG_668,,,668
FFPP_0002669,FaceForensics++,Face2Face/669_682.mp4,1,965,640,480,h264,0.77,Face2Face,Face2Face,,ORIG_682,ORIG_669,PAIR_ORIG_669_ORIG_682,,,669
FFPP_0002670,FaceForensics++,Face2Face/670_661.mp4,1,513,640,480,h264,0.93,Face2Face,Face2Face,,ORIG_661,ORIG_670,PAIR_ORIG_661_ORIG_670,,,670
FFPP_0002671,FaceForensics++,Face2Face/671_677.mp4,1,314,1280,720,h264,1.44,Face2Face,Face2Face,,ORIG_677,ORIG_671,PAIR_ORIG_671_ORIG_677,,,671
FFPP_0002672,FaceForensics++,Face2Face/672_720.mp4,1,564,1280,720,h264,1.83,Face2Face,Face2Face,,ORIG_720,ORIG_672,PAIR_ORIG_672_ORIG_720,,,672
FFPP_0002673,FaceForensics++,Face2Face/673_728.mp4,1,568,640,480,h264,1.05,Face2Face,Face2Face,,ORIG_728,ORIG_673,PAIR_ORIG_673_ORIG_728,,,673
FFPP_0002674,FaceForensics++,Face2Face/674_744.mp4,1,294,640,480,h264,0.69,Face2Face,Face2Face,,ORIG_744,ORIG_674,PAIR_ORIG_674_ORIG_744,,,674
FFPP_0002675,FaceForensics++,Face2Face/675_608.mp4,1,1205,576,480,h264,3.35,Face2Face,Face2Face,,ORIG_608,ORIG_675,PAIR_ORIG_608_ORIG_675,,,675
FFPP_0002676,FaceForensics++,Face2Face/676_776.mp4,1,331,1280,720,h264,1.27,Face2Face,Face2Face,,ORIG_776,ORIG_676,PAIR_ORIG_676_ORIG_776,,,676
FFPP_0002677,FaceForensics++,Face2Face/677_671.mp4,1,343,1280,720,h264,1.75,Face2Face,Face2Face,,ORIG_671,ORIG_677,PAIR_ORIG_671_ORIG_677,,,677
FFPP_0002678,FaceForensics++,Face2Face/678_460.mp4,1,640,1920,1080,h264,7.21,Face2Face,Face2Face,,ORIG_460,ORIG_678,PAIR_ORIG_460_ORIG_678,,,678
FFPP_0002679,FaceForensics++,Face2Face/679_665.mp4,1,324,640,480,h264,0.48,Face2Face,Face2Face,,ORIG_665,ORIG_679,PAIR_ORIG_665_ORIG_679,,,679
FFPP_0002680,FaceForensics++,Face2Face/680_486.mp4,1,564,640,480,h264,0.86,Face2Face,Face2Face,,ORIG_486,ORIG_680,PAIR_ORIG_486_ORIG_680,,,680
FFPP_0002681,FaceForensics++,Face2Face/681_711.mp4,1,292,1280,720,h264,1.12,Face2Face,Face2Face,,ORIG_711,ORIG_681,PAIR_ORIG_681_ORIG_711,,,681
FFPP_0002682,FaceForensics++,Face2Face/682_669.mp4,1,489,576,480,h264,0.7,Face2Face,Face2Face,,ORIG_669,ORIG_682,PAIR_ORIG_669_ORIG_682,,,682
FFPP_0002683,FaceForensics++,Face2Face/683_607.mp4,1,454,1920,1080,h264,3.32,Face2Face,Face2Face,,ORIG_607,ORIG_683,PAIR_ORIG_607_ORIG_683,,,683
FFPP_0002684,FaceForensics++,Face2Face/684_717.mp4,1,374,1920,1080,h264,3.29,Face2Face,Face2Face,,ORIG_717,ORIG_684,PAIR_ORIG_684_ORIG_717,,,684
FFPP_0002685,FaceForensics++,Face2Face/685_613.mp4,1,415,1280,720,h264,1.54,Face2Face,Face2Face,,ORIG_613,ORIG_685,PAIR_ORIG_613_ORIG_685,,,685
FFPP_0002686,FaceForensics++,Face2Face/686_696.mp4,1,405,1280,720,h264,1.21,Face2Face,Face2Face,,ORIG_696,ORIG_686,PAIR_ORIG_686_ORIG_696,,,686
FFPP_0002687,FaceForensics++,Face2Face/687_615.mp4,1,452,1280,720,h264,1.41,Face2Face,Face2Face,,ORIG_615,ORIG_687,PAIR_ORIG_615_ORIG_687,,,687
FFPP_0002688,FaceForensics++,Face2Face/688_645.mp4,1,554,1280,720,h264,2.83,Face2Face,Face2Face,,ORIG_645,ORIG_688,PAIR_ORIG_645_ORIG_688,,,688
FFPP_0002689,FaceForensics++,Face2Face/689_690.mp4,1,331,640,480,h264,0.56,Face2Face,Face2Face,,ORIG_690,ORIG_689,PAIR_ORIG_689_ORIG_690,,,689
FFPP_0002690,FaceForensics++,Face2Face/690_689.mp4,1,455,832,480,h264,0.87,Face2Face,Face2Face,,ORIG_689,ORIG_690,PAIR_ORIG_689_ORIG_690,,,690
FFPP_0002691,FaceForensics++,Face2Face/691_732.mp4,1,426,1280,720,h264,1.46,Face2Face,Face2Face,,ORIG_732,ORIG_691,PAIR_ORIG_691_ORIG_732,,,691
FFPP_0002692,FaceForensics++,Face2Face/692_610.mp4,1,394,1280,720,h264,2.62,Face2Face,Face2Face,,ORIG_610,ORIG_692,PAIR_ORIG_610_ORIG_692,,,692
FFPP_0002693,FaceForensics++,Face2Face/693_698.mp4,1,304,640,480,h264,0.79,Face2Face,Face2Face,,ORIG_698,ORIG_693,PAIR_ORIG_693_ORIG_698,,,693
FFPP_0002694,FaceForensics++,Face2Face/694_767.mp4,1,407,832,480,h264,1.05,Face2Face,Face2Face,,ORIG_767,ORIG_694,PAIR_ORIG_694_ORIG_767,,,694
FFPP_0002695,FaceForensics++,Face2Face/695_422.mp4,1,316,1920,1080,h264,2.74,Face2Face,Face2Face,,ORIG_422,ORIG_695,PAIR_ORIG_422_ORIG_695,,,695
FFPP_0002696,FaceForensics++,Face2Face/696_686.mp4,1,342,640,480,h264,0.59,Face2Face,Face2Face,,ORIG_686,ORIG_696,PAIR_ORIG_686_ORIG_696,,,696
FFPP_0002697,FaceForensics++,Face2Face/697_581.mp4,1,382,1280,720,h264,1.73,Face2Face,Face2Face,,ORIG_581,ORIG_697,PAIR_ORIG_581_ORIG_697,,,697
FFPP_0002698,FaceForensics++,Face2Face/698_693.mp4,1,595,640,480,h264,0.8,Face2Face,Face2Face,,ORIG_693,ORIG_698,PAIR_ORIG_693_ORIG_698,,,698
FFPP_0002699,FaceForensics++,Face2Face/699_734.mp4,1,1098,576,480,h264,1.25,Face2Face,Face2Face,,ORIG_734,ORIG_699,PAIR_ORIG_699_ORIG_734,,,699
FFPP_0003000,FaceForensics++,FaceShifter/000_003.mp4,1,396,640,480,h264,0.85,FaceShifter,FaceShifter,,ORIG_003,ORIG_000,PAIR_ORIG_000_ORIG_003,,,0
FFPP_0003001,FaceForensics++,FaceShifter/001_870.mp4,1,460,1280,720,h264,2.75,FaceShifter,FaceShifter,,ORIG_870,ORIG_001,PAIR_ORIG_001_ORIG_870,,,1
FFPP_0003002,FaceForensics++,FaceShifter/002_006.mp4,1,693,1280,720,h264,2.1,FaceShifter,FaceShifter,,ORIG_006,ORIG_002,PAIR_ORIG_002_ORIG_006,,,2
FFPP_0003003,FaceForensics++,FaceShifter/003_000.mp4,1,303,640,480,h264,0.57,FaceShifter,FaceShifter,,ORIG_000,ORIG_003,PAIR_ORIG_000_ORIG_003,,,3
FFPP_0003004,FaceForensics++,FaceShifter/004_982.mp4,1,309,1280,720,h264,1.21,FaceShifter,FaceShifter,,ORIG_982,ORIG_004,PAIR_ORIG_004_ORIG_982,,,4
FFPP_0003005,FaceForensics++,FaceShifter/005_010.mp4,1,385,720,480,h264,1.5,FaceShifter,FaceShifter,,ORIG_010,ORIG_005,PAIR_ORIG_005_ORIG_010,,,5
FFPP_0003006,FaceForensics++,FaceShifter/006_002.mp4,1,310,1280,720,h264,0.85,FaceShifter,FaceShifter,,ORIG_002,ORIG_006,PAIR_ORIG_002_ORIG_006,,,6
FFPP_0003007,FaceForensics++,FaceShifter/007_132.mp4,1,505,600,480,h264,1.01,FaceShifter,FaceShifter,,ORIG_132,ORIG_007,PAIR_ORIG_007_ORIG_132,,,7
FFPP_0003008,FaceForensics++,FaceShifter/008_990.mp4,1,637,640,480,h264,0.97,FaceShifter,FaceShifter,,ORIG_990,ORIG_008,PAIR_ORIG_008_ORIG_990,,,8
FFPP_0003009,FaceForensics++,FaceShifter/009_027.mp4,1,588,640,480,h264,0.72,FaceShifter,FaceShifter,,ORIG_027,ORIG_009,PAIR_ORIG_009_ORIG_027,,,9
FFPP_0003010,FaceForensics++,FaceShifter/010_005.mp4,1,474,640,480,h264,1.4,FaceShifter,FaceShifter,,ORIG_005,ORIG_010,PAIR_ORIG_005_ORIG_010,,,10
FFPP_0003011,FaceForensics++,FaceShifter/011_805.mp4,1,632,1280,720,h264,3.55,FaceShifter,FaceShifter,,ORIG_805,ORIG_011,PAIR_ORIG_011_ORIG_805,,,11
FFPP_0003012,FaceForensics++,FaceShifter/012_026.mp4,1,363,640,480,h264,0.67,FaceShifter,FaceShifter,,ORIG_026,ORIG_012,PAIR_ORIG_012_ORIG_026,,,12
FFPP_0003013,FaceForensics++,FaceShifter/013_883.mp4,1,332,640,480,h264,0.6,FaceShifter,FaceShifter,,ORIG_883,ORIG_013,PAIR_ORIG_013_ORIG_883,,,13
FFPP_0003014,FaceForensics++,FaceShifter/014_790.mp4,1,676,640,480,h264,3.31,FaceShifter,FaceShifter,,ORIG_790,ORIG_014,PAIR_ORIG_014_ORIG_790,,,14
FFPP_0003015,FaceForensics++,FaceShifter/015_919.mp4,1,437,640,480,h264,0.83,FaceShifter,FaceShifter,,ORIG_919,ORIG_015,PAIR_ORIG_015_ORIG_919,,,15
FFPP_0003016,FaceForensics++,FaceShifter/016_209.mp4,1,678,640,480,h264,1.47,FaceShifter,FaceShifter,,ORIG_209,ORIG_016,PAIR_ORIG_016_ORIG_209,,,16
FFPP_0003017,FaceForensics++,FaceShifter/017_803.mp4,1,398,1280,720,h264,1.65,FaceShifter,FaceShifter,,ORIG_803,ORIG_017,PAIR_ORIG_017_ORIG_803,,,17
FFPP_0003018,FaceForensics++,FaceShifter/018_019.mp4,1,432,640,480,h264,0.39,FaceShifter,FaceShifter,,ORIG_019,ORIG_018,PAIR_ORIG_018_ORIG_019,,,18
FFPP_0003019,FaceForensics++,FaceShifter/019_018.mp4,1,1385,640,480,h264,2.28,FaceShifter,FaceShifter,,ORIG_018,ORIG_019,PAIR_ORIG_018_ORIG_019,,,19
FFPP_0003020,FaceForensics++,FaceShifter/020_344.mp4,1,390,1280,720,h264,1.78,FaceShifter,FaceShifter,,ORIG_344,ORIG_020,PAIR_ORIG_020_ORIG_344,,,20
FFPP_0003021,FaceForensics++,FaceShifter/021_312.mp4,1,431,654,480,h264,0.48,FaceShifter,FaceShifter,,ORIG_312,ORIG_021,PAIR_ORIG_021_ORIG_312,,,21
FFPP_0003022,FaceForensics++,FaceShifter/022_489.mp4,1,325,1280,720,h264,1.17,FaceShifter,FaceShifter,,ORIG_489,ORIG_022,PAIR_ORIG_022_ORIG_489,,,22
FFPP_0003023,FaceForensics++,FaceShifter/023_923.mp4,1,553,640,480,h264,1.72,FaceShifter,FaceShifter,,ORIG_923,ORIG_023,PAIR_ORIG_023_ORIG_923,,,23
FFPP_0003024,FaceForensics++,FaceShifter/024_073.mp4,1,306,640,480,h264,0.51,FaceShifter,FaceShifter,,ORIG_073,ORIG_024,PAIR_ORIG_024_ORIG_073,,,24
FFPP_0003025,FaceForensics++,FaceShifter/025_067.mp4,1,747,1440,1080,h264,3.25,FaceShifter,FaceShifter,,ORIG_067,ORIG_025,PAIR_ORIG_025_ORIG_067,,,25
FFPP_0003026,FaceForensics++,FaceShifter/026_012.mp4,1,322,640,480,h264,0.48,FaceShifter,FaceShifter,,ORIG_012,ORIG_026,PAIR_ORIG_012_ORIG_026,,,26
FFPP_0003027,FaceForensics++,FaceShifter/027_009.mp4,1,315,640,480,h264,0.85,FaceShifter,FaceShifter,,ORIG_009,ORIG_027,PAIR_ORIG_009_ORIG_027,,,27
FFPP_0003028,FaceForensics++,FaceShifter/028_068.mp4,1,434,848,480,h264,0.82,FaceShifter,FaceShifter,,ORIG_068,ORIG_028,PAIR_ORIG_028_ORIG_068,,,28
FFPP_0003029,FaceForensics++,FaceShifter/029_048.mp4,1,416,586,480,h264,0.46,FaceShifter,FaceShifter,,ORIG_048,ORIG_029,PAIR_ORIG_029_ORIG_048,,,29
FFPP_0003030,FaceForensics++,FaceShifter/030_193.mp4,1,297,1920,1080,h264,3.65,FaceShifter,FaceShifter,,ORIG_193,ORIG_030,PAIR_ORIG_030_ORIG_193,,,30
FFPP_0003031,FaceForensics++,FaceShifter/031_163.mp4,1,482,1280,720,h264,1.53,FaceShifter,FaceShifter,,ORIG_163,ORIG_031,PAIR_ORIG_031_ORIG_163,,,31
FFPP_0003032,FaceForensics++,FaceShifter/032_944.mp4,1,310,1280,720,h264,1.67,FaceShifter,FaceShifter,,ORIG_944,ORIG_032,PAIR_ORIG_032_ORIG_944,,,32
FFPP_0003033,FaceForensics++,FaceShifter/033_097.mp4,1,809,854,480,h264,1.77,FaceShifter,FaceShifter,,ORIG_097,ORIG_033,PAIR_ORIG_033_ORIG_097,,,33
FFPP_0003034,FaceForensics++,FaceShifter/034_590.mp4,1,407,960,720,h264,1.18,FaceShifter,FaceShifter,,ORIG_590,ORIG_034,PAIR_ORIG_034_ORIG_590,,,34
FFPP_0003035,FaceForensics++,FaceShifter/035_036.mp4,1,423,640,480,h264,0.55,FaceShifter,FaceShifter,,ORIG_036,ORIG_035,PAIR_ORIG_035_ORIG_036,,,35
FFPP_0003036,FaceForensics++,FaceShifter/036_035.mp4,1,337,640,480,h264,0.92,FaceShifter,FaceShifter,,ORIG_035,ORIG_036,PAIR_ORIG_035_ORIG_036,,,36
FFPP_0003037,FaceForensics++,FaceShifter/037_072.mp4,1,454,656,480,h264,0.74,FaceShifter,FaceShifter,,ORIG_072,ORIG_037,PAIR_ORIG_037_ORIG_072,,,37
FFPP_0003038,FaceForensics++,FaceShifter/038_125.mp4,1,305,854,480,h264,0.55,FaceShifter,FaceShifter,,ORIG_125,ORIG_038,PAIR_ORIG_038_ORIG_125,,,38
FFPP_0003039,FaceForensics++,FaceShifter/039_058.mp4,1,609,654,480,h264,1.05,FaceShifter,FaceShifter,,ORIG_058,ORIG_039,PAIR_ORIG_039_ORIG_058,,,39
FFPP_0003040,FaceForensics++,FaceShifter/040_997.mp4,1,548,1280,720,h264,2.8,FaceShifter,FaceShifter,,ORIG_997,ORIG_040,PAIR_ORIG_040_ORIG_997,,,40
FFPP_0003041,FaceForensics++,FaceShifter/041_063.mp4,1,349,656,480,h264,0.67,FaceShifter,FaceShifter,,ORIG_063,ORIG_041,PAIR_ORIG_041_ORIG_063,,,41
FFPP_0003042,FaceForensics++,FaceShifter/042_084.mp4,1,338,640,480,h264,1.14,FaceShifter,FaceShifter,,ORIG_084,ORIG_042,PAIR_ORIG_042_ORIG_084,,,42
FFPP_0003043,FaceForensics++,FaceShifter/043_110.mp4,1,495,1280,720,h264,1.56,FaceShifter,FaceShifter,,ORIG_110,ORIG_043,PAIR_ORIG_043_ORIG_110,,,43
FFPP_0003044,FaceForensics++,FaceShifter/044_945.mp4,1,335,1280,720,h264,1.79,FaceShifter,FaceShifter,,ORIG_945,ORIG_044,PAIR_ORIG_044_ORIG_945,,,44
FFPP_0003045,FaceForensics++,FaceShifter/045_889.mp4,1,350,1920,1080,h264,4.74,FaceShifter,FaceShifter,,ORIG_889,ORIG_045,PAIR_ORIG_045_ORIG_889,,,45
FFPP_0003046,FaceForensics++,FaceShifter/046_904.mp4,1,504,1280,720,h264,2.21,FaceShifter,FaceShifter,,ORIG_904,ORIG_046,PAIR_ORIG_046_ORIG_904,,,46
FFPP_0003047,FaceForensics++,FaceShifter/047_862.mp4,1,319,854,480,h264,0.5,FaceShifter,FaceShifter,,ORIG_862,ORIG_047,PAIR_ORIG_047_ORIG_862,,,47
FFPP_0003048,FaceForensics++,FaceShifter/048_029.mp4,1,485,640,480,h264,1.11,FaceShifter,FaceShifter,,ORIG_029,ORIG_048,PAIR_ORIG_029_ORIG_048,,,48
FFPP_0003049,FaceForensics++,FaceShifter/049_946.mp4,1,360,640,480,h264,0.45,FaceShifter,FaceShifter,,ORIG_946,ORIG_049,PAIR_ORIG_049_ORIG_946,,,49
FFPP_0003050,FaceForensics++,FaceShifter/050_059.mp4,1,530,640,480,h264,0.58,FaceShifter,FaceShifter,,ORIG_059,ORIG_050,PAIR_ORIG_050_ORIG_059,,,50
FFPP_0003051,FaceForensics++,FaceShifter/051_332.mp4,1,717,1280,720,h264,2.5,FaceShifter,FaceShifter,,ORIG_332,ORIG_051,PAIR_ORIG_051_ORIG_332,,,51
FFPP_0003052,FaceForensics++,FaceShifter/052_108.mp4,1,323,1920,1080,h264,2.99,FaceShifter,FaceShifter,,ORIG_108,ORIG_052,PAIR_ORIG_052_ORIG_108,,,52
FFPP_0003053,FaceForensics++,FaceShifter/053_095.mp4,1,417,656,480,h264,0.6,FaceShifter,FaceShifter,,ORIG_095,ORIG_053,PAIR_ORIG_053_ORIG_095,,,53
FFPP_0003054,FaceForensics++,FaceShifter/054_071.mp4,1,368,640,480,h264,0.69,FaceShifter,FaceShifter,,ORIG_071,ORIG_054,PAIR_ORIG_054_ORIG_071,,,54
FFPP_0003055,FaceForensics++,FaceShifter/055_147.mp4,1,394,640,480,h264,0.56,FaceShifter,FaceShifter,,ORIG_147,ORIG_055,PAIR_ORIG_055_ORIG_147,,,55
FFPP_0003056,FaceForensics++,FaceShifter/056_996.mp4,1,373,1280,720,h264,1.11,FaceShifter,FaceShifter,,ORIG_996,ORIG_056,PAIR_ORIG_056_ORIG_996,,,56
FFPP_0003057,FaceForensics++,FaceShifter/057_070.mp4,1,431,656,480,h264,1.24,FaceShifter,FaceShifter,,ORIG_070,ORIG_057,PAIR_ORIG_057_ORIG_070,,,57
FFPP_0003058,FaceForensics++,FaceShifter/058_039.mp4,1,669,720,480,h264,1.14,FaceShifter,FaceShifter,,ORIG_039,ORIG_058,PAIR_ORIG_039_ORIG_058,,,58
FFPP_0003059,FaceForensics++,FaceShifter/059_050.mp4,1,721,640,480,h264,1.49,FaceShifter,FaceShifter,,ORIG_050,ORIG_059,PAIR_ORIG_050_ORIG_059,,,59
FFPP_0003060,FaceForensics++,FaceShifter/060_088.mp4,1,844,600,480,h264,4.06,FaceShifter,FaceShifter,,ORIG_088,ORIG_060,PAIR_ORIG_060_ORIG_088,,,60
FFPP_0003061,FaceForensics++,FaceShifter/061_080.mp4,1,337,654,480,h264,0.69,FaceShifter,FaceShifter,,ORIG_080,ORIG_061,PAIR_ORIG_061_ORIG_080,,,61
FFPP_0003062,FaceForensics++,FaceShifter/062_066.mp4,1,423,640,480,h264,0.64,FaceShifter,FaceShifter,,ORIG_066,ORIG_062,PAIR_ORIG_062_ORIG_066,,,62
FFPP_0003063,FaceForensics++,FaceShifter/063_041.mp4,1,930,640,480,h264,2.01,FaceShifter,FaceShifter,,ORIG_041,ORIG_063,PAIR_ORIG_041_ORIG_063,,,63
FFPP_0003064,FaceForensics++,FaceShifter/064_991.mp4,1,402,640,480,h264,0.86,FaceShifter,FaceShifter,,ORIG_991,ORIG_064,PAIR_ORIG_064_ORIG_991,,,64
FFPP_0003065,FaceForensics++,FaceShifter/065_089.mp4,1,442,1280,720,h264,3.33,FaceShifter,FaceShifter,,ORIG_089,ORIG_065,PAIR_ORIG_065_ORIG_089,,,65
FFPP_0003066,FaceForensics++,FaceShifter/066_062.mp4,1,435,720,480,h264,1.49,FaceShifter,FaceShifter,,ORIG_062,ORIG_066,PAIR_ORIG_062_ORIG_066,,,66
FFPP_0003067,FaceForensics++,FaceShifter/067_025.mp4,1,538,1280,720,h264,2.09,FaceShifter,FaceShifter,,ORIG_025,ORIG_067,PAIR_ORIG_025_ORIG_067,,,67
FFPP_0003068,FaceForensics++,FaceShifter/068_028.mp4,1,401,640,480,h264,0.75,FaceShifter,FaceShifter,,ORIG_028,ORIG_068,PAIR_ORIG_028_ORIG_068,,,68
FFPP_0003069,FaceForensics++,FaceShifter/069_961.mp4,1,774,1280,720,h264,4.48,FaceShifter,FaceShifter,,ORIG_961,ORIG_069,PAIR_ORIG_069_ORIG_961,,,69
FFPP_0003070,FaceForensics++,FaceShifter/070_057.mp4,1,367,640,480,h264,0.8,FaceShifter,FaceShifter,,ORIG_057,ORIG_070,PAIR_ORIG_057_ORIG_070,,,70
FFPP_0003071,FaceForensics++,FaceShifter/071_054.mp4,1,453,654,480,h264,1.32,FaceShifter,FaceShifter,,ORIG_054,ORIG_071,PAIR_ORIG_054_ORIG_071,,,71
FFPP_0003072,FaceForensics++,FaceShifter/072_037.mp4,1,311,656,480,h264,0.83,FaceShifter,FaceShifter,,ORIG_037,ORIG_072,PAIR_ORIG_037_ORIG_072,,,72
FFPP_0003073,FaceForensics++,FaceShifter/073_024.mp4,1,703,1280,720,h264,2.73,FaceShifter,FaceShifter,,ORIG_024,ORIG_073,PAIR_ORIG_024_ORIG_073,,,73
FFPP_0003074,FaceForensics++,FaceShifter/074_825.mp4,1,345,1920,1080,h264,2.84,FaceShifter,FaceShifter,,ORIG_825,ORIG_074,PAIR_ORIG_074_ORIG_825,,,74
FFPP_0003075,FaceForensics++,FaceShifter/075_977.mp4,1,613,1280,720,h264,3.12,FaceShifter,FaceShifter,,ORIG_977,ORIG_075,PAIR_ORIG_075_ORIG_977,,,75
FFPP_0003076,FaceForensics++,FaceShifter/076_079.mp4,1,329,1280,720,h264,1.26,FaceShifter,FaceShifter,,ORIG_079,ORIG_076,PAIR_ORIG_076_ORIG_079,,,76
FFPP_0003077,FaceForensics++,FaceShifter/077_100.mp4,1,611,640,480,h264,0.86,FaceShifter,FaceShifter,,ORIG_100,ORIG_077,PAIR_ORIG_077_ORIG_100,,,77
FFPP_0003078,FaceForensics++,FaceShifter/078_955.mp4,1,523,1280,720,h264,2.21,FaceShifter,FaceShifter,,ORIG_955,ORIG_078,PAIR_ORIG_078_ORIG_955,,,78
FFPP_0003079,FaceForensics++,FaceShifter/079_076.mp4,1,424,1280,720,h264,1.68,FaceShifter,FaceShifter,,ORIG_076,ORIG_079,PAIR_ORIG_076_ORIG_079,,,79
FFPP_0003080,FaceForensics++,FaceShifter/080_061.mp4,1,483,656,480,h264,0.54,FaceShifter,FaceShifter,,ORIG_061,ORIG_080,PAIR_ORIG_061_ORIG_080,,,80
FFPP_0003081,FaceForensics++,FaceShifter/081_087.mp4,1,1170,600,480,h264,2.16,FaceShifter,FaceShifter,,ORIG_087,ORIG_081,PAIR_ORIG_081_ORIG_087,,,81
FFPP_0003082,FaceForensics++,FaceShifter/082_103.mp4,1,316,640,480,h264,0.6,FaceShifter,FaceShifter,,ORIG_103,ORIG_082,PAIR_ORIG_082_ORIG_103,,,82
FFPP_0003083,FaceForensics++,FaceShifter/083_213.mp4,1,545,1920,1080,h264,5.22,FaceShifter,FaceShifter,,ORIG_213,ORIG_083,PAIR_ORIG_083_ORIG_213,,,83
FFPP_0003084,FaceForensics++,FaceShifter/084_042.mp4,1,375,1920,1080,h264,4.6,FaceShifter,FaceShifter,,ORIG_042,ORIG_084,PAIR_ORIG_042_ORIG_084,,,84
FFPP_0003085,FaceForensics++,FaceShifter/085_124.mp4,1,329,640,480,h264,1.77,FaceShifter,FaceShifter,,ORIG_124,ORIG_085,PAIR_ORIG_085_ORIG_124,,,85
FFPP_0003086,FaceForensics++,FaceShifter/086_090.mp4,1,935,1280,720,h264,2.63,FaceShifter,FaceShifter,,ORIG_090,ORIG_086,PAIR_ORIG_086_ORIG_090,,,86
FFPP_0003087,FaceForensics++,FaceShifter/087_081.mp4,1,309,640,480,h264,0.37,FaceShifter,FaceShifter,,ORIG_081,ORIG_087,PAIR_ORIG_081_ORIG_087,,,87
FFPP_0003088,FaceForensics++,FaceShifter/088_060.mp4,1,665,640,480,h264,2.06,FaceShifter,FaceShifter,,ORIG_060,ORIG_088,PAIR_ORIG_060_ORIG_088,,,88
FFPP_0003089,FaceForensics++,FaceShifter/089_065.mp4,1,751,1280,720,h264,3.09,FaceShifter,FaceShifter,,ORIG_065,ORIG_089,PAIR_ORIG_065_ORIG_089,,,89
FFPP_0003090,FaceForensics++,FaceShifter/090_086.mp4,1,687,1280,720,h264,4.47,FaceShifter,FaceShifter,,ORIG_086,ORIG_090,PAIR_ORIG_086_ORIG_090,,,90
FFPP_0003091,FaceForensics++,FaceShifter/091_116.mp4,1,639,658,480,h264,1.53,FaceShifter,FaceShifter,,ORIG_116,ORIG_091,PAIR_ORIG_091_ORIG_116,,,91
FFPP_0003092,FaceForensics++,FaceShifter/092_098.mp4,1,460,720,480,h264,0.95,FaceShifter,FaceShifter,,ORIG_098,ORIG_092,PAIR_ORIG_092_ORIG_098,,,92
FFPP_0003093,FaceForensics++,FaceShifter/093_121.mp4,1,308,1280,720,h264,2.3,FaceShifter,FaceShifter,,ORIG_121,ORIG_093,PAIR_ORIG_093_ORIG_121,,,93
FFPP_0003094,FaceForensics++,FaceShifter/094_111.mp4,1,559,1280,720,h264,2.45,FaceShifter,FaceShifter,,ORIG_111,ORIG_094,PAIR_ORIG_094_ORIG_111,,,94
FFPP_0003095,FaceForensics++,FaceShifter/095_053.mp4,1,1006,640,480,h264,2.07,FaceShifter,FaceShifter,,ORIG_053,ORIG_095,PAIR_ORIG_053_ORIG_095,,,95
FFPP_0003096,FaceForensics++,FaceShifter/096_101.mp4,1,504,1920,1080,h264,5.05,FaceShifter,FaceShifter,,ORIG_101,ORIG_096,PAIR_ORIG_096_ORIG_101,,,96
FFPP_0003097,FaceForensics++,FaceShifter/097_033.mp4,1,478,640,480,h264,0.97,FaceShifter,FaceShifter,,ORIG_033,ORIG_097,PAIR_ORIG_033_ORIG_097,,,97
FFPP_0003098,FaceForensics++,FaceShifter/098_092.mp4,1,299,656,480,h264,0.39,FaceShifter,FaceShifter,,ORIG_092,ORIG_098,PAIR_ORIG_092_ORIG_098,,,98
FFPP_0003099,FaceForensics++,FaceShifter/099_295.mp4,1,613,1920,1080,h264,10.12,FaceShifter,FaceShifter,,ORIG_295,ORIG_099,PAIR_ORIG_099_ORIG_295,,,99
FFPP_0003100,FaceForensics++,FaceShifter/100_077.mp4,1,423,640,480,h264,0.86,FaceShifter,FaceShifter,,ORIG_077,ORIG_100,PAIR_ORIG_077_ORIG_100,,,100
FFPP_0003101,FaceForensics++,FaceShifter/101_096.mp4,1,1148,854,480,h264,2.25,FaceShifter,FaceShifter,,ORIG_096,ORIG_101,PAIR_ORIG_096_ORIG_101,,,101
FFPP_0003102,FaceForensics++,FaceShifter/102_114.mp4,1,389,720,480,h264,0.95,FaceShifter,FaceShifter,,ORIG_114,ORIG_102,PAIR_ORIG_102_ORIG_114,,,102
FFPP_0003103,FaceForensics++,FaceShifter/103_082.mp4,1,595,656,480,h264,1.7,FaceShifter,FaceShifter,,ORIG_082,ORIG_103,PAIR_ORIG_082_ORIG_103,,,103
FFPP_0003104,FaceForensics++,FaceShifter/104_126.mp4,1,462,640,480,h264,1.22,FaceShifter,FaceShifter,,ORIG_126,ORIG_104,PAIR_ORIG_104_ORIG_126,,,104
FFPP_0003105,FaceForensics++,FaceShifter/105_180.mp4,1,300,640,480,h264,1.11,FaceShifter,FaceShifter,,ORIG_180,ORIG_105,PAIR_ORIG_105_ORIG_180,,,105
FFPP_0003106,FaceForensics++,FaceShifter/106_198.mp4,1,356,854,480,h264,0.47,FaceShifter,FaceShifter,,ORIG_198,ORIG_106,PAIR_ORIG_106_ORIG_198,,,106
FFPP_0003107,FaceForensics++,FaceShifter/107_109.mp4,1,556,640,480,h264,1.07,FaceShifter,FaceShifter,,ORIG_109,ORIG_107,PAIR_ORIG_107_ORIG_109,,,107
FFPP_0003108,FaceForensics++,FaceShifter/108_052.mp4,1,300,1440,1080,h264,3.7,FaceShifter,FaceShifter,,ORIG_052,ORIG_108,PAIR_ORIG_052_ORIG_108,,,108
FFPP_0003109,FaceForensics++,FaceShifter/109_107.mp4,1,298,640,480,h264,0.96,FaceShifter,FaceShifter,,ORIG_107,ORIG_109,PAIR_ORIG_107_ORIG_109,,,109
FFPP_0003110,FaceForensics++,FaceShifter/110_043.mp4,1,565,960,720,h264,1.22,FaceShifter,FaceShifter,,ORIG_043,ORIG_110,PAIR_ORIG_043_ORIG_110,,,110
FFPP_0003111,FaceForensics++,FaceShifter/111_094.mp4,1,433,640,480,h264,0.87,FaceShifter,FaceShifter,,ORIG_094,ORIG_111,PAIR_ORIG_094_ORIG_111,,,111
FFPP_0003112,FaceForensics++,FaceShifter/112_892.mp4,1,418,1920,1080,h264,6.06,FaceShifter,FaceShifter,,ORIG_892,ORIG_112,PAIR_ORIG_112_ORIG_892,,,112
FFPP_0003113,FaceForensics++,FaceShifter/113_983.mp4,1,841,1280,720,h264,4.05,FaceShifter,FaceShifter,,ORIG_983,ORIG_113,PAIR_ORIG_113_ORIG_983,,,113
FFPP_0003114,FaceForensics++,FaceShifter/114_102.mp4,1,1269,640,480,h264,2.53,FaceShifter,FaceShifter,,ORIG_102,ORIG_114,PAIR_ORIG_102_ORIG_114,,,114
FFPP_0003115,FaceForensics++,FaceShifter/115_939.mp4,1,320,1280,720,h264,1.3,FaceShifter,FaceShifter,,ORIG_939,ORIG_115,PAIR_ORIG_115_ORIG_939,,,115
FFPP_0003116,FaceForensics++,FaceShifter/116_091.mp4,1,327,640,480,h264,0.64,FaceShifter,FaceShifter,,ORIG_091,ORIG_116,PAIR_ORIG_091_ORIG_116,,,116
FFPP_0003117,FaceForensics++,FaceShifter/117_217.mp4,1,548,1280,720,h264,3.86,FaceShifter,FaceShifter,,ORIG_217,ORIG_117,PAIR_ORIG_117_ORIG_217,,,117
FFPP_0003118,FaceForensics++,FaceShifter/118_120.mp4,1,352,852,480,h264,0.94,FaceShifter,FaceShifter,,ORIG_120,ORIG_118,PAIR_ORIG_118_ORIG_120,,,118
FFPP_0003119,FaceForensics++,FaceShifter/119_123.mp4,1,502,640,480,h264,0.8,FaceShifter,FaceShifter,,ORIG_123,ORIG_119,PAIR_ORIG_119_ORIG_123,,,119
FFPP_0003120,FaceForensics++,FaceShifter/120_118.mp4,1,405,640,480,h264,1.05,FaceShifter,FaceShifter,,ORIG_118,ORIG_120,PAIR_ORIG_118_ORIG_120,,,120
FFPP_0003121,FaceForensics++,FaceShifter/121_093.mp4,1,553,1920,1080,h264,4.3,FaceShifter,FaceShifter,,ORIG_093,ORIG_121,PAIR_ORIG_093_ORIG_121,,,121
FFPP_0003122,FaceForensics++,FaceShifter/122_144.mp4,1,309,1264,720,h264,1.68,FaceShifter,FaceShifter,,ORIG_144,ORIG_122,PAIR_ORIG_122_ORIG_144,,,122
FFPP_0003123,FaceForensics++,FaceShifter/123_119.mp4,1,514,640,480,h264,1.13,FaceShifter,FaceShifter,,ORIG_119,ORIG_123,PAIR_ORIG_119_ORIG_123,,,123
FFPP_0003124,FaceForensics++,FaceShifter/124_085.mp4,1,318,600,480,h264,0.67,FaceShifter,FaceShifter,,ORIG_085,ORIG_124,PAIR_ORIG_085_ORIG_124,,,124
FFPP_0003125,FaceForensics++,FaceShifter/125_038.mp4,1,500,1280,720,h264,2.33,FaceShifter,FaceShifter,,ORIG_038,ORIG_125,PAIR_ORIG_038_ORIG_125,,,125
FFPP_0003126,FaceForensics++,FaceShifter/126_104.mp4,1,328,640,480,h264,0.67,FaceShifter,FaceShifter,,ORIG_104,ORIG_126,PAIR_ORIG_104_ORIG_126,,,126
FFPP_0003127,FaceForensics++,FaceShifter/127_129.mp4,1,864,1280,720,h264,2.94,FaceShifter,FaceShifter,,ORIG_129,ORIG_127,PAIR_ORIG_127_ORIG_129,,,127
FFPP_0003128,FaceForensics++,FaceShifter/128_896.mp4,1,735,640,480,h264,1.23,FaceShifter,FaceShifter,,ORIG_896,ORIG_128,PAIR_ORIG_128_ORIG_896,,,128
FFPP_0003129,FaceForensics++,FaceShifter/129_127.mp4,1,330,1280,720,h264,1.65,FaceShifter,FaceShifter,,ORIG_127,ORIG_129,PAIR_ORIG_127_ORIG_129,,,129
FFPP_0003130,FaceForensics++,FaceShifter/130_139.mp4,1,662,656,480,h264,2.13,FaceShifter,FaceShifter,,ORIG_139,ORIG_130,PAIR_ORIG_130_ORIG_139,,,130
FFPP_0003131,FaceForensics++,FaceShifter/131_518.mp4,1,306,600,480,h264,0.54,FaceShifter,FaceShifter,,ORIG_518,ORIG_131,PAIR_ORIG_131_ORIG_518,,,131
FFPP_0003132,FaceForensics++,FaceShifter/132_007.mp4,1,413,640,480,h264,0.38,FaceShifter,FaceShifter,,ORIG_007,ORIG_132,PAIR_ORIG_007_ORIG_132,,,132
FFPP_0003133,FaceForensics++,FaceShifter/133_148.mp4,1,767,720,480,h264,1.07,FaceShifter,FaceShifter,,ORIG_148,ORIG_133,PAIR_ORIG_133_ORIG_148,,,133
FFPP_0003134,FaceForensics++,FaceShifter/134_192.mp4,1,346,1280,720,h264,1.95,FaceShifter,FaceShifter,,ORIG_192,ORIG_134,PAIR_ORIG_134_ORIG_192,,,134
FFPP_0003135,FaceForensics++,FaceShifter/135_880.mp4,1,327,1280,720,h264,1.25,FaceShifter,FaceShifter,,ORIG_880,ORIG_135,PAIR_ORIG_135_ORIG_880,,,135
FFPP_0003136,FaceForensics++,FaceShifter/136_285.mp4,1,611,1280,720,h264,3.54,FaceShifter,FaceShifter,,ORIG_285,ORIG_136,PAIR_ORIG_136_ORIG_285,,,136
FFPP_0003137,FaceForensics++,FaceShifter/137_165.mp4,1,606,720,480,h264,2.07,FaceShifter,FaceShifter,,ORIG_165,ORIG_137,PAIR_ORIG_137_ORIG_165,,,137
FFPP_0003138,FaceForensics++,FaceShifter/138_142.mp4,1,410,600,480,h264,0.42,FaceShifter,FaceShifter,,ORIG_142,ORIG_138,PAIR_ORIG_138_ORIG_142,,,138
FFPP_0003139,FaceForensics++,FaceShifter/139_130.mp4,1,378,600,480,h264,0.53,FaceShifter,FaceShifter,,ORIG_130,ORIG_139,PAIR_ORIG_130_ORIG_139,,,139
FFPP_0003140,FaceForensics++,FaceShifter/140_143.mp4,1,485,640,480,h264,2.22,FaceShifter,FaceShifter,,ORIG_143,ORIG_140,PAIR_ORIG_140_ORIG_143,,,140
FFPP_0003141,FaceForensics++,FaceShifter/141_161.mp4,1,508,854,480,h264,1.16,FaceShifter,FaceShifter,,ORIG_161,ORIG_141,PAIR_ORIG_141_ORIG_161,,,141
FFPP_0003142,FaceForensics++,FaceShifter/142_138.mp4,1,962,600,480,h264,1.33,FaceShifter,FaceShifter,,ORIG_138,ORIG_142,PAIR_ORIG_138_ORIG_142,,,142
FFPP_0003143,FaceForensics++,FaceShifter/143_140.mp4,1,414,640,480,h264,0.66,FaceShifter,FaceShifter,,ORIG_140,ORIG_143,PAIR_ORIG_140_ORIG_143,,,143
FFPP_0003144,FaceForensics++,FaceShifter/144_122.mp4,1,344,1280,720,h264,1.19,FaceShifter,FaceShifter,,ORIG_122,ORIG_144,PAIR_ORIG_122_ORIG_144,,,144
FFPP_0003145,FaceForensics++,FaceShifter/145_299.mp4,1,475,600,480,h264,0.55,FaceShifter,FaceShifter,,ORIG_299,ORIG_145,PAIR_ORIG_145_ORIG_299,,,145
FFPP_0003146,FaceForensics++,FaceShifter/146_256.mp4,1,1003,1280,720,h264,6.53,FaceShifter,FaceShifter,,ORIG_256,ORIG_146,PAIR_ORIG_146_ORIG_256,,,146
FFPP_0003147,FaceForensics++,FaceShifter/147_055.mp4,1,667,600,480,h264,1.27,FaceShifter,FaceShifter,,ORIG_055,ORIG_147,PAIR_ORIG_055_ORIG_147,,,147
FFPP_0003148,FaceForensics++,FaceShifter/148_133.mp4,1,475,640,480,h264,0.72,FaceShifter,FaceShifter,,ORIG_133,ORIG_148,PAIR_ORIG_133_ORIG_148,,,148
FFPP_0003149,FaceForensics++,FaceShifter/149_152.mp4,1,363,854,480,h264,0.85,FaceShifter,FaceShifter,,ORIG_152,ORIG_149,PAIR_ORIG_149_ORIG_152,,,149
FFPP_0003150,FaceForensics++,FaceShifter/150_153.mp4,1,456,854,480,h264,0.56,FaceShifter,FaceShifter,,ORIG_153,ORIG_150,PAIR_ORIG_150_ORIG_153,,,150
FFPP_0003151,FaceForensics++,FaceShifter/151_225.mp4,1,347,1280,720,h264,2.03,FaceShifter,FaceShifter,,ORIG_225,ORIG_151,PAIR_ORIG_151_ORIG_225,,,151
FFPP_0003152,FaceForensics++,FaceShifter/152_149.mp4,1,313,656,480,h264,0.67,FaceShifter,FaceShifter,,ORIG_149,ORIG_152,PAIR_ORIG_149_ORIG_152,,,152
FFPP_0003153,FaceForensics++,FaceShifter/153_150.mp4,1,732,640,480,h264,2.02,FaceShifter,FaceShifter,,ORIG_150,ORIG_153,PAIR_ORIG_150_ORIG_153,,,153
FFPP_0003154,FaceForensics++,FaceShifter/154_386.mp4,1,594,1280,720,h264,2.9,FaceShifter,FaceShifter,,ORIG_386,ORIG_154,PAIR_ORIG_154_ORIG_386,,,154
FFPP_0003155,FaceForensics++,FaceShifter/155_576.mp4,1,829,854,480,h264,1.98,FaceShifter,FaceShifter,,ORIG_576,ORIG_155,PAIR_ORIG_155_ORIG_576,,,155
FFPP_0003156,FaceForensics++,FaceShifter/156_243.mp4,1,518,640,480,h264,1.12,FaceShifter,FaceShifter,,ORIG_243,ORIG_156,PAIR_ORIG_156_ORIG_243,,,156
FFPP_0003157,FaceForensics++,FaceShifter/157_245.mp4,1,486,656,480,h264,0.7,FaceShifter,FaceShifter,,ORIG_245,ORIG_157,PAIR_ORIG_157_ORIG_245,,,157
FFPP_0003158,FaceForensics++,FaceShifter/158_379.mp4,1,444,640,480,h264,0.74,FaceShifter,FaceShifter,,ORIG_379,ORIG_158,PAIR_ORIG_158_ORIG_379,,,158
FFPP_0003159,FaceForensics++,FaceShifter/159_175.mp4,1,325,600,480,h264,0.91,FaceShifter,FaceShifter,,ORIG_175,ORIG_159,PAIR_ORIG_159_ORIG_175,,,159
FFPP_0003160,FaceForensics++,FaceShifter/160_928.mp4,1,534,1280,720,h264,2.24,FaceShifter,FaceShifter,,ORIG_928,ORIG_160,PAIR_ORIG_160_ORIG_928,,,160
FFPP_0003161,FaceForensics++,FaceShifter/161_141.mp4,1,369,640,480,h264,0.62,FaceShifter,FaceShifter,,ORIG_141,ORIG_161,PAIR_ORIG_141_ORIG_161,,,161
FFPP_0003162,FaceForensics++,FaceShifter/162_330.mp4,1,685,1280,720,h264,2.87,FaceShifter,FaceShifter,,ORIG_330,ORIG_162,PAIR_ORIG_162_ORIG_330,,,162
FFPP_0003163,FaceForensics++,FaceShifter/163_031.mp4,1,304,1280,720,h264,0.84,FaceShifter,FaceShifter,,ORIG_031,ORIG_163,PAIR_ORIG_031_ORIG_163,,,163
FFPP_0003164,FaceForensics++,FaceShifter/164_216.mp4,1,1021,854,480,h264,2.62,FaceShifter,FaceShifter,,ORIG_216,ORIG_164,PAIR_ORIG_164_ORIG_216,,,164
FFPP_0003165,FaceForensics++,FaceShifter/165_137.mp4,1,387,656,480,h264,0.66,FaceShifter,FaceShifter,,ORIG_137,ORIG_165,PAIR_ORIG_137_ORIG_165,,,165
FFPP_0003166,FaceForensics++,FaceShifter/166_167.mp4,1,756,640,480,h264,1.19,FaceShifter,FaceShifter,,ORIG_167,ORIG_166,PAIR_ORIG_166_ORIG_167,,,166
FFPP_0003167,FaceForensics++,FaceShifter/167_166.mp4,1,341,854,480,h264,0.81,FaceShifter,FaceShifter,,ORIG_166,ORIG_167,PAIR_ORIG_166_ORIG_167,,,167
FFPP_0003168,FaceForensics++,FaceShifter/168_222.mp4,1,1228,640,480,h264,1.53,FaceShifter,FaceShifter,,ORIG_222,ORIG_168,PAIR_ORIG_168_ORIG_222,,,168
FFPP_0003169,FaceForensics++,FaceShifter/169_227.mp4,1,649,640,480,h264,0.88,FaceShifter,FaceShifter,,ORIG_227,ORIG_169,PAIR_ORIG_169_ORIG_227,,,169
FFPP_0003170,FaceForensics++,FaceShifter/170_186.mp4,1,504,1920,1080,h264,4.41,FaceShifter,FaceShifter,,ORIG_186,ORIG_170,PAIR_ORIG_170_ORIG_186,,,170
FFPP_0003171,FaceForensics++,FaceShifter/171_173.mp4,1,541,1280,720,h264,2.62,FaceShifter,FaceShifter,,ORIG_173,ORIG_171,PAIR_ORIG_171_ORIG_173,,,171
FFPP_0003172,FaceForensics++,FaceShifter/172_582.mp4,1,752,640,480,h264,1.1,FaceShifter,FaceShifter,,ORIG_582,ORIG_172,PAIR_ORIG_172_ORIG_582,,,172
FFPP_0003173,FaceForensics++,FaceShifter/173_171.mp4,1,721,1280,720,h264,4.1,FaceShifter,FaceShifter,,ORIG_171,ORIG_173,PAIR_ORIG_171_ORIG_173,,,173
FFPP_0003174,FaceForensics++,FaceShifter/174_964.mp4,1,414,1280,720,h264,0.71,FaceShifter,FaceShifter,,ORIG_964,ORIG_174,PAIR_ORIG_174_ORIG_964,,,174
FFPP_0003175,FaceForensics++,FaceShifter/175_159.mp4,1,504,640,480,h264,1.11,FaceShifter,FaceShifter,,ORIG_159,ORIG_175,PAIR_ORIG_159_ORIG_175,,,175
FFPP_0003176,FaceForensics++,FaceShifter/176_190.mp4,1,376,1920,1080,h264,4.57,FaceShifter,FaceShifter,,ORIG_190,ORIG_176,PAIR_ORIG_176_ORIG_190,,,176
FFPP_0003177,FaceForensics++,FaceShifter/177_211.mp4,1,410,854,480,h264,1.15,FaceShifter,FaceShifter,,ORIG_211,ORIG_177,PAIR_ORIG_177_ORIG_211,,,177
FFPP_0003178,FaceForensics++,FaceShifter/178_598.mp4,1,521,640,480,h264,0.51,FaceShifter,FaceShifter,,ORIG_598,ORIG_178,PAIR_ORIG_178_ORIG_598,,,178
FFPP_0003179,FaceForensics++,FaceShifter/179_212.mp4,1,1260,640,480,h264,1.76,FaceShifter,FaceShifter,,ORIG_212,ORIG_179,PAIR_ORIG_179_ORIG_212,,,179
FFPP_0003180,FaceForensics++,FaceShifter/180_105.mp4,1,569,640,480,h264,1.25,FaceShifter,FaceShifter,,ORIG_105,ORIG_180,PAIR_ORIG_105_ORIG_180,,,180
FFPP_0003181,FaceForensics++,FaceShifter/181_199.mp4,1,478,640,480,h264,0.68,FaceShifter,FaceShifter,,ORIG_199,ORIG_181,PAIR_ORIG_181_ORIG_199,,,181
FFPP_0003182,FaceForensics++,FaceShifter/182_242.mp4,1,620,1280,720,h264,2.17,FaceShifter,FaceShifter,,ORIG_242,ORIG_182,PAIR_ORIG_182_ORIG_242,,,182
FFPP_0003183,FaceForensics++,FaceShifter/183_253.mp4,1,390,1280,720,h264,1.35,FaceShifter,FaceShifter,,ORIG_253,ORIG_183,PAIR_ORIG_183_ORIG_253,,,183
FFPP_0003184,FaceForensics++,FaceShifter/184_205.mp4,1,1254,1280,720,h264,1.83,FaceShifter,FaceShifter,,ORIG_205,ORIG_184,PAIR_ORIG_184_ORIG_205,,,184
FFPP_0003185,FaceForensics++,FaceShifter/185_276.mp4,1,875,854,480,h264,2.23,FaceShifter,FaceShifter,,ORIG_276,ORIG_185,PAIR_ORIG_185_ORIG_276,,,185
FFPP_0003186,FaceForensics++,FaceShifter/186_170.mp4,1,334,1920,1080,h264,4.91,FaceShifter,FaceShifter,,ORIG_170,ORIG_186,PAIR_ORIG_170_ORIG_186,,,186
FFPP_0003187,FaceForensics++,FaceShifter/187_234.mp4,1,986,1280,720,h264,5.72,FaceShifter,FaceShifter,,ORIG_234,ORIG_187,PAIR_ORIG_187_ORIG_234,,,187
FFPP_0003188,FaceForensics++,FaceShifter/188_191.mp4,1,310,1280,720,h264,1.33,FaceShifter,FaceShifter,,ORIG_191,ORIG_188,PAIR_ORIG_188_ORIG_191,,,188
FFPP_0003189,FaceForensics++,FaceShifter/189_200.mp4,1,512,640,480,h264,1.56,FaceShifter,FaceShifter,,ORIG_200,ORIG_189,PAIR_ORIG_189_ORIG_200,,,189
FFPP_0003190,FaceForensics++,FaceShifter/190_176.mp4,1,331,1920,1080,h264,2.81,FaceShifter,FaceShifter,,ORIG_176,ORIG_190,PAIR_ORIG_176_ORIG_190,,,190
FFPP_0003191,FaceForensics++,FaceShifter/191_188.mp4,1,372,1920,1080,h264,3.79,FaceShifter,FaceShifter,,ORIG_188,ORIG_191,PAIR_ORIG_188_ORIG_191,,,191
FFPP_0003192,FaceForensics++,FaceShifter/192_134.mp4,1,287,1280,720,h264,0.91,FaceShifter,FaceShifter,,ORIG_134,ORIG_192,PAIR_ORIG_134_ORIG_192,,,192
FFPP_0003193,FaceForensics++,FaceShifter/193_030.mp4,1,372,1920,1080,h264,4.68,FaceShifter,FaceShifter,,ORIG_030,ORIG_193,PAIR_ORIG_030_ORIG_193,,,193
FFPP_0003194,FaceForensics++,FaceShifter/194_235.mp4,1,567,640,480,h264,0.94,FaceShifter,FaceShifter,,ORIG_235,ORIG_194,PAIR_ORIG_194_ORIG_235,,,194
FFPP_0003195,FaceForensics++,FaceShifter/195_442.mp4,1,333,1280,720,h264,1.23,FaceShifter,FaceShifter,,ORIG_442,ORIG_195,PAIR_ORIG_195_ORIG_442,,,195
FFPP_0003196,FaceForensics++,FaceShifter/196_310.mp4,1,426,656,480,h264,0.59,FaceShifter,FaceShifter,,ORIG_310,ORIG_196,PAIR_ORIG_196_ORIG_310,,,196
FFPP_0003197,FaceForensics++,FaceShifter/197_224.mp4,1,880,640,480,h264,1.53,FaceShifter,FaceShifter,,ORIG_224,ORIG_197,PAIR_ORIG_197_ORIG_224,,,197
FFPP_0003198,FaceForensics++,FaceShifter/198_106.mp4,1,392,720,480,h264,0.61,FaceShifter,FaceShifter,,ORIG_106,ORIG_198,PAIR_ORIG_106_ORIG_198,,,198
FFPP_0003199,FaceForensics++,FaceShifter/199_181.mp4,1,368,1280,720,h264,1.14,FaceShifter,FaceShifter,,ORIG_181,ORIG_199,PAIR_ORIG_181_ORIG_199,,,199
FFPP_0003200,FaceForensics++,FaceShifter/200_189.mp4,1,719,854,480,h264,2.59,FaceShifter,FaceShifter,,ORIG_189,ORIG_200,PAIR_ORIG_189_ORIG_200,,,200
FFPP_0003201,FaceForensics++,FaceShifter/201_203.mp4,1,863,656,480,h264,1.8,FaceShifter,FaceShifter,,ORIG_203,ORIG_201,PAIR_ORIG_201_ORIG_203,,,201
FFPP_0003202,FaceForensics++,FaceShifter/202_348.mp4,1,323,854,480,h264,0.66,FaceShifter,FaceShifter,,ORIG_348,ORIG_202,PAIR_ORIG_202_ORIG_348,,,202
FFPP_0003203,FaceForensics++,FaceShifter/203_201.mp4,1,446,640,480,h264,1.32,FaceShifter,FaceShifter,,ORIG_201,ORIG_203,PAIR_ORIG_201_ORIG_203,,,203
FFPP_0003204,FaceForensics++,FaceShifter/204_230.mp4,1,515,960,720,h264,1.98,FaceShifter,FaceShifter,,ORIG_230,ORIG_204,PAIR_ORIG_204_ORIG_230,,,204
FFPP_0003205,FaceForensics++,FaceShifter/205_184.mp4,1,307,854,480,h264,0.86,FaceShifter,FaceShifter,,ORIG_184,ORIG_205,PAIR_ORIG_184_ORIG_205,,,205
FFPP_0003206,FaceForensics++,FaceShifter/206_221.mp4,1,714,656,480,h264,0.71,FaceShifter,FaceShifter,,ORIG_221,ORIG_206,PAIR_ORIG_206_ORIG_221,,,206
FFPP_0003207,FaceForensics++,FaceShifter/207_908.mp4,1,346,1920,1080,h264,3.08,FaceShifter,FaceShifter,,ORIG_908,ORIG_207,PAIR_ORIG_207_ORIG_908,,,207
FFPP_0003208,FaceForensics++,FaceShifter/208_215.mp4,1,465,640,480,h264,1.11,FaceShifter,FaceShifter,,ORIG_215,ORIG_208,PAIR_ORIG_208_ORIG_215,,,208
FFPP_0003209,FaceForensics++,FaceShifter/209_016.mp4,1,337,854,480,h264,1.22,FaceShifter,FaceShifter,,ORIG_016,ORIG_209,PAIR_ORIG_016_ORIG_209,,,209
FFPP_0003210,FaceForensics++,FaceShifter/210_241.mp4,1,839,654,480,h264,1.78,FaceShifter,FaceShifter,,ORIG_241,ORIG_210,PAIR_ORIG_210_ORIG_241,,,210
FFPP_0003211,FaceForensics++,FaceShifter/211_177.mp4,1,527,1280,720,h264,2.57,FaceShifter,FaceShifter,,ORIG_177,ORIG_211,PAIR_ORIG_177_ORIG_211,,,211
FFPP_0003212,FaceForensics++,FaceShifter/212_179.mp4,1,415,854,480,h264,0.66,FaceShifter,FaceShifter,,ORIG_179,ORIG_212,PAIR_ORIG_179_ORIG_212,,,212
FFPP_0003213,FaceForensics++,FaceShifter/213_083.mp4,1,378,1280,720,h264,1.88,FaceShifter,FaceShifter,,ORIG_083,ORIG_213,PAIR_ORIG_083_ORIG_213,,,213
FFPP_0003214,FaceForensics++,FaceShifter/214_255.mp4,1,462,854,480,h264,1.36,FaceShifter,FaceShifter,,ORIG_255,ORIG_214,PAIR_ORIG_214_ORIG_255,,,214
FFPP_0003215,FaceForensics++,FaceShifter/215_208.mp4,1,588,720,480,h264,1.01,FaceShifter,FaceShifter,,ORIG_208,ORIG_215,PAIR_ORIG_208_ORIG_215,,,215
FFPP_0003216,FaceForensics++,FaceShifter/216_164.mp4,1,476,644,480,h264,0.99,FaceShifter,FaceShifter,,ORIG_164,ORIG_216,PAIR_ORIG_164_ORIG_216,,,216
FFPP_0003217,FaceForensics++,FaceShifter/217_117.mp4,1,702,1920,1080,h264,7.18,FaceShifter,FaceShifter,,ORIG_117,ORIG_217,PAIR_ORIG_117_ORIG_217,,,217
FFPP_0003218,FaceForensics++,FaceShifter/218_239.mp4,1,353,640,480,h264,0.43,FaceShifter,FaceShifter,,ORIG_239,ORIG_218,PAIR_ORIG_218_ORIG_239,,,218
FFPP_0003219,FaceForensics++,FaceShifter/219_220.mp4,1,350,1280,720,h264,2.02,FaceShifter,FaceShifter,,ORIG_220,ORIG_219,PAIR_ORIG_219_ORIG_220,,,219
FFPP_0003220,FaceForensics++,FaceShifter/220_219.mp4,1,357,720,480,h264,0.74,FaceShifter,FaceShifter,,ORIG_219,ORIG_220,PAIR_ORIG_219_ORIG_220,,,220
FFPP_0003221,FaceForensics++,FaceShifter/221_206.mp4,1,718,1280,720,h264,2.66,FaceShifter,FaceShifter,,ORIG_206,ORIG_221,PAIR_ORIG_206_ORIG_221,,,221
FFPP_0003222,FaceForensics++,FaceShifter/222_168.mp4,1,407,640,480,h264,0.83,FaceShifter,FaceShifter,,ORIG_168,ORIG_222,PAIR_ORIG_168_ORIG_222,,,222
FFPP_0003223,FaceForensics++,FaceShifter/223_586.mp4,1,336,1920,1080,h264,1.84,FaceShifter,FaceShifter,,ORIG_586,ORIG_223,PAIR_ORIG_223_ORIG_586,,,223
FFPP_0003224,FaceForensics++,FaceShifter/224_197.mp4,1,488,640,480,h264,1.8,FaceShifter,FaceShifter,,ORIG_197,ORIG_224,PAIR_ORIG_197_ORIG_224,,,224
FFPP_0003225,FaceForensics++,FaceShifter/225_151.mp4,1,304,1280,720,h264,1.14,FaceShifter,FaceShifter,,ORIG_151,ORIG_225,PAIR_ORIG_151_ORIG_225,,,225
FFPP_0003226,FaceForensics++,FaceShifter/226_491.mp4,1,328,1280,720,h264,1.25,FaceShifter,FaceShifter,,ORIG_491,ORIG_226,PAIR_ORIG_226_ORIG_491,,,226
FFPP_0003227,FaceForensics++,FaceShifter/227_169.mp4,1,441,1280,720,h264,1.39,FaceShifter,FaceShifter,,ORIG_169,ORIG_227,PAIR_ORIG_169_ORIG_227,,,227
FFPP_0003228,FaceForensics++,FaceShifter/228_289.mp4,1,556,854,480,h264,0.74,FaceShifter,FaceShifter,,ORIG_289,ORIG_228,PAIR_ORIG_228_ORIG_289,,,228
FFPP_0003229,FaceForensics++,FaceShifter/229_247.mp4,1,392,854,480,h264,0.68,FaceShifter,FaceShifter,,ORIG_247,ORIG_229,PAIR_ORIG_229_ORIG_247,,,229
FFPP_0003230,FaceForensics++,FaceShifter/230_204.mp4,1,372,1280,720,h264,1.44,FaceShifter,FaceShifter,,ORIG_204,ORIG_230,PAIR_ORIG_204_ORIG_230,,,230
FFPP_0003231,FaceForensics++,FaceShifter/231_663.mp4,1,573,720,480,h264,0.95,FaceShifter,FaceShifter,,ORIG_663,ORIG_231,PAIR_ORIG_231_ORIG_663,,,231
FFPP_0003232,FaceForensics++,FaceShifter/232_248.mp4,1,574,720,480,h264,1.49,FaceShifter,FaceShifter,,ORIG_248,ORIG_232,PAIR_ORIG_232_ORIG_248,,,232
FFPP_0003233,FaceForensics++,FaceShifter/233_995.mp4,1,675,1280,720,h264,2.62,FaceShifter,FaceShifter,,ORIG_995,ORIG_233,PAIR_ORIG_233_ORIG_995,,,233
FFPP_0003234,FaceForensics++,FaceShifter/234_187.mp4,1,528,1280,720,h264,1.48,FaceShifter,FaceShifter,,ORIG_187,ORIG_234,PAIR_ORIG_187_ORIG_234,,,234
FFPP_0003235,FaceForensics++,FaceShifter/235_194.mp4,1,312,854,480,h264,1.32,FaceShifter,FaceShifter,,ORIG_194,ORIG_235,PAIR_ORIG_194_ORIG_235,,,235
FFPP_0003236,FaceForensics++,FaceShifter/236_237.mp4,1,651,656,480,h264,1.4,FaceShifter,FaceShifter,,ORIG_237,ORIG_236,PAIR_ORIG_236_ORIG_237,,,236
FFPP_0003237,FaceForensics++,FaceShifter/237_236.mp4,1,757,1280,720,h264,3.07,FaceShifter,FaceShifter,,ORIG_236,ORIG_237,PAIR_ORIG_236_ORIG_237,,,237
FFPP_0003238,FaceForensics++,FaceShifter/238_282.mp4,1,622,640,480,h264,0.85,FaceShifter,FaceShifter,,ORIG_282,ORIG_238,PAIR_ORIG_238_ORIG_282,,,238
FFPP_0003239,FaceForensics++,FaceShifter/239_218.mp4,1,588,640,480,h264,1.44,FaceShifter,FaceShifter,,ORIG_218,ORIG_239,PAIR_ORIG_218_ORIG_239,,,239
FFPP_0003240,FaceForensics++,FaceShifter/240_290.mp4,1,1274,720,480,h264,2.25,FaceShifter,FaceShifter,,ORIG_290,ORIG_240,PAIR_ORIG_240_ORIG_290,,,240
FFPP_0003241,FaceForensics++,FaceShifter/241_210.mp4,1,292,854,480,h264,0.59,FaceShifter,FaceShifter,,ORIG_210,ORIG_241,PAIR_ORIG_210_ORIG_241,,,241
FFPP_0003242,FaceForensics++,FaceShifter/242_182.mp4,1,331,640,480,h264,0.51,FaceShifter,FaceShifter,,ORIG_182,ORIG_242,PAIR_ORIG_182_ORIG_242,,,242
FFPP_0003243,FaceForensics++,FaceShifter/243_156.mp4,1,387,1280,720,h264,2.24,FaceShifter,FaceShifter,,ORIG_156,ORIG_243,PAIR_ORIG_156_ORIG_243,,,243
FFPP_0003244,FaceForensics++,FaceShifter/244_822.mp4,1,557,1920,1080,h264,4.64,FaceShifter,FaceShifter,,ORIG_822,ORIG_244,PAIR_ORIG_244_ORIG_822,,,244
FFPP_0003245,FaceForensics++,FaceShifter/245_157.mp4,1,334,640,480,h264,0.66,FaceShifter,FaceShifter,,ORIG_157,ORIG_245,PAIR_ORIG_157_ORIG_245,,,245
FFPP_0003246,FaceForensics++,FaceShifter/246_258.mp4,1,496,1280,720,h264,1.83,FaceShifter,FaceShifter,,ORIG_258,ORIG_246,PAIR_ORIG_246_ORIG_258,,,246
FFPP_0003247,FaceForensics++,FaceShifter/247_229.mp4,1,399,656,480,h264,1.19,FaceShifter,FaceShifter,,ORIG_229,ORIG_247,PAIR_ORIG_229_ORIG_247,,,247
FFPP_0003248,FaceForensics++,FaceShifter/248_232.mp4,1,496,1280,720,h264,2.13,FaceShifter,FaceShifter,,ORIG_232,ORIG_248,PAIR_ORIG_232_ORIG_248,,,248
FFPP_0003249,FaceForensics++,FaceShifter/249_280.mp4,1,632,854,480,h264,1.54,FaceShifter,FaceShifter,,ORIG_280,ORIG_249,PAIR_ORIG_249_ORIG_280,,,249
FFPP_0003250,FaceForensics++,FaceShifter/250_461.mp4,1,564,1280,720,h264,2.51,FaceShifter,FaceShifter,,ORIG_461,ORIG_250,PAIR_ORIG_250_ORIG_461,,,250
FFPP_0003251,FaceForensics++,FaceShifter/251_375.mp4,1,346,1920,1080,h264,2.47,FaceShifter,FaceShifter,,ORIG_375,ORIG_251,PAIR_ORIG_251_ORIG_375,,,251
FFPP_0003252,FaceForensics++,FaceShifter/252_266.mp4,1,572,800,480,h264,1.68,FaceShifter,FaceShifter,,ORIG_266,ORIG_252,PAIR_ORIG_252_ORIG_266,,,252
FFPP_0003253,FaceForensics++,FaceShifter/253_183.mp4,1,501,1280,720,h264,1.62,FaceShifter,FaceShifter,,ORIG_183,ORIG_253,PAIR_ORIG_183_ORIG_253,,,253
FFPP_0003254,FaceForensics++,FaceShifter/254_261.mp4,1,427,1280,720,h264,1.3,FaceShifter,FaceShifter,,ORIG_261,ORIG_254,PAIR_ORIG_254_ORIG_261,,,254
FFPP_0003255,FaceForensics++,FaceShifter/255_214.mp4,1,470,1280,720,h264,1.89,FaceShifter,FaceShifter,,ORIG_214,ORIG_255,PAIR_ORIG_214_ORIG_255,,,255
FFPP_0003256,FaceForensics++,FaceShifter/256_146.mp4,1,546,1280,720,h264,2.41,FaceShifter,FaceShifter,,ORIG_146,ORIG_256,PAIR_ORIG_146_ORIG_256,,,256
FFPP_0003257,FaceForensics++,FaceShifter/257_420.mp4,1,763,656,480,h264,2.19,FaceShifter,FaceShifter,,ORIG_420,ORIG_257,PAIR_ORIG_257_ORIG_420,,,257
FFPP_0003258,FaceForensics++,FaceShifter/258_246.mp4,1,498,1280,720,h264,3.13,FaceShifter,FaceShifter,,ORIG_246,ORIG_258,PAIR_ORIG_246_ORIG_258,,,258
FFPP_0003259,FaceForensics++,FaceShifter/259_345.mp4,1,444,640,480,h264,1.08,FaceShifter,FaceShifter,,ORIG_345,ORIG_259,PAIR_ORIG_259_ORIG_345,,,259
FFPP_0003260,FaceForensics++,FaceShifter/260_331.mp4,1,302,640,480,h264,0.46,FaceShifter,FaceShifter,,ORIG_331,ORIG_260,PAIR_ORIG_260_ORIG_331,,,260
FFPP_0003261,FaceForensics++,FaceShifter/261_254.mp4,1,677,600,480,h264,0.69,FaceShifter,FaceShifter,,ORIG_254,ORIG_261,PAIR_ORIG_254_ORIG_261,,,261
FFPP_0003262,FaceForensics++,FaceShifter/262_301.mp4,1,397,600,480,h264,0.69,FaceShifter,FaceShifter,,ORIG_301,ORIG_262,PAIR_ORIG_262_ORIG_301,,,262
FFPP_0003263,FaceForensics++,FaceShifter/263_284.mp4,1,300,1280,720,h264,1.55,FaceShifter,FaceShifter,,ORIG_284,ORIG_263,PAIR_ORIG_263_ORIG_284,,,263
FFPP_0003264,FaceForensics++,FaceShifter/264_271.mp4,1,455,854,480,h264,0.61,FaceShifter,FaceShifter,,ORIG_271,ORIG_264,PAIR_ORIG_264_ORIG_271,,,264
FFPP_0003265,FaceForensics++,FaceShifter/265_475.mp4,1,552,1920,1080,h264,6.3,FaceShifter,FaceShifter,,ORIG_475,ORIG_265,PAIR_ORIG_265_ORIG_475,,,265
FFPP_0003266,FaceForensics++,FaceShifter/266_252.mp4,1,465,720,480,h264,1.34,FaceShifter,FaceShifter,,ORIG_252,ORIG_266,PAIR_ORIG_252_ORIG_266,,,266
FFPP_0003267,FaceForensics++,FaceShifter/267_286.mp4,1,306,1280,720,h264,1.66,FaceShifter,FaceShifter,,ORIG_286,ORIG_267,PAIR_ORIG_267_ORIG_286,,,267
FFPP_0003268,FaceForensics++,FaceShifter/268_269.mp4,1,1465,654,480,h264,3.61,FaceShifter,FaceShifter,,ORIG_269,ORIG_268,PAIR_ORIG_268_ORIG_269,,,268
FFPP_0003269,FaceForensics++,FaceShifter/269_268.mp4,1,387,640,480,h264,0.71,FaceShifter,FaceShifter,,ORIG_268,ORIG_269,PAIR_ORIG_268_ORIG_269,,,269
FFPP_0003270,FaceForensics++,FaceShifter/270_297.mp4,1,311,656,480,h264,0.79,FaceShifter,FaceShifter,,ORIG_297,ORIG_270,PAIR_ORIG_270_ORIG_297,,,270
FFPP_0003271,FaceForensics++,FaceShifter/271_264.mp4,1,490,640,480,h264,1.32,FaceShifter,FaceShifter,,ORIG_264,ORIG_271,PAIR_ORIG_264_ORIG_271,,,271
FFPP_0003272,FaceForensics++,FaceShifter/272_396.mp4,1,323,1280,720,h264,1.5,FaceShifter,FaceShifter,,ORIG_396,ORIG_272,PAIR_ORIG_272_ORIG_396,,,272
FFPP_0003273,FaceForensics++,FaceShifter/273_807.mp4,1,322,1280,720,h264,0.94,FaceShifter,FaceShifter,,ORIG_807,ORIG_273,PAIR_ORIG_273_ORIG_807,,,273
FFPP_0003274,FaceForensics++,FaceShifter/274_412.mp4,1,474,1280,720,h264,2.29,FaceShifter,FaceShifter,,ORIG_412,ORIG_274,PAIR_ORIG_274_ORIG_412,,,274
FFPP_0003275,FaceForensics++,FaceShifter/275_887.mp4,1,424,640,480,h264,0.94,FaceShifter,FaceShifter,,ORIG_887,ORIG_275,PAIR_ORIG_275_ORIG_887,,,275
FFPP_0003276,FaceForensics++,FaceShifter/276_185.mp4,1,331,656,480,h264,0.82,FaceShifter,FaceShifter,,ORIG_185,ORIG_276,PAIR_ORIG_185_ORIG_276,,,276
FFPP_0003277,FaceForensics++,FaceShifter/277_335.mp4,1,966,1280,720,h264,3.22,FaceShifter,FaceShifter,,ORIG_335,ORIG_277,PAIR_ORIG_277_ORIG_335,,,277
FFPP_0003278,FaceForensics++,FaceShifter/278_306.mp4,1,449,640,480,h264,0.67,FaceShifter,FaceShifter,,ORIG_306,ORIG_278,PAIR_ORIG_278_ORIG_306,,,278
FFPP_0003279,FaceForensics++,FaceShifter/279_298.mp4,1,906,640,480,h264,2.43,FaceShifter,FaceShifter,,ORIG_298,ORIG_279,PAIR_ORIG_279_ORIG_298,,,279
FFPP_0003280,FaceForensics++,FaceShifter/280_249.mp4,1,606,854,480,h264,1.0,FaceShifter,FaceShifter,,ORIG_249,ORIG_280,PAIR_ORIG_249_ORIG_280,,,280
FFPP_0003281,FaceForensics++,FaceShifter/281_474.mp4,1,309,1280,720,h264,0.84,FaceShifter,FaceShifter,,ORIG_474,ORIG_281,PAIR_ORIG_281_ORIG_474,,,281
FFPP_0003282,FaceForensics++,FaceShifter/282_238.mp4,1,594,854,480,h264,1.19,FaceShifter,FaceShifter,,ORIG_238,ORIG_282,PAIR_ORIG_238_ORIG_282,,,282
FFPP_0003283,FaceForensics++,FaceShifter/283_313.mp4,1,966,640,480,h264,1.32,FaceShifter,FaceShifter,,ORIG_313,ORIG_283,PAIR_ORIG_283_ORIG_313,,,283
FFPP_0003284,FaceForensics++,FaceShifter/284_263.mp4,1,483,1920,1080,h264,4.73,FaceShifter,FaceShifter,,ORIG_263,ORIG_284,PAIR_ORIG_263_ORIG_284,,,284
FFPP_0003285,FaceForensics++,FaceShifter/285_136.mp4,1,383,1280,720,h264,1.41,FaceShifter,FaceShifter,,ORIG_136,ORIG_285,PAIR_ORIG_136_ORIG_285,,,285
FFPP_0003286,FaceForensics++,FaceShifter/286_267.mp4,1,668,1280,720,h264,2.41,FaceShifter,FaceShifter,,ORIG_267,ORIG_286,PAIR_ORIG_267_ORIG_286,,,286
FFPP_0003287,FaceForensics++,FaceShifter/287_426.mp4,1,475,1280,720,h264,3.2,FaceShifter,FaceShifter,,ORIG_426,ORIG_287,PAIR_ORIG_287_ORIG_426,,,287
FFPP_0003288,FaceForensics++,FaceShifter/288_321.mp4,1,543,640,480,h264,0.71,FaceShifter,FaceShifter,,ORIG_321,ORIG_288,PAIR_ORIG_288_ORIG_321,,,288
FFPP_0003289,FaceForensics++,FaceShifter/289_228.mp4,1,597,720,480,h264,1.12,FaceShifter,FaceShifter,,ORIG_228,ORIG_289,PAIR_ORIG_228_ORIG_289,,,289
FFPP_0003290,FaceForensics++,FaceShifter/290_240.mp4,1,422,640,480,h264,1.06,FaceShifter,FaceShifter,,ORIG_240,ORIG_290,PAIR_ORIG_240_ORIG_290,,,290
FFPP_0003291,FaceForensics++,FaceShifter/291_874.mp4,1,330,1920,1080,h264,2.7,FaceShifter,FaceShifter,,ORIG_874,ORIG_291,PAIR_ORIG_291_ORIG_874,,,291
FFPP_0003292,FaceForensics++,FaceShifter/292_294.mp4,1,425,1280,720,h264,2.31,FaceShifter,FaceShifter,,ORIG_294,ORIG_292,PAIR_ORIG_292_ORIG_294,,,292
FFPP_0003293,FaceForensics++,FaceShifter/293_296.mp4,1,758,656,480,h264,1.87,FaceShifter,FaceShifter,,ORIG_296,ORIG_293,PAIR_ORIG_293_ORIG_296,,,293
FFPP_0003294,FaceForensics++,FaceShifter/294_292.mp4,1,604,1280,720,h264,3.42,FaceShifter,FaceShifter,,ORIG_292,ORIG_294,PAIR_ORIG_292_ORIG_294,,,294
FFPP_0003295,FaceForensics++,FaceShifter/295_099.mp4,1,411,1920,1080,h264,3.77,FaceShifter,FaceShifter,,ORIG_099,ORIG_295,PAIR_ORIG_099_ORIG_295,,,295
FFPP_0003296,FaceForensics++,FaceShifter/296_293.mp4,1,336,640,480,h264,0.62,FaceShifter,FaceShifter,,ORIG_293,ORIG_296,PAIR_ORIG_293_ORIG_296,,,296
FFPP_0003297,FaceForensics++,FaceShifter/297_270.mp4,1,390,656,480,h264,0.47,FaceShifter,FaceShifter,,ORIG_270,ORIG_297,PAIR_ORIG_270_ORIG_297,,,297
FFPP_0003298,FaceForensics++,FaceShifter/298_279.mp4,1,569,640,480,h264,1.11,FaceShifter,FaceShifter,,ORIG_279,ORIG_298,PAIR_ORIG_279_ORIG_298,,,298
FFPP_0003299,FaceForensics++,FaceShifter/299_145.mp4,1,314,640,480,h264,0.87,FaceShifter,FaceShifter,,ORIG_145,ORIG_299,PAIR_ORIG_145_ORIG_299,,,299
FFPP_0003300,FaceForensics++,FaceShifter/300_304.mp4,1,598,600,480,h264,0.89,FaceShifter,FaceShifter,,ORIG_304,ORIG_300,PAIR_ORIG_300_ORIG_304,,,300
FFPP_0003301,FaceForensics++,FaceShifter/301_262.mp4,1,763,640,480,h264,1.23,FaceShifter,FaceShifter,,ORIG_262,ORIG_301,PAIR_ORIG_262_ORIG_301,,,301
FFPP_0003302,FaceForensics++,FaceShifter/302_323.mp4,1,875,854,480,h264,1.51,FaceShifter,FaceShifter,,ORIG_323,ORIG_302,PAIR_ORIG_302_ORIG_323,,,302
FFPP_0003303,FaceForensics++,FaceShifter/303_309.mp4,1,571,656,480,h264,1.74,FaceShifter,FaceShifter,,ORIG_309,ORIG_303,PAIR_ORIG_303_ORIG_309,,,303
FFPP_0003304,FaceForensics++,FaceShifter/304_300.mp4,1,610,640,480,h264,0.91,FaceShifter,FaceShifter,,ORIG_300,ORIG_304,PAIR_ORIG_300_ORIG_304,,,304
FFPP_0003305,FaceForensics++,FaceShifter/305_513.mp4,1,843,1280,720,h264,3.16,FaceShifter,FaceShifter,,ORIG_513,ORIG_305,PAIR_ORIG_305_ORIG_513,,,305
FFPP_0003306,FaceForensics++,FaceShifter/306_278.mp4,1,728,600,480,h264,0.93,FaceShifter,FaceShifter,,ORIG_278,ORIG_306,PAIR_ORIG_278_ORIG_306,,,306
FFPP_0003307,FaceForensics++,FaceShifter/307_365.mp4,1,378,640,480,h264,0.58,FaceShifter,FaceShifter,,ORIG_365,ORIG_307,PAIR_ORIG_307_ORIG_365,,,307
FFPP_0003308,FaceForensics++,FaceShifter/308_388.mp4,1,502,1280,720,h264,1.36,FaceShifter,FaceShifter,,ORIG_388,ORIG_308,PAIR_ORIG_308_ORIG_388,,,308
FFPP_0003309,FaceForensics++,FaceShifter/309_303.mp4,1,850,600,480,h264,1.65,FaceShifter,FaceShifter,,ORIG_303,ORIG_309,PAIR_ORIG_303_ORIG_309,,,309
FFPP_0003310,FaceForensics++,FaceShifter/310_196.mp4,1,375,1280,720,h264,2.1,FaceShifter,FaceShifter,,ORIG_196,ORIG_310,PAIR_ORIG_196_ORIG_310,,,310
FFPP_0003311,FaceForensics++,FaceShifter/311_387.mp4,1,368,960,720,h264,1.2,FaceShifter,FaceShifter,,ORIG_387,ORIG_311,PAIR_ORIG_311_ORIG_387,,,311
FFPP_0003312,FaceForensics++,FaceShifter/312_021.mp4,1,428,640,480,h264,1.09,FaceShifter,FaceShifter,,ORIG_021,ORIG_312,PAIR_ORIG_021_ORIG_312,,,312
FFPP_0003313,FaceForensics++,FaceShifter/313_283.mp4,1,481,654,480,h264,0.71,FaceShifter,FaceShifter,,ORIG_283,ORIG_313,PAIR_ORIG_283_ORIG_313,,,313
FFPP_0003314,FaceForensics++,FaceShifter/314_347.mp4,1,413,1280,720,h264,0.88,FaceShifter,FaceShifter,,ORIG_347,ORIG_314,PAIR_ORIG_314_ORIG_347,,,314
FFPP_0003315,FaceForensics++,FaceShifter/315_322.mp4,1,304,854,480,h264,0.65,FaceShifter,FaceShifter,,ORIG_322,ORIG_315,PAIR_ORIG_315_ORIG_322,,,315
FFPP_0003316,FaceForensics++,FaceShifter/316_369.mp4,1,566,640,480,h264,0.67,FaceShifter,FaceShifter,,ORIG_369,ORIG_316,PAIR_ORIG_316_ORIG_369,,,316
FFPP_0003317,FaceForensics++,FaceShifter/317_359.mp4,1,682,640,480,h264,1.0,FaceShifter,FaceShifter,,ORIG_359,ORIG_317,PAIR_ORIG_317_ORIG_359,,,317
FFPP_0003318,FaceForensics++,FaceShifter/318_334.mp4,1,475,656,480,h264,0.85,FaceShifter,FaceShifter,,ORIG_334,ORIG_318,PAIR_ORIG_318_ORIG_334,,,318
FFPP_0003319,FaceForensics++,FaceShifter/319_352.mp4,1,717,854,480,h264,1.37,FaceShifter,FaceShifter,,ORIG_352,ORIG_319,PAIR_ORIG_319_ORIG_352,,,319
FFPP_0003320,FaceForensics++,FaceShifter/320_328.mp4,1,504,1280,720,h264,2.81,FaceShifter,FaceShifter,,ORIG_328,ORIG_320,PAIR_ORIG_320_ORIG_328,,,320
FFPP_0003321,FaceForensics++,FaceShifter/321_288.mp4,1,567,640,480,h264,1.16,FaceShifter,FaceShifter,,ORIG_288,ORIG_321,PAIR_ORIG_288_ORIG_321,,,321
FFPP_0003322,FaceForensics++,FaceShifter/322_315.mp4,1,313,1280,720,h264,1.11,FaceShifter,FaceShifter,,ORIG_315,ORIG_322,PAIR_ORIG_315_ORIG_322,,,322
FFPP_0003323,FaceForensics++,FaceShifter/323_302.mp4,1,456,656,480,h264,1.2,FaceShifter,FaceShifter,,ORIG_302,ORIG_323,PAIR_ORIG_302_ORIG_323,,,323
FFPP_0003324,FaceForensics++,FaceShifter/324_356.mp4,1,1249,640,480,h264,2.44,FaceShifter,FaceShifter,,ORIG_356,ORIG_324,PAIR_ORIG_324_ORIG_356,,,324
FFPP_0003325,FaceForensics++,FaceShifter/325_492.mp4,1,1421,1280,720,h264,9.27,FaceShifter,FaceShifter,,ORIG_492,ORIG_325,PAIR_ORIG_325_ORIG_492,,,325
FFPP_0003326,FaceForensics++,FaceShifter/326_501.mp4,1,914,640,480,h264,1.49,FaceShifter,FaceShifter,,ORIG_501,ORIG_326,PAIR_ORIG_326_ORIG_501,,,326
FFPP_0003327,FaceForensics++,FaceShifter/327_329.mp4,1,495,640,480,h264,0.58,FaceShifter,FaceShifter,,ORIG_329,ORIG_327,PAIR_ORIG_327_ORIG_329,,,327
FFPP_0003328,FaceForensics++,FaceShifter/328_320.mp4,1,319,1280,720,h264,1.6,FaceShifter,FaceShifter,,ORIG_320,ORIG_328,PAIR_ORIG_320_ORIG_328,,,328
FFPP_0003329,FaceForensics++,FaceShifter/329_327.mp4,1,415,654,480,h264,0.45,FaceShifter,FaceShifter,,ORIG_327,ORIG_329,PAIR_ORIG_327_ORIG_329,,,329
FFPP_0003330,FaceForensics++,FaceShifter/330_162.mp4,1,407,1280,720,h264,1.84,FaceShifter,FaceShifter,,ORIG_162,ORIG_330,PAIR_ORIG_162_ORIG_330,,,330
FFPP_0003331,FaceForensics++,FaceShifter/331_260.mp4,1,469,1280,720,h264,1.44,FaceShifter,FaceShifter,,ORIG_260,ORIG_331,PAIR_ORIG_260_ORIG_331,,,331
FFPP_0003332,FaceForensics++,FaceShifter/332_051.mp4,1,695,1280,720,h264,5.42,FaceShifter,FaceShifter,,ORIG_051,ORIG_332,PAIR_ORIG_051_ORIG_332,,,332
FFPP_0003333,FaceForensics++,FaceShifter/333_377.mp4,1,429,640,480,h264,1.04,FaceShifter,FaceShifter,,ORIG_377,ORIG_333,PAIR_ORIG_333_ORIG_377,,,333
FFPP_0003334,FaceForensics++,FaceShifter/334_318.mp4,1,1339,600,480,h264,2.95,FaceShifter,FaceShifter,,ORIG_318,ORIG_334,PAIR_ORIG_318_ORIG_334,,,334
FFPP_0003335,FaceForensics++,FaceShifter/335_277.mp4,1,384,1280,720,h264,1.51,FaceShifter,FaceShifter,,ORIG_277,ORIG_335,PAIR_ORIG_277_ORIG_335,,,335
FFPP_0003336,FaceForensics++,FaceShifter/336_338.mp4,1,507,656,480,h264,0.81,FaceShifter,FaceShifter,,ORIG_338,ORIG_336,PAIR_ORIG_336_ORIG_338,,,336
FFPP_0003337,FaceForensics++,FaceShifter/337_522.mp4,1,331,640,480,h264,0.81,FaceShifter,FaceShifter,,ORIG_522,ORIG_337,PAIR_ORIG_337_ORIG_522,,,337
FFPP_0003338,FaceForensics++,FaceShifter/338_336.mp4,1,889,600,480,h264,1.73,FaceShifter,FaceShifter,,ORIG_336,ORIG_338,PAIR_ORIG_336_ORIG_338,,,338
FFPP_0003339,FaceForensics++,FaceShifter/339_392.mp4,1,457,640,480,h264,0.55,FaceShifter,FaceShifter,,ORIG_392,ORIG_339,PAIR_ORIG_339_ORIG_392,,,339
FFPP_0003340,FaceForensics++,FaceShifter/340_341.mp4,1,293,1920,1080,h264,2.46,FaceShifter,FaceShifter,,ORIG_341,ORIG_340,PAIR_ORIG_340_ORIG_341,,,340
FFPP_0003341,FaceForensics++,FaceShifter/341_340.mp4,1,827,960,720,h264,6.19,FaceShifter,FaceShifter,,ORIG_340,ORIG_341,PAIR_ORIG_340_ORIG_341,,,341
FFPP_0003342,FaceForensics++,FaceShifter/342_416.mp4,1,302,1280,720,h264,1.22,FaceShifter,FaceShifter,,ORIG_416,ORIG_342,PAIR_ORIG_342_ORIG_416,,,342
FFPP_0003343,FaceForensics++,FaceShifter/343_363.mp4,1,299,656,480,h264,0.38,FaceShifter,FaceShifter,,ORIG_363,ORIG_343,PAIR_ORIG_343_ORIG_363,,,343
FFPP_0003344,FaceForensics++,FaceShifter/344_020.mp4,1,631,1280,720,h264,2.93,FaceShifter,FaceShifter,,ORIG_020,ORIG_344,PAIR_ORIG_020_ORIG_344,,,344
FFPP_0003345,FaceForensics++,FaceShifter/345_259.mp4,1,423,854,480,h264,0.84,FaceShifter,FaceShifter,,ORIG_259,ORIG_345,PAIR_ORIG_259_ORIG_345,,,345
FFPP_0003346,FaceForensics++,FaceShifter/346_351.mp4,1,615,454,480,h264,0.68,FaceShifter,FaceShifter,,ORIG_351,ORIG_346,PAIR_ORIG_346_ORIG_351,,,346
FFPP_0003347,FaceForensics++,FaceShifter/347_314.mp4,1,458,854,480,h264,0.69,FaceShifter,FaceShifter,,ORIG_314,ORIG_347,PAIR_ORIG_314_ORIG_347,,,347
FFPP_0003348,FaceForensics++,FaceShifter/348_202.mp4,1,414,854,480,h264,0.51,FaceShifter,FaceShifter,,ORIG_202,ORIG_348,PAIR_ORIG_202_ORIG_348,,,348
FFPP_0003349,FaceForensics++,FaceShifter/349_350.mp4,1,471,1280,720,h264,1.61,FaceShifter,FaceShifter,,ORIG_350,ORIG_349,PAIR_ORIG_349_ORIG_350,,,349
FFPP_0003350,FaceForensics++,FaceShifter/350_349.mp4,1,405,854,480,h264,1.03,FaceShifter,FaceShifter,,ORIG_349,ORIG_350,PAIR_ORIG_349_ORIG_350,,,350
FFPP_0003351,FaceForensics++,FaceShifter/351_346.mp4,1,684,640,480,h264,0.98,FaceShifter,FaceShifter,,ORIG_346,ORIG_351,PAIR_ORIG_346_ORIG_351,,,351
FFPP_0003352,FaceForensics++,FaceShifter/352_319.mp4,1,421,720,480,h264,1.32,FaceShifter,FaceShifter,,ORIG_319,ORIG_352,PAIR_ORIG_319_ORIG_352,,,352
FFPP_0003353,FaceForensics++,FaceShifter/353_383.mp4,1,358,1280,720,h264,1.61,FaceShifter,FaceShifter,,ORIG_383,ORIG_353,PAIR_ORIG_353_ORIG_383,,,353
FFPP_0003354,FaceForensics++,FaceShifter/354_362.mp4,1,460,1280,720,h264,1.9,FaceShifter,FaceShifter,,ORIG_362,ORIG_354,PAIR_ORIG_354_ORIG_362,,,354
FFPP_0003355,FaceForensics++,FaceShifter/355_748.mp4,1,499,1920,1080,h264,5.41,FaceShifter,FaceShifter,,ORIG_748,ORIG_355,PAIR_ORIG_355_ORIG_748,,,355
FFPP_0003356,FaceForensics++,FaceShifter/356_324.mp4,1,558,1280,720,h264,2.94,FaceShifter,FaceShifter,,ORIG_324,ORIG_356,PAIR_ORIG_324_ORIG_356,,,356
FFPP_0003357,FaceForensics++,FaceShifter/357_432.mp4,1,346,854,480,h264,0.52,FaceShifter,FaceShifter,,ORIG_432,ORIG_357,PAIR_ORIG_357_ORIG_432,,,357
FFPP_0003358,FaceForensics++,FaceShifter/358_380.mp4,1,534,640,480,h264,0.72,FaceShifter,FaceShifter,,ORIG_380,ORIG_358,PAIR_ORIG_358_ORIG_380,,,358
FFPP_0003359,FaceForensics++,FaceShifter/359_317.mp4,1,456,640,480,h264,0.81,FaceShifter,FaceShifter,,ORIG_317,ORIG_359,PAIR_ORIG_317_ORIG_359,,,359
FFPP_0003360,FaceForensics++,FaceShifter/360_437.mp4,1,385,1280,720,h264,2.19,FaceShifter,FaceShifter,,ORIG_437,ORIG_360,PAIR_ORIG_360_ORIG_437,,,360
FFPP_0003361,FaceForensics++,FaceShifter/361_448.mp4,1,455,1280,720,h264,3.12,FaceShifter,FaceShifter,,ORIG_448,ORIG_361,PAIR_ORIG_361_ORIG_448,,,361
FFPP_0003362,FaceForensics++,FaceShifter/362_354.mp4,1,455,1280,720,h264,1.84,FaceShifter,FaceShifter,,ORIG_354,ORIG_362,PAIR_ORIG_354_ORIG_362,,,362
FFPP_0003363,FaceForensics++,FaceShifter/363_343.mp4,1,473,640,480,h264,0.93,FaceShifter,FaceShifter,,ORIG_343,ORIG_363,PAIR_ORIG_343_ORIG_363,,,363
FFPP_0003364,FaceForensics++,FaceShifter/364_440.mp4,1,648,854,480,h264,2.04,FaceShifter,FaceShifter,,ORIG_440,ORIG_364,PAIR_ORIG_364_ORIG_440,,,364
FFPP_0003365,FaceForensics++,FaceShifter/365_307.mp4,1,369,640,480,h264,0.38,FaceShifter,FaceShifter,,ORIG_307,ORIG_365,PAIR_ORIG_307_ORIG_365,,,365
FFPP_0003366,FaceForensics++,FaceShifter/366_473.mp4,1,404,656,480,h264,0.85,FaceShifter,FaceShifter,,ORIG_473,ORIG_366,PAIR_ORIG_366_ORIG_473,,,366
FFPP_0003367,FaceForensics++,FaceShifter/367_371.mp4,1,649,640,480,h264,0.94,FaceShifter,FaceShifter,,ORIG_371,ORIG_367,PAIR_ORIG_367_ORIG_371,,,367
FFPP_0003368,FaceForensics++,FaceShifter/368_378.mp4,1,761,640,480,h264,1.21,FaceShifter,FaceShifter,,ORIG_378,ORIG_368,PAIR_ORIG_368_ORIG_378,,,368
FFPP_0003369,FaceForensics++,FaceShifter/369_316.mp4,1,320,854,480,h264,0.67,FaceShifter,FaceShifter,,ORIG_316,ORIG_369,PAIR_ORIG_316_ORIG_369,,,369
FFPP_0003370,FaceForensics++,FaceShifter/370_483.mp4,1,396,1920,1080,h264,3.74,FaceShifter,FaceShifter,,ORIG_483,ORIG_370,PAIR_ORIG_370_ORIG_483,,,370
FFPP_0003371,FaceForensics++,FaceShifter/371_367.mp4,1,718,600,480,h264,1.48,FaceShifter,FaceShifter,,ORIG_367,ORIG_371,PAIR_ORIG_367_ORIG_371,,,371
FFPP_0003372,FaceForensics++,FaceShifter/372_413.mp4,1,486,854,480,h264,1.03,FaceShifter,FaceShifter,,ORIG_413,ORIG_372,PAIR_ORIG_372_ORIG_413,,,372
FFPP_0003373,FaceForensics++,FaceShifter/373_394.mp4,1,602,1280,720,h264,2.99,FaceShifter,FaceShifter,,ORIG_394,ORIG_373,PAIR_ORIG_373_ORIG_394,,,373
FFPP_0003374,FaceForensics++,FaceShifter/374_407.mp4,1,586,1280,720,h264,1.61,FaceShifter,FaceShifter,,ORIG_407,ORIG_374,PAIR_ORIG_374_ORIG_407,,,374
FFPP_0003375,FaceForensics++,FaceShifter/375_251.mp4,1,353,1280,720,h264,1.78,FaceShifter,FaceShifter,,ORIG_251,ORIG_375,PAIR_ORIG_251_ORIG_375,,,375
FFPP_0003376,FaceForensics++,FaceShifter/376_381.mp4,1,515,1280,720,h264,1.73,FaceShifter,FaceShifter,,ORIG_381,ORIG_376,PAIR_ORIG_376_ORIG_381,,,376
FFPP_0003377,FaceForensics++,FaceShifter/377_333.mp4,1,398,640,480,h264,0.7,FaceShifter,FaceShifter,,ORIG_333,ORIG_377,PAIR_ORIG_333_ORIG_377,,,377
FFPP_0003378,FaceForensics++,FaceShifter/378_368.mp4,1,761,1280,720,h264,3.85,FaceShifter,FaceShifter,,ORIG_368,ORIG_378,PAIR_ORIG_368_ORIG_378,,,378
FFPP_0003379,FaceForensics++,FaceShifter/379_158.mp4,1,341,640,480,h264,0.94,FaceShifter,FaceShifter,,ORIG_158,ORIG_379,PAIR_ORIG_158_ORIG_379,,,379
FFPP_0003380,FaceForensics++,FaceShifter/380_358.mp4,1,455,640,480,h264,0.58,FaceShifter,FaceShifter,,ORIG_358,ORIG_380,PAIR_ORIG_358_ORIG_380,,,380
FFPP_0003381,FaceForensics++,FaceShifter/381_376.mp4,1,578,656,480,h264,1.53,FaceShifter,FaceShifter,,ORIG_376,ORIG_381,PAIR_ORIG_376_ORIG_381,,,381
FFPP_0003382,FaceForensics++,FaceShifter/382_409.mp4,1,313,640,480,h264,0.69,FaceShifter,FaceShifter,,ORIG_409,ORIG_382,PAIR_ORIG_382_ORIG_409,,,382
FFPP_0003383,FaceForensics++,FaceShifter/383_353.mp4,1,465,1920,1080,h264,2.83,FaceShifter,FaceShifter,,ORIG_353,ORIG_383,PAIR_ORIG_353_ORIG_383,,,383
FFPP_0003384,FaceForensics++,FaceShifter/384_932.mp4,1,462,1920,1080,h264,3.36,FaceShifter,FaceShifter,,ORIG_932,ORIG_384,PAIR_ORIG_384_ORIG_932,,,384
FFPP_0003385,FaceForensics++,FaceShifter/385_414.mp4,1,349,1280,720,h264,1.72,FaceShifter,FaceShifter,,ORIG_414,ORIG_385,PAIR_ORIG_385_ORIG_414,,,385
FFPP_0003386,FaceForensics++,FaceShifter/386_154.mp4,1,449,1920,1080,h264,3.9,FaceShifter,FaceShifter,,ORIG_154,ORIG_386,PAIR_ORIG_154_ORIG_386,,,386
FFPP_0003387,FaceForensics++,FaceShifter/387_311.mp4,1,528,1280,720,h264,1.24,FaceShifter,FaceShifter,,ORIG_311,ORIG_387,PAIR_ORIG_311_ORIG_387,,,387
FFPP_0003388,FaceForensics++,FaceShifter/388_308.mp4,1,636,640,480,h264,1.0,FaceShifter,FaceShifter,,ORIG_308,ORIG_388,PAIR_ORIG_308_ORIG_388,,,388
FFPP_0003389,FaceForensics++,FaceShifter/389_480.mp4,1,314,1920,1080,h264,2.91,FaceShifter,FaceShifter,,ORIG_480,ORIG_389,PAIR_ORIG_389_ORIG_480,,,389
FFPP_0003390,FaceForensics++,FaceShifter/390_709.mp4,1,809,1280,720,h264,5.62,FaceShifter,FaceShifter,,ORIG_709,ORIG_390,PAIR_ORIG_390_ORIG_709,,,390
FFPP_0003391,FaceForensics++,FaceShifter/391_406.mp4,1,547,640,480,h264,0.67,FaceShifter,FaceShifter,,ORIG_406,ORIG_391,PAIR_ORIG_391_ORIG_406,,,391
FFPP_0003392,FaceForensics++,FaceShifter/392_339.mp4,1,1496,1280,720,h264,7.05,FaceShifter,FaceShifter,,ORIG_339,ORIG_392,PAIR_ORIG_339_ORIG_392,,,392
FFPP_0003393,FaceForensics++,FaceShifter/393_405.mp4,1,579,640,480,h264,1.11,FaceShifter,FaceShifter,,ORIG_405,ORIG_393,PAIR_ORIG_393_ORIG_405,,,393
FFPP_0003394,FaceForensics++,FaceShifter/394_373.mp4,1,420,1280,720,h264,1.57,FaceShifter,FaceShifter,,ORIG_373,ORIG_394,PAIR_ORIG_373_ORIG_394,,,394
FFPP_0003395,FaceForensics++,FaceShifter/395_401.mp4,1,448,1280,720,h264,1.21,FaceShifter,FaceShifter,,ORIG_401,ORIG_395,PAIR_ORIG_395_ORIG_401,,,395
FFPP_0003396,FaceForensics++,FaceShifter/396_272.mp4,1,525,1280,720,h264,1.63,FaceShifter,FaceShifter,,ORIG_272,ORIG_396,PAIR_ORIG_272_ORIG_396,,,396
FFPP_0003397,FaceForensics++,FaceShifter/397_602.mp4,1,355,1920,1080,h264,4.23,FaceShifter,FaceShifter,,ORIG_602,ORIG_397,PAIR_ORIG_397_ORIG_602,,,397
FFPP_0003398,FaceForensics++,FaceShifter/398_457.mp4,1,582,656,480,h264,1.23,FaceShifter,FaceShifter,,ORIG_457,ORIG_398,PAIR_ORIG_398_ORIG_457,,,398
FFPP_0003399,FaceForensics++,FaceShifter/399_488.mp4,1,862,1280,720,h264,3.5,FaceShifter,FaceShifter,,ORIG_488,ORIG_399,PAIR_ORIG_399_ORIG_488,,,399
FFPP_0003400,FaceForensics++,FaceShifter/400_476.mp4,1,357,1280,720,h264,1.49,FaceShifter,FaceShifter,,ORIG_476,ORIG_400,PAIR_ORIG_400_ORIG_476,,,400
FFPP_0003401,FaceForensics++,FaceShifter/401_395.mp4,1,492,1280,720,h264,1.96,FaceShifter,FaceShifter,,ORIG_395,ORIG_401,PAIR_ORIG_395_ORIG_401,,,401
FFPP_0003402,FaceForensics++,FaceShifter/402_453.mp4,1,423,1920,1080,h264,4.84,FaceShifter,FaceShifter,,ORIG_453,ORIG_402,PAIR_ORIG_402_ORIG_453,,,402
FFPP_0003403,FaceForensics++,FaceShifter/403_497.mp4,1,707,272,480,h264,0.86,FaceShifter,FaceShifter,,ORIG_497,ORIG_403,PAIR_ORIG_403_ORIG_497,,,403
FFPP_0003404,FaceForensics++,FaceShifter/404_429.mp4,1,798,1280,720,h264,6.52,FaceShifter,FaceShifter,,ORIG_429,ORIG_404,PAIR_ORIG_404_ORIG_429,,,404
FFPP_0003405,FaceForensics++,FaceShifter/405_393.mp4,1,531,640,480,h264,0.99,FaceShifter,FaceShifter,,ORIG_393,ORIG_405,PAIR_ORIG_393_ORIG_405,,,405
FFPP_0003406,FaceForensics++,FaceShifter/406_391.mp4,1,512,600,480,h264,1.39,FaceShifter,FaceShifter,,ORIG_391,ORIG_406,PAIR_ORIG_391_ORIG_406,,,406
FFPP_0003407,FaceForensics++,FaceShifter/407_374.mp4,1,504,600,480,h264,1.3,FaceShifter,FaceShifter,,ORIG_374,ORIG_407,PAIR_ORIG_374_ORIG_407,,,407
FFPP_0003408,FaceForensics++,FaceShifter/408_424.mp4,1,306,720,480,h264,1.5,FaceShifter,FaceShifter,,ORIG_424,ORIG_408,PAIR_ORIG_408_ORIG_424,,,408
FFPP_0003409,FaceForensics++,FaceShifter/409_382.mp4,1,361,640,480,h264,0.47,FaceShifter,FaceShifter,,ORIG_382,ORIG_409,PAIR_ORIG_382_ORIG_409,,,409
FFPP_0003410,FaceForensics++,FaceShifter/410_411.mp4,1,459,1920,1080,h264,4.93,FaceShifter,FaceShifter,,ORIG_411,ORIG_410,PAIR_ORIG_410_ORIG_411,,,410
FFPP_0003411,FaceForensics++,FaceShifter/411_410.mp4,1,529,1920,1080,h264,7.12,FaceShifter,FaceShifter,,ORIG_410,ORIG_411,PAIR_ORIG_410_ORIG_411,,,411
FFPP_0003412,FaceForensics++,FaceShifter/412_274.mp4,1,572,1280,720,h264,1.81,FaceShifter,FaceShifter,,ORIG_274,ORIG_412,PAIR_ORIG_274_ORIG_412,,,412
FFPP_0003413,FaceForensics++,FaceShifter/413_372.mp4,1,379,640,480,h264,0.68,FaceShifter,FaceShifter,,ORIG_372,ORIG_413,PAIR_ORIG_372_ORIG_413,,,413
FFPP_0003414,FaceForensics++,FaceShifter/414_385.mp4,1,587,1920,1080,h264,6.56,FaceShifter,FaceShifter,,ORIG_385,ORIG_414,PAIR_ORIG_385_ORIG_414,,,414
FFPP_0003415,FaceForensics++,FaceShifter/415_484.mp4,1,563,720,480,h264,0.64,FaceShifter,FaceShifter,,ORIG_484,ORIG_415,PAIR_ORIG_415_ORIG_484,,,415
FFPP_0003416,FaceForensics++,FaceShifter/416_342.mp4,1,313,1280,720,h264,1.7,FaceShifter,FaceShifter,,ORIG_342,ORIG_416,PAIR_ORIG_342_ORIG_416,,,416
FFPP_0003417,FaceForensics++,FaceShifter/417_496.mp4,1,861,854,480,h264,2.09,FaceShifter,FaceShifter,,ORIG_496,ORIG_417,PAIR_ORIG_417_ORIG_496,,,417
FFPP_0003418,FaceForensics++,FaceShifter/418_507.mp4,1,319,1280,720,h264,1.94,FaceShifter,FaceShifter,,ORIG_507,ORIG_418,PAIR_ORIG_418_ORIG_507,,,418
FFPP_0003419,FaceForensics++,FaceShifter/419_824.mp4,1,487,1280,720,h264,2.05,FaceShifter,FaceShifter,,ORIG_824,ORIG_419,PAIR_ORIG_419_ORIG_824,,,419
FFPP_0003420,FaceForensics++,FaceShifter/420_257.mp4,1,1126,600,480,h264,1.85,FaceShifter,FaceShifter,,ORIG_257,ORIG_420,PAIR_ORIG_257_ORIG_420,,,420
FFPP_0003421,FaceForensics++,FaceShifter/421_423.mp4,1,1038,640,480,h264,1.72,FaceShifter,FaceShifter,,ORIG_423,ORIG_421,PAIR_ORIG_421_ORIG_423,,,421
FFPP_0003422,FaceForensics++,FaceShifter/422_695.mp4,1,316,1920,1080,h264,4.84,FaceShifter,FaceShifter,,ORIG_695,ORIG_422,PAIR_ORIG_422_ORIG_695,,,422
FFPP_0003423,FaceForensics++,FaceShifter/423_421.mp4,1,1814,598,480,h264,3.3,FaceShifter,FaceShifter,,ORIG_421,ORIG_423,PAIR_ORIG_421_ORIG_423,,,423
FFPP_0003424,FaceForensics++,FaceShifter/424_408.mp4,1,311,640,480,h264,0.55,FaceShifter,FaceShifter,,ORIG_408,ORIG_424,PAIR_ORIG_408_ORIG_424,,,424
FFPP_0003425,FaceForensics++,FaceShifter/425_485.mp4,1,336,854,480,h264,0.75,FaceShifter,FaceShifter,,ORIG_485,ORIG_425,PAIR_ORIG_425_ORIG_485,,,425
FFPP_0003426,FaceForensics++,FaceShifter/426_287.mp4,1,335,1920,1080,h264,4.63,FaceShifter,FaceShifter,,ORIG_287,ORIG_426,PAIR_ORIG_287_ORIG_426,,,426
FFPP_0003427,FaceForensics++,FaceShifter/427_637.mp4,1,468,1280,720,h264,0.8,FaceShifter,FaceShifter,,ORIG_637,ORIG_427,PAIR_ORIG_427_ORIG_637,,,427
FFPP_0003428,FaceForensics++,FaceShifter/428_466.mp4,1,540,1280,720,h264,2.09,FaceShifter,FaceShifter,,ORIG_466,ORIG_428,PAIR_ORIG_428_ORIG_466,,,428
FFPP_0003429,FaceForensics++,FaceShifter/429_404.mp4,1,457,656,480,h264,1.07,FaceShifter,FaceShifter,,ORIG_404,ORIG_429,PAIR_ORIG_404_ORIG_429,,,429
FFPP_0003430,FaceForensics++,FaceShifter/430_459.mp4,1,357,1920,1080,h264,3.1,FaceShifter,FaceShifter,,ORIG_459,ORIG_430,PAIR_ORIG_430_ORIG_459,,,430
FFPP_0003431,FaceForensics++,FaceShifter/431_447.mp4,1,616,1280,720,h264,2.0,FaceShifter,FaceShifter,,ORIG_447,ORIG_431,PAIR_ORIG_431_ORIG_447,,,431
FFPP_0003432,FaceForensics++,FaceShifter/432_357.mp4,1,360,640,480,h264,0.59,FaceShifter,FaceShifter,,ORIG_357,ORIG_432,PAIR_ORIG_357_ORIG_432,,,432
FFPP_0003433,FaceForensics++,FaceShifter/433_498.mp4,1,532,1280,720,h264,2.42,FaceShifter,FaceShifter,,ORIG_498,ORIG_433,PAIR_ORIG_433_ORIG_498,,,433
FFPP_0003434,FaceForensics++,FaceShifter/434_438.mp4,1,337,854,480,h264,0.48,FaceShifter,FaceShifter,,ORIG_438,ORIG_434,PAIR_ORIG_434_ORIG_438,,,434
FFPP_0003435,FaceForensics++,FaceShifter/435_456.mp4,1,476,656,480,h264,0.98,FaceShifter,FaceShifter,,ORIG_456,ORIG_435,PAIR_ORIG_435_ORIG_456,,,435
FFPP_0003436,FaceForensics++,FaceShifter/436_526.mp4,1,518,1280,720,h264,2.46,FaceShifter,FaceShifter,,ORIG_526,ORIG_436,PAIR_ORIG_436_ORIG_526,,,436
FFPP_0003437,FaceForensics++,FaceShifter/437_360.mp4,1,593,1280,720,h264,4.2,FaceShifter,FaceShifter,,ORIG_360,ORIG_437,PAIR_ORIG_360_ORIG_437,,,437
FFPP_0003438,FaceForensics++,FaceShifter/438_434.mp4,1,542,640,480,h264,0.65,FaceShifter,FaceShifter,,ORIG_434,ORIG_438,PAIR_ORIG_434_ORIG_438,,,438
FFPP_0003439,FaceForensics++,FaceShifter/439_441.mp4,1,462,640,480,h264,0.89,FaceShifter,FaceShifter,,ORIG_441,ORIG_439,PAIR_ORIG_439_ORIG_441,,,439
FFPP_0003440,FaceForensics++,FaceShifter/440_364.mp4,1,419,656,480,h264,0.55,FaceShifter,FaceShifter,,ORIG_364,ORIG_440,PAIR_ORIG_364_ORIG_440,,,440
FFPP_0003441,FaceForensics++,FaceShifter/441_439.mp4,1,305,640,480,h264,0.63,FaceShifter,FaceShifter,,ORIG_439,ORIG_441,PAIR_ORIG_439_ORIG_441,,,441
FFPP_0003442,FaceForensics++,FaceShifter/442_195.mp4,1,355,1920,1080,h264,3.95,FaceShifter,FaceShifter,,ORIG_195,ORIG_442,PAIR_ORIG_195_ORIG_442,,,442
FFPP_0003443,FaceForensics++,FaceShifter/443_514.mp4,1,1146,640,480,h264,1.57,FaceShifter,FaceShifter,,ORIG_514,ORIG_443,PAIR_ORIG_443_ORIG_514,,,443
FFPP_0003444,FaceForensics++,FaceShifter/444_655.mp4,1,437,854,480,h264,0.85,FaceShifter,FaceShifter,,ORIG_655,ORIG_444,PAIR_ORIG_444_ORIG_655,,,444
FFPP_0003445,FaceForensics++,FaceShifter/445_494.mp4,1,1053,1280,720,h264,3.95,FaceShifter,FaceShifter,,ORIG_494,ORIG_445,PAIR_ORIG_445_ORIG_494,,,445
FFPP_0003446,FaceForensics++,FaceShifter/446_667.mp4,1,423,1920,1080,h264,4.65,FaceShifter,FaceShifter,,ORIG_667,ORIG_446,PAIR_ORIG_446_ORIG_667,,,446
FFPP_0003447,FaceForensics++,FaceShifter/447_431.mp4,1,326,654,480,h264,0.61,FaceShifter,FaceShifter,,ORIG_431,ORIG_447,PAIR_ORIG_431_ORIG_447,,,447
FFPP_0003448,FaceForensics++,FaceShifter/448_361.mp4,1,528,1280,720,h264,2.14,FaceShifter,FaceShifter,,ORIG_361,ORIG_448,PAIR_ORIG_361_ORIG_448,,,448
FFPP_0003449,FaceForensics++,FaceShifter/449_451.mp4,1,306,1280,720,h264,1.48,FaceShifter,FaceShifter,,ORIG_451,ORIG_449,PAIR_ORIG_449_ORIG_451,,,449
FFPP_0003450,FaceForensics++,FaceShifter/450_533.mp4,1,774,1920,1080,h264,7.27,FaceShifter,FaceShifter,,ORIG_533,ORIG_450,PAIR_ORIG_450_ORIG_533,,,450
FFPP_0003451,FaceForensics++,FaceShifter/451_449.mp4,1,383,1280,720,h264,1.48,FaceShifter,FaceShifter,,ORIG_449,ORIG_451,PAIR_ORIG_449_ORIG_451,,,451
FFPP_0003452,FaceForensics++,FaceShifter/452_550.mp4,1,606,640,480,h264,1.03,FaceShifter,FaceShifter,,ORIG_550,ORIG_452,PAIR_ORIG_452_ORIG_550,,,452
FFPP_0003453,FaceForensics++,FaceShifter/453_402.mp4,1,645,1280,718,h264,2.57,FaceShifter,FaceShifter,,ORIG_402,ORIG_453,PAIR_ORIG_402_ORIG_453,,,453
FFPP_0003454,FaceForensics++,FaceShifter/454_527.mp4,1,384,854,480,h264,1.11,FaceShifter,FaceShifter,,ORIG_527,ORIG_454,PAIR_ORIG_454_ORIG_527,,,454
FFPP_0003455,FaceForensics++,FaceShifter/455_471.mp4,1,370,656,480,h264,1.34,FaceShifter,FaceShifter,,ORIG_471,ORIG_455,PAIR_ORIG_455_ORIG_471,,,455
FFPP_0003456,FaceForensics++,FaceShifter/456_435.mp4,1,608,1280,720,h264,3.5,FaceShifter,FaceShifter,,ORIG_435,ORIG_456,PAIR_ORIG_435_ORIG_456,,,456
FFPP_0003457,FaceForensics++,FaceShifter/457_398.mp4,1,528,640,480,h264,1.19,FaceShifter,FaceShifter,,ORIG_398,ORIG_457,PAIR_ORIG_398_ORIG_457,,,457
FFPP_0003458,FaceForensics++,FaceShifter/458_722.mp4,1,351,854,480,h264,0.8,FaceShifter,FaceShifter,,ORIG_722,ORIG_458,PAIR_ORIG_458_ORIG_722,,,458
FFPP_0003459,FaceForensics++,FaceShifter/459_430.mp4,1,526,1920,1080,h264,4.74,FaceShifter,FaceShifter,,ORIG_430,ORIG_459,PAIR_ORIG_430_ORIG_459,,,459
FFPP_0003460,FaceForensics++,FaceShifter/460_678.mp4,1,640,1280,720,h264,2.88,FaceShifter,FaceShifter,,ORIG_678,ORIG_460,PAIR_ORIG_460_ORIG_678,,,460
FFPP_0003461,FaceForensics++,FaceShifter/461_250.mp4,1,612,1280,720,h264,2.06,FaceShifter,FaceShifter,,ORIG_250,ORIG_461,PAIR_ORIG_250_ORIG_461,,,461
FFPP_0003462,FaceForensics++,FaceShifter/462_467.mp4,1,585,640,480,h264,1.06,FaceShifter,FaceShifter,,ORIG_467,ORIG_462,PAIR_ORIG_462_ORIG_467,,,462
FFPP_0003463,FaceForensics++,FaceShifter/463_464.mp4,1,315,636,480,h264,0.8,FaceShifter,FaceShifter,,ORIG_464,ORIG_463,PAIR_ORIG_463_ORIG_464,,,463
FFPP_0003464,FaceForensics++,FaceShifter/464_463.mp4,1,404,640,480,h264,0.92,FaceShifter,FaceShifter,,ORIG_463,ORIG_464,PAIR_ORIG_463_ORIG_464,,,464
FFPP_0003465,FaceForensics++,FaceShifter/465_482.mp4,1,329,1280,720,h264,1.52,FaceShifter,FaceShifter,,ORIG_482,ORIG_465,PAIR_ORIG_465_ORIG_482,,,465
FFPP_0003466,FaceForensics++,FaceShifter/466_428.mp4,1,334,1280,720,h264,1.64,FaceShifter,FaceShifter,,ORIG_428,ORIG_466,PAIR_ORIG_428_ORIG_466,,,466
FFPP_0003467,FaceForensics++,FaceShifter/467_462.mp4,1,423,640,480,h264,0.77,FaceShifter,FaceShifter,,ORIG_462,ORIG_467,PAIR_ORIG_462_ORIG_467,,,467
FFPP_0003468,FaceForensics++,FaceShifter/468_470.mp4,1,597,600,480,h264,1.22,FaceShifter,FaceShifter,,ORIG_470,ORIG_468,PAIR_ORIG_468_ORIG_470,,,468
FFPP_0003469,FaceForensics++,FaceShifter/469_481.mp4,1,414,854,480,h264,0.95,FaceShifter,FaceShifter,,ORIG_481,ORIG_469,PAIR_ORIG_469_ORIG_481,,,469
FFPP_0003470,FaceForensics++,FaceShifter/470_468.mp4,1,905,642,480,h264,1.0,FaceShifter,FaceShifter,,ORIG_468,ORIG_470,PAIR_ORIG_468_ORIG_470,,,470
FFPP_0003471,FaceForensics++,FaceShifter/471_455.mp4,1,540,640,480,h264,0.8,FaceShifter,FaceShifter,,ORIG_455,ORIG_471,PAIR_ORIG_455_ORIG_471,,,471
FFPP_0003472,FaceForensics++,FaceShifter/472_511.mp4,1,479,640,480,h264,0.3,FaceShifter,FaceShifter,,ORIG_511,ORIG_472,PAIR_ORIG_472_ORIG_511,,,472
FFPP_0003473,FaceForensics++,FaceShifter/473_366.mp4,1,574,640,480,h264,0.83,FaceShifter,FaceShifter,,ORIG_366,ORIG_473,PAIR_ORIG_366_ORIG_473,,,473
FFPP_0003474,FaceForensics++,FaceShifter/474_281.mp4,1,296,640,480,h264,1.16,FaceShifter,FaceShifter,,ORIG_281,ORIG_474,PAIR_ORIG_281_ORIG_474,,,474
FFPP_0003475,FaceForensics++,FaceShifter/475_265.mp4,1,337,1280,720,h264,1.51,FaceShifter,FaceShifter,,ORIG_265,ORIG_475,PAIR_ORIG_265_ORIG_475,,,475
FFPP_0003476,FaceForensics++,FaceShifter/476_400.mp4,1,310,640,480,h264,1.1,FaceShifter,FaceShifter,,ORIG_400,ORIG_476,PAIR_ORIG_400_ORIG_476,,,476
FFPP_0003477,FaceForensics++,FaceShifter/477_487.mp4,1,365,1264,720,h264,1.45,FaceShifter,FaceShifter,,ORIG_487,ORIG_477,PAIR_ORIG_477_ORIG_487,,,477
FFPP_0003478,FaceForensics++,FaceShifter/478_506.mp4,1,749,640,480,h264,0.82,FaceShifter,FaceShifter,,ORIG_506,ORIG_478,PAIR_ORIG_478_ORIG_506,,,478
FFPP_0003479,FaceForensics++,FaceShifter/479_706.mp4,1,488,1920,1080,h264,4.01,FaceShifter,FaceShifter,,ORIG_706,ORIG_479,PAIR_ORIG_479_ORIG_706,,,479
FFPP_0003480,FaceForensics++,FaceShifter/480_389.mp4,1,485,1280,720,h264,2.04,FaceShifter,FaceShifter,,ORIG_389,ORIG_480,PAIR_ORIG_389_ORIG_480,,,480
FFPP_0003481,FaceForensics++,FaceShifter/481_469.mp4,1,414,1280,720,h264,2.22,FaceShifter,FaceShifter,,ORIG_469,ORIG_481,PAIR_ORIG_469_ORIG_481,,,481
FFPP_0003482,FaceForensics++,FaceShifter/482_465.mp4,1,354,640,480,h264,1.03,FaceShifter,FaceShifter,,ORIG_465,ORIG_482,PAIR_ORIG_465_ORIG_482,,,482
FFPP_0003483,FaceForensics++,FaceShifter/483_370.mp4,1,375,1280,720,h264,1.04,FaceShifter,FaceShifter,,ORIG_370,ORIG_483,PAIR_ORIG_370_ORIG_483,,,483
FFPP_0003484,FaceForensics++,FaceShifter/484_415.mp4,1,319,654,480,h264,0.37,FaceShifter,FaceShifter,,ORIG_415,ORIG_484,PAIR_ORIG_415_ORIG_484,,,484
FFPP_0003485,FaceForensics++,FaceShifter/485_425.mp4,1,803,854,480,h264,1.66,FaceShifter,FaceShifter,,ORIG_425,ORIG_485,PAIR_ORIG_425_ORIG_485,,,485
FFPP_0003486,FaceForensics++,FaceShifter/486_680.mp4,1,564,640,480,h264,0.82,FaceShifter,FaceShifter,,ORIG_680,ORIG_486,PAIR_ORIG_486_ORIG_680,,,486
FFPP_0003487,FaceForensics++,FaceShifter/487_477.mp4,1,319,1280,720,h264,1.64,FaceShifter,FaceShifter,,ORIG_477,ORIG_487,PAIR_ORIG_477_ORIG_487,,,487
FFPP_0003488,FaceForensics++,FaceShifter/488_399.mp4,1,518,854,480,h264,0.98,FaceShifter,FaceShifter,,ORIG_399,ORIG_488,PAIR_ORIG_399_ORIG_488,,,488
FFPP_0003489,FaceForensics++,FaceShifter/489_022.mp4,1,566,1280,720,h264,2.36,FaceShifter,FaceShifter,,ORIG_022,ORIG_489,PAIR_ORIG_022_ORIG_489,,,489
FFPP_0003490,FaceForensics++,FaceShifter/490_534.mp4,1,635,1920,1080,h264,4.86,FaceShifter,FaceShifter,,ORIG_534,ORIG_490,PAIR_ORIG_490_ORIG_534,,,490
FFPP_0003491,FaceForensics++,FaceShifter/491_226.mp4,1,427,1920,1080,h264,3.77,FaceShifter,FaceShifter,,ORIG_226,ORIG_491,PAIR_ORIG_226_ORIG_491,,,491
FFPP_0003492,FaceForensics++,FaceShifter/492_325.mp4,1,347,1280,720,h264,1.28,FaceShifter,FaceShifter,,ORIG_325,ORIG_492,PAIR_ORIG_325_ORIG_492,,,492
FFPP_0003493,FaceForensics++,FaceShifter/493_538.mp4,1,395,640,480,h264,0.88,FaceShifter,FaceShifter,,ORIG_538,ORIG_493,PAIR_ORIG_493_ORIG_538,,,493
FFPP_0003494,FaceForensics++,FaceShifter/494_445.mp4,1,802,1280,720,h264,3.07,FaceShifter,FaceShifter,,ORIG_445,ORIG_494,PAIR_ORIG_445_ORIG_494,,,494
FFPP_0003495,FaceForensics++,FaceShifter/495_512.mp4,1,573,640,480,h264,0.96,FaceShifter,FaceShifter,,ORIG_512,ORIG_495,PAIR_ORIG_495_ORIG_512,,,495
FFPP_0003496,FaceForensics++,FaceShifter/496_417.mp4,1,1496,640,480,h264,1.94,FaceShifter,FaceShifter,,ORIG_417,ORIG_496,PAIR_ORIG_417_ORIG_496,,,496
FFPP_0003497,FaceForensics++,FaceShifter/497_403.mp4,1,621,854,480,h264,1.32,FaceShifter,FaceShifter,,ORIG_403,ORIG_497,PAIR_ORIG_403_ORIG_497,,,497
FFPP_0003498,FaceForensics++,FaceShifter/498_433.mp4,1,317,854,480,h264,0.81,FaceShifter,FaceShifter,,ORIG_433,ORIG_498,PAIR_ORIG_433_ORIG_498,,,498
FFPP_0003499,FaceForensics++,FaceShifter/499_539.mp4,1,514,1280,720,h264,2.25,FaceShifter,FaceShifter,,ORIG_539,ORIG_499,PAIR_ORIG_499_ORIG_539,,,499
FFPP_0003500,FaceForensics++,FaceShifter/500_592.mp4,1,292,1920,1080,h264,2.3,FaceShifter,FaceShifter,,ORIG_592,ORIG_500,PAIR_ORIG_500_ORIG_592,,,500
FFPP_0003501,FaceForensics++,FaceShifter/501_326.mp4,1,522,600,480,h264,0.69,FaceShifter,FaceShifter,,ORIG_326,ORIG_501,PAIR_ORIG_326_ORIG_501,,,501
FFPP_0003502,FaceForensics++,FaceShifter/502_504.mp4,1,317,1280,720,h264,1.62,FaceShifter,FaceShifter,,ORIG_504,ORIG_502,PAIR_ORIG_502_ORIG_504,,,502
FFPP_0003503,FaceForensics++,FaceShifter/503_756.mp4,1,674,640,480,h264,0.75,FaceShifter,FaceShifter,,ORIG_756,ORIG_503,PAIR_ORIG_503_ORIG_756,,,503
FFPP_0003504,FaceForensics++,FaceShifter/504_502.mp4,1,317,1280,720,h264,0.96,FaceShifter,FaceShifter,,ORIG_502,ORIG_504,PAIR_ORIG_502_ORIG_504,,,504
FFPP_0003505,FaceForensics++,FaceShifter/505_600.mp4,1,543,654,480,h264,0.46,FaceShifter,FaceShifter,,ORIG_600,ORIG_505,PAIR_ORIG_505_ORIG_600,,,505
FFPP_0003506,FaceForensics++,FaceShifter/506_478.mp4,1,668,854,480,h264,1.24,FaceShifter,FaceShifter,,ORIG_478,ORIG_506,PAIR_ORIG_478_ORIG_506,,,506
FFPP_0003507,FaceForensics++,FaceShifter/507_418.mp4,1,469,1920,1080,h264,7.6,FaceShifter,FaceShifter,,ORIG_418,ORIG_507,PAIR_ORIG_418_ORIG_507,,,507
FFPP_0003508,FaceForensics++,FaceShifter/508_831.mp4,1,603,1920,1080,h264,4.93,FaceShifter,FaceShifter,,ORIG_831,ORIG_508,PAIR_ORIG_508_ORIG_831,,,508
FFPP_0003509,FaceForensics++,FaceShifter/509_525.mp4,1,563,640,480,h264,1.71,FaceShifter,FaceShifter,,ORIG_525,ORIG_509,PAIR_ORIG_509_ORIG_525,,,509
FFPP_0003510,FaceForensics++,FaceShifter/510_528.mp4,1,340,854,480,h264,1.34,FaceShifter,FaceShifter,,ORIG_528,ORIG_510,PAIR_ORIG_510_ORIG_528,,,510
FFPP_0003511,FaceForensics++,FaceShifter/511_472.mp4,1,809,640,480,h264,1.34,FaceShifter,FaceShifter,,ORIG_472,ORIG_511,PAIR_ORIG_472_ORIG_511,,,511
FFPP_0003512,FaceForensics++,FaceShifter/512_495.mp4,1,750,640,480,h264,1.44,FaceShifter,FaceShifter,,ORIG_495,ORIG_512,PAIR_ORIG_495_ORIG_512,,,512
FFPP_0003513,FaceForensics++,FaceShifter/513_305.mp4,1,494,1280,720,h264,2.49,FaceShifter,FaceShifter,,ORIG_305,ORIG_513,PAIR_ORIG_305_ORIG_513,,,513
FFPP_0003514,FaceForensics++,FaceShifter/514_443.mp4,1,361,640,480,h264,0.76,FaceShifter,FaceShifter,,ORIG_443,ORIG_514,PAIR_ORIG_443_ORIG_514,,,514
FFPP_0003515,FaceForensics++,FaceShifter/515_519.mp4,1,766,640,480,h264,1.78,FaceShifter,FaceShifter,,ORIG_519,ORIG_515,PAIR_ORIG_515_ORIG_519,,,515
FFPP_0003516,FaceForensics++,FaceShifter/516_555.mp4,1,354,1920,1080,h264,3.05,FaceShifter,FaceShifter,,ORIG_555,ORIG_516,PAIR_ORIG_516_ORIG_555,,,516
FFPP_0003517,FaceForensics++,FaceShifter/517_521.mp4,1,373,654,480,h264,0.59,FaceShifter,FaceShifter,,ORIG_521,ORIG_517,PAIR_ORIG_517_ORIG_521,,,517
FFPP_0003518,FaceForensics++,FaceShifter/518_131.mp4,1,295,854,480,h264,0.63,FaceShifter,FaceShifter,,ORIG_131,ORIG_518,PAIR_ORIG_131_ORIG_518,,,518
FFPP_0003519,FaceForensics++,FaceShifter/519_515.mp4,1,751,640,480,h264,2.07,FaceShifter,FaceShifter,,ORIG_515,ORIG_519,PAIR_ORIG_515_ORIG_519,,,519
FFPP_0003520,FaceForensics++,FaceShifter/520_542.mp4,1,350,1280,720,h264,1.33,FaceShifter,FaceShifter,,ORIG_542,ORIG_520,PAIR_ORIG_520_ORIG_542,,,520
FFPP_0003521,FaceForensics++,FaceShifter/521_517.mp4,1,304,640,480,h264,0.56,FaceShifter,FaceShifter,,ORIG_517,ORIG_521,PAIR_ORIG_517_ORIG_521,,,521
FFPP_0003522,FaceForensics++,FaceShifter/522_337.mp4,1,713,602,480,h264,0.97,FaceShifter,FaceShifter,,ORIG_337,ORIG_522,PAIR_ORIG_337_ORIG_522,,,522
FFPP_0003523,FaceForensics++,FaceShifter/523_541.mp4,1,375,854,480,h264,0.79,FaceShifter,FaceShifter,,ORIG_541,ORIG_523,PAIR_ORIG_523_ORIG_541,,,523
FFPP_0003524,FaceForensics++,FaceShifter/524_580.mp4,1,527,854,480,h264,0.81,FaceShifter,FaceShifter,,ORIG_580,ORIG_524,PAIR_ORIG_524_ORIG_580,,,524
FFPP_0003525,FaceForensics++,FaceShifter/525_509.mp4,1,517,854,480,h264,0.57,FaceShifter,FaceShifter,,ORIG_509,ORIG_525,PAIR_ORIG_509_ORIG_525,,,525
FFPP_0003526,FaceForensics++,FaceShifter/526_436.mp4,1,838,1280,720,h264,2.72,FaceShifter,FaceShifter,,ORIG_436,ORIG_526,PAIR_ORIG_436_ORIG_526,,,526
FFPP_0003527,FaceForensics++,FaceShifter/527_454.mp4,1,342,1280,720,h264,0.76,FaceShifter,FaceShifter,,ORIG_454,ORIG_527,PAIR_ORIG_454_ORIG_527,,,527
FFPP_0003528,FaceForensics++,FaceShifter/528_510.mp4,1,377,720,480,h264,1.2,FaceShifter,FaceShifter,,ORIG_510,ORIG_528,PAIR_ORIG_510_ORIG_528,,,528
FFPP_0003529,FaceForensics++,FaceShifter/529_633.mp4,1,335,1920,1080,h264,2.94,FaceShifter,FaceShifter,,ORIG_633,ORIG_529,PAIR_ORIG_529_ORIG_633,,,529
FFPP_0003530,FaceForensics++,FaceShifter/530_594.mp4,1,716,1280,720,h264,3.39,FaceShifter,FaceShifter,,ORIG_594,ORIG_530,PAIR_ORIG_530_ORIG_594,,,530
FFPP_0003531,FaceForensics++,FaceShifter/531_549.mp4,1,319,640,480,h264,0.75,FaceShifter,FaceShifter,,ORIG_549,ORIG_531,PAIR_ORIG_531_ORIG_549,,,531
FFPP_0003532,FaceForensics++,FaceShifter/532_544.mp4,1,391,1280,720,h264,1.05,FaceShifter,FaceShifter,,ORIG_544,ORIG_532,PAIR_ORIG_532_ORIG_544,,,532
FFPP_0003533,FaceForensics++,FaceShifter/533_450.mp4,1,558,1920,1080,h264,3.31,FaceShifter,FaceShifter,,ORIG_450,ORIG_533,PAIR_ORIG_450_ORIG_533,,,533
FFPP_0003534,FaceForensics++,FaceShifter/534_490.mp4,1,384,1280,720,h264,1.55,FaceShifter,FaceShifter,,ORIG_490,ORIG_534,PAIR_ORIG_490_ORIG_534,,,534
FFPP_0003535,FaceForensics++,FaceShifter/535_587.mp4,1,667,640,480,h264,0.79,FaceShifter,FaceShifter,,ORIG_587,ORIG_535,PAIR_ORIG_535_ORIG_587,,,535
FFPP_0003536,FaceForensics++,FaceShifter/536_540.mp4,1,603,1280,720,h264,1.88,FaceShifter,FaceShifter,,ORIG_540,ORIG_536,PAIR_ORIG_536_ORIG_540,,,536
FFPP_0003537,FaceForensics++,FaceShifter/537_563.mp4,1,385,1280,720,h264,1.83,FaceShifter,FaceShifter,,ORIG_563,ORIG_537,PAIR_ORIG_537_ORIG_563,,,537
FFPP_0003538,FaceForensics++,FaceShifter/538_493.mp4,1,596,854,480,h264,1.05,FaceShifter,FaceShifter,,ORIG_493,ORIG_538,PAIR_ORIG_493_ORIG_538,,,538
FFPP_0003539,FaceForensics++,FaceShifter/539_499.mp4,1,313,640,480,h264,0.38,FaceShifter,FaceShifter,,ORIG_499,ORIG_539,PAIR_ORIG_499_ORIG_539,,,539
FFPP_0003540,FaceForensics++,FaceShifter/540_536.mp4,1,957,1280,720,h264,2.32,FaceShifter,FaceShifter,,ORIG_536,ORIG_540,PAIR_ORIG_536_ORIG_540,,,540
FFPP_0003541,FaceForensics++,FaceShifter/541_523.mp4,1,390,642,480,h264,0.38,FaceShifter,FaceShifter,,ORIG_523,ORIG_541,PAIR_ORIG_523_ORIG_541,,,541
FFPP_0003542,FaceForensics++,FaceShifter/542_520.mp4,1,320,1280,720,h264,1.07,FaceShifter,FaceShifter,,ORIG_520,ORIG_542,PAIR_ORIG_520_ORIG_542,,,542
FFPP_0003543,FaceForensics++,FaceShifter/543_559.mp4,1,718,656,480,h264,1.21,FaceShifter,FaceShifter,,ORIG_559,ORIG_543,PAIR_ORIG_543_ORIG_559,,,543
FFPP_0003544,FaceForensics++,FaceShifter/544_532.mp4,1,355,1280,720,h264,1.46,FaceShifter,FaceShifter,,ORIG_532,ORIG_544,PAIR_ORIG_532_ORIG_544,,,544
FFPP_0003545,FaceForensics++,FaceShifter/545_553.mp4,1,436,640,480,h264,0.89,FaceShifter,FaceShifter,,ORIG_553,ORIG_545,PAIR_ORIG_545_ORIG_553,,,545
FFPP_0003546,FaceForensics++,FaceShifter/546_621.mp4,1,714,854,480,h264,1.06,FaceShifter,FaceShifter,,ORIG_621,ORIG_546,PAIR_ORIG_546_ORIG_621,,,546
FFPP_0003547,FaceForensics++,FaceShifter/547_574.mp4,1,496,1920,1080,h264,3.25,FaceShifter,FaceShifter,,ORIG_574,ORIG_547,PAIR_ORIG_547_ORIG_574,,,547
FFPP_0003548,FaceForensics++,FaceShifter/548_632.mp4,1,573,1280,720,h264,2.53,FaceShifter,FaceShifter,,ORIG_632,ORIG_548,PAIR_ORIG_548_ORIG_632,,,548
FFPP_0003549,FaceForensics++,FaceShifter/549_531.mp4,1,624,1280,720,h264,12.49,FaceShifter,FaceShifter,,ORIG_531,ORIG_549,PAIR_ORIG_531_ORIG_549,,,549
FFPP_0003550,FaceForensics++,FaceShifter/550_452.mp4,1,444,640,480,h264,0.6,FaceShifter,FaceShifter,,ORIG_452,ORIG_550,PAIR_ORIG_452_ORIG_550,,,550
FFPP_0003551,FaceForensics++,FaceShifter/551_631.mp4,1,727,1280,720,h264,4.48,FaceShifter,FaceShifter,,ORIG_631,ORIG_551,PAIR_ORIG_551_ORIG_631,,,551
FFPP_0003552,FaceForensics++,FaceShifter/552_851.mp4,1,303,1280,720,h264,1.16,FaceShifter,FaceShifter,,ORIG_851,ORIG_552,PAIR_ORIG_552_ORIG_851,,,552
FFPP_0003553,FaceForensics++,FaceShifter/553_545.mp4,1,364,640,480,h264,0.5,FaceShifter,FaceShifter,,ORIG_545,ORIG_553,PAIR_ORIG_545_ORIG_553,,,553
FFPP_0003554,FaceForensics++,FaceShifter/554_572.mp4,1,828,1280,720,h264,2.5,FaceShifter,FaceShifter,,ORIG_572,ORIG_554,PAIR_ORIG_554_ORIG_572,,,554
FFPP_0003555,FaceForensics++,FaceShifter/555_516.mp4,1,572,1920,1080,h264,6.51,FaceShifter,FaceShifter,,ORIG_516,ORIG_555,PAIR_ORIG_516_ORIG_555,,,555
FFPP_0003556,FaceForensics++,FaceShifter/556_588.mp4,1,372,640,480,h264,0.48,FaceShifter,FaceShifter,,ORIG_588,ORIG_556,PAIR_ORIG_556_ORIG_588,,,556
FFPP_0003557,FaceForensics++,FaceShifter/557_560.mp4,1,509,854,480,h264,0.86,FaceShifter,FaceShifter,,ORIG_560,ORIG_557,PAIR_ORIG_557_ORIG_560,,,557
FFPP_0003558,FaceForensics++,FaceShifter/558_583.mp4,1,535,1280,720,h264,2.95,FaceShifter,FaceShifter,,ORIG_583,ORIG_558,PAIR_ORIG_558_ORIG_583,,,558
FFPP_0003559,FaceForensics++,FaceShifter/559_543.mp4,1,334,1280,720,h264,2.2,FaceShifter,FaceShifter,,ORIG_543,ORIG_559,PAIR_ORIG_543_ORIG_559,,,559
FFPP_0003560,FaceForensics++,FaceShifter/560_557.mp4,1,349,640,480,h264,0.38,FaceShifter,FaceShifter,,ORIG_557,ORIG_560,PAIR_ORIG_557_ORIG_560,,,560
FFPP_0003561,FaceForensics++,FaceShifter/561_998.mp4,1,416,1920,1080,h264,2.73,FaceShifter,FaceShifter,,ORIG_998,ORIG_561,PAIR_ORIG_561_ORIG_998,,,561
FFPP_0003562,FaceForensics++,FaceShifter/562_626.mp4,1,467,1280,720,h264,2.81,FaceShifter,FaceShifter,,ORIG_626,ORIG_562,PAIR_ORIG_562_ORIG_626,,,562
FFPP_0003563,FaceForensics++,FaceShifter/563_537.mp4,1,390,640,480,h264,0.57,FaceShifter,FaceShifter,,ORIG_537,ORIG_563,PAIR_ORIG_537_ORIG_563,,,563
FFPP_0003564,FaceForensics++,FaceShifter/564_971.mp4,1,648,1920,1080,h264,3.36,FaceShifter,FaceShifter,,ORIG_971,ORIG_564,PAIR_ORIG_564_ORIG_971,,,564
FFPP_0003565,FaceForensics++,FaceShifter/565_589.mp4,1,430,656,480,h264,0.77,FaceShifter,FaceShifter,,ORIG_589,ORIG_565,PAIR_ORIG_565_ORIG_589,,,565
FFPP_0003566,FaceForensics++,FaceShifter/566_617.mp4,1,723,854,480,h264,2.74,FaceShifter,FaceShifter,,ORIG_617,ORIG_566,PAIR_ORIG_566_ORIG_617,,,566
FFPP_0003567,FaceForensics++,FaceShifter/567_606.mp4,1,340,854,480,h264,0.6,FaceShifter,FaceShifter,,ORIG_606,ORIG_567,PAIR_ORIG_567_ORIG_606,,,567
FFPP_0003568,FaceForensics++,FaceShifter/568_628.mp4,1,570,640,480,h264,0.91,FaceShifter,FaceShifter,,ORIG_628,ORIG_568,PAIR_ORIG_568_ORIG_628,,,568
FFPP_0003569,FaceForensics++,FaceShifter/569_921.mp4,1,335,1920,1080,h264,2.63,FaceShifter,FaceShifter,,ORIG_921,ORIG_569,PAIR_ORIG_569_ORIG_921,,,569
FFPP_0003570,FaceForensics++,FaceShifter/570_624.mp4,1,430,1280,720,h264,1.77,FaceShifter,FaceShifter,,ORIG_624,ORIG_570,PAIR_ORIG_570_ORIG_624,,,570
FFPP_0003571,FaceForensics++,FaceShifter/571_746.mp4,1,576,1280,720,h264,2.7,FaceShifter,FaceShifter,,ORIG_746,ORIG_571,PAIR_ORIG_571_ORIG_746,,,571
FFPP_0003572,FaceForensics++,FaceShifter/572_554.mp4,1,347,1280,720,h264,1.29,FaceShifter,FaceShifter,,ORIG_554,ORIG_572,PAIR_ORIG_554_ORIG_572,,,572
FFPP_0003573,FaceForensics++,FaceShifter/573_757.mp4,1,613,1280,720,h264,2.6,FaceShifter,FaceShifter,,ORIG_757,ORIG_573,PAIR_ORIG_573_ORIG_757,,,573
FFPP_0003574,FaceForensics++,FaceShifter/574_547.mp4,1,507,656,480,h264,0.8,FaceShifter,FaceShifter,,ORIG_547,ORIG_574,PAIR_ORIG_547_ORIG_574,,,574
FFPP_0003575,FaceForensics++,FaceShifter/575_603.mp4,1,557,1280,720,h264,3.32,FaceShifter,FaceShifter,,ORIG_603,ORIG_575,PAIR_ORIG_575_ORIG_603,,,575
FFPP_0003576,FaceForensics++,FaceShifter/576_155.mp4,1,461,1280,720,h264,2.63,FaceShifter,FaceShifter,,ORIG_155,ORIG_576,PAIR_ORIG_155_ORIG_576,,,576
FFPP_0003577,FaceForensics++,FaceShifter/577_593.mp4,1,344,1920,1080,h264,2.07,FaceShifter,FaceShifter,,ORIG_593,ORIG_577,PAIR_ORIG_577_ORIG_593,,,577
FFPP_0003578,FaceForensics++,FaceShifter/578_636.mp4,1,564,1280,720,h264,1.77,FaceShifter,FaceShifter,,ORIG_636,ORIG_578,PAIR_ORIG_578_ORIG_636,,,578
FFPP_0003579,FaceForensics++,FaceShifter/579_701.mp4,1,476,1920,1080,h264,3.02,FaceShifter,FaceShifter,,ORIG_701,ORIG_579,PAIR_ORIG_579_ORIG_701,,,579
FFPP_0003580,FaceForensics++,FaceShifter/580_524.mp4,1,292,1280,720,h264,0.99,FaceShifter,FaceShifter,,ORIG_524,ORIG_580,PAIR_ORIG_524_ORIG_580,,,580
FFPP_0003581,FaceForensics++,FaceShifter/581_697.mp4,1,382,1920,1080,h264,4.17,FaceShifter,FaceShifter,,ORIG_697,ORIG_581,PAIR_ORIG_581_ORIG_697,,,581
FFPP_0003582,FaceForensics++,FaceShifter/582_172.mp4,1,431,654,480,h264,1.65,FaceShifter,FaceShifter,,ORIG_172,ORIG_582,PAIR_ORIG_172_ORIG_582,,,582
FFPP_0003583,FaceForensics++,FaceShifter/583_558.mp4,1,475,1280,720,h264,1.5,FaceShifter,FaceShifter,,ORIG_558,ORIG_583,PAIR_ORIG_558_ORIG_583,,,583
FFPP_0003584,FaceForensics++,FaceShifter/584_823.mp4,1,475,1280,720,h264,1.9,FaceShifter,FaceShifter,,ORIG_823,ORIG_584,PAIR_ORIG_584_ORIG_823,,,584
FFPP_0003585,FaceForensics++,FaceShifter/585_599.mp4,1,359,1280,720,h264,1.4,FaceShifter,FaceShifter,,ORIG_599,ORIG_585,PAIR_ORIG_585_ORIG_599,,,585
FFPP_0003586,FaceForensics++,FaceShifter/586_223.mp4,1,379,1920,1080,h264,3.38,FaceShifter,FaceShifter,,ORIG_223,ORIG_586,PAIR_ORIG_223_ORIG_586,,,586
FFPP_0003587,FaceForensics++,FaceShifter/587_535.mp4,1,626,640,480,h264,0.81,FaceShifter,FaceShifter,,ORIG_535,ORIG_587,PAIR_ORIG_535_ORIG_587,,,587
FFPP_0003588,FaceForensics++,FaceShifter/588_556.mp4,1,544,854,480,h264,0.93,FaceShifter,FaceShifter,,ORIG_556,ORIG_588,PAIR_ORIG_556_ORIG_588,,,588
FFPP_0003589,FaceForensics++,FaceShifter/589_565.mp4,1,686,640,480,h264,1.38,FaceShifter,FaceShifter,,ORIG_565,ORIG_589,PAIR_ORIG_565_ORIG_589,,,589
FFPP_0003590,FaceForensics++,FaceShifter/590_034.mp4,1,600,1920,1080,h264,6.02,FaceShifter,FaceShifter,,ORIG_034,ORIG_590,PAIR_ORIG_034_ORIG_590,,,590
FFPP_0003591,FaceForensics++,FaceShifter/591_605.mp4,1,541,1280,720,h264,2.6,FaceShifter,FaceShifter,,ORIG_605,ORIG_591,PAIR_ORIG_591_ORIG_605,,,591
FFPP_0003592,FaceForensics++,FaceShifter/592_500.mp4,1,383,854,480,h264,0.51,FaceShifter,FaceShifter,,ORIG_500,ORIG_592,PAIR_ORIG_500_ORIG_592,,,592
FFPP_0003593,FaceForensics++,FaceShifter/593_577.mp4,1,535,1920,1080,h264,4.07,FaceShifter,FaceShifter,,ORIG_577,ORIG_593,PAIR_ORIG_577_ORIG_593,,,593
FFPP_0003594,FaceForensics++,FaceShifter/594_530.mp4,1,294,1280,720,h264,1.0,FaceShifter,FaceShifter,,ORIG_530,ORIG_594,PAIR_ORIG_530_ORIG_594,,,594
FFPP_0003595,FaceForensics++,FaceShifter/595_597.mp4,1,565,1280,720,h264,1.97,FaceShifter,FaceShifter,,ORIG_597,ORIG_595,PAIR_ORIG_595_ORIG_597,,,595
FFPP_0003596,FaceForensics++,FaceShifter/596_609.mp4,1,557,600,480,h264,1.11,FaceShifter,FaceShifter,,ORIG_609,ORIG_596,PAIR_ORIG_596_ORIG_609,,,596
FFPP_0003597,FaceForensics++,FaceShifter/597_595.mp4,1,297,640,480,h264,0.43,FaceShifter,FaceShifter,,ORIG_595,ORIG_597,PAIR_ORIG_595_ORIG_597,,,597
FFPP_0003598,FaceForensics++,FaceShifter/598_178.mp4,1,686,640,480,h264,0.57,FaceShifter,FaceShifter,,ORIG_178,ORIG_598,PAIR_ORIG_178_ORIG_598,,,598
FFPP_0003599,FaceForensics++,FaceShifter/599_585.mp4,1,398,1280,720,h264,1.9,FaceShifter,FaceShifter,,ORIG_585,ORIG_599,PAIR_ORIG_585_ORIG_599,,,599
FFPP_0003600,FaceForensics++,FaceShifter/600_505.mp4,1,388,640,480,h264,0.87,FaceShifter,FaceShifter,,ORIG_505,ORIG_600,PAIR_ORIG_505_ORIG_600,,,600
FFPP_0003601,FaceForensics++,FaceShifter/601_653.mp4,1,364,654,480,h264,0.5,FaceShifter,FaceShifter,,ORIG_653,ORIG_601,PAIR_ORIG_601_ORIG_653,,,601
FFPP_0003602,FaceForensics++,FaceShifter/602_397.mp4,1,667,1920,1080,h264,6.21,FaceShifter,FaceShifter,,ORIG_397,ORIG_602,PAIR_ORIG_397_ORIG_602,,,602
FFPP_0003603,FaceForensics++,FaceShifter/603_575.mp4,1,296,1280,720,h264,1.3,FaceShifter,FaceShifter,,ORIG_575,ORIG_603,PAIR_ORIG_575_ORIG_603,,,603
FFPP_0003604,FaceForensics++,FaceShifter/604_703.mp4,1,825,1280,720,h264,2.48,FaceShifter,FaceShifter,,ORIG_703,ORIG_604,PAIR_ORIG_604_ORIG_703,,,604
FFPP_0003605,FaceForensics++,FaceShifter/605_591.mp4,1,664,848,480,h264,1.0,FaceShifter,FaceShifter,,ORIG_591,ORIG_605,PAIR_ORIG_591_ORIG_605,,,605
FFPP_0003606,FaceForensics++,FaceShifter/606_567.mp4,1,387,848,480,h264,0.49,FaceShifter,FaceShifter,,ORIG_567,ORIG_606,PAIR_ORIG_567_ORIG_606,,,606
FFPP_0003607,FaceForensics++,FaceShifter/607_683.mp4,1,454,1920,1080,h264,4.05,FaceShifter,FaceShifter,,ORIG_683,ORIG_607,PAIR_ORIG_607_ORIG_683,,,607
FFPP_0003608,FaceForensics++,FaceShifter/608_675.mp4,1,1205,600,480,h264,1.58,FaceShifter,FaceShifter,,ORIG_675,ORIG_608,PAIR_ORIG_608_ORIG_675,,,608
FFPP_0003609,FaceForensics++,FaceShifter/609_596.mp4,1,489,600,480,h264,1.5,FaceShifter,FaceShifter,,ORIG_596,ORIG_609,PAIR_ORIG_596_ORIG_609,,,609
FFPP_0003610,FaceForensics++,FaceShifter/610_692.mp4,1,394,1280,720,h264,1.85,FaceShifter,FaceShifter,,ORIG_692,ORIG_610,PAIR_ORIG_610_ORIG_692,,,610
FFPP_0003611,FaceForensics++,FaceShifter/611_760.mp4,1,645,640,480,h264,0.72,FaceShifter,FaceShifter,,ORIG_760,ORIG_611,PAIR_ORIG_611_ORIG_760,,,611
FFPP_0003612,FaceForensics++,FaceShifter/612_702.mp4,1,420,1280,720,h264,1.89,FaceShifter,FaceShifter,,ORIG_702,ORIG_612,PAIR_ORIG_612_ORIG_702,,,612
FFPP_0003613,FaceForensics++,FaceShifter/613_685.mp4,1,415,1280,720,h264,1.16,FaceShifter,FaceShifter,,ORIG_685,ORIG_613,PAIR_ORIG_613_ORIG_685,,,613
FFPP_0003614,FaceForensics++,FaceShifter/614_616.mp4,1,507,1280,720,h264,1.98,FaceShifter,FaceShifter,,ORIG_616,ORIG_614,PAIR_ORIG_614_ORIG_616,,,614
FFPP_0003615,FaceForensics++,FaceShifter/615_687.mp4,1,452,1280,720,h264,1.64,FaceShifter,FaceShifter,,ORIG_687,ORIG_615,PAIR_ORIG_615_ORIG_687,,,615
FFPP_0003616,FaceForensics++,FaceShifter/616_614.mp4,1,663,640,480,h264,1.35,FaceShifter,FaceShifter,,ORIG_614,ORIG_616,PAIR_ORIG_614_ORIG_616,,,616
FFPP_0003617,FaceForensics++,FaceShifter/617_566.mp4,1,312,854,480,h264,0.6,FaceShifter,FaceShifter,,ORIG_566,ORIG_617,PAIR_ORIG_566_ORIG_617,,,617
FFPP_0003618,FaceForensics++,FaceShifter/618_629.mp4,1,382,1280,720,h264,1.66,FaceShifter,FaceShifter,,ORIG_629,ORIG_618,PAIR_ORIG_618_ORIG_629,,,618
FFPP_0003619,FaceForensics++,FaceShifter/619_620.mp4,1,305,1280,720,h264,0.84,FaceShifter,FaceShifter,,ORIG_620,ORIG_619,PAIR_ORIG_619_ORIG_620,,,619
FFPP_0003620,FaceForensics++,FaceShifter/620_619.mp4,1,628,1920,1080,h264,4.07,FaceShifter,FaceShifter,,ORIG_619,ORIG_620,PAIR_ORIG_619_ORIG_620,,,620
FFPP_0003621,FaceForensics++,FaceShifter/621_546.mp4,1,370,1280,720,h264,1.52,FaceShifter,FaceShifter,,ORIG_546,ORIG_621,PAIR_ORIG_546_ORIG_621,,,621
FFPP_0003622,FaceForensics++,FaceShifter/622_647.mp4,1,371,1280,720,h264,1.0,FaceShifter,FaceShifter,,ORIG_647,ORIG_622,PAIR_ORIG_622_ORIG_647,,,622
FFPP_0003623,FaceForensics++,FaceShifter/623_630.mp4,1,352,640,480,h264,0.63,FaceShifter,FaceShifter,,ORIG_630,ORIG_623,PAIR_ORIG_623_ORIG_630,,,623
FFPP_0003624,FaceForensics++,FaceShifter/624_570.mp4,1,350,854,480,h264,1.26,FaceShifter,FaceShifter,,ORIG_570,ORIG_624,PAIR_ORIG_570_ORIG_624,,,624
FFPP_0003625,FaceForensics++,FaceShifter/625_650.mp4,1,332,640,480,h264,0.56,FaceShifter,FaceShifter,,ORIG_650,ORIG_625,PAIR_ORIG_625_ORIG_650,,,625
FFPP_0003626,FaceForensics++,FaceShifter/626_562.mp4,1,975,854,480,h264,1.57,FaceShifter,FaceShifter,,ORIG_562,ORIG_626,PAIR_ORIG_562_ORIG_626,,,626
FFPP_0003627,FaceForensics++,FaceShifter/627_658.mp4,1,374,600,480,h264,0.79,FaceShifter,FaceShifter,,ORIG_658,ORIG_627,PAIR_ORIG_627_ORIG_658,,,627
FFPP_0003628,FaceForensics++,FaceShifter/628_568.mp4,1,895,640,480,h264,1.23,FaceShifter,FaceShifter,,ORIG_568,ORIG_628,PAIR_ORIG_568_ORIG_628,,,628
FFPP_0003629,FaceForensics++,FaceShifter/629_618.mp4,1,990,1280,720,h264,3.14,FaceShifter,FaceShifter,,ORIG_618,ORIG_629,PAIR_ORIG_618_ORIG_629,,,629
FFPP_0003630,FaceForensics++,FaceShifter/630_623.mp4,1,423,640,480,h264,1.2,FaceShifter,FaceShifter,,ORIG_623,ORIG_630,PAIR_ORIG_623_ORIG_630,,,630
FFPP_0003631,FaceForensics++,FaceShifter/631_551.mp4,1,424,656,480,h264,0.96,FaceShifter,FaceShifter,,ORIG_551,ORIG_631,PAIR_ORIG_551_ORIG_631,,,631
FFPP_0003632,FaceForensics++,FaceShifter/632_548.mp4,1,427,1920,1080,h264,4.08,FaceShifter,FaceShifter,,ORIG_548,ORIG_632,PAIR_ORIG_548_ORIG_632,,,632
FFPP_0003633,FaceForensics++,FaceShifter/633_529.mp4,1,512,1280,720,h264,2.08,FaceShifter,FaceShifter,,ORIG_529,ORIG_633,PAIR_ORIG_529_ORIG_633,,,633
FFPP_0003634,FaceForensics++,FaceShifter/634_660.mp4,1,338,1280,720,h264,1.37,FaceShifter,FaceShifter,,ORIG_660,ORIG_634,PAIR_ORIG_634_ORIG_660,,,634
FFPP_0003635,FaceForensics++,FaceShifter/635_642.mp4,1,764,854,480,h264,1.47,FaceShifter,FaceShifter,,ORIG_642,ORIG_635,PAIR_ORIG_635_ORIG_642,,,635
FFPP_0003636,FaceForensics++,FaceShifter/636_578.mp4,1,335,640,480,h264,0.53,FaceShifter,FaceShifter,,ORIG_578,ORIG_636,PAIR_ORIG_578_ORIG_636,,,636
FFPP_0003637,FaceForensics++,FaceShifter/637_427.mp4,1,510,1280,720,h264,0.94,FaceShifter,FaceShifter,,ORIG_427,ORIG_637,PAIR_ORIG_427_ORIG_637,,,637
FFPP_0003638,FaceForensics++,FaceShifter/638_640.mp4,1,698,1280,720,h264,2.5,FaceShifter,FaceShifter,,ORIG_640,ORIG_638,PAIR_ORIG_638_ORIG_640,,,638
FFPP_0003639,FaceForensics++,FaceShifter/639_841.mp4,1,662,1280,720,h264,2.15,FaceShifter,FaceShifter,,ORIG_841,ORIG_639,PAIR_ORIG_639_ORIG_841,,,639
FFPP_0003640,FaceForensics++,FaceShifter/640_638.mp4,1,306,1280,720,h264,1.26,FaceShifter,FaceShifter,,ORIG_638,ORIG_640,PAIR_ORIG_638_ORIG_640,,,640
FFPP_0003641,FaceForensics++,FaceShifter/641_662.mp4,1,350,1280,720,h264,2.43,FaceShifter,FaceShifter,,ORIG_662,ORIG_641,PAIR_ORIG_641_ORIG_662,,,641
FFPP_0003642,FaceForensics++,FaceShifter/642_635.mp4,1,573,656,480,h264,1.38,FaceShifter,FaceShifter,,ORIG_635,ORIG_642,PAIR_ORIG_635_ORIG_642,,,642
FFPP_0003643,FaceForensics++,FaceShifter/643_646.mp4,1,364,1280,720,h264,1.26,FaceShifter,FaceShifter,,ORIG_646,ORIG_643,PAIR_ORIG_643_ORIG_646,,,643
FFPP_0003644,FaceForensics++,FaceShifter/644_657.mp4,1,413,854,480,h264,0.83,FaceShifter,FaceShifter,,ORIG_657,ORIG_644,PAIR_ORIG_644_ORIG_657,,,644
FFPP_0003645,FaceForensics++,FaceShifter/645_688.mp4,1,554,1920,1080,h264,6.03,FaceShifter,FaceShifter,,ORIG_688,ORIG_645,PAIR_ORIG_645_ORIG_688,,,645
FFPP_0003646,FaceForensics++,FaceShifter/646_643.mp4,1,440,640,480,h264,0.48,FaceShifter,FaceShifter,,ORIG_643,ORIG_646,PAIR_ORIG_643_ORIG_646,,,646
FFPP_0003647,FaceForensics++,FaceShifter/647_622.mp4,1,699,1920,1080,h264,4.16,FaceShifter,FaceShifter,,ORIG_622,ORIG_647,PAIR_ORIG_622_ORIG_647,,,647
FFPP_0003648,FaceForensics++,FaceShifter/648_654.mp4,1,471,1280,720,h264,1.34,FaceShifter,FaceShifter,,ORIG_654,ORIG_648,PAIR_ORIG_648_ORIG_654,,,648
FFPP_0003649,FaceForensics++,FaceShifter/649_816.mp4,1,930,1280,720,h264,3.27,FaceShifter,FaceShifter,,ORIG_816,ORIG_649,PAIR_ORIG_649_ORIG_816,,,649
FFPP_0003650,FaceForensics++,FaceShifter/650_625.mp4,1,693,656,480,h264,0.8,FaceShifter,FaceShifter,,ORIG_625,ORIG_650,PAIR_ORIG_625_ORIG_650,,,650
FFPP_0003651,FaceForensics++,FaceShifter/651_835.mp4,1,380,1280,720,h264,2.22,FaceShifter,FaceShifter,,ORIG_835,ORIG_651,PAIR_ORIG_651_ORIG_835,,,651
FFPP_0003652,FaceForensics++,FaceShifter/652_773.mp4,1,456,1280,720,h264,1.82,FaceShifter,FaceShifter,,ORIG_773,ORIG_652,PAIR_ORIG_652_ORIG_773,,,652
FFPP_0003653,FaceForensics++,FaceShifter/653_601.mp4,1,731,654,480,h264,1.11,FaceShifter,FaceShifter,,ORIG_601,ORIG_653,PAIR_ORIG_601_ORIG_653,,,653
FFPP_0003654,FaceForensics++,FaceShifter/654_648.mp4,1,410,640,480,h264,0.67,FaceShifter,FaceShifter,,ORIG_648,ORIG_654,PAIR_ORIG_648_ORIG_654,,,654
FFPP_0003655,FaceForensics++,FaceShifter/655_444.mp4,1,678,640,480,h264,1.74,FaceShifter,FaceShifter,,ORIG_444,ORIG_655,PAIR_ORIG_444_ORIG_655,,,655
FFPP_0003656,FaceForensics++,FaceShifter/656_666.mp4,1,505,640,480,h264,0.68,FaceShifter,FaceShifter,,ORIG_666,ORIG_656,PAIR_ORIG_656_ORIG_666,,,656
FFPP_0003657,FaceForensics++,FaceShifter/657_644.mp4,1,546,656,480,h264,1.42,FaceShifter,FaceShifter,,ORIG_644,ORIG_657,PAIR_ORIG_644_ORIG_657,,,657
FFPP_0003658,FaceForensics++,FaceShifter/658_627.mp4,1,404,656,480,h264,0.55,FaceShifter,FaceShifter,,ORIG_627,ORIG_658,PAIR_ORIG_627_ORIG_658,,,658
FFPP_0003659,FaceForensics++,FaceShifter/659_749.mp4,1,1001,640,480,h264,1.36,FaceShifter,FaceShifter,,ORIG_749,ORIG_659,PAIR_ORIG_659_ORIG_749,,,659
FFPP_0003660,FaceForensics++,FaceShifter/660_634.mp4,1,340,1280,720,h264,3.52,FaceShifter,FaceShifter,,ORIG_634,ORIG_660,PAIR_ORIG_634_ORIG_660,,,660
FFPP_0003661,FaceForensics++,FaceShifter/661_670.mp4,1,513,1280,720,h264,3.04,FaceShifter,FaceShifter,,ORIG_670,ORIG_661,PAIR_ORIG_661_ORIG_670,,,661
FFPP_0003662,FaceForensics++,FaceShifter/662_641.mp4,1,496,1280,720,h264,2.69,FaceShifter,FaceShifter,,ORIG_641,ORIG_662,PAIR_ORIG_641_ORIG_662,,,662
FFPP_0003663,FaceForensics++,FaceShifter/663_231.mp4,1,316,640,480,h264,0.47,FaceShifter,FaceShifter,,ORIG_231,ORIG_663,PAIR_ORIG_231_ORIG_663,,,663
FFPP_0003664,FaceForensics++,FaceShifter/664_668.mp4,1,293,1280,720,h264,1.15,FaceShifter,FaceShifter,,ORIG_668,ORIG_664,PAIR_ORIG_664_ORIG_668,,,664
FFPP_0003665,FaceForensics++,FaceShifter/665_679.mp4,1,324,640,480,h264,0.33,FaceShifter,FaceShifter,,ORIG_679,ORIG_665,PAIR_ORIG_665_ORIG_679,,,665
FFPP_0003666,FaceForensics++,FaceShifter/666_656.mp4,1,383,640,480,h264,0.54,FaceShifter,FaceShifter,,ORIG_656,ORIG_666,PAIR_ORIG_656_ORIG_666,,,666
FFPP_0003667,FaceForensics++,FaceShifter/667_446.mp4,1,469,1920,1080,h264,6.08,FaceShifter,FaceShifter,,ORIG_446,ORIG_667,PAIR_ORIG_446_ORIG_667,,,667
FFPP_0003668,FaceForensics++,FaceShifter/668_664.mp4,1,398,654,480,h264,0.84,FaceShifter,FaceShifter,,ORIG_664,ORIG_668,PAIR_ORIG_664_ORIG_668,,,668
FFPP_0003669,FaceForensics++,FaceShifter/669_682.mp4,1,489,640,480,h264,0.38,FaceShifter,FaceShifter,,ORIG_682,ORIG_669,PAIR_ORIG_669_ORIG_682,,,669
FFPP_0003670,FaceForensics++,FaceShifter/670_661.mp4,1,481,640,480,h264,0.81,FaceShifter,FaceShifter,,ORIG_661,ORIG_670,PAIR_ORIG_661_ORIG_670,,,670
FFPP_0003671,FaceForensics++,FaceShifter/671_677.mp4,1,343,1280,720,h264,1.57,FaceShifter,FaceShifter,,ORIG_677,ORIG_671,PAIR_ORIG_671_ORIG_677,,,671
FFPP_0003672,FaceForensics++,FaceShifter/672_720.mp4,1,541,1280,720,h264,1.57,FaceShifter,FaceShifter,,ORIG_720,ORIG_672,PAIR_ORIG_672_ORIG_720,,,672
FFPP_0003673,FaceForensics++,FaceShifter/673_728.mp4,1,592,640,480,h264,1.03,FaceShifter,FaceShifter,,ORIG_728,ORIG_673,PAIR_ORIG_673_ORIG_728,,,673
FFPP_0003674,FaceForensics++,FaceShifter/674_744.mp4,1,367,640,480,h264,0.76,FaceShifter,FaceShifter,,ORIG_744,ORIG_674,PAIR_ORIG_674_ORIG_744,,,674
FFPP_0003675,FaceForensics++,FaceShifter/675_608.mp4,1,421,600,480,h264,1.15,FaceShifter,FaceShifter,,ORIG_608,ORIG_675,PAIR_ORIG_608_ORIG_675,,,675
FFPP_0003676,FaceForensics++,FaceShifter/676_776.mp4,1,515,1280,720,h264,1.87,FaceShifter,FaceShifter,,ORIG_776,ORIG_676,PAIR_ORIG_676_ORIG_776,,,676
FFPP_0003677,FaceForensics++,FaceShifter/677_671.mp4,1,314,1280,720,h264,1.5,FaceShifter,FaceShifter,,ORIG_671,ORIG_677,PAIR_ORIG_671_ORIG_677,,,677
FFPP_0003678,FaceForensics++,FaceShifter/678_460.mp4,1,400,1920,1080,h264,4.63,FaceShifter,FaceShifter,,ORIG_460,ORIG_678,PAIR_ORIG_460_ORIG_678,,,678
FFPP_0003679,FaceForensics++,FaceShifter/679_665.mp4,1,416,656,480,h264,0.59,FaceShifter,FaceShifter,,ORIG_665,ORIG_679,PAIR_ORIG_665_ORIG_679,,,679
FFPP_0003680,FaceForensics++,FaceShifter/680_486.mp4,1,300,656,480,h264,0.46,FaceShifter,FaceShifter,,ORIG_486,ORIG_680,PAIR_ORIG_486_ORIG_680,,,680
FFPP_0003681,FaceForensics++,FaceShifter/681_711.mp4,1,840,1280,720,h264,2.69,FaceShifter,FaceShifter,,ORIG_711,ORIG_681,PAIR_ORIG_681_ORIG_711,,,681
FFPP_0003682,FaceForensics++,FaceShifter/682_669.mp4,1,965,600,480,h264,1.37,FaceShifter,FaceShifter,,ORIG_669,ORIG_682,PAIR_ORIG_669_ORIG_682,,,682
FFPP_0003683,FaceForensics++,FaceShifter/683_607.mp4,1,302,1920,1080,h264,2.38,FaceShifter,FaceShifter,,ORIG_607,ORIG_683,PAIR_ORIG_607_ORIG_683,,,683
FFPP_0003684,FaceForensics++,FaceShifter/684_717.mp4,1,497,1920,1080,h264,3.81,FaceShifter,FaceShifter,,ORIG_717,ORIG_684,PAIR_ORIG_684_ORIG_717,,,684
FFPP_0003685,FaceForensics++,FaceShifter/685_613.mp4,1,522,1280,720,h264,2.01,FaceShifter,FaceShifter,,ORIG_613,ORIG_685,PAIR_ORIG_613_ORIG_685,,,685
FFPP_0003686,FaceForensics++,FaceShifter/686_696.mp4,1,342,1280,720,h264,1.03,FaceShifter,FaceShifter,,ORIG_696,ORIG_686,PAIR_ORIG_686_ORIG_696,,,686
FFPP_0003687,FaceForensics++,FaceShifter/687_615.mp4,1,469,1280,720,h264,1.41,FaceShifter,FaceShifter,,ORIG_615,ORIG_687,PAIR_ORIG_615_ORIG_687,,,687
FFPP_0003688,FaceForensics++,FaceShifter/688_645.mp4,1,571,1280,720,h264,2.73,FaceShifter,FaceShifter,,ORIG_645,ORIG_688,PAIR_ORIG_645_ORIG_688,,,688
FFPP_0003689,FaceForensics++,FaceShifter/689_690.mp4,1,455,640,480,h264,0.64,FaceShifter,FaceShifter,,ORIG_690,ORIG_689,PAIR_ORIG_689_ORIG_690,,,689
FFPP_0003690,FaceForensics++,FaceShifter/690_689.mp4,1,331,854,480,h264,0.66,FaceShifter,FaceShifter,,ORIG_689,ORIG_690,PAIR_ORIG_689_ORIG_690,,,690
FFPP_0003691,FaceForensics++,FaceShifter/691_732.mp4,1,540,1280,720,h264,1.69,FaceShifter,FaceShifter,,ORIG_732,ORIG_691,PAIR_ORIG_691_ORIG_732,,,691
FFPP_0003692,FaceForensics++,FaceShifter/692_610.mp4,1,354,1280,720,h264,2.09,FaceShifter,FaceShifter,,ORIG_610,ORIG_692,PAIR_ORIG_610_ORIG_692,,,692
FFPP_0003693,FaceForensics++,FaceShifter/693_698.mp4,1,595,656,480,h264,1.36,FaceShifter,FaceShifter,,ORIG_698,ORIG_693,PAIR_ORIG_693_ORIG_698,,,693
FFPP_0003694,FaceForensics++,FaceShifter/694_767.mp4,1,299,854,480,h264,0.73,FaceShifter,FaceShifter,,ORIG_767,ORIG_694,PAIR_ORIG_694_ORIG_767,,,694
FFPP_0003695,FaceForensics++,FaceShifter/695_422.mp4,1,310,1920,1080,h264,2.72,FaceShifter,FaceShifter,,ORIG_422,ORIG_695,PAIR_ORIG_422_ORIG_695,,,695
FFPP_0003696,FaceForensics++,FaceShifter/696_686.mp4,1,405,656,480,h264,0.65,FaceShifter,FaceShifter,,ORIG_686,ORIG_696,PAIR_ORIG_686_ORIG_696,,,696
FFPP_0003697,FaceForensics++,FaceShifter/697_581.mp4,1,465,1280,720,h264,1.99,FaceShifter,FaceShifter,,ORIG_581,ORIG_697,PAIR_ORIG_581_ORIG_697,,,697
FFPP_0003698,FaceForensics++,FaceShifter/698_693.mp4,1,304,656,480,h264,0.38,FaceShifter,FaceShifter,,ORIG_693,ORIG_698,PAIR_ORIG_693_ORIG_698,,,698
FFPP_0003699,FaceForensics++,FaceShifter/699_734.mp4,1,524,600,480,h264,0.58,FaceShifter,FaceShifter,,ORIG_734,ORIG_699,PAIR_ORIG_699_ORIG_734,,,699
FFPP_0004000,FaceForensics++,FaceSwap/000_003.mp4,1,303,640,480,h264,0.69,FaceSwap,FaceSwap,,ORIG_003,ORIG_000,PAIR_ORIG_000_ORIG_003,,,0
FFPP_0004001,FaceForensics++,FaceSwap/001_870.mp4,1,460,1280,720,h264,2.77,FaceSwap,FaceSwap,,ORIG_870,ORIG_001,PAIR_ORIG_001_ORIG_870,,,1
FFPP_0004002,FaceForensics++,FaceSwap/002_006.mp4,1,310,1280,720,h264,0.96,FaceSwap,FaceSwap,,ORIG_006,ORIG_002,PAIR_ORIG_002_ORIG_006,,,2
FFPP_0004003,FaceForensics++,FaceSwap/003_000.mp4,1,303,640,480,h264,0.62,FaceSwap,FaceSwap,,ORIG_000,ORIG_003,PAIR_ORIG_000_ORIG_003,,,3
FFPP_0004004,FaceForensics++,FaceSwap/004_982.mp4,1,309,1280,720,h264,1.21,FaceSwap,FaceSwap,,ORIG_982,ORIG_004,PAIR_ORIG_004_ORIG_982,,,4
FFPP_0004005,FaceForensics++,FaceSwap/005_010.mp4,1,385,720,480,h264,1.55,FaceSwap,FaceSwap,,ORIG_010,ORIG_005,PAIR_ORIG_005_ORIG_010,,,5
FFPP_0004006,FaceForensics++,FaceSwap/006_002.mp4,1,310,1280,720,h264,0.89,FaceSwap,FaceSwap,,ORIG_002,ORIG_006,PAIR_ORIG_002_ORIG_006,,,6
FFPP_0004007,FaceForensics++,FaceSwap/007_132.mp4,1,413,600,480,h264,0.83,FaceSwap,FaceSwap,,ORIG_132,ORIG_007,PAIR_ORIG_007_ORIG_132,,,7
FFPP_0004008,FaceForensics++,FaceSwap/008_990.mp4,1,305,640,480,h264,0.51,FaceSwap,FaceSwap,,ORIG_990,ORIG_008,PAIR_ORIG_008_ORIG_990,,,8
FFPP_0004009,FaceForensics++,FaceSwap/009_027.mp4,1,315,640,480,h264,0.44,FaceSwap,FaceSwap,,ORIG_027,ORIG_009,PAIR_ORIG_009_ORIG_027,,,9
FFPP_0004010,FaceForensics++,FaceSwap/010_005.mp4,1,385,640,480,h264,1.17,FaceSwap,FaceSwap,,ORIG_005,ORIG_010,PAIR_ORIG_005_ORIG_010,,,10
FFPP_0004011,FaceForensics++,FaceSwap/011_805.mp4,1,411,1280,720,h264,2.22,FaceSwap,FaceSwap,,ORIG_805,ORIG_011,PAIR_ORIG_011_ORIG_805,,,11
FFPP_0004012,FaceForensics++,FaceSwap/012_026.mp4,1,322,640,480,h264,0.63,FaceSwap,FaceSwap,,ORIG_026,ORIG_012,PAIR_ORIG_012_ORIG_026,,,12
FFPP_0004013,FaceForensics++,FaceSwap/013_883.mp4,1,332,640,480,h264,0.64,FaceSwap,FaceSwap,,ORIG_883,ORIG_013,PAIR_ORIG_013_ORIG_883,,,13
FFPP_0004014,FaceForensics++,FaceSwap/014_790.mp4,1,676,640,480,h264,3.3,FaceSwap,FaceSwap,,ORIG_790,ORIG_014,PAIR_ORIG_014_ORIG_790,,,14
FFPP_0004015,FaceForensics++,FaceSwap/015_919.mp4,1,437,640,480,h264,0.85,FaceSwap,FaceSwap,,ORIG_919,ORIG_015,PAIR_ORIG_015_ORIG_919,,,15
FFPP_0004016,FaceForensics++,FaceSwap/016_209.mp4,1,337,640,480,h264,0.8,FaceSwap,FaceSwap,,ORIG_209,ORIG_016,PAIR_ORIG_016_ORIG_209,,,16
FFPP_0004017,FaceForensics++,FaceSwap/017_803.mp4,1,297,1280,720,h264,1.44,FaceSwap,FaceSwap,,ORIG_803,ORIG_017,PAIR_ORIG_017_ORIG_803,,,17
FFPP_0004018,FaceForensics++,FaceSwap/018_019.mp4,1,432,640,480,h264,0.44,FaceSwap,FaceSwap,,ORIG_019,ORIG_018,PAIR_ORIG_018_ORIG_019,,,18
FFPP_0004019,FaceForensics++,FaceSwap/019_018.mp4,1,432,640,480,h264,0.71,FaceSwap,FaceSwap,,ORIG_018,ORIG_019,PAIR_ORIG_018_ORIG_019,,,19
FFPP_0004020,FaceForensics++,FaceSwap/020_344.mp4,1,390,1280,720,h264,1.69,FaceSwap,FaceSwap,,ORIG_344,ORIG_020,PAIR_ORIG_020_ORIG_344,,,20
FFPP_0004021,FaceForensics++,FaceSwap/021_312.mp4,1,428,654,480,h264,0.52,FaceSwap,FaceSwap,,ORIG_312,ORIG_021,PAIR_ORIG_021_ORIG_312,,,21
FFPP_0004022,FaceForensics++,FaceSwap/022_489.mp4,1,325,1280,720,h264,1.18,FaceSwap,FaceSwap,,ORIG_489,ORIG_022,PAIR_ORIG_022_ORIG_489,,,22
FFPP_0004023,FaceForensics++,FaceSwap/023_923.mp4,1,553,640,480,h264,1.78,FaceSwap,FaceSwap,,ORIG_923,ORIG_023,PAIR_ORIG_023_ORIG_923,,,23
FFPP_0004024,FaceForensics++,FaceSwap/024_073.mp4,1,306,640,480,h264,0.54,FaceSwap,FaceSwap,,ORIG_073,ORIG_024,PAIR_ORIG_024_ORIG_073,,,24
FFPP_0004025,FaceForensics++,FaceSwap/025_067.mp4,1,538,1440,1080,h264,2.46,FaceSwap,FaceSwap,,ORIG_067,ORIG_025,PAIR_ORIG_025_ORIG_067,,,25
FFPP_0004026,FaceForensics++,FaceSwap/026_012.mp4,1,322,640,480,h264,0.5,FaceSwap,FaceSwap,,ORIG_012,ORIG_026,PAIR_ORIG_012_ORIG_026,,,26
FFPP_0004027,FaceForensics++,FaceSwap/027_009.mp4,1,315,640,480,h264,0.85,FaceSwap,FaceSwap,,ORIG_009,ORIG_027,PAIR_ORIG_009_ORIG_027,,,27
FFPP_0004028,FaceForensics++,FaceSwap/028_068.mp4,1,401,848,480,h264,0.8,FaceSwap,FaceSwap,,ORIG_068,ORIG_028,PAIR_ORIG_028_ORIG_068,,,28
FFPP_0004029,FaceForensics++,FaceSwap/029_048.mp4,1,416,586,480,h264,0.55,FaceSwap,FaceSwap,,ORIG_048,ORIG_029,PAIR_ORIG_029_ORIG_048,,,29
FFPP_0004030,FaceForensics++,FaceSwap/030_193.mp4,1,297,1920,1080,h264,3.58,FaceSwap,FaceSwap,,ORIG_193,ORIG_030,PAIR_ORIG_030_ORIG_193,,,30
FFPP_0004031,FaceForensics++,FaceSwap/031_163.mp4,1,304,1280,720,h264,0.98,FaceSwap,FaceSwap,,ORIG_163,ORIG_031,PAIR_ORIG_031_ORIG_163,,,31
FFPP_0004032,FaceForensics++,FaceSwap/032_944.mp4,1,310,1280,720,h264,1.66,FaceSwap,FaceSwap,,ORIG_944,ORIG_032,PAIR_ORIG_032_ORIG_944,,,32
FFPP_0004033,FaceForensics++,FaceSwap/033_097.mp4,1,478,854,480,h264,1.11,FaceSwap,FaceSwap,,ORIG_097,ORIG_033,PAIR_ORIG_033_ORIG_097,,,33
FFPP_0004034,FaceForensics++,FaceSwap/034_590.mp4,1,407,960,720,h264,1.19,FaceSwap,FaceSwap,,ORIG_590,ORIG_034,PAIR_ORIG_034_ORIG_590,,,34
FFPP_0004035,FaceForensics++,FaceSwap/035_036.mp4,1,337,640,480,h264,0.46,FaceSwap,FaceSwap,,ORIG_036,ORIG_035,PAIR_ORIG_035_ORIG_036,,,35
FFPP_0004036,FaceForensics++,FaceSwap/036_035.mp4,1,337,640,480,h264,0.93,FaceSwap,FaceSwap,,ORIG_035,ORIG_036,PAIR_ORIG_035_ORIG_036,,,36
FFPP_0004037,FaceForensics++,FaceSwap/037_072.mp4,1,311,656,480,h264,0.57,FaceSwap,FaceSwap,,ORIG_072,ORIG_037,PAIR_ORIG_037_ORIG_072,,,37
FFPP_0004038,FaceForensics++,FaceSwap/038_125.mp4,1,305,854,480,h264,0.57,FaceSwap,FaceSwap,,ORIG_125,ORIG_038,PAIR_ORIG_038_ORIG_125,,,38
FFPP_0004039,FaceForensics++,FaceSwap/039_058.mp4,1,609,654,480,h264,1.05,FaceSwap,FaceSwap,,ORIG_058,ORIG_039,PAIR_ORIG_039_ORIG_058,,,39
FFPP_0004040,FaceForensics++,FaceSwap/040_997.mp4,1,438,1280,720,h264,2.46,FaceSwap,FaceSwap,,ORIG_997,ORIG_040,PAIR_ORIG_040_ORIG_997,,,40
FFPP_0004041,FaceForensics++,FaceSwap/041_063.mp4,1,349,656,480,h264,0.7,FaceSwap,FaceSwap,,ORIG_063,ORIG_041,PAIR_ORIG_041_ORIG_063,,,41
FFPP_0004042,FaceForensics++,FaceSwap/042_084.mp4,1,338,640,480,h264,0.95,FaceSwap,FaceSwap,,ORIG_084,ORIG_042,PAIR_ORIG_042_ORIG_084,,,42
FFPP_0004043,FaceForensics++,FaceSwap/043_110.mp4,1,495,1280,720,h264,1.6,FaceSwap,FaceSwap,,ORIG_110,ORIG_043,PAIR_ORIG_043_ORIG_110,,,43
FFPP_0004044,FaceForensics++,FaceSwap/044_945.mp4,1,335,1280,720,h264,1.77,FaceSwap,FaceSwap,,ORIG_945,ORIG_044,PAIR_ORIG_044_ORIG_945,,,44
FFPP_0004045,FaceForensics++,FaceSwap/045_889.mp4,1,329,1920,1080,h264,4.47,FaceSwap,FaceSwap,,ORIG_889,ORIG_045,PAIR_ORIG_045_ORIG_889,,,45
FFPP_0004046,FaceForensics++,FaceSwap/046_904.mp4,1,359,1280,720,h264,1.58,FaceSwap,FaceSwap,,ORIG_904,ORIG_046,PAIR_ORIG_046_ORIG_904,,,46
FFPP_0004047,FaceForensics++,FaceSwap/047_862.mp4,1,319,854,480,h264,0.53,FaceSwap,FaceSwap,,ORIG_862,ORIG_047,PAIR_ORIG_047_ORIG_862,,,47
FFPP_0004048,FaceForensics++,FaceSwap/048_029.mp4,1,416,640,480,h264,1.03,FaceSwap,FaceSwap,,ORIG_029,ORIG_048,PAIR_ORIG_029_ORIG_048,,,48
FFPP_0004049,FaceForensics++,FaceSwap/049_946.mp4,1,360,640,480,h264,0.48,FaceSwap,FaceSwap,,ORIG_946,ORIG_049,PAIR_ORIG_049_ORIG_946,,,49
FFPP_0004050,FaceForensics++,FaceSwap/050_059.mp4,1,530,640,480,h264,0.65,FaceSwap,FaceSwap,,ORIG_059,ORIG_050,PAIR_ORIG_050_ORIG_059,,,50
FFPP_0004051,FaceForensics++,FaceSwap/051_332.mp4,1,695,1280,720,h264,2.52,FaceSwap,FaceSwap,,ORIG_332,ORIG_051,PAIR_ORIG_051_ORIG_332,,,51
FFPP_0004052,FaceForensics++,FaceSwap/052_108.mp4,1,300,1920,1080,h264,2.76,FaceSwap,FaceSwap,,ORIG_108,ORIG_052,PAIR_ORIG_052_ORIG_108,,,52
FFPP_0004053,FaceForensics++,FaceSwap/053_095.mp4,1,417,656,480,h264,0.62,FaceSwap,FaceSwap,,ORIG_095,ORIG_053,PAIR_ORIG_053_ORIG_095,,,53
FFPP_0004054,FaceForensics++,FaceSwap/054_071.mp4,1,368,640,480,h264,0.7,FaceSwap,FaceSwap,,ORIG_071,ORIG_054,PAIR_ORIG_054_ORIG_071,,,54
FFPP_0004055,FaceForensics++,FaceSwap/055_147.mp4,1,394,640,480,h264,0.62,FaceSwap,FaceSwap,,ORIG_147,ORIG_055,PAIR_ORIG_055_ORIG_147,,,55
FFPP_0004056,FaceForensics++,FaceSwap/056_996.mp4,1,312,1280,720,h264,0.99,FaceSwap,FaceSwap,,ORIG_996,ORIG_056,PAIR_ORIG_056_ORIG_996,,,56
FFPP_0004057,FaceForensics++,FaceSwap/057_070.mp4,1,367,656,480,h264,1.1,FaceSwap,FaceSwap,,ORIG_070,ORIG_057,PAIR_ORIG_057_ORIG_070,,,57
FFPP_0004058,FaceForensics++,FaceSwap/058_039.mp4,1,609,720,480,h264,1.1,FaceSwap,FaceSwap,,ORIG_039,ORIG_058,PAIR_ORIG_039_ORIG_058,,,58
FFPP_0004059,FaceForensics++,FaceSwap/059_050.mp4,1,530,640,480,h264,1.14,FaceSwap,FaceSwap,,ORIG_050,ORIG_059,PAIR_ORIG_050_ORIG_059,,,59
FFPP_0004060,FaceForensics++,FaceSwap/060_088.mp4,1,665,600,480,h264,3.14,FaceSwap,FaceSwap,,ORIG_088,ORIG_060,PAIR_ORIG_060_ORIG_088,,,60
FFPP_0004061,FaceForensics++,FaceSwap/061_080.mp4,1,337,654,480,h264,0.7,FaceSwap,FaceSwap,,ORIG_080,ORIG_061,PAIR_ORIG_061_ORIG_080,,,61
FFPP_0004062,FaceForensics++,FaceSwap/062_066.mp4,1,423,640,480,h264,0.67,FaceSwap,FaceSwap,,ORIG_066,ORIG_062,PAIR_ORIG_062_ORIG_066,,,62
FFPP_0004063,FaceForensics++,FaceSwap/063_041.mp4,1,349,640,480,h264,0.78,FaceSwap,FaceSwap,,ORIG_041,ORIG_063,PAIR_ORIG_041_ORIG_063,,,63
FFPP_0004064,FaceForensics++,FaceSwap/064_991.mp4,1,402,640,480,h264,0.87,FaceSwap,FaceSwap,,ORIG_991,ORIG_064,PAIR_ORIG_064_ORIG_991,,,64
FFPP_0004065,FaceForensics++,FaceSwap/065_089.mp4,1,442,1280,720,h264,3.29,FaceSwap,FaceSwap,,ORIG_089,ORIG_065,PAIR_ORIG_065_ORIG_089,,,65
FFPP_0004066,FaceForensics++,FaceSwap/066_062.mp4,1,423,720,480,h264,1.46,FaceSwap,FaceSwap,,ORIG_062,ORIG_066,PAIR_ORIG_062_ORIG_066,,,66
FFPP_0004067,FaceForensics++,FaceSwap/067_025.mp4,1,538,1280,720,h264,2.11,FaceSwap,FaceSwap,,ORIG_025,ORIG_067,PAIR_ORIG_025_ORIG_067,,,67
FFPP_0004068,FaceForensics++,FaceSwap/068_028.mp4,1,401,640,480,h264,0.75,FaceSwap,FaceSwap,,ORIG_028,ORIG_068,PAIR_ORIG_028_ORIG_068,,,68
FFPP_0004069,FaceForensics++,FaceSwap/069_961.mp4,1,323,1280,720,h264,1.68,FaceSwap,FaceSwap,,ORIG_961,ORIG_069,PAIR_ORIG_069_ORIG_961,,,69
FFPP_0004070,FaceForensics++,FaceSwap/070_057.mp4,1,367,640,480,h264,0.84,FaceSwap,FaceSwap,,ORIG_057,ORIG_070,PAIR_ORIG_057_ORIG_070,,,70
FFPP_0004071,FaceForensics++,FaceSwap/071_054.mp4,1,368,654,480,h264,1.14,FaceSwap,FaceSwap,,ORIG_054,ORIG_071,PAIR_ORIG_054_ORIG_071,,,71
FFPP_0004072,FaceForensics++,FaceSwap/072_037.mp4,1,311,656,480,h264,0.87,FaceSwap,FaceSwap,,ORIG_037,ORIG_072,PAIR_ORIG_037_ORIG_072,,,72
FFPP_0004073,FaceForensics++,FaceSwap/073_024.mp4,1,306,1280,720,h264,1.27,FaceSwap,FaceSwap,,ORIG_024,ORIG_073,PAIR_ORIG_024_ORIG_073,,,73
FFPP_0004074,FaceForensics++,FaceSwap/074_825.mp4,1,345,1920,1080,h264,2.91,FaceSwap,FaceSwap,,ORIG_825,ORIG_074,PAIR_ORIG_074_ORIG_825,,,74
FFPP_0004075,FaceForensics++,FaceSwap/075_977.mp4,1,613,1280,720,h264,2.94,FaceSwap,FaceSwap,,ORIG_977,ORIG_075,PAIR_ORIG_075_ORIG_977,,,75
FFPP_0004076,FaceForensics++,FaceSwap/076_079.mp4,1,329,1280,720,h264,1.31,FaceSwap,FaceSwap,,ORIG_079,ORIG_076,PAIR_ORIG_076_ORIG_079,,,76
FFPP_0004077,FaceForensics++,FaceSwap/077_100.mp4,1,423,640,480,h264,0.61,FaceSwap,FaceSwap,,ORIG_100,ORIG_077,PAIR_ORIG_077_ORIG_100,,,77
FFPP_0004078,FaceForensics++,FaceSwap/078_955.mp4,1,523,1280,720,h264,2.06,FaceSwap,FaceSwap,,ORIG_955,ORIG_078,PAIR_ORIG_078_ORIG_955,,,78
FFPP_0004079,FaceForensics++,FaceSwap/079_076.mp4,1,329,1280,720,h264,1.25,FaceSwap,FaceSwap,,ORIG_076,ORIG_079,PAIR_ORIG_076_ORIG_079,,,79
FFPP_0004080,FaceForensics++,FaceSwap/080_061.mp4,1,337,656,480,h264,0.46,FaceSwap,FaceSwap,,ORIG_061,ORIG_080,PAIR_ORIG_061_ORIG_080,,,80
FFPP_0004081,FaceForensics++,FaceSwap/081_087.mp4,1,309,600,480,h264,0.64,FaceSwap,FaceSwap,,ORIG_087,ORIG_081,PAIR_ORIG_081_ORIG_087,,,81
FFPP_0004082,FaceForensics++,FaceSwap/082_103.mp4,1,316,640,480,h264,0.63,FaceSwap,FaceSwap,,ORIG_103,ORIG_082,PAIR_ORIG_082_ORIG_103,,,82
FFPP_0004083,FaceForensics++,FaceSwap/083_213.mp4,1,378,1920,1080,h264,3.53,FaceSwap,FaceSwap,,ORIG_213,ORIG_083,PAIR_ORIG_083_ORIG_213,,,83
FFPP_0004084,FaceForensics++,FaceSwap/084_042.mp4,1,338,1920,1080,h264,5.05,FaceSwap,FaceSwap,,ORIG_042,ORIG_084,PAIR_ORIG_042_ORIG_084,,,84
FFPP_0004085,FaceForensics++,FaceSwap/085_124.mp4,1,318,640,480,h264,1.75,FaceSwap,FaceSwap,,ORIG_124,ORIG_085,PAIR_ORIG_085_ORIG_124,,,85
FFPP_0004086,FaceForensics++,FaceSwap/086_090.mp4,1,687,1280,720,h264,2.1,FaceSwap,FaceSwap,,ORIG_090,ORIG_086,PAIR_ORIG_086_ORIG_090,,,86
FFPP_0004087,FaceForensics++,FaceSwap/087_081.mp4,1,309,640,480,h264,0.41,FaceSwap,FaceSwap,,ORIG_081,ORIG_087,PAIR_ORIG_081_ORIG_087,,,87
FFPP_0004088,FaceForensics++,FaceSwap/088_060.mp4,1,665,640,480,h264,2.13,FaceSwap,FaceSwap,,ORIG_060,ORIG_088,PAIR_ORIG_060_ORIG_088,,,88
FFPP_0004089,FaceForensics++,FaceSwap/089_065.mp4,1,442,1280,720,h264,1.85,FaceSwap,FaceSwap,,ORIG_065,ORIG_089,PAIR_ORIG_065_ORIG_089,,,89
FFPP_0004090,FaceForensics++,FaceSwap/090_086.mp4,1,687,1280,720,h264,4.48,FaceSwap,FaceSwap,,ORIG_086,ORIG_090,PAIR_ORIG_086_ORIG_090,,,90
FFPP_0004091,FaceForensics++,FaceSwap/091_116.mp4,1,327,658,480,h264,0.75,FaceSwap,FaceSwap,,ORIG_116,ORIG_091,PAIR_ORIG_091_ORIG_116,,,91
FFPP_0004092,FaceForensics++,FaceSwap/092_098.mp4,1,299,720,480,h264,0.66,FaceSwap,FaceSwap,,ORIG_098,ORIG_092,PAIR_ORIG_092_ORIG_098,,,92
FFPP_0004093,FaceForensics++,FaceSwap/093_121.mp4,1,308,1280,720,h264,2.24,FaceSwap,FaceSwap,,ORIG_121,ORIG_093,PAIR_ORIG_093_ORIG_121,,,93
FFPP_0004094,FaceForensics++,FaceSwap/094_111.mp4,1,433,1280,720,h264,1.87,FaceSwap,FaceSwap,,ORIG_111,ORIG_094,PAIR_ORIG_094_ORIG_111,,,94
FFPP_0004095,FaceForensics++,FaceSwap/095_053.mp4,1,417,640,480,h264,0.92,FaceSwap,FaceSwap,,ORIG_053,ORIG_095,PAIR_ORIG_053_ORIG_095,,,95
FFPP_0004096,FaceForensics++,FaceSwap/096_101.mp4,1,504,1920,1080,h264,5.11,FaceSwap,FaceSwap,,ORIG_101,ORIG_096,PAIR_ORIG_096_ORIG_101,,,96
FFPP_0004097,FaceForensics++,FaceSwap/097_033.mp4,1,478,640,480,h264,1.02,FaceSwap,FaceSwap,,ORIG_033,ORIG_097,PAIR_ORIG_033_ORIG_097,,,97
FFPP_0004098,FaceForensics++,FaceSwap/098_092.mp4,1,299,656,480,h264,0.41,FaceSwap,FaceSwap,,ORIG_092,ORIG_098,PAIR_ORIG_092_ORIG_098,,,98
FFPP_0004099,FaceForensics++,FaceSwap/099_295.mp4,1,411,1920,1080,h264,6.67,FaceSwap,FaceSwap,,ORIG_295,ORIG_099,PAIR_ORIG_099_ORIG_295,,,99
FFPP_0004100,FaceForensics++,FaceSwap/100_077.mp4,1,423,640,480,h264,0.89,FaceSwap,FaceSwap,,ORIG_077,ORIG_100,PAIR_ORIG_077_ORIG_100,,,100
FFPP_0004101,FaceForensics++,FaceSwap/101_096.mp4,1,504,854,480,h264,1.08,FaceSwap,FaceSwap,,ORIG_096,ORIG_101,PAIR_ORIG_096_ORIG_101,,,101
FFPP_0004102,FaceForensics++,FaceSwap/102_114.mp4,1,389,720,480,h264,0.97,FaceSwap,FaceSwap,,ORIG_114,ORIG_102,PAIR_ORIG_102_ORIG_114,,,102
FFPP_0004103,FaceForensics++,FaceSwap/103_082.mp4,1,316,656,480,h264,0.93,FaceSwap,FaceSwap,,ORIG_082,ORIG_103,PAIR_ORIG_082_ORIG_103,,,103
FFPP_0004104,FaceForensics++,FaceSwap/104_126.mp4,1,328,640,480,h264,0.87,FaceSwap,FaceSwap,,ORIG_126,ORIG_104,PAIR_ORIG_104_ORIG_126,,,104
FFPP_0004105,FaceForensics++,FaceSwap/105_180.mp4,1,300,640,480,h264,1.09,FaceSwap,FaceSwap,,ORIG_180,ORIG_105,PAIR_ORIG_105_ORIG_180,,,105
FFPP_0004106,FaceForensics++,FaceSwap/106_198.mp4,1,356,854,480,h264,0.47,FaceSwap,FaceSwap,,ORIG_198,ORIG_106,PAIR_ORIG_106_ORIG_198,,,106
FFPP_0004107,FaceForensics++,FaceSwap/107_109.mp4,1,298,640,480,h264,0.58,FaceSwap,FaceSwap,,ORIG_109,ORIG_107,PAIR_ORIG_107_ORIG_109,,,107
FFPP_0004108,FaceForensics++,FaceSwap/108_052.mp4,1,300,1440,1080,h264,3.56,FaceSwap,FaceSwap,,ORIG_052,ORIG_108,PAIR_ORIG_052_ORIG_108,,,108
FFPP_0004109,FaceForensics++,FaceSwap/109_107.mp4,1,298,640,480,h264,0.99,FaceSwap,FaceSwap,,ORIG_107,ORIG_109,PAIR_ORIG_107_ORIG_109,,,109
FFPP_0004110,FaceForensics++,FaceSwap/110_043.mp4,1,495,960,720,h264,1.05,FaceSwap,FaceSwap,,ORIG_043,ORIG_110,PAIR_ORIG_043_ORIG_110,,,110
FFPP_0004111,FaceForensics++,FaceSwap/111_094.mp4,1,433,640,480,h264,0.91,FaceSwap,FaceSwap,,ORIG_094,ORIG_111,PAIR_ORIG_094_ORIG_111,,,111
FFPP_0004112,FaceForensics++,FaceSwap/112_892.mp4,1,311,1920,1080,h264,4.3,FaceSwap,FaceSwap,,ORIG_892,ORIG_112,PAIR_ORIG_112_ORIG_892,,,112
FFPP_0004113,FaceForensics++,FaceSwap/113_983.mp4,1,406,1280,720,h264,1.86,FaceSwap,FaceSwap,,ORIG_983,ORIG_113,PAIR_ORIG_113_ORIG_983,,,113
FFPP_0004114,FaceForensics++,FaceSwap/114_102.mp4,1,389,640,480,h264,0.83,FaceSwap,FaceSwap,,ORIG_102,ORIG_114,PAIR_ORIG_102_ORIG_114,,,114
FFPP_0004115,FaceForensics++,FaceSwap/115_939.mp4,1,320,1280,720,h264,1.33,FaceSwap,FaceSwap,,ORIG_939,ORIG_115,PAIR_ORIG_115_ORIG_939,,,115
FFPP_0004116,FaceForensics++,FaceSwap/116_091.mp4,1,327,640,480,h264,0.67,FaceSwap,FaceSwap,,ORIG_091,ORIG_116,PAIR_ORIG_091_ORIG_116,,,116
FFPP_0004117,FaceForensics++,FaceSwap/117_217.mp4,1,548,1280,720,h264,3.85,FaceSwap,FaceSwap,,ORIG_217,ORIG_117,PAIR_ORIG_117_ORIG_217,,,117
FFPP_0004118,FaceForensics++,FaceSwap/118_120.mp4,1,352,852,480,h264,1.02,FaceSwap,FaceSwap,,ORIG_120,ORIG_118,PAIR_ORIG_118_ORIG_120,,,118
FFPP_0004119,FaceForensics++,FaceSwap/119_123.mp4,1,502,640,480,h264,0.86,FaceSwap,FaceSwap,,ORIG_123,ORIG_119,PAIR_ORIG_119_ORIG_123,,,119
FFPP_0004120,FaceForensics++,FaceSwap/120_118.mp4,1,352,640,480,h264,0.99,FaceSwap,FaceSwap,,ORIG_118,ORIG_120,PAIR_ORIG_118_ORIG_120,,,120
FFPP_0004121,FaceForensics++,FaceSwap/121_093.mp4,1,308,1920,1080,h264,2.27,FaceSwap,FaceSwap,,ORIG_093,ORIG_121,PAIR_ORIG_093_ORIG_121,,,121
FFPP_0004122,FaceForensics++,FaceSwap/122_144.mp4,1,309,1264,720,h264,1.55,FaceSwap,FaceSwap,,ORIG_144,ORIG_122,PAIR_ORIG_122_ORIG_144,,,122
FFPP_0004123,FaceForensics++,FaceSwap/123_119.mp4,1,502,640,480,h264,1.17,FaceSwap,FaceSwap,,ORIG_119,ORIG_123,PAIR_ORIG_119_ORIG_123,,,123
FFPP_0004124,FaceForensics++,FaceSwap/124_085.mp4,1,318,600,480,h264,0.73,FaceSwap,FaceSwap,,ORIG_085,ORIG_124,PAIR_ORIG_085_ORIG_124,,,124
FFPP_0004125,FaceForensics++,FaceSwap/125_038.mp4,1,305,1280,720,h264,1.48,FaceSwap,FaceSwap,,ORIG_038,ORIG_125,PAIR_ORIG_038_ORIG_125,,,125
FFPP_0004126,FaceForensics++,FaceSwap/126_104.mp4,1,328,640,480,h264,0.7,FaceSwap,FaceSwap,,ORIG_104,ORIG_126,PAIR_ORIG_104_ORIG_126,,,126
FFPP_0004127,FaceForensics++,FaceSwap/127_129.mp4,1,330,1280,720,h264,1.3,FaceSwap,FaceSwap,,ORIG_129,ORIG_127,PAIR_ORIG_127_ORIG_129,,,127
FFPP_0004128,FaceForensics++,FaceSwap/128_896.mp4,1,531,640,480,h264,0.93,FaceSwap,FaceSwap,,ORIG_896,ORIG_128,PAIR_ORIG_128_ORIG_896,,,128
FFPP_0004129,FaceForensics++,FaceSwap/129_127.mp4,1,330,1280,720,h264,1.65,FaceSwap,FaceSwap,,ORIG_127,ORIG_129,PAIR_ORIG_127_ORIG_129,,,129
FFPP_0004130,FaceForensics++,FaceSwap/130_139.mp4,1,378,656,480,h264,1.28,FaceSwap,FaceSwap,,ORIG_139,ORIG_130,PAIR_ORIG_130_ORIG_139,,,130
FFPP_0004131,FaceForensics++,FaceSwap/131_518.mp4,1,295,600,480,h264,0.49,FaceSwap,FaceSwap,,ORIG_518,ORIG_131,PAIR_ORIG_131_ORIG_518,,,131
FFPP_0004132,FaceForensics++,FaceSwap/132_007.mp4,1,413,640,480,h264,0.42,FaceSwap,FaceSwap,,ORIG_007,ORIG_132,PAIR_ORIG_007_ORIG_132,,,132
FFPP_0004133,FaceForensics++,FaceSwap/133_148.mp4,1,475,720,480,h264,0.68,FaceSwap,FaceSwap,,ORIG_148,ORIG_133,PAIR_ORIG_133_ORIG_148,,,133
FFPP_0004134,FaceForensics++,FaceSwap/134_192.mp4,1,287,1280,720,h264,1.72,FaceSwap,FaceSwap,,ORIG_192,ORIG_134,PAIR_ORIG_134_ORIG_192,,,134
FFPP_0004135,FaceForensics++,FaceSwap/135_880.mp4,1,327,1280,720,h264,1.2,FaceSwap,FaceSwap,,ORIG_880,ORIG_135,PAIR_ORIG_135_ORIG_880,,,135
FFPP_0004136,FaceForensics++,FaceSwap/136_285.mp4,1,383,1280,720,h264,2.32,FaceSwap,FaceSwap,,ORIG_285,ORIG_136,PAIR_ORIG_136_ORIG_285,,,136
FFPP_0004137,FaceForensics++,FaceSwap/137_165.mp4,1,387,720,480,h264,1.4,FaceSwap,FaceSwap,,ORIG_165,ORIG_137,PAIR_ORIG_137_ORIG_165,,,137
FFPP_0004138,FaceForensics++,FaceSwap/138_142.mp4,1,410,600,480,h264,0.47,FaceSwap,FaceSwap,,ORIG_142,ORIG_138,PAIR_ORIG_138_ORIG_142,,,138
FFPP_0004139,FaceForensics++,FaceSwap/139_130.mp4,1,378,600,480,h264,0.57,FaceSwap,FaceSwap,,ORIG_130,ORIG_139,PAIR_ORIG_130_ORIG_139,,,139
FFPP_0004140,FaceForensics++,FaceSwap/140_143.mp4,1,414,640,480,h264,1.92,FaceSwap,FaceSwap,,ORIG_143,ORIG_140,PAIR_ORIG_140_ORIG_143,,,140
FFPP_0004141,FaceForensics++,FaceSwap/141_161.mp4,1,369,854,480,h264,0.87,FaceSwap,FaceSwap,,ORIG_161,ORIG_141,PAIR_ORIG_141_ORIG_161,,,141
FFPP_0004142,FaceForensics++,FaceSwap/142_138.mp4,1,410,600,480,h264,0.59,FaceSwap,FaceSwap,,ORIG_138,ORIG_142,PAIR_ORIG_138_ORIG_142,,,142
FFPP_0004143,FaceForensics++,FaceSwap/143_140.mp4,1,414,640,480,h264,0.7,FaceSwap,FaceSwap,,ORIG_140,ORIG_143,PAIR_ORIG_140_ORIG_143,,,143
FFPP_0004144,FaceForensics++,FaceSwap/144_122.mp4,1,309,1280,720,h264,1.0,FaceSwap,FaceSwap,,ORIG_122,ORIG_144,PAIR_ORIG_122_ORIG_144,,,144
FFPP_0004145,FaceForensics++,FaceSwap/145_299.mp4,1,314,600,480,h264,0.41,FaceSwap,FaceSwap,,ORIG_299,ORIG_145,PAIR_ORIG_145_ORIG_299,,,145
FFPP_0004146,FaceForensics++,FaceSwap/146_256.mp4,1,546,1280,720,h264,3.56,FaceSwap,FaceSwap,,ORIG_256,ORIG_146,PAIR_ORIG_146_ORIG_256,,,146
FFPP_0004147,FaceForensics++,FaceSwap/147_055.mp4,1,394,600,480,h264,0.79,FaceSwap,FaceSwap,,ORIG_055,ORIG_147,PAIR_ORIG_055_ORIG_147,,,147
FFPP_0004148,FaceForensics++,FaceSwap/148_133.mp4,1,475,640,480,h264,0.78,FaceSwap,FaceSwap,,ORIG_133,ORIG_148,PAIR_ORIG_133_ORIG_148,,,148
FFPP_0004149,FaceForensics++,FaceSwap/149_152.mp4,1,313,854,480,h264,0.78,FaceSwap,FaceSwap,,ORIG_152,ORIG_149,PAIR_ORIG_149_ORIG_152,,,149
FFPP_0004150,FaceForensics++,FaceSwap/150_153.mp4,1,456,854,480,h264,0.62,FaceSwap,FaceSwap,,ORIG_153,ORIG_150,PAIR_ORIG_150_ORIG_153,,,150
FFPP_0004151,FaceForensics++,FaceSwap/151_225.mp4,1,304,1280,720,h264,1.89,FaceSwap,FaceSwap,,ORIG_225,ORIG_151,PAIR_ORIG_151_ORIG_225,,,151
FFPP_0004152,FaceForensics++,FaceSwap/152_149.mp4,1,313,656,480,h264,0.68,FaceSwap,FaceSwap,,ORIG_149,ORIG_152,PAIR_ORIG_149_ORIG_152,,,152
FFPP_0004153,FaceForensics++,FaceSwap/153_150.mp4,1,456,640,480,h264,1.27,FaceSwap,FaceSwap,,ORIG_150,ORIG_153,PAIR_ORIG_150_ORIG_153,,,153
FFPP_0004154,FaceForensics++,FaceSwap/154_386.mp4,1,449,1280,720,h264,2.15,FaceSwap,FaceSwap,,ORIG_386,ORIG_154,PAIR_ORIG_154_ORIG_386,,,154
FFPP_0004155,FaceForensics++,FaceSwap/155_576.mp4,1,461,854,480,h264,1.18,FaceSwap,FaceSwap,,ORIG_576,ORIG_155,PAIR_ORIG_155_ORIG_576,,,155
FFPP_0004156,FaceForensics++,FaceSwap/156_243.mp4,1,387,640,480,h264,0.82,FaceSwap,FaceSwap,,ORIG_243,ORIG_156,PAIR_ORIG_156_ORIG_243,,,156
FFPP_0004157,FaceForensics++,FaceSwap/157_245.mp4,1,334,656,480,h264,0.58,FaceSwap,FaceSwap,,ORIG_245,ORIG_157,PAIR_ORIG_157_ORIG_245,,,157
FFPP_0004158,FaceForensics++,FaceSwap/158_379.mp4,1,341,640,480,h264,0.64,FaceSwap,FaceSwap,,ORIG_379,ORIG_158,PAIR_ORIG_158_ORIG_379,,,158
FFPP_0004159,FaceForensics++,FaceSwap/159_175.mp4,1,325,600,480,h264,0.92,FaceSwap,FaceSwap,,ORIG_175,ORIG_159,PAIR_ORIG_159_ORIG_175,,,159
FFPP_0004160,FaceForensics++,FaceSwap/160_928.mp4,1,376,1280,720,h264,1.62,FaceSwap,FaceSwap,,ORIG_928,ORIG_160,PAIR_ORIG_160_ORIG_928,,,160
FFPP_0004161,FaceForensics++,FaceSwap/161_141.mp4,1,369,640,480,h264,0.65,FaceSwap,FaceSwap,,ORIG_141,ORIG_161,PAIR_ORIG_141_ORIG_161,,,161
FFPP_0004162,FaceForensics++,FaceSwap/162_330.mp4,1,407,1280,720,h264,1.75,FaceSwap,FaceSwap,,ORIG_330,ORIG_162,PAIR_ORIG_162_ORIG_330,,,162
FFPP_0004163,FaceForensics++,FaceSwap/163_031.mp4,1,304,1280,720,h264,0.87,FaceSwap,FaceSwap,,ORIG_031,ORIG_163,PAIR_ORIG_031_ORIG_163,,,163
FFPP_0004164,FaceForensics++,FaceSwap/164_216.mp4,1,476,854,480,h264,1.24,FaceSwap,FaceSwap,,ORIG_216,ORIG_164,PAIR_ORIG_164_ORIG_216,,,164
FFPP_0004165,FaceForensics++,FaceSwap/165_137.mp4,1,387,656,480,h264,0.71,FaceSwap,FaceSwap,,ORIG_137,ORIG_165,PAIR_ORIG_137_ORIG_165,,,165
FFPP_0004166,FaceForensics++,FaceSwap/166_167.mp4,1,341,640,480,h264,0.57,FaceSwap,FaceSwap,,ORIG_167,ORIG_166,PAIR_ORIG_166_ORIG_167,,,166
FFPP_0004167,FaceForensics++,FaceSwap/167_166.mp4,1,341,854,480,h264,0.87,FaceSwap,FaceSwap,,ORIG_166,ORIG_167,PAIR_ORIG_166_ORIG_167,,,167
FFPP_0004168,FaceForensics++,FaceSwap/168_222.mp4,1,407,640,480,h264,0.57,FaceSwap,FaceSwap,,ORIG_222,ORIG_168,PAIR_ORIG_168_ORIG_222,,,168
FFPP_0004169,FaceForensics++,FaceSwap/169_227.mp4,1,441,640,480,h264,0.68,FaceSwap,FaceSwap,,ORIG_227,ORIG_169,PAIR_ORIG_169_ORIG_227,,,169
FFPP_0004170,FaceForensics++,FaceSwap/170_186.mp4,1,334,1920,1080,h264,2.88,FaceSwap,FaceSwap,,ORIG_186,ORIG_170,PAIR_ORIG_170_ORIG_186,,,170
FFPP_0004171,FaceForensics++,FaceSwap/171_173.mp4,1,541,1280,720,h264,2.59,FaceSwap,FaceSwap,,ORIG_173,ORIG_171,PAIR_ORIG_171_ORIG_173,,,171
FFPP_0004172,FaceForensics++,FaceSwap/172_582.mp4,1,431,640,480,h264,0.65,FaceSwap,FaceSwap,,ORIG_582,ORIG_172,PAIR_ORIG_172_ORIG_582,,,172
FFPP_0004173,FaceForensics++,FaceSwap/173_171.mp4,1,541,1280,720,h264,2.75,FaceSwap,FaceSwap,,ORIG_171,ORIG_173,PAIR_ORIG_171_ORIG_173,,,173
FFPP_0004174,FaceForensics++,FaceSwap/174_964.mp4,1,414,1280,720,h264,1.08,FaceSwap,FaceSwap,,ORIG_964,ORIG_174,PAIR_ORIG_174_ORIG_964,,,174
FFPP_0004175,FaceForensics++,FaceSwap/175_159.mp4,1,325,640,480,h264,0.71,FaceSwap,FaceSwap,,ORIG_159,ORIG_175,PAIR_ORIG_159_ORIG_175,,,175
FFPP_0004176,FaceForensics++,FaceSwap/176_190.mp4,1,331,1920,1080,h264,3.82,FaceSwap,FaceSwap,,ORIG_190,ORIG_176,PAIR_ORIG_176_ORIG_190,,,176
FFPP_0004177,FaceForensics++,FaceSwap/177_211.mp4,1,410,854,480,h264,1.23,FaceSwap,FaceSwap,,ORIG_211,ORIG_177,PAIR_ORIG_177_ORIG_211,,,177
FFPP_0004178,FaceForensics++,FaceSwap/178_598.mp4,1,521,640,480,h264,0.55,FaceSwap,FaceSwap,,ORIG_598,ORIG_178,PAIR_ORIG_178_ORIG_598,,,178
FFPP_0004179,FaceForensics++,FaceSwap/179_212.mp4,1,415,640,480,h264,0.65,FaceSwap,FaceSwap,,ORIG_212,ORIG_179,PAIR_ORIG_179_ORIG_212,,,179
FFPP_0004180,FaceForensics++,FaceSwap/180_105.mp4,1,300,640,480,h264,0.69,FaceSwap,FaceSwap,,ORIG_105,ORIG_180,PAIR_ORIG_105_ORIG_180,,,180
FFPP_0004181,FaceForensics++,FaceSwap/181_199.mp4,1,368,640,480,h264,0.58,FaceSwap,FaceSwap,,ORIG_199,ORIG_181,PAIR_ORIG_181_ORIG_199,,,181
FFPP_0004182,FaceForensics++,FaceSwap/182_242.mp4,1,331,1280,720,h264,1.27,FaceSwap,FaceSwap,,ORIG_242,ORIG_182,PAIR_ORIG_182_ORIG_242,,,182
FFPP_0004183,FaceForensics++,FaceSwap/183_253.mp4,1,390,1280,720,h264,1.4,FaceSwap,FaceSwap,,ORIG_253,ORIG_183,PAIR_ORIG_183_ORIG_253,,,183
FFPP_0004184,FaceForensics++,FaceSwap/184_205.mp4,1,307,1280,720,h264,0.52,FaceSwap,FaceSwap,,ORIG_205,ORIG_184,PAIR_ORIG_184_ORIG_205,,,184
FFPP_0004185,FaceForensics++,FaceSwap/185_276.mp4,1,331,854,480,h264,0.84,FaceSwap,FaceSwap,,ORIG_276,ORIG_185,PAIR_ORIG_185_ORIG_276,,,185
FFPP_0004186,FaceForensics++,FaceSwap/186_170.mp4,1,334,1920,1080,h264,5.21,FaceSwap,FaceSwap,,ORIG_170,ORIG_186,PAIR_ORIG_170_ORIG_186,,,186
FFPP_0004187,FaceForensics++,FaceSwap/187_234.mp4,1,528,1280,720,h264,2.86,FaceSwap,FaceSwap,,ORIG_234,ORIG_187,PAIR_ORIG_187_ORIG_234,,,187
FFPP_0004188,FaceForensics++,FaceSwap/188_191.mp4,1,310,1280,720,h264,1.4,FaceSwap,FaceSwap,,ORIG_191,ORIG_188,PAIR_ORIG_188_ORIG_191,,,188
FFPP_0004189,FaceForensics++,FaceSwap/189_200.mp4,1,512,640,480,h264,1.61,FaceSwap,FaceSwap,,ORIG_200,ORIG_189,PAIR_ORIG_189_ORIG_200,,,189
FFPP_0004190,FaceForensics++,FaceSwap/190_176.mp4,1,331,1920,1080,h264,2.66,FaceSwap,FaceSwap,,ORIG_176,ORIG_190,PAIR_ORIG_176_ORIG_190,,,190
FFPP_0004191,FaceForensics++,FaceSwap/191_188.mp4,1,310,1920,1080,h264,3.26,FaceSwap,FaceSwap,,ORIG_188,ORIG_191,PAIR_ORIG_188_ORIG_191,,,191
FFPP_0004192,FaceForensics++,FaceSwap/192_134.mp4,1,287,1280,720,h264,0.93,FaceSwap,FaceSwap,,ORIG_134,ORIG_192,PAIR_ORIG_134_ORIG_192,,,192
FFPP_0004193,FaceForensics++,FaceSwap/193_030.mp4,1,297,1920,1080,h264,3.75,FaceSwap,FaceSwap,,ORIG_030,ORIG_193,PAIR_ORIG_030_ORIG_193,,,193
FFPP_0004194,FaceForensics++,FaceSwap/194_235.mp4,1,312,640,480,h264,0.58,FaceSwap,FaceSwap,,ORIG_235,ORIG_194,PAIR_ORIG_194_ORIG_235,,,194
FFPP_0004195,FaceForensics++,FaceSwap/195_442.mp4,1,333,1280,720,h264,1.26,FaceSwap,FaceSwap,,ORIG_442,ORIG_195,PAIR_ORIG_195_ORIG_442,,,195
FFPP_0004196,FaceForensics++,FaceSwap/196_310.mp4,1,375,656,480,h264,0.57,FaceSwap,FaceSwap,,ORIG_310,ORIG_196,PAIR_ORIG_196_ORIG_310,,,196
FFPP_0004197,FaceForensics++,FaceSwap/197_224.mp4,1,488,640,480,h264,0.89,FaceSwap,FaceSwap,,ORIG_224,ORIG_197,PAIR_ORIG_197_ORIG_224,,,197
FFPP_0004198,FaceForensics++,FaceSwap/198_106.mp4,1,356,720,480,h264,0.58,FaceSwap,FaceSwap,,ORIG_106,ORIG_198,PAIR_ORIG_106_ORIG_198,,,198
FFPP_0004199,FaceForensics++,FaceSwap/199_181.mp4,1,368,1280,720,h264,1.16,FaceSwap,FaceSwap,,ORIG_181,ORIG_199,PAIR_ORIG_181_ORIG_199,,,199
FFPP_0004200,FaceForensics++,FaceSwap/200_189.mp4,1,512,854,480,h264,1.91,FaceSwap,FaceSwap,,ORIG_189,ORIG_200,PAIR_ORIG_189_ORIG_200,,,200
FFPP_0004201,FaceForensics++,FaceSwap/201_203.mp4,1,446,656,480,h264,0.97,FaceSwap,FaceSwap,,ORIG_203,ORIG_201,PAIR_ORIG_201_ORIG_203,,,201
FFPP_0004202,FaceForensics++,FaceSwap/202_348.mp4,1,323,854,480,h264,0.68,FaceSwap,FaceSwap,,ORIG_348,ORIG_202,PAIR_ORIG_202_ORIG_348,,,202
FFPP_0004203,FaceForensics++,FaceSwap/203_201.mp4,1,446,640,480,h264,1.42,FaceSwap,FaceSwap,,ORIG_201,ORIG_203,PAIR_ORIG_201_ORIG_203,,,203
FFPP_0004204,FaceForensics++,FaceSwap/204_230.mp4,1,372,960,720,h264,1.51,FaceSwap,FaceSwap,,ORIG_230,ORIG_204,PAIR_ORIG_204_ORIG_230,,,204
FFPP_0004205,FaceForensics++,FaceSwap/205_184.mp4,1,307,854,480,h264,0.88,FaceSwap,FaceSwap,,ORIG_184,ORIG_205,PAIR_ORIG_184_ORIG_205,,,205
FFPP_0004206,FaceForensics++,FaceSwap/206_221.mp4,1,714,656,480,h264,0.76,FaceSwap,FaceSwap,,ORIG_221,ORIG_206,PAIR_ORIG_206_ORIG_221,,,206
FFPP_0004207,FaceForensics++,FaceSwap/207_908.mp4,1,346,1920,1080,h264,3.01,FaceSwap,FaceSwap,,ORIG_908,ORIG_207,PAIR_ORIG_207_ORIG_908,,,207
FFPP_0004208,FaceForensics++,FaceSwap/208_215.mp4,1,465,640,480,h264,1.16,FaceSwap,FaceSwap,,ORIG_215,ORIG_208,PAIR_ORIG_208_ORIG_215,,,208
FFPP_0004209,FaceForensics++,FaceSwap/209_016.mp4,1,337,854,480,h264,1.26,FaceSwap,FaceSwap,,ORIG_016,ORIG_209,PAIR_ORIG_016_ORIG_209,,,209
FFPP_0004210,FaceForensics++,FaceSwap/210_241.mp4,1,292,654,480,h264,0.66,FaceSwap,FaceSwap,,ORIG_241,ORIG_210,PAIR_ORIG_210_ORIG_241,,,210
FFPP_0004211,FaceForensics++,FaceSwap/211_177.mp4,1,410,1280,720,h264,2.06,FaceSwap,FaceSwap,,ORIG_177,ORIG_211,PAIR_ORIG_177_ORIG_211,,,211
FFPP_0004212,FaceForensics++,FaceSwap/212_179.mp4,1,415,854,480,h264,0.67,FaceSwap,FaceSwap,,ORIG_179,ORIG_212,PAIR_ORIG_179_ORIG_212,,,212
FFPP_0004213,FaceForensics++,FaceSwap/213_083.mp4,1,378,1280,720,h264,1.96,FaceSwap,FaceSwap,,ORIG_083,ORIG_213,PAIR_ORIG_083_ORIG_213,,,213
FFPP_0004214,FaceForensics++,FaceSwap/214_255.mp4,1,462,854,480,h264,1.47,FaceSwap,FaceSwap,,ORIG_255,ORIG_214,PAIR_ORIG_214_ORIG_255,,,214
FFPP_0004215,FaceForensics++,FaceSwap/215_208.mp4,1,465,720,480,h264,0.81,FaceSwap,FaceSwap,,ORIG_208,ORIG_215,PAIR_ORIG_208_ORIG_215,,,215
FFPP_0004216,FaceForensics++,FaceSwap/216_164.mp4,1,476,644,480,h264,1.0,FaceSwap,FaceSwap,,ORIG_164,ORIG_216,PAIR_ORIG_164_ORIG_216,,,216
FFPP_0004217,FaceForensics++,FaceSwap/217_117.mp4,1,548,1920,1080,h264,5.54,FaceSwap,FaceSwap,,ORIG_117,ORIG_217,PAIR_ORIG_117_ORIG_217,,,217
FFPP_0004218,FaceForensics++,FaceSwap/218_239.mp4,1,353,640,480,h264,0.51,FaceSwap,FaceSwap,,ORIG_239,ORIG_218,PAIR_ORIG_218_ORIG_239,,,218
FFPP_0004219,FaceForensics++,FaceSwap/219_220.mp4,1,350,1280,720,h264,2.02,FaceSwap,FaceSwap,,ORIG_220,ORIG_219,PAIR_ORIG_219_ORIG_220,,,219
FFPP_0004220,FaceForensics++,FaceSwap/220_219.mp4,1,350,720,480,h264,0.77,FaceSwap,FaceSwap,,ORIG_219,ORIG_220,PAIR_ORIG_219_ORIG_220,,,220
FFPP_0004221,FaceForensics++,FaceSwap/221_206.mp4,1,714,1280,720,h264,2.73,FaceSwap,FaceSwap,,ORIG_206,ORIG_221,PAIR_ORIG_206_ORIG_221,,,221
FFPP_0004222,FaceForensics++,FaceSwap/222_168.mp4,1,407,640,480,h264,0.87,FaceSwap,FaceSwap,,ORIG_168,ORIG_222,PAIR_ORIG_168_ORIG_222,,,222
FFPP_0004223,FaceForensics++,FaceSwap/223_586.mp4,1,336,1920,1080,h264,1.88,FaceSwap,FaceSwap,,ORIG_586,ORIG_223,PAIR_ORIG_223_ORIG_586,,,223
FFPP_0004224,FaceForensics++,FaceSwap/224_197.mp4,1,488,640,480,h264,1.86,FaceSwap,FaceSwap,,ORIG_197,ORIG_224,PAIR_ORIG_197_ORIG_224,,,224
FFPP_0004225,FaceForensics++,FaceSwap/225_151.mp4,1,304,1280,720,h264,1.21,FaceSwap,FaceSwap,,ORIG_151,ORIG_225,PAIR_ORIG_151_ORIG_225,,,225
FFPP_0004226,FaceForensics++,FaceSwap/226_491.mp4,1,328,1280,720,h264,1.29,FaceSwap,FaceSwap,,ORIG_491,ORIG_226,PAIR_ORIG_226_ORIG_491,,,226
FFPP_0004227,FaceForensics++,FaceSwap/227_169.mp4,1,441,1280,720,h264,1.41,FaceSwap,FaceSwap,,ORIG_169,ORIG_227,PAIR_ORIG_169_ORIG_227,,,227
FFPP_0004228,FaceForensics++,FaceSwap/228_289.mp4,1,556,854,480,h264,0.77,FaceSwap,FaceSwap,,ORIG_289,ORIG_228,PAIR_ORIG_228_ORIG_289,,,228
FFPP_0004229,FaceForensics++,FaceSwap/229_247.mp4,1,392,854,480,h264,0.74,FaceSwap,FaceSwap,,ORIG_247,ORIG_229,PAIR_ORIG_229_ORIG_247,,,229
FFPP_0004230,FaceForensics++,FaceSwap/230_204.mp4,1,372,1280,720,h264,1.4,FaceSwap,FaceSwap,,ORIG_204,ORIG_230,PAIR_ORIG_204_ORIG_230,,,230
FFPP_0004231,FaceForensics++,FaceSwap/231_663.mp4,1,316,720,480,h264,0.58,FaceSwap,FaceSwap,,ORIG_663,ORIG_231,PAIR_ORIG_231_ORIG_663,,,231
FFPP_0004232,FaceForensics++,FaceSwap/232_248.mp4,1,496,720,480,h264,1.3,FaceSwap,FaceSwap,,ORIG_248,ORIG_232,PAIR_ORIG_232_ORIG_248,,,232
FFPP_0004233,FaceForensics++,FaceSwap/233_995.mp4,1,548,1280,720,h264,2.26,FaceSwap,FaceSwap,,ORIG_995,ORIG_233,PAIR_ORIG_233_ORIG_995,,,233
FFPP_0004234,FaceForensics++,FaceSwap/234_187.mp4,1,528,1280,720,h264,1.56,FaceSwap,FaceSwap,,ORIG_187,ORIG_234,PAIR_ORIG_187_ORIG_234,,,234
FFPP_0004235,FaceForensics++,FaceSwap/235_194.mp4,1,312,854,480,h264,1.34,FaceSwap,FaceSwap,,ORIG_194,ORIG_235,PAIR_ORIG_194_ORIG_235,,,235
FFPP_0004236,FaceForensics++,FaceSwap/236_237.mp4,1,651,656,480,h264,1.48,FaceSwap,FaceSwap,,ORIG_237,ORIG_236,PAIR_ORIG_236_ORIG_237,,,236
FFPP_0004237,FaceForensics++,FaceSwap/237_236.mp4,1,651,1280,720,h264,2.65,FaceSwap,FaceSwap,,ORIG_236,ORIG_237,PAIR_ORIG_236_ORIG_237,,,237
FFPP_0004238,FaceForensics++,FaceSwap/238_282.mp4,1,594,640,480,h264,0.88,FaceSwap,FaceSwap,,ORIG_282,ORIG_238,PAIR_ORIG_238_ORIG_282,,,238
FFPP_0004239,FaceForensics++,FaceSwap/239_218.mp4,1,353,640,480,h264,0.91,FaceSwap,FaceSwap,,ORIG_218,ORIG_239,PAIR_ORIG_218_ORIG_239,,,239
FFPP_0004240,FaceForensics++,FaceSwap/240_290.mp4,1,422,720,480,h264,0.74,FaceSwap,FaceSwap,,ORIG_290,ORIG_240,PAIR_ORIG_240_ORIG_290,,,240
FFPP_0004241,FaceForensics++,FaceSwap/241_210.mp4,1,292,854,480,h264,0.6,FaceSwap,FaceSwap,,ORIG_210,ORIG_241,PAIR_ORIG_210_ORIG_241,,,241
FFPP_0004242,FaceForensics++,FaceSwap/242_182.mp4,1,331,640,480,h264,0.53,FaceSwap,FaceSwap,,ORIG_182,ORIG_242,PAIR_ORIG_182_ORIG_242,,,242
FFPP_0004243,FaceForensics++,FaceSwap/243_156.mp4,1,387,1280,720,h264,2.29,FaceSwap,FaceSwap,,ORIG_156,ORIG_243,PAIR_ORIG_156_ORIG_243,,,243
FFPP_0004244,FaceForensics++,FaceSwap/244_822.mp4,1,297,1920,1080,h264,2.48,FaceSwap,FaceSwap,,ORIG_822,ORIG_244,PAIR_ORIG_244_ORIG_822,,,244
FFPP_0004245,FaceForensics++,FaceSwap/245_157.mp4,1,334,640,480,h264,0.68,FaceSwap,FaceSwap,,ORIG_157,ORIG_245,PAIR_ORIG_157_ORIG_245,,,245
FFPP_0004246,FaceForensics++,FaceSwap/246_258.mp4,1,496,1280,720,h264,1.94,FaceSwap,FaceSwap,,ORIG_258,ORIG_246,PAIR_ORIG_246_ORIG_258,,,246
FFPP_0004247,FaceForensics++,FaceSwap/247_229.mp4,1,392,656,480,h264,1.21,FaceSwap,FaceSwap,,ORIG_229,ORIG_247,PAIR_ORIG_229_ORIG_247,,,247
FFPP_0004248,FaceForensics++,FaceSwap/248_232.mp4,1,496,1280,720,h264,2.19,FaceSwap,FaceSwap,,ORIG_232,ORIG_248,PAIR_ORIG_232_ORIG_248,,,248
FFPP_0004249,FaceForensics++,FaceSwap/249_280.mp4,1,606,854,480,h264,1.44,FaceSwap,FaceSwap,,ORIG_280,ORIG_249,PAIR_ORIG_249_ORIG_280,,,249
FFPP_0004250,FaceForensics++,FaceSwap/250_461.mp4,1,564,1280,720,h264,2.56,FaceSwap,FaceSwap,,ORIG_461,ORIG_250,PAIR_ORIG_250_ORIG_461,,,250
FFPP_0004251,FaceForensics++,FaceSwap/251_375.mp4,1,346,1920,1080,h264,2.53,FaceSwap,FaceSwap,,ORIG_375,ORIG_251,PAIR_ORIG_251_ORIG_375,,,251
FFPP_0004252,FaceForensics++,FaceSwap/252_266.mp4,1,465,800,480,h264,1.43,FaceSwap,FaceSwap,,ORIG_266,ORIG_252,PAIR_ORIG_252_ORIG_266,,,252
FFPP_0004253,FaceForensics++,FaceSwap/253_183.mp4,1,390,1280,720,h264,1.23,FaceSwap,FaceSwap,,ORIG_183,ORIG_253,PAIR_ORIG_183_ORIG_253,,,253
FFPP_0004254,FaceForensics++,FaceSwap/254_261.mp4,1,427,1280,720,h264,1.35,FaceSwap,FaceSwap,,ORIG_261,ORIG_254,PAIR_ORIG_254_ORIG_261,,,254
FFPP_0004255,FaceForensics++,FaceSwap/255_214.mp4,1,462,1280,720,h264,1.92,FaceSwap,FaceSwap,,ORIG_214,ORIG_255,PAIR_ORIG_214_ORIG_255,,,255
FFPP_0004256,FaceForensics++,FaceSwap/256_146.mp4,1,546,1280,720,h264,2.35,FaceSwap,FaceSwap,,ORIG_146,ORIG_256,PAIR_ORIG_146_ORIG_256,,,256
FFPP_0004257,FaceForensics++,FaceSwap/257_420.mp4,1,763,656,480,h264,2.22,FaceSwap,FaceSwap,,ORIG_420,ORIG_257,PAIR_ORIG_257_ORIG_420,,,257
FFPP_0004258,FaceForensics++,FaceSwap/258_246.mp4,1,496,1280,720,h264,3.11,FaceSwap,FaceSwap,,ORIG_246,ORIG_258,PAIR_ORIG_246_ORIG_258,,,258
FFPP_0004259,FaceForensics++,FaceSwap/259_345.mp4,1,423,640,480,h264,1.06,FaceSwap,FaceSwap,,ORIG_345,ORIG_259,PAIR_ORIG_259_ORIG_345,,,259
FFPP_0004260,FaceForensics++,FaceSwap/260_331.mp4,1,302,640,480,h264,0.51,FaceSwap,FaceSwap,,ORIG_331,ORIG_260,PAIR_ORIG_260_ORIG_331,,,260
FFPP_0004261,FaceForensics++,FaceSwap/261_254.mp4,1,427,600,480,h264,0.48,FaceSwap,FaceSwap,,ORIG_254,ORIG_261,PAIR_ORIG_254_ORIG_261,,,261
FFPP_0004262,FaceForensics++,FaceSwap/262_301.mp4,1,397,600,480,h264,0.73,FaceSwap,FaceSwap,,ORIG_301,ORIG_262,PAIR_ORIG_262_ORIG_301,,,262
FFPP_0004263,FaceForensics++,FaceSwap/263_284.mp4,1,300,1280,720,h264,1.56,FaceSwap,FaceSwap,,ORIG_284,ORIG_263,PAIR_ORIG_263_ORIG_284,,,263
FFPP_0004264,FaceForensics++,FaceSwap/264_271.mp4,1,455,854,480,h264,0.68,FaceSwap,FaceSwap,,ORIG_271,ORIG_264,PAIR_ORIG_264_ORIG_271,,,264
FFPP_0004265,FaceForensics++,FaceSwap/265_475.mp4,1,337,1920,1080,h264,3.78,FaceSwap,FaceSwap,,ORIG_475,ORIG_265,PAIR_ORIG_265_ORIG_475,,,265
FFPP_0004266,FaceForensics++,FaceSwap/266_252.mp4,1,465,720,480,h264,1.4,FaceSwap,FaceSwap,,ORIG_252,ORIG_266,PAIR_ORIG_252_ORIG_266,,,266
FFPP_0004267,FaceForensics++,FaceSwap/267_286.mp4,1,306,1280,720,h264,1.67,FaceSwap,FaceSwap,,ORIG_286,ORIG_267,PAIR_ORIG_267_ORIG_286,,,267
FFPP_0004268,FaceForensics++,FaceSwap/268_269.mp4,1,387,654,480,h264,0.91,FaceSwap,FaceSwap,,ORIG_269,ORIG_268,PAIR_ORIG_268_ORIG_269,,,268
FFPP_0004269,FaceForensics++,FaceSwap/269_268.mp4,1,387,640,480,h264,0.74,FaceSwap,FaceSwap,,ORIG_268,ORIG_269,PAIR_ORIG_268_ORIG_269,,,269
FFPP_0004270,FaceForensics++,FaceSwap/270_297.mp4,1,311,656,480,h264,0.8,FaceSwap,FaceSwap,,ORIG_297,ORIG_270,PAIR_ORIG_270_ORIG_297,,,270
FFPP_0004271,FaceForensics++,FaceSwap/271_264.mp4,1,455,640,480,h264,1.25,FaceSwap,FaceSwap,,ORIG_264,ORIG_271,PAIR_ORIG_264_ORIG_271,,,271
FFPP_0004272,FaceForensics++,FaceSwap/272_396.mp4,1,323,1280,720,h264,1.51,FaceSwap,FaceSwap,,ORIG_396,ORIG_272,PAIR_ORIG_272_ORIG_396,,,272
FFPP_0004273,FaceForensics++,FaceSwap/273_807.mp4,1,322,1280,720,h264,0.95,FaceSwap,FaceSwap,,ORIG_807,ORIG_273,PAIR_ORIG_273_ORIG_807,,,273
FFPP_0004274,FaceForensics++,FaceSwap/274_412.mp4,1,474,1280,720,h264,2.3,FaceSwap,FaceSwap,,ORIG_412,ORIG_274,PAIR_ORIG_274_ORIG_412,,,274
FFPP_0004275,FaceForensics++,FaceSwap/275_887.mp4,1,339,640,480,h264,0.72,FaceSwap,FaceSwap,,ORIG_887,ORIG_275,PAIR_ORIG_275_ORIG_887,,,275
FFPP_0004276,FaceForensics++,FaceSwap/276_185.mp4,1,331,656,480,h264,0.86,FaceSwap,FaceSwap,,ORIG_185,ORIG_276,PAIR_ORIG_185_ORIG_276,,,276
FFPP_0004277,FaceForensics++,FaceSwap/277_335.mp4,1,384,1280,720,h264,1.25,FaceSwap,FaceSwap,,ORIG_335,ORIG_277,PAIR_ORIG_277_ORIG_335,,,277
FFPP_0004278,FaceForensics++,FaceSwap/278_306.mp4,1,449,640,480,h264,0.69,FaceSwap,FaceSwap,,ORIG_306,ORIG_278,PAIR_ORIG_278_ORIG_306,,,278
FFPP_0004279,FaceForensics++,FaceSwap/279_298.mp4,1,569,640,480,h264,1.59,FaceSwap,FaceSwap,,ORIG_298,ORIG_279,PAIR_ORIG_279_ORIG_298,,,279
FFPP_0004280,FaceForensics++,FaceSwap/280_249.mp4,1,606,854,480,h264,1.05,FaceSwap,FaceSwap,,ORIG_249,ORIG_280,PAIR_ORIG_249_ORIG_280,,,280
FFPP_0004281,FaceForensics++,FaceSwap/281_474.mp4,1,296,1280,720,h264,0.85,FaceSwap,FaceSwap,,ORIG_474,ORIG_281,PAIR_ORIG_281_ORIG_474,,,281
FFPP_0004282,FaceForensics++,FaceSwap/282_238.mp4,1,594,854,480,h264,1.24,FaceSwap,FaceSwap,,ORIG_238,ORIG_282,PAIR_ORIG_238_ORIG_282,,,282
FFPP_0004283,FaceForensics++,FaceSwap/283_313.mp4,1,481,640,480,h264,0.62,FaceSwap,FaceSwap,,ORIG_313,ORIG_283,PAIR_ORIG_283_ORIG_313,,,283
FFPP_0004284,FaceForensics++,FaceSwap/284_263.mp4,1,300,1920,1080,h264,2.8,FaceSwap,FaceSwap,,ORIG_263,ORIG_284,PAIR_ORIG_263_ORIG_284,,,284
FFPP_0004285,FaceForensics++,FaceSwap/285_136.mp4,1,383,1280,720,h264,1.44,FaceSwap,FaceSwap,,ORIG_136,ORIG_285,PAIR_ORIG_136_ORIG_285,,,285
FFPP_0004286,FaceForensics++,FaceSwap/286_267.mp4,1,306,1280,720,h264,1.24,FaceSwap,FaceSwap,,ORIG_267,ORIG_286,PAIR_ORIG_267_ORIG_286,,,286
FFPP_0004287,FaceForensics++,FaceSwap/287_426.mp4,1,335,1280,720,h264,2.24,FaceSwap,FaceSwap,,ORIG_426,ORIG_287,PAIR_ORIG_287_ORIG_426,,,287
FFPP_0004288,FaceForensics++,FaceSwap/288_321.mp4,1,543,640,480,h264,0.77,FaceSwap,FaceSwap,,ORIG_321,ORIG_288,PAIR_ORIG_288_ORIG_321,,,288
FFPP_0004289,FaceForensics++,FaceSwap/289_228.mp4,1,556,720,480,h264,1.11,FaceSwap,FaceSwap,,ORIG_228,ORIG_289,PAIR_ORIG_228_ORIG_289,,,289
FFPP_0004290,FaceForensics++,FaceSwap/290_240.mp4,1,422,640,480,h264,1.11,FaceSwap,FaceSwap,,ORIG_240,ORIG_290,PAIR_ORIG_240_ORIG_290,,,290
FFPP_0004291,FaceForensics++,FaceSwap/291_874.mp4,1,330,1920,1080,h264,2.61,FaceSwap,FaceSwap,,ORIG_874,ORIG_291,PAIR_ORIG_291_ORIG_874,,,291
FFPP_0004292,FaceForensics++,FaceSwap/292_294.mp4,1,425,1280,720,h264,2.36,FaceSwap,FaceSwap,,ORIG_294,ORIG_292,PAIR_ORIG_292_ORIG_294,,,292
FFPP_0004293,FaceForensics++,FaceSwap/293_296.mp4,1,336,656,480,h264,0.94,FaceSwap,FaceSwap,,ORIG_296,ORIG_293,PAIR_ORIG_293_ORIG_296,,,293
FFPP_0004294,FaceForensics++,FaceSwap/294_292.mp4,1,425,1280,720,h264,2.43,FaceSwap,FaceSwap,,ORIG_292,ORIG_294,PAIR_ORIG_292_ORIG_294,,,294
FFPP_0004295,FaceForensics++,FaceSwap/295_099.mp4,1,411,1920,1080,h264,3.65,FaceSwap,FaceSwap,,ORIG_099,ORIG_295,PAIR_ORIG_099_ORIG_295,,,295
FFPP_0004296,FaceForensics++,FaceSwap/296_293.mp4,1,336,640,480,h264,0.66,FaceSwap,FaceSwap,,ORIG_293,ORIG_296,PAIR_ORIG_293_ORIG_296,,,296
FFPP_0004297,FaceForensics++,FaceSwap/297_270.mp4,1,311,656,480,h264,0.43,FaceSwap,FaceSwap,,ORIG_270,ORIG_297,PAIR_ORIG_270_ORIG_297,,,297
FFPP_0004298,FaceForensics++,FaceSwap/298_279.mp4,1,569,640,480,h264,1.23,FaceSwap,FaceSwap,,ORIG_279,ORIG_298,PAIR_ORIG_279_ORIG_298,,,298
FFPP_0004299,FaceForensics++,FaceSwap/299_145.mp4,1,314,640,480,h264,0.92,FaceSwap,FaceSwap,,ORIG_145,ORIG_299,PAIR_ORIG_145_ORIG_299,,,299
FFPP_0004300,FaceForensics++,FaceSwap/300_304.mp4,1,598,600,480,h264,0.96,FaceSwap,FaceSwap,,ORIG_304,ORIG_300,PAIR_ORIG_300_ORIG_304,,,300
FFPP_0004301,FaceForensics++,FaceSwap/301_262.mp4,1,397,640,480,h264,0.68,FaceSwap,FaceSwap,,ORIG_262,ORIG_301,PAIR_ORIG_262_ORIG_301,,,301
FFPP_0004302,FaceForensics++,FaceSwap/302_323.mp4,1,456,854,480,h264,0.85,FaceSwap,FaceSwap,,ORIG_323,ORIG_302,PAIR_ORIG_302_ORIG_323,,,302
FFPP_0004303,FaceForensics++,FaceSwap/303_309.mp4,1,571,656,480,h264,1.81,FaceSwap,FaceSwap,,ORIG_309,ORIG_303,PAIR_ORIG_303_ORIG_309,,,303
FFPP_0004304,FaceForensics++,FaceSwap/304_300.mp4,1,598,640,480,h264,0.92,FaceSwap,FaceSwap,,ORIG_300,ORIG_304,PAIR_ORIG_300_ORIG_304,,,304
FFPP_0004305,FaceForensics++,FaceSwap/305_513.mp4,1,494,1280,720,h264,1.79,FaceSwap,FaceSwap,,ORIG_513,ORIG_305,PAIR_ORIG_305_ORIG_513,,,305
FFPP_0004306,FaceForensics++,FaceSwap/306_278.mp4,1,449,600,480,h264,0.62,FaceSwap,FaceSwap,,ORIG_278,ORIG_306,PAIR_ORIG_278_ORIG_306,,,306
FFPP_0004307,FaceForensics++,FaceSwap/307_365.mp4,1,369,640,480,h264,0.62,FaceSwap,FaceSwap,,ORIG_365,ORIG_307,PAIR_ORIG_307_ORIG_365,,,307
FFPP_0004308,FaceForensics++,FaceSwap/308_388.mp4,1,502,1280,720,h264,1.37,FaceSwap,FaceSwap,,ORIG_388,ORIG_308,PAIR_ORIG_308_ORIG_388,,,308
FFPP_0004309,FaceForensics++,FaceSwap/309_303.mp4,1,571,600,480,h264,1.24,FaceSwap,FaceSwap,,ORIG_303,ORIG_309,PAIR_ORIG_303_ORIG_309,,,309
FFPP_0004310,FaceForensics++,FaceSwap/310_196.mp4,1,375,1280,720,h264,2.12,FaceSwap,FaceSwap,,ORIG_196,ORIG_310,PAIR_ORIG_196_ORIG_310,,,310
FFPP_0004311,FaceForensics++,FaceSwap/311_387.mp4,1,368,960,720,h264,1.16,FaceSwap,FaceSwap,,ORIG_387,ORIG_311,PAIR_ORIG_311_ORIG_387,,,311
FFPP_0004312,FaceForensics++,FaceSwap/312_021.mp4,1,428,640,480,h264,1.11,FaceSwap,FaceSwap,,ORIG_021,ORIG_312,PAIR_ORIG_021_ORIG_312,,,312
FFPP_0004313,FaceForensics++,FaceSwap/313_283.mp4,1,481,654,480,h264,0.71,FaceSwap,FaceSwap,,ORIG_283,ORIG_313,PAIR_ORIG_283_ORIG_313,,,313
FFPP_0004314,FaceForensics++,FaceSwap/314_347.mp4,1,413,1280,720,h264,0.9,FaceSwap,FaceSwap,,ORIG_347,ORIG_314,PAIR_ORIG_314_ORIG_347,,,314
FFPP_0004315,FaceForensics++,FaceSwap/315_322.mp4,1,304,854,480,h264,0.66,FaceSwap,FaceSwap,,ORIG_322,ORIG_315,PAIR_ORIG_315_ORIG_322,,,315
FFPP_0004316,FaceForensics++,FaceSwap/316_369.mp4,1,320,640,480,h264,0.41,FaceSwap,FaceSwap,,ORIG_369,ORIG_316,PAIR_ORIG_316_ORIG_369,,,316
FFPP_0004317,FaceForensics++,FaceSwap/317_359.mp4,1,456,640,480,h264,0.73,FaceSwap,FaceSwap,,ORIG_359,ORIG_317,PAIR_ORIG_317_ORIG_359,,,317
FFPP_0004318,FaceForensics++,FaceSwap/318_334.mp4,1,475,656,480,h264,0.93,FaceSwap,FaceSwap,,ORIG_334,ORIG_318,PAIR_ORIG_318_ORIG_334,,,318
FFPP_0004319,FaceForensics++,FaceSwap/319_352.mp4,1,421,854,480,h264,0.84,FaceSwap,FaceSwap,,ORIG_352,ORIG_319,PAIR_ORIG_319_ORIG_352,,,319
FFPP_0004320,FaceForensics++,FaceSwap/320_328.mp4,1,319,1280,720,h264,1.71,FaceSwap,FaceSwap,,ORIG_328,ORIG_320,PAIR_ORIG_320_ORIG_328,,,320
FFPP_0004321,FaceForensics++,FaceSwap/321_288.mp4,1,543,640,480,h264,1.16,FaceSwap,FaceSwap,,ORIG_288,ORIG_321,PAIR_ORIG_288_ORIG_321,,,321
FFPP_0004322,FaceForensics++,FaceSwap/322_315.mp4,1,304,1280,720,h264,1.08,FaceSwap,FaceSwap,,ORIG_315,ORIG_322,PAIR_ORIG_315_ORIG_322,,,322
FFPP_0004323,FaceForensics++,FaceSwap/323_302.mp4,1,456,656,480,h264,1.25,FaceSwap,FaceSwap,,ORIG_302,ORIG_323,PAIR_ORIG_302_ORIG_323,,,323
FFPP_0004324,FaceForensics++,FaceSwap/324_356.mp4,1,558,640,480,h264,1.15,FaceSwap,FaceSwap,,ORIG_356,ORIG_324,PAIR_ORIG_324_ORIG_356,,,324
FFPP_0004325,FaceForensics++,FaceSwap/325_492.mp4,1,347,1280,720,h264,2.6,FaceSwap,FaceSwap,,ORIG_492,ORIG_325,PAIR_ORIG_325_ORIG_492,,,325
FFPP_0004326,FaceForensics++,FaceSwap/326_501.mp4,1,522,640,480,h264,0.92,FaceSwap,FaceSwap,,ORIG_501,ORIG_326,PAIR_ORIG_326_ORIG_501,,,326
FFPP_0004327,FaceForensics++,FaceSwap/327_329.mp4,1,415,640,480,h264,0.52,FaceSwap,FaceSwap,,ORIG_329,ORIG_327,PAIR_ORIG_327_ORIG_329,,,327
FFPP_0004328,FaceForensics++,FaceSwap/328_320.mp4,1,319,1280,720,h264,1.54,FaceSwap,FaceSwap,,ORIG_320,ORIG_328,PAIR_ORIG_320_ORIG_328,,,328
FFPP_0004329,FaceForensics++,FaceSwap/329_327.mp4,1,415,654,480,h264,0.49,FaceSwap,FaceSwap,,ORIG_327,ORIG_329,PAIR_ORIG_327_ORIG_329,,,329
FFPP_0004330,FaceForensics++,FaceSwap/330_162.mp4,1,407,1280,720,h264,1.82,FaceSwap,FaceSwap,,ORIG_162,ORIG_330,PAIR_ORIG_162_ORIG_330,,,330
FFPP_0004331,FaceForensics++,FaceSwap/331_260.mp4,1,302,1280,720,h264,1.01,FaceSwap,FaceSwap,,ORIG_260,ORIG_331,PAIR_ORIG_260_ORIG_331,,,331
FFPP_0004332,FaceForensics++,FaceSwap/332_051.mp4,1,695,1280,720,h264,5.46,FaceSwap,FaceSwap,,ORIG_051,ORIG_332,PAIR_ORIG_051_ORIG_332,,,332
FFPP_0004333,FaceForensics++,FaceSwap/333_377.mp4,1,398,640,480,h264,0.99,FaceSwap,FaceSwap,,ORIG_377,ORIG_333,PAIR_ORIG_333_ORIG_377,,,333
FFPP_0004334,FaceForensics++,FaceSwap/334_318.mp4,1,475,600,480,h264,1.0,FaceSwap,FaceSwap,,ORIG_318,ORIG_334,PAIR_ORIG_318_ORIG_334,,,334
FFPP_0004335,FaceForensics++,FaceSwap/335_277.mp4,1,384,1280,720,h264,1.45,FaceSwap,FaceSwap,,ORIG_277,ORIG_335,PAIR_ORIG_277_ORIG_335,,,335
FFPP_0004336,FaceForensics++,FaceSwap/336_338.mp4,1,507,656,480,h264,0.85,FaceSwap,FaceSwap,,ORIG_338,ORIG_336,PAIR_ORIG_336_ORIG_338,,,336
FFPP_0004337,FaceForensics++,FaceSwap/337_522.mp4,1,331,640,480,h264,0.84,FaceSwap,FaceSwap,,ORIG_522,ORIG_337,PAIR_ORIG_337_ORIG_522,,,337
FFPP_0004338,FaceForensics++,FaceSwap/338_336.mp4,1,507,600,480,h264,1.04,FaceSwap,FaceSwap,,ORIG_336,ORIG_338,PAIR_ORIG_336_ORIG_338,,,338
FFPP_0004339,FaceForensics++,FaceSwap/339_392.mp4,1,457,640,480,h264,0.68,FaceSwap,FaceSwap,,ORIG_392,ORIG_339,PAIR_ORIG_339_ORIG_392,,,339
FFPP_0004340,FaceForensics++,FaceSwap/340_341.mp4,1,293,1920,1080,h264,2.45,FaceSwap,FaceSwap,,ORIG_341,ORIG_340,PAIR_ORIG_340_ORIG_341,,,340
FFPP_0004341,FaceForensics++,FaceSwap/341_340.mp4,1,293,960,720,h264,2.15,FaceSwap,FaceSwap,,ORIG_340,ORIG_341,PAIR_ORIG_340_ORIG_341,,,341
FFPP_0004342,FaceForensics++,FaceSwap/342_416.mp4,1,302,1280,720,h264,1.24,FaceSwap,FaceSwap,,ORIG_416,ORIG_342,PAIR_ORIG_342_ORIG_416,,,342
FFPP_0004343,FaceForensics++,FaceSwap/343_363.mp4,1,299,656,480,h264,0.39,FaceSwap,FaceSwap,,ORIG_363,ORIG_343,PAIR_ORIG_343_ORIG_363,,,343
FFPP_0004344,FaceForensics++,FaceSwap/344_020.mp4,1,390,1280,720,h264,1.99,FaceSwap,FaceSwap,,ORIG_020,ORIG_344,PAIR_ORIG_020_ORIG_344,,,344
FFPP_0004345,FaceForensics++,FaceSwap/345_259.mp4,1,423,854,480,h264,0.85,FaceSwap,FaceSwap,,ORIG_259,ORIG_345,PAIR_ORIG_259_ORIG_345,,,345
FFPP_0004346,FaceForensics++,FaceSwap/346_351.mp4,1,615,454,480,h264,0.77,FaceSwap,FaceSwap,,ORIG_351,ORIG_346,PAIR_ORIG_346_ORIG_351,,,346
FFPP_0004347,FaceForensics++,FaceSwap/347_314.mp4,1,413,854,480,h264,0.64,FaceSwap,FaceSwap,,ORIG_314,ORIG_347,PAIR_ORIG_314_ORIG_347,,,347
FFPP_0004348,FaceForensics++,FaceSwap/348_202.mp4,1,323,854,480,h264,0.44,FaceSwap,FaceSwap,,ORIG_202,ORIG_348,PAIR_ORIG_202_ORIG_348,,,348
FFPP_0004349,FaceForensics++,FaceSwap/349_350.mp4,1,405,1280,720,h264,1.39,FaceSwap,FaceSwap,,ORIG_350,ORIG_349,PAIR_ORIG_349_ORIG_350,,,349
FFPP_0004350,FaceForensics++,FaceSwap/350_349.mp4,1,405,854,480,h264,1.09,FaceSwap,FaceSwap,,ORIG_349,ORIG_350,PAIR_ORIG_349_ORIG_350,,,350
FFPP_0004351,FaceForensics++,FaceSwap/351_346.mp4,1,615,640,480,h264,0.95,FaceSwap,FaceSwap,,ORIG_346,ORIG_351,PAIR_ORIG_346_ORIG_351,,,351
FFPP_0004352,FaceForensics++,FaceSwap/352_319.mp4,1,421,720,480,h264,1.35,FaceSwap,FaceSwap,,ORIG_319,ORIG_352,PAIR_ORIG_319_ORIG_352,,,352
FFPP_0004353,FaceForensics++,FaceSwap/353_383.mp4,1,358,1280,720,h264,1.63,FaceSwap,FaceSwap,,ORIG_383,ORIG_353,PAIR_ORIG_353_ORIG_383,,,353
FFPP_0004354,FaceForensics++,FaceSwap/354_362.mp4,1,455,1280,720,h264,1.92,FaceSwap,FaceSwap,,ORIG_362,ORIG_354,PAIR_ORIG_354_ORIG_362,,,354
FFPP_0004355,FaceForensics++,FaceSwap/355_748.mp4,1,318,1920,1080,h264,3.44,FaceSwap,FaceSwap,,ORIG_748,ORIG_355,PAIR_ORIG_355_ORIG_748,,,355
FFPP_0004356,FaceForensics++,FaceSwap/356_324.mp4,1,558,1280,720,h264,3.0,FaceSwap,FaceSwap,,ORIG_324,ORIG_356,PAIR_ORIG_324_ORIG_356,,,356
FFPP_0004357,FaceForensics++,FaceSwap/357_432.mp4,1,346,854,480,h264,0.55,FaceSwap,FaceSwap,,ORIG_432,ORIG_357,PAIR_ORIG_357_ORIG_432,,,357
FFPP_0004358,FaceForensics++,FaceSwap/358_380.mp4,1,455,640,480,h264,0.62,FaceSwap,FaceSwap,,ORIG_380,ORIG_358,PAIR_ORIG_358_ORIG_380,,,358
FFPP_0004359,FaceForensics++,FaceSwap/359_317.mp4,1,456,640,480,h264,0.85,FaceSwap,FaceSwap,,ORIG_317,ORIG_359,PAIR_ORIG_317_ORIG_359,,,359
FFPP_0004360,FaceForensics++,FaceSwap/360_437.mp4,1,385,1280,720,h264,2.26,FaceSwap,FaceSwap,,ORIG_437,ORIG_360,PAIR_ORIG_360_ORIG_437,,,360
FFPP_0004361,FaceForensics++,FaceSwap/361_448.mp4,1,455,1280,720,h264,3.06,FaceSwap,FaceSwap,,ORIG_448,ORIG_361,PAIR_ORIG_361_ORIG_448,,,361
FFPP_0004362,FaceForensics++,FaceSwap/362_354.mp4,1,455,1280,720,h264,1.88,FaceSwap,FaceSwap,,ORIG_354,ORIG_362,PAIR_ORIG_354_ORIG_362,,,362
FFPP_0004363,FaceForensics++,FaceSwap/363_343.mp4,1,299,640,480,h264,0.6,FaceSwap,FaceSwap,,ORIG_343,ORIG_363,PAIR_ORIG_343_ORIG_363,,,363
FFPP_0004364,FaceForensics++,FaceSwap/364_440.mp4,1,419,854,480,h264,1.38,FaceSwap,FaceSwap,,ORIG_440,ORIG_364,PAIR_ORIG_364_ORIG_440,,,364
FFPP_0004365,FaceForensics++,FaceSwap/365_307.mp4,1,369,640,480,h264,0.39,FaceSwap,FaceSwap,,ORIG_307,ORIG_365,PAIR_ORIG_307_ORIG_365,,,365
FFPP_0004366,FaceForensics++,FaceSwap/366_473.mp4,1,404,656,480,h264,0.89,FaceSwap,FaceSwap,,ORIG_473,ORIG_366,PAIR_ORIG_366_ORIG_473,,,366
FFPP_0004367,FaceForensics++,FaceSwap/367_371.mp4,1,649,640,480,h264,0.99,FaceSwap,FaceSwap,,ORIG_371,ORIG_367,PAIR_ORIG_367_ORIG_371,,,367
FFPP_0004368,FaceForensics++,FaceSwap/368_378.mp4,1,761,640,480,h264,1.27,FaceSwap,FaceSwap,,ORIG_378,ORIG_368,PAIR_ORIG_368_ORIG_378,,,368
FFPP_0004369,FaceForensics++,FaceSwap/369_316.mp4,1,320,854,480,h264,0.69,FaceSwap,FaceSwap,,ORIG_316,ORIG_369,PAIR_ORIG_316_ORIG_369,,,369
FFPP_0004370,FaceForensics++,FaceSwap/370_483.mp4,1,375,1920,1080,h264,3.62,FaceSwap,FaceSwap,,ORIG_483,ORIG_370,PAIR_ORIG_370_ORIG_483,,,370
FFPP_0004371,FaceForensics++,FaceSwap/371_367.mp4,1,649,600,480,h264,1.41,FaceSwap,FaceSwap,,ORIG_367,ORIG_371,PAIR_ORIG_367_ORIG_371,,,371
FFPP_0004372,FaceForensics++,FaceSwap/372_413.mp4,1,379,854,480,h264,0.82,FaceSwap,FaceSwap,,ORIG_413,ORIG_372,PAIR_ORIG_372_ORIG_413,,,372
FFPP_0004373,FaceForensics++,FaceSwap/373_394.mp4,1,420,1280,720,h264,1.89,FaceSwap,FaceSwap,,ORIG_394,ORIG_373,PAIR_ORIG_373_ORIG_394,,,373
FFPP_0004374,FaceForensics++,FaceSwap/374_407.mp4,1,504,1280,720,h264,1.37,FaceSwap,FaceSwap,,ORIG_407,ORIG_374,PAIR_ORIG_374_ORIG_407,,,374
FFPP_0004375,FaceForensics++,FaceSwap/375_251.mp4,1,346,1280,720,h264,1.8,FaceSwap,FaceSwap,,ORIG_251,ORIG_375,PAIR_ORIG_251_ORIG_375,,,375
FFPP_0004376,FaceForensics++,FaceSwap/376_381.mp4,1,515,1280,720,h264,1.8,FaceSwap,FaceSwap,,ORIG_381,ORIG_376,PAIR_ORIG_376_ORIG_381,,,376
FFPP_0004377,FaceForensics++,FaceSwap/377_333.mp4,1,398,640,480,h264,0.73,FaceSwap,FaceSwap,,ORIG_333,ORIG_377,PAIR_ORIG_333_ORIG_377,,,377
FFPP_0004378,FaceForensics++,FaceSwap/378_368.mp4,1,761,1280,720,h264,3.83,FaceSwap,FaceSwap,,ORIG_368,ORIG_378,PAIR_ORIG_368_ORIG_378,,,378
FFPP_0004379,FaceForensics++,FaceSwap/379_158.mp4,1,341,640,480,h264,0.95,FaceSwap,FaceSwap,,ORIG_158,ORIG_379,PAIR_ORIG_158_ORIG_379,,,379
FFPP_0004380,FaceForensics++,FaceSwap/380_358.mp4,1,455,640,480,h264,0.62,FaceSwap,FaceSwap,,ORIG_358,ORIG_380,PAIR_ORIG_358_ORIG_380,,,380
FFPP_0004381,FaceForensics++,FaceSwap/381_376.mp4,1,515,656,480,h264,1.4,FaceSwap,FaceSwap,,ORIG_376,ORIG_381,PAIR_ORIG_376_ORIG_381,,,381
FFPP_0004382,FaceForensics++,FaceSwap/382_409.mp4,1,313,640,480,h264,0.7,FaceSwap,FaceSwap,,ORIG_409,ORIG_382,PAIR_ORIG_382_ORIG_409,,,382
FFPP_0004383,FaceForensics++,FaceSwap/383_353.mp4,1,358,1920,1080,h264,2.26,FaceSwap,FaceSwap,,ORIG_353,ORIG_383,PAIR_ORIG_353_ORIG_383,,,383
FFPP_0004384,FaceForensics++,FaceSwap/384_932.mp4,1,462,1920,1080,h264,3.48,FaceSwap,FaceSwap,,ORIG_932,ORIG_384,PAIR_ORIG_384_ORIG_932,,,384
FFPP_0004385,FaceForensics++,FaceSwap/385_414.mp4,1,349,1280,720,h264,1.73,FaceSwap,FaceSwap,,ORIG_414,ORIG_385,PAIR_ORIG_385_ORIG_414,,,385
FFPP_0004386,FaceForensics++,FaceSwap/386_154.mp4,1,449,1920,1080,h264,3.66,FaceSwap,FaceSwap,,ORIG_154,ORIG_386,PAIR_ORIG_154_ORIG_386,,,386
FFPP_0004387,FaceForensics++,FaceSwap/387_311.mp4,1,368,1280,720,h264,0.87,FaceSwap,FaceSwap,,ORIG_311,ORIG_387,PAIR_ORIG_311_ORIG_387,,,387
FFPP_0004388,FaceForensics++,FaceSwap/388_308.mp4,1,502,640,480,h264,0.82,FaceSwap,FaceSwap,,ORIG_308,ORIG_388,PAIR_ORIG_308_ORIG_388,,,388
FFPP_0004389,FaceForensics++,FaceSwap/389_480.mp4,1,314,1920,1080,h264,2.93,FaceSwap,FaceSwap,,ORIG_480,ORIG_389,PAIR_ORIG_389_ORIG_480,,,389
FFPP_0004390,FaceForensics++,FaceSwap/390_709.mp4,1,300,1280,720,h264,2.16,FaceSwap,FaceSwap,,ORIG_709,ORIG_390,PAIR_ORIG_390_ORIG_709,,,390
FFPP_0004391,FaceForensics++,FaceSwap/391_406.mp4,1,512,640,480,h264,0.69,FaceSwap,FaceSwap,,ORIG_406,ORIG_391,PAIR_ORIG_391_ORIG_406,,,391
FFPP_0004392,FaceForensics++,FaceSwap/392_339.mp4,1,457,1280,720,h264,2.32,FaceSwap,FaceSwap,,ORIG_339,ORIG_392,PAIR_ORIG_339_ORIG_392,,,392
FFPP_0004393,FaceForensics++,FaceSwap/393_405.mp4,1,531,640,480,h264,1.08,FaceSwap,FaceSwap,,ORIG_405,ORIG_393,PAIR_ORIG_393_ORIG_405,,,393
FFPP_0004394,FaceForensics++,FaceSwap/394_373.mp4,1,420,1280,720,h264,1.51,FaceSwap,FaceSwap,,ORIG_373,ORIG_394,PAIR_ORIG_373_ORIG_394,,,394
FFPP_0004395,FaceForensics++,FaceSwap/395_401.mp4,1,448,1280,720,h264,1.23,FaceSwap,FaceSwap,,ORIG_401,ORIG_395,PAIR_ORIG_395_ORIG_401,,,395
FFPP_0004396,FaceForensics++,FaceSwap/396_272.mp4,1,323,1280,720,h264,1.06,FaceSwap,FaceSwap,,ORIG_272,ORIG_396,PAIR_ORIG_272_ORIG_396,,,396
FFPP_0004397,FaceForensics++,FaceSwap/397_602.mp4,1,355,1920,1080,h264,3.66,FaceSwap,FaceSwap,,ORIG_602,ORIG_397,PAIR_ORIG_397_ORIG_602,,,397
FFPP_0004398,FaceForensics++,FaceSwap/398_457.mp4,1,528,656,480,h264,1.19,FaceSwap,FaceSwap,,ORIG_457,ORIG_398,PAIR_ORIG_398_ORIG_457,,,398
FFPP_0004399,FaceForensics++,FaceSwap/399_488.mp4,1,518,1280,720,h264,2.16,FaceSwap,FaceSwap,,ORIG_488,ORIG_399,PAIR_ORIG_399_ORIG_488,,,399
FFPP_0004400,FaceForensics++,FaceSwap/400_476.mp4,1,310,1280,720,h264,1.41,FaceSwap,FaceSwap,,ORIG_476,ORIG_400,PAIR_ORIG_400_ORIG_476,,,400
FFPP_0004401,FaceForensics++,FaceSwap/401_395.mp4,1,448,1280,720,h264,1.85,FaceSwap,FaceSwap,,ORIG_395,ORIG_401,PAIR_ORIG_395_ORIG_401,,,401
FFPP_0004402,FaceForensics++,FaceSwap/402_453.mp4,1,423,1920,1080,h264,4.75,FaceSwap,FaceSwap,,ORIG_453,ORIG_402,PAIR_ORIG_402_ORIG_453,,,402
FFPP_0004403,FaceForensics++,FaceSwap/403_497.mp4,1,621,272,480,h264,0.94,FaceSwap,FaceSwap,,ORIG_497,ORIG_403,PAIR_ORIG_403_ORIG_497,,,403
FFPP_0004404,FaceForensics++,FaceSwap/404_429.mp4,1,457,1280,720,h264,3.81,FaceSwap,FaceSwap,,ORIG_429,ORIG_404,PAIR_ORIG_404_ORIG_429,,,404
FFPP_0004405,FaceForensics++,FaceSwap/405_393.mp4,1,531,640,480,h264,1.05,FaceSwap,FaceSwap,,ORIG_393,ORIG_405,PAIR_ORIG_393_ORIG_405,,,405
FFPP_0004406,FaceForensics++,FaceSwap/406_391.mp4,1,512,600,480,h264,1.43,FaceSwap,FaceSwap,,ORIG_391,ORIG_406,PAIR_ORIG_391_ORIG_406,,,406
FFPP_0004407,FaceForensics++,FaceSwap/407_374.mp4,1,504,600,480,h264,1.36,FaceSwap,FaceSwap,,ORIG_374,ORIG_407,PAIR_ORIG_374_ORIG_407,,,407
FFPP_0004408,FaceForensics++,FaceSwap/408_424.mp4,1,306,720,480,h264,1.52,FaceSwap,FaceSwap,,ORIG_424,ORIG_408,PAIR_ORIG_408_ORIG_424,,,408
FFPP_0004409,FaceForensics++,FaceSwap/409_382.mp4,1,313,640,480,h264,0.44,FaceSwap,FaceSwap,,ORIG_382,ORIG_409,PAIR_ORIG_382_ORIG_409,,,409
FFPP_0004410,FaceForensics++,FaceSwap/410_411.mp4,1,459,1920,1080,h264,4.95,FaceSwap,FaceSwap,,ORIG_411,ORIG_410,PAIR_ORIG_410_ORIG_411,,,410
FFPP_0004411,FaceForensics++,FaceSwap/411_410.mp4,1,459,1920,1080,h264,5.68,FaceSwap,FaceSwap,,ORIG_410,ORIG_411,PAIR_ORIG_410_ORIG_411,,,411
FFPP_0004412,FaceForensics++,FaceSwap/412_274.mp4,1,474,1280,720,h264,1.44,FaceSwap,FaceSwap,,ORIG_274,ORIG_412,PAIR_ORIG_274_ORIG_412,,,412
FFPP_0004413,FaceForensics++,FaceSwap/413_372.mp4,1,379,640,480,h264,0.74,FaceSwap,FaceSwap,,ORIG_372,ORIG_413,PAIR_ORIG_372_ORIG_413,,,413
FFPP_0004414,FaceForensics++,FaceSwap/414_385.mp4,1,349,1920,1080,h264,3.79,FaceSwap,FaceSwap,,ORIG_385,ORIG_414,PAIR_ORIG_385_ORIG_414,,,414
FFPP_0004415,FaceForensics++,FaceSwap/415_484.mp4,1,319,720,480,h264,0.4,FaceSwap,FaceSwap,,ORIG_484,ORIG_415,PAIR_ORIG_415_ORIG_484,,,415
FFPP_0004416,FaceForensics++,FaceSwap/416_342.mp4,1,302,1280,720,h264,1.66,FaceSwap,FaceSwap,,ORIG_342,ORIG_416,PAIR_ORIG_342_ORIG_416,,,416
FFPP_0004417,FaceForensics++,FaceSwap/417_496.mp4,1,861,854,480,h264,2.16,FaceSwap,FaceSwap,,ORIG_496,ORIG_417,PAIR_ORIG_417_ORIG_496,,,417
FFPP_0004418,FaceForensics++,FaceSwap/418_507.mp4,1,319,1280,720,h264,1.89,FaceSwap,FaceSwap,,ORIG_507,ORIG_418,PAIR_ORIG_418_ORIG_507,,,418
FFPP_0004419,FaceForensics++,FaceSwap/419_824.mp4,1,487,1280,720,h264,2.13,FaceSwap,FaceSwap,,ORIG_824,ORIG_419,PAIR_ORIG_419_ORIG_824,,,419
FFPP_0004420,FaceForensics++,FaceSwap/420_257.mp4,1,763,600,480,h264,1.32,FaceSwap,FaceSwap,,ORIG_257,ORIG_420,PAIR_ORIG_257_ORIG_420,,,420
FFPP_0004421,FaceForensics++,FaceSwap/421_423.mp4,1,1038,640,480,h264,1.77,FaceSwap,FaceSwap,,ORIG_423,ORIG_421,PAIR_ORIG_421_ORIG_423,,,421
FFPP_0004422,FaceForensics++,FaceSwap/422_695.mp4,1,310,1920,1080,h264,4.64,FaceSwap,FaceSwap,,ORIG_695,ORIG_422,PAIR_ORIG_422_ORIG_695,,,422
FFPP_0004423,FaceForensics++,FaceSwap/423_421.mp4,1,1038,598,480,h264,2.06,FaceSwap,FaceSwap,,ORIG_421,ORIG_423,PAIR_ORIG_421_ORIG_423,,,423
FFPP_0004424,FaceForensics++,FaceSwap/424_408.mp4,1,306,640,480,h264,0.6,FaceSwap,FaceSwap,,ORIG_408,ORIG_424,PAIR_ORIG_408_ORIG_424,,,424
FFPP_0004425,FaceForensics++,FaceSwap/425_485.mp4,1,336,854,480,h264,0.78,FaceSwap,FaceSwap,,ORIG_485,ORIG_425,PAIR_ORIG_425_ORIG_485,,,425
FFPP_0004426,FaceForensics++,FaceSwap/426_287.mp4,1,335,1920,1080,h264,4.48,FaceSwap,FaceSwap,,ORIG_287,ORIG_426,PAIR_ORIG_287_ORIG_426,,,426
FFPP_0004427,FaceForensics++,FaceSwap/427_637.mp4,1,468,1280,720,h264,0.73,FaceSwap,FaceSwap,,ORIG_637,ORIG_427,PAIR_ORIG_427_ORIG_637,,,427
FFPP_0004428,FaceForensics++,FaceSwap/428_466.mp4,1,334,1280,720,h264,1.14,FaceSwap,FaceSwap,,ORIG_466,ORIG_428,PAIR_ORIG_428_ORIG_466,,,428
FFPP_0004429,FaceForensics++,FaceSwap/429_404.mp4,1,457,656,480,h264,1.07,FaceSwap,FaceSwap,,ORIG_404,ORIG_429,PAIR_ORIG_404_ORIG_429,,,429
FFPP_0004430,FaceForensics++,FaceSwap/430_459.mp4,1,357,1920,1080,h264,2.71,FaceSwap,FaceSwap,,ORIG_459,ORIG_430,PAIR_ORIG_430_ORIG_459,,,430
FFPP_0004431,FaceForensics++,FaceSwap/431_447.mp4,1,326,1280,720,h264,1.06,FaceSwap,FaceSwap,,ORIG_447,ORIG_431,PAIR_ORIG_431_ORIG_447,,,431
FFPP_0004432,FaceForensics++,FaceSwap/432_357.mp4,1,346,640,480,h264,0.59,FaceSwap,FaceSwap,,ORIG_357,ORIG_432,PAIR_ORIG_357_ORIG_432,,,432
FFPP_0004433,FaceForensics++,FaceSwap/433_498.mp4,1,317,1280,720,h264,1.53,FaceSwap,FaceSwap,,ORIG_498,ORIG_433,PAIR_ORIG_433_ORIG_498,,,433
FFPP_0004434,FaceForensics++,FaceSwap/434_438.mp4,1,337,854,480,h264,0.49,FaceSwap,FaceSwap,,ORIG_438,ORIG_434,PAIR_ORIG_434_ORIG_438,,,434
FFPP_0004435,FaceForensics++,FaceSwap/435_456.mp4,1,476,656,480,h264,1.0,FaceSwap,FaceSwap,,ORIG_456,ORIG_435,PAIR_ORIG_435_ORIG_456,,,435
FFPP_0004436,FaceForensics++,FaceSwap/436_526.mp4,1,518,1280,720,h264,2.5,FaceSwap,FaceSwap,,ORIG_526,ORIG_436,PAIR_ORIG_436_ORIG_526,,,436
FFPP_0004437,FaceForensics++,FaceSwap/437_360.mp4,1,385,1280,720,h264,2.74,FaceSwap,FaceSwap,,ORIG_360,ORIG_437,PAIR_ORIG_360_ORIG_437,,,437
FFPP_0004438,FaceForensics++,FaceSwap/438_434.mp4,1,337,640,480,h264,0.44,FaceSwap,FaceSwap,,ORIG_434,ORIG_438,PAIR_ORIG_434_ORIG_438,,,438
FFPP_0004439,FaceForensics++,FaceSwap/439_441.mp4,1,305,640,480,h264,0.65,FaceSwap,FaceSwap,,ORIG_441,ORIG_439,PAIR_ORIG_439_ORIG_441,,,439
FFPP_0004440,FaceForensics++,FaceSwap/440_364.mp4,1,419,656,480,h264,0.59,FaceSwap,FaceSwap,,ORIG_364,ORIG_440,PAIR_ORIG_364_ORIG_440,,,440
FFPP_0004441,FaceForensics++,FaceSwap/441_439.mp4,1,305,640,480,h264,0.66,FaceSwap,FaceSwap,,ORIG_439,ORIG_441,PAIR_ORIG_439_ORIG_441,,,441
FFPP_0004442,FaceForensics++,FaceSwap/442_195.mp4,1,333,1920,1080,h264,3.77,FaceSwap,FaceSwap,,ORIG_195,ORIG_442,PAIR_ORIG_195_ORIG_442,,,442
FFPP_0004443,FaceForensics++,FaceSwap/443_514.mp4,1,361,640,480,h264,0.5,FaceSwap,FaceSwap,,ORIG_514,ORIG_443,PAIR_ORIG_443_ORIG_514,,,443
FFPP_0004444,FaceForensics++,FaceSwap/444_655.mp4,1,437,854,480,h264,0.88,FaceSwap,FaceSwap,,ORIG_655,ORIG_444,PAIR_ORIG_444_ORIG_655,,,444
FFPP_0004445,FaceForensics++,FaceSwap/445_494.mp4,1,802,1280,720,h264,3.04,FaceSwap,FaceSwap,,ORIG_494,ORIG_445,PAIR_ORIG_445_ORIG_494,,,445
FFPP_0004446,FaceForensics++,FaceSwap/446_667.mp4,1,423,1920,1080,h264,4.46,FaceSwap,FaceSwap,,ORIG_667,ORIG_446,PAIR_ORIG_446_ORIG_667,,,446
FFPP_0004447,FaceForensics++,FaceSwap/447_431.mp4,1,326,654,480,h264,0.63,FaceSwap,FaceSwap,,ORIG_431,ORIG_447,PAIR_ORIG_431_ORIG_447,,,447
FFPP_0004448,FaceForensics++,FaceSwap/448_361.mp4,1,455,1280,720,h264,1.89,FaceSwap,FaceSwap,,ORIG_361,ORIG_448,PAIR_ORIG_361_ORIG_448,,,448
FFPP_0004449,FaceForensics++,FaceSwap/449_451.mp4,1,306,1280,720,h264,1.52,FaceSwap,FaceSwap,,ORIG_451,ORIG_449,PAIR_ORIG_449_ORIG_451,,,449
FFPP_0004450,FaceForensics++,FaceSwap/450_533.mp4,1,558,1920,1080,h264,4.76,FaceSwap,FaceSwap,,ORIG_533,ORIG_450,PAIR_ORIG_450_ORIG_533,,,450
FFPP_0004451,FaceForensics++,FaceSwap/451_449.mp4,1,306,1280,720,h264,1.2,FaceSwap,FaceSwap,,ORIG_449,ORIG_451,PAIR_ORIG_449_ORIG_451,,,451
FFPP_0004452,FaceForensics++,FaceSwap/452_550.mp4,1,444,640,480,h264,0.77,FaceSwap,FaceSwap,,ORIG_550,ORIG_452,PAIR_ORIG_452_ORIG_550,,,452
FFPP_0004453,FaceForensics++,FaceSwap/453_402.mp4,1,423,1280,718,h264,1.65,FaceSwap,FaceSwap,,ORIG_402,ORIG_453,PAIR_ORIG_402_ORIG_453,,,453
FFPP_0004454,FaceForensics++,FaceSwap/454_527.mp4,1,342,854,480,h264,0.99,FaceSwap,FaceSwap,,ORIG_527,ORIG_454,PAIR_ORIG_454_ORIG_527,,,454
FFPP_0004455,FaceForensics++,FaceSwap/455_471.mp4,1,370,656,480,h264,1.37,FaceSwap,FaceSwap,,ORIG_471,ORIG_455,PAIR_ORIG_455_ORIG_471,,,455
FFPP_0004456,FaceForensics++,FaceSwap/456_435.mp4,1,476,1280,720,h264,2.63,FaceSwap,FaceSwap,,ORIG_435,ORIG_456,PAIR_ORIG_435_ORIG_456,,,456
FFPP_0004457,FaceForensics++,FaceSwap/457_398.mp4,1,528,640,480,h264,1.27,FaceSwap,FaceSwap,,ORIG_398,ORIG_457,PAIR_ORIG_398_ORIG_457,,,457
FFPP_0004458,FaceForensics++,FaceSwap/458_722.mp4,1,351,854,480,h264,0.8,FaceSwap,FaceSwap,,ORIG_722,ORIG_458,PAIR_ORIG_458_ORIG_722,,,458
FFPP_0004459,FaceForensics++,FaceSwap/459_430.mp4,1,357,1920,1080,h264,3.14,FaceSwap,FaceSwap,,ORIG_430,ORIG_459,PAIR_ORIG_430_ORIG_459,,,459
FFPP_0004460,FaceForensics++,FaceSwap/460_678.mp4,1,400,1280,720,h264,1.78,FaceSwap,FaceSwap,,ORIG_678,ORIG_460,PAIR_ORIG_460_ORIG_678,,,460
FFPP_0004461,FaceForensics++,FaceSwap/461_250.mp4,1,564,1280,720,h264,2.01,FaceSwap,FaceSwap,,ORIG_250,ORIG_461,PAIR_ORIG_250_ORIG_461,,,461
FFPP_0004462,FaceForensics++,FaceSwap/462_467.mp4,1,423,640,480,h264,0.73,FaceSwap,FaceSwap,,ORIG_467,ORIG_462,PAIR_ORIG_462_ORIG_467,,,462
FFPP_0004463,FaceForensics++,FaceSwap/463_464.mp4,1,315,636,480,h264,0.83,FaceSwap,FaceSwap,,ORIG_464,ORIG_463,PAIR_ORIG_463_ORIG_464,,,463
FFPP_0004464,FaceForensics++,FaceSwap/464_463.mp4,1,315,640,480,h264,0.82,FaceSwap,FaceSwap,,ORIG_463,ORIG_464,PAIR_ORIG_463_ORIG_464,,,464
FFPP_0004465,FaceForensics++,FaceSwap/465_482.mp4,1,329,1280,720,h264,1.56,FaceSwap,FaceSwap,,ORIG_482,ORIG_465,PAIR_ORIG_465_ORIG_482,,,465
FFPP_0004466,FaceForensics++,FaceSwap/466_428.mp4,1,334,1280,720,h264,1.65,FaceSwap,FaceSwap,,ORIG_428,ORIG_466,PAIR_ORIG_428_ORIG_466,,,466
FFPP_0004467,FaceForensics++,FaceSwap/467_462.mp4,1,423,640,480,h264,0.81,FaceSwap,FaceSwap,,ORIG_462,ORIG_467,PAIR_ORIG_462_ORIG_467,,,467
FFPP_0004468,FaceForensics++,FaceSwap/468_470.mp4,1,597,600,480,h264,1.27,FaceSwap,FaceSwap,,ORIG_470,ORIG_468,PAIR_ORIG_468_ORIG_470,,,468
FFPP_0004469,FaceForensics++,FaceSwap/469_481.mp4,1,414,854,480,h264,1.02,FaceSwap,FaceSwap,,ORIG_481,ORIG_469,PAIR_ORIG_469_ORIG_481,,,469
FFPP_0004470,FaceForensics++,FaceSwap/470_468.mp4,1,597,642,480,h264,0.75,FaceSwap,FaceSwap,,ORIG_468,ORIG_470,PAIR_ORIG_468_ORIG_470,,,470
FFPP_0004471,FaceForensics++,FaceSwap/471_455.mp4,1,370,640,480,h264,0.63,FaceSwap,FaceSwap,,ORIG_455,ORIG_471,PAIR_ORIG_455_ORIG_471,,,471
FFPP_0004472,FaceForensics++,FaceSwap/472_511.mp4,1,479,640,480,h264,0.4,FaceSwap,FaceSwap,,ORIG_511,ORIG_472,PAIR_ORIG_472_ORIG_511,,,472
FFPP_0004473,FaceForensics++,FaceSwap/473_366.mp4,1,404,640,480,h264,0.66,FaceSwap,FaceSwap,,ORIG_366,ORIG_473,PAIR_ORIG_366_ORIG_473,,,473
FFPP_0004474,FaceForensics++,FaceSwap/474_281.mp4,1,296,640,480,h264,1.26,FaceSwap,FaceSwap,,ORIG_281,ORIG_474,PAIR_ORIG_281_ORIG_474,,,474
FFPP_0004475,FaceForensics++,FaceSwap/475_265.mp4,1,337,1280,720,h264,1.5,FaceSwap,FaceSwap,,ORIG_265,ORIG_475,PAIR_ORIG_265_ORIG_475,,,475
FFPP_0004476,FaceForensics++,FaceSwap/476_400.mp4,1,310,640,480,h264,1.17,FaceSwap,FaceSwap,,ORIG_400,ORIG_476,PAIR_ORIG_400_ORIG_476,,,476
FFPP_0004477,FaceForensics++,FaceSwap/477_487.mp4,1,319,1264,720,h264,1.28,FaceSwap,FaceSwap,,ORIG_487,ORIG_477,PAIR_ORIG_477_ORIG_487,,,477
FFPP_0004478,FaceForensics++,FaceSwap/478_506.mp4,1,668,640,480,h264,0.82,FaceSwap,FaceSwap,,ORIG_506,ORIG_478,PAIR_ORIG_478_ORIG_506,,,478
FFPP_0004479,FaceForensics++,FaceSwap/479_706.mp4,1,328,1920,1080,h264,3.01,FaceSwap,FaceSwap,,ORIG_706,ORIG_479,PAIR_ORIG_479_ORIG_706,,,479
FFPP_0004480,FaceForensics++,FaceSwap/480_389.mp4,1,314,1280,720,h264,1.58,FaceSwap,FaceSwap,,ORIG_389,ORIG_480,PAIR_ORIG_389_ORIG_480,,,480
FFPP_0004481,FaceForensics++,FaceSwap/481_469.mp4,1,414,1280,720,h264,2.53,FaceSwap,FaceSwap,,ORIG_469,ORIG_481,PAIR_ORIG_469_ORIG_481,,,481
FFPP_0004482,FaceForensics++,FaceSwap/482_465.mp4,1,329,640,480,h264,1.0,FaceSwap,FaceSwap,,ORIG_465,ORIG_482,PAIR_ORIG_465_ORIG_482,,,482
FFPP_0004483,FaceForensics++,FaceSwap/483_370.mp4,1,375,1280,720,h264,1.17,FaceSwap,FaceSwap,,ORIG_370,ORIG_483,PAIR_ORIG_370_ORIG_483,,,483
FFPP_0004484,FaceForensics++,FaceSwap/484_415.mp4,1,319,654,480,h264,0.44,FaceSwap,FaceSwap,,ORIG_415,ORIG_484,PAIR_ORIG_415_ORIG_484,,,484
FFPP_0004485,FaceForensics++,FaceSwap/485_425.mp4,1,336,854,480,h264,0.75,FaceSwap,FaceSwap,,ORIG_425,ORIG_485,PAIR_ORIG_425_ORIG_485,,,485
FFPP_0004486,FaceForensics++,FaceSwap/486_680.mp4,1,300,640,480,h264,0.49,FaceSwap,FaceSwap,,ORIG_680,ORIG_486,PAIR_ORIG_486_ORIG_680,,,486
FFPP_0004487,FaceForensics++,FaceSwap/487_477.mp4,1,319,1280,720,h264,1.78,FaceSwap,FaceSwap,,ORIG_477,ORIG_487,PAIR_ORIG_477_ORIG_487,,,487
FFPP_0004488,FaceForensics++,FaceSwap/488_399.mp4,1,518,854,480,h264,1.16,FaceSwap,FaceSwap,,ORIG_399,ORIG_488,PAIR_ORIG_399_ORIG_488,,,488
FFPP_0004489,FaceForensics++,FaceSwap/489_022.mp4,1,325,1280,720,h264,1.75,FaceSwap,FaceSwap,,ORIG_022,ORIG_489,PAIR_ORIG_022_ORIG_489,,,489
FFPP_0004490,FaceForensics++,FaceSwap/490_534.mp4,1,384,1920,1080,h264,3.37,FaceSwap,FaceSwap,,ORIG_534,ORIG_490,PAIR_ORIG_490_ORIG_534,,,490
FFPP_0004491,FaceForensics++,FaceSwap/491_226.mp4,1,328,1920,1080,h264,3.29,FaceSwap,FaceSwap,,ORIG_226,ORIG_491,PAIR_ORIG_226_ORIG_491,,,491
FFPP_0004492,FaceForensics++,FaceSwap/492_325.mp4,1,347,1280,720,h264,1.41,FaceSwap,FaceSwap,,ORIG_325,ORIG_492,PAIR_ORIG_325_ORIG_492,,,492
FFPP_0004493,FaceForensics++,FaceSwap/493_538.mp4,1,395,640,480,h264,0.98,FaceSwap,FaceSwap,,ORIG_538,ORIG_493,PAIR_ORIG_493_ORIG_538,,,493
FFPP_0004494,FaceForensics++,FaceSwap/494_445.mp4,1,802,1280,720,h264,3.54,FaceSwap,FaceSwap,,ORIG_445,ORIG_494,PAIR_ORIG_445_ORIG_494,,,494
FFPP_0004495,FaceForensics++,FaceSwap/495_512.mp4,1,573,640,480,h264,1.13,FaceSwap,FaceSwap,,ORIG_512,ORIG_495,PAIR_ORIG_495_ORIG_512,,,495
FFPP_0004496,FaceForensics++,FaceSwap/496_417.mp4,1,861,640,480,h264,1.21,FaceSwap,FaceSwap,,ORIG_417,ORIG_496,PAIR_ORIG_417_ORIG_496,,,496
FFPP_0004497,FaceForensics++,FaceSwap/497_403.mp4,1,621,854,480,h264,1.45,FaceSwap,FaceSwap,,ORIG_403,ORIG_497,PAIR_ORIG_403_ORIG_497,,,497
FFPP_0004498,FaceForensics++,FaceSwap/498_433.mp4,1,317,854,480,h264,0.92,FaceSwap,FaceSwap,,ORIG_433,ORIG_498,PAIR_ORIG_433_ORIG_498,,,498
FFPP_0004499,FaceForensics++,FaceSwap/499_539.mp4,1,313,1280,720,h264,1.54,FaceSwap,FaceSwap,,ORIG_539,ORIG_499,PAIR_ORIG_499_ORIG_539,,,499
FFPP_0004500,FaceForensics++,FaceSwap/500_592.mp4,1,292,1920,1080,h264,2.65,FaceSwap,FaceSwap,,ORIG_592,ORIG_500,PAIR_ORIG_500_ORIG_592,,,500
FFPP_0004501,FaceForensics++,FaceSwap/501_326.mp4,1,522,600,480,h264,0.74,FaceSwap,FaceSwap,,ORIG_326,ORIG_501,PAIR_ORIG_326_ORIG_501,,,501
FFPP_0004502,FaceForensics++,FaceSwap/502_504.mp4,1,317,1280,720,h264,1.72,FaceSwap,FaceSwap,,ORIG_504,ORIG_502,PAIR_ORIG_502_ORIG_504,,,502
FFPP_0004503,FaceForensics++,FaceSwap/503_756.mp4,1,570,640,480,h264,0.75,FaceSwap,FaceSwap,,ORIG_756,ORIG_503,PAIR_ORIG_503_ORIG_756,,,503
FFPP_0004504,FaceForensics++,FaceSwap/504_502.mp4,1,317,1280,720,h264,1.05,FaceSwap,FaceSwap,,ORIG_502,ORIG_504,PAIR_ORIG_502_ORIG_504,,,504
FFPP_0004505,FaceForensics++,FaceSwap/505_600.mp4,1,388,654,480,h264,0.36,FaceSwap,FaceSwap,,ORIG_600,ORIG_505,PAIR_ORIG_505_ORIG_600,,,505
FFPP_0004506,FaceForensics++,FaceSwap/506_478.mp4,1,668,854,480,h264,1.36,FaceSwap,FaceSwap,,ORIG_478,ORIG_506,PAIR_ORIG_478_ORIG_506,,,506
FFPP_0004507,FaceForensics++,FaceSwap/507_418.mp4,1,319,1920,1080,h264,5.25,FaceSwap,FaceSwap,,ORIG_418,ORIG_507,PAIR_ORIG_418_ORIG_507,,,507
FFPP_0004508,FaceForensics++,FaceSwap/508_831.mp4,1,327,1920,1080,h264,2.59,FaceSwap,FaceSwap,,ORIG_831,ORIG_508,PAIR_ORIG_508_ORIG_831,,,508
FFPP_0004509,FaceForensics++,FaceSwap/509_525.mp4,1,517,640,480,h264,1.85,FaceSwap,FaceSwap,,ORIG_525,ORIG_509,PAIR_ORIG_509_ORIG_525,,,509
FFPP_0004510,FaceForensics++,FaceSwap/510_528.mp4,1,340,854,480,h264,1.43,FaceSwap,FaceSwap,,ORIG_528,ORIG_510,PAIR_ORIG_510_ORIG_528,,,510
FFPP_0004511,FaceForensics++,FaceSwap/511_472.mp4,1,479,640,480,h264,0.87,FaceSwap,FaceSwap,,ORIG_472,ORIG_511,PAIR_ORIG_472_ORIG_511,,,511
FFPP_0004512,FaceForensics++,FaceSwap/512_495.mp4,1,573,640,480,h264,1.21,FaceSwap,FaceSwap,,ORIG_495,ORIG_512,PAIR_ORIG_495_ORIG_512,,,512
FFPP_0004513,FaceForensics++,FaceSwap/513_305.mp4,1,494,1280,720,h264,2.74,FaceSwap,FaceSwap,,ORIG_305,ORIG_513,PAIR_ORIG_305_ORIG_513,,,513
FFPP_0004514,FaceForensics++,FaceSwap/514_443.mp4,1,361,640,480,h264,0.87,FaceSwap,FaceSwap,,ORIG_443,ORIG_514,PAIR_ORIG_443_ORIG_514,,,514
FFPP_0004515,FaceForensics++,FaceSwap/515_519.mp4,1,751,640,480,h264,1.87,FaceSwap,FaceSwap,,ORIG_519,ORIG_515,PAIR_ORIG_515_ORIG_519,,,515
FFPP_0004516,FaceForensics++,FaceSwap/516_555.mp4,1,354,1920,1080,h264,3.18,FaceSwap,FaceSwap,,ORIG_555,ORIG_516,PAIR_ORIG_516_ORIG_555,,,516
FFPP_0004517,FaceForensics++,FaceSwap/517_521.mp4,1,304,654,480,h264,0.59,FaceSwap,FaceSwap,,ORIG_521,ORIG_517,PAIR_ORIG_517_ORIG_521,,,517
FFPP_0004518,FaceForensics++,FaceSwap/518_131.mp4,1,295,854,480,h264,0.78,FaceSwap,FaceSwap,,ORIG_131,ORIG_518,PAIR_ORIG_131_ORIG_518,,,518
FFPP_0004519,FaceForensics++,FaceSwap/519_515.mp4,1,751,640,480,h264,2.23,FaceSwap,FaceSwap,,ORIG_515,ORIG_519,PAIR_ORIG_515_ORIG_519,,,519
FFPP_0004520,FaceForensics++,FaceSwap/520_542.mp4,1,320,1280,720,h264,1.35,FaceSwap,FaceSwap,,ORIG_542,ORIG_520,PAIR_ORIG_520_ORIG_542,,,520
FFPP_0004521,FaceForensics++,FaceSwap/521_517.mp4,1,304,640,480,h264,0.6,FaceSwap,FaceSwap,,ORIG_517,ORIG_521,PAIR_ORIG_517_ORIG_521,,,521
FFPP_0004522,FaceForensics++,FaceSwap/522_337.mp4,1,331,602,480,h264,0.51,FaceSwap,FaceSwap,,ORIG_337,ORIG_522,PAIR_ORIG_337_ORIG_522,,,522
FFPP_0004523,FaceForensics++,FaceSwap/523_541.mp4,1,375,854,480,h264,0.88,FaceSwap,FaceSwap,,ORIG_541,ORIG_523,PAIR_ORIG_523_ORIG_541,,,523
FFPP_0004524,FaceForensics++,FaceSwap/524_580.mp4,1,292,854,480,h264,0.53,FaceSwap,FaceSwap,,ORIG_580,ORIG_524,PAIR_ORIG_524_ORIG_580,,,524
FFPP_0004525,FaceForensics++,FaceSwap/525_509.mp4,1,517,854,480,h264,0.66,FaceSwap,FaceSwap,,ORIG_509,ORIG_525,PAIR_ORIG_509_ORIG_525,,,525
FFPP_0004526,FaceForensics++,FaceSwap/526_436.mp4,1,518,1280,720,h264,1.89,FaceSwap,FaceSwap,,ORIG_436,ORIG_526,PAIR_ORIG_436_ORIG_526,,,526
FFPP_0004527,FaceForensics++,FaceSwap/527_454.mp4,1,342,1280,720,h264,0.94,FaceSwap,FaceSwap,,ORIG_454,ORIG_527,PAIR_ORIG_454_ORIG_527,,,527
FFPP_0004528,FaceForensics++,FaceSwap/528_510.mp4,1,340,720,480,h264,1.13,FaceSwap,FaceSwap,,ORIG_510,ORIG_528,PAIR_ORIG_510_ORIG_528,,,528
FFPP_0004529,FaceForensics++,FaceSwap/529_633.mp4,1,335,1920,1080,h264,3.28,FaceSwap,FaceSwap,,ORIG_633,ORIG_529,PAIR_ORIG_529_ORIG_633,,,529
FFPP_0004530,FaceForensics++,FaceSwap/530_594.mp4,1,294,1280,720,h264,1.63,FaceSwap,FaceSwap,,ORIG_594,ORIG_530,PAIR_ORIG_530_ORIG_594,,,530
FFPP_0004531,FaceForensics++,FaceSwap/531_549.mp4,1,319,640,480,h264,0.86,FaceSwap,FaceSwap,,ORIG_549,ORIG_531,PAIR_ORIG_531_ORIG_549,,,531
FFPP_0004532,FaceForensics++,FaceSwap/532_544.mp4,1,355,1280,720,h264,1.17,FaceSwap,FaceSwap,,ORIG_544,ORIG_532,PAIR_ORIG_532_ORIG_544,,,532
FFPP_0004533,FaceForensics++,FaceSwap/533_450.mp4,1,558,1920,1080,h264,3.59,FaceSwap,FaceSwap,,ORIG_450,ORIG_533,PAIR_ORIG_450_ORIG_533,,,533
FFPP_0004534,FaceForensics++,FaceSwap/534_490.mp4,1,384,1280,720,h264,1.73,FaceSwap,FaceSwap,,ORIG_490,ORIG_534,PAIR_ORIG_490_ORIG_534,,,534
FFPP_0004535,FaceForensics++,FaceSwap/535_587.mp4,1,626,640,480,h264,0.83,FaceSwap,FaceSwap,,ORIG_587,ORIG_535,PAIR_ORIG_535_ORIG_587,,,535
FFPP_0004536,FaceForensics++,FaceSwap/536_540.mp4,1,603,1280,720,h264,2.06,FaceSwap,FaceSwap,,ORIG_540,ORIG_536,PAIR_ORIG_536_ORIG_540,,,536
FFPP_0004537,FaceForensics++,FaceSwap/537_563.mp4,1,385,1280,720,h264,2.0,FaceSwap,FaceSwap,,ORIG_563,ORIG_537,PAIR_ORIG_537_ORIG_563,,,537
FFPP_0004538,FaceForensics++,FaceSwap/538_493.mp4,1,395,854,480,h264,0.78,FaceSwap,FaceSwap,,ORIG_493,ORIG_538,PAIR_ORIG_493_ORIG_538,,,538
FFPP_0004539,FaceForensics++,FaceSwap/539_499.mp4,1,313,640,480,h264,0.46,FaceSwap,FaceSwap,,ORIG_499,ORIG_539,PAIR_ORIG_499_ORIG_539,,,539
FFPP_0004540,FaceForensics++,FaceSwap/540_536.mp4,1,603,1280,720,h264,1.73,FaceSwap,FaceSwap,,ORIG_536,ORIG_540,PAIR_ORIG_536_ORIG_540,,,540
FFPP_0004541,FaceForensics++,FaceSwap/541_523.mp4,1,375,642,480,h264,0.43,FaceSwap,FaceSwap,,ORIG_523,ORIG_541,PAIR_ORIG_523_ORIG_541,,,541
FFPP_0004542,FaceForensics++,FaceSwap/542_520.mp4,1,320,1280,720,h264,1.21,FaceSwap,FaceSwap,,ORIG_520,ORIG_542,PAIR_ORIG_520_ORIG_542,,,542
FFPP_0004543,FaceForensics++,FaceSwap/543_559.mp4,1,334,656,480,h264,0.65,FaceSwap,FaceSwap,,ORIG_559,ORIG_543,PAIR_ORIG_543_ORIG_559,,,543
FFPP_0004544,FaceForensics++,FaceSwap/544_532.mp4,1,355,1280,720,h264,1.61,FaceSwap,FaceSwap,,ORIG_532,ORIG_544,PAIR_ORIG_532_ORIG_544,,,544
FFPP_0004545,FaceForensics++,FaceSwap/545_553.mp4,1,364,640,480,h264,0.84,FaceSwap,FaceSwap,,ORIG_553,ORIG_545,PAIR_ORIG_545_ORIG_553,,,545
FFPP_0004546,FaceForensics++,FaceSwap/546_621.mp4,1,370,854,480,h264,0.68,FaceSwap,FaceSwap,,ORIG_621,ORIG_546,PAIR_ORIG_546_ORIG_621,,,546
FFPP_0004547,FaceForensics++,FaceSwap/547_574.mp4,1,496,1920,1080,h264,3.69,FaceSwap,FaceSwap,,ORIG_574,ORIG_547,PAIR_ORIG_547_ORIG_574,,,547
FFPP_0004548,FaceForensics++,FaceSwap/548_632.mp4,1,427,1280,720,h264,1.93,FaceSwap,FaceSwap,,ORIG_632,ORIG_548,PAIR_ORIG_548_ORIG_632,,,548
FFPP_0004549,FaceForensics++,FaceSwap/549_531.mp4,1,319,1280,720,h264,6.91,FaceSwap,FaceSwap,,ORIG_531,ORIG_549,PAIR_ORIG_531_ORIG_549,,,549
FFPP_0004550,FaceForensics++,FaceSwap/550_452.mp4,1,444,640,480,h264,0.62,FaceSwap,FaceSwap,,ORIG_452,ORIG_550,PAIR_ORIG_452_ORIG_550,,,550
FFPP_0004551,FaceForensics++,FaceSwap/551_631.mp4,1,424,1280,720,h264,2.96,FaceSwap,FaceSwap,,ORIG_631,ORIG_551,PAIR_ORIG_551_ORIG_631,,,551
FFPP_0004552,FaceForensics++,FaceSwap/552_851.mp4,1,303,1280,720,h264,1.31,FaceSwap,FaceSwap,,ORIG_851,ORIG_552,PAIR_ORIG_552_ORIG_851,,,552
FFPP_0004553,FaceForensics++,FaceSwap/553_545.mp4,1,364,640,480,h264,0.59,FaceSwap,FaceSwap,,ORIG_545,ORIG_553,PAIR_ORIG_545_ORIG_553,,,553
FFPP_0004554,FaceForensics++,FaceSwap/554_572.mp4,1,347,1280,720,h264,1.15,FaceSwap,FaceSwap,,ORIG_572,ORIG_554,PAIR_ORIG_554_ORIG_572,,,554
FFPP_0004555,FaceForensics++,FaceSwap/555_516.mp4,1,354,1920,1080,h264,4.29,FaceSwap,FaceSwap,,ORIG_516,ORIG_555,PAIR_ORIG_516_ORIG_555,,,555
FFPP_0004556,FaceForensics++,FaceSwap/556_588.mp4,1,372,640,480,h264,0.55,FaceSwap,FaceSwap,,ORIG_588,ORIG_556,PAIR_ORIG_556_ORIG_588,,,556
FFPP_0004557,FaceForensics++,FaceSwap/557_560.mp4,1,349,854,480,h264,0.63,FaceSwap,FaceSwap,,ORIG_560,ORIG_557,PAIR_ORIG_557_ORIG_560,,,557
FFPP_0004558,FaceForensics++,FaceSwap/558_583.mp4,1,475,1280,720,h264,2.96,FaceSwap,FaceSwap,,ORIG_583,ORIG_558,PAIR_ORIG_558_ORIG_583,,,558
FFPP_0004559,FaceForensics++,FaceSwap/559_543.mp4,1,334,1280,720,h264,2.31,FaceSwap,FaceSwap,,ORIG_543,ORIG_559,PAIR_ORIG_543_ORIG_559,,,559
FFPP_0004560,FaceForensics++,FaceSwap/560_557.mp4,1,349,640,480,h264,0.42,FaceSwap,FaceSwap,,ORIG_557,ORIG_560,PAIR_ORIG_557_ORIG_560,,,560
FFPP_0004561,FaceForensics++,FaceSwap/561_998.mp4,1,344,1920,1080,h264,2.57,FaceSwap,FaceSwap,,ORIG_998,ORIG_561,PAIR_ORIG_561_ORIG_998,,,561
FFPP_0004562,FaceForensics++,FaceSwap/562_626.mp4,1,467,1280,720,h264,3.07,FaceSwap,FaceSwap,,ORIG_626,ORIG_562,PAIR_ORIG_562_ORIG_626,,,562
FFPP_0004563,FaceForensics++,FaceSwap/563_537.mp4,1,385,640,480,h264,0.62,FaceSwap,FaceSwap,,ORIG_537,ORIG_563,PAIR_ORIG_537_ORIG_563,,,563
FFPP_0004564,FaceForensics++,FaceSwap/564_971.mp4,1,354,1920,1080,h264,2.26,FaceSwap,FaceSwap,,ORIG_971,ORIG_564,PAIR_ORIG_564_ORIG_971,,,564
FFPP_0004565,FaceForensics++,FaceSwap/565_589.mp4,1,430,656,480,h264,0.88,FaceSwap,FaceSwap,,ORIG_589,ORIG_565,PAIR_ORIG_565_ORIG_589,,,565
FFPP_0004566,FaceForensics++,FaceSwap/566_617.mp4,1,312,854,480,h264,1.42,FaceSwap,FaceSwap,,ORIG_617,ORIG_566,PAIR_ORIG_566_ORIG_617,,,566
FFPP_0004567,FaceForensics++,FaceSwap/567_606.mp4,1,340,854,480,h264,0.66,FaceSwap,FaceSwap,,ORIG_606,ORIG_567,PAIR_ORIG_567_ORIG_606,,,567
FFPP_0004568,FaceForensics++,FaceSwap/568_628.mp4,1,570,640,480,h264,1.04,FaceSwap,FaceSwap,,ORIG_628,ORIG_568,PAIR_ORIG_568_ORIG_628,,,568
FFPP_0004569,FaceForensics++,FaceSwap/569_921.mp4,1,296,1920,1080,h264,2.82,FaceSwap,FaceSwap,,ORIG_921,ORIG_569,PAIR_ORIG_569_ORIG_921,,,569
FFPP_0004570,FaceForensics++,FaceSwap/570_624.mp4,1,350,1280,720,h264,1.61,FaceSwap,FaceSwap,,ORIG_624,ORIG_570,PAIR_ORIG_570_ORIG_624,,,570
FFPP_0004571,FaceForensics++,FaceSwap/571_746.mp4,1,493,1280,720,h264,2.53,FaceSwap,FaceSwap,,ORIG_746,ORIG_571,PAIR_ORIG_571_ORIG_746,,,571
FFPP_0004572,FaceForensics++,FaceSwap/572_554.mp4,1,347,1280,720,h264,1.42,FaceSwap,FaceSwap,,ORIG_554,ORIG_572,PAIR_ORIG_554_ORIG_572,,,572
FFPP_0004573,FaceForensics++,FaceSwap/573_757.mp4,1,441,1280,720,h264,2.23,FaceSwap,FaceSwap,,ORIG_757,ORIG_573,PAIR_ORIG_573_ORIG_757,,,573
FFPP_0004574,FaceForensics++,FaceSwap/574_547.mp4,1,496,656,480,h264,0.94,FaceSwap,FaceSwap,,ORIG_547,ORIG_574,PAIR_ORIG_547_ORIG_574,,,574
FFPP_0004575,FaceForensics++,FaceSwap/575_603.mp4,1,296,1280,720,h264,1.82,FaceSwap,FaceSwap,,ORIG_603,ORIG_575,PAIR_ORIG_575_ORIG_603,,,575
FFPP_0004576,FaceForensics++,FaceSwap/576_155.mp4,1,461,1280,720,h264,2.9,FaceSwap,FaceSwap,,ORIG_155,ORIG_576,PAIR_ORIG_155_ORIG_576,,,576
FFPP_0004577,FaceForensics++,FaceSwap/577_593.mp4,1,344,1920,1080,h264,2.41,FaceSwap,FaceSwap,,ORIG_593,ORIG_577,PAIR_ORIG_577_ORIG_593,,,577
FFPP_0004578,FaceForensics++,FaceSwap/578_636.mp4,1,335,1280,720,h264,1.08,FaceSwap,FaceSwap,,ORIG_636,ORIG_578,PAIR_ORIG_578_ORIG_636,,,578
FFPP_0004579,FaceForensics++,FaceSwap/579_701.mp4,1,393,1920,1080,h264,2.82,FaceSwap,FaceSwap,,ORIG_701,ORIG_579,PAIR_ORIG_579_ORIG_701,,,579
FFPP_0004580,FaceForensics++,FaceSwap/580_524.mp4,1,292,1280,720,h264,1.1,FaceSwap,FaceSwap,,ORIG_524,ORIG_580,PAIR_ORIG_524_ORIG_580,,,580
FFPP_0004581,FaceForensics++,FaceSwap/581_697.mp4,1,382,1920,1080,h264,4.44,FaceSwap,FaceSwap,,ORIG_697,ORIG_581,PAIR_ORIG_581_ORIG_697,,,581
FFPP_0004582,FaceForensics++,FaceSwap/582_172.mp4,1,431,654,480,h264,1.83,FaceSwap,FaceSwap,,ORIG_172,ORIG_582,PAIR_ORIG_172_ORIG_582,,,582
FFPP_0004583,FaceForensics++,FaceSwap/583_558.mp4,1,475,1280,720,h264,1.77,FaceSwap,FaceSwap,,ORIG_558,ORIG_583,PAIR_ORIG_558_ORIG_583,,,583
FFPP_0004584,FaceForensics++,FaceSwap/584_823.mp4,1,475,1280,720,h264,1.95,FaceSwap,FaceSwap,,ORIG_823,ORIG_584,PAIR_ORIG_584_ORIG_823,,,584
FFPP_0004585,FaceForensics++,FaceSwap/585_599.mp4,1,359,1280,720,h264,1.57,FaceSwap,FaceSwap,,ORIG_599,ORIG_585,PAIR_ORIG_585_ORIG_599,,,585
FFPP_0004586,FaceForensics++,FaceSwap/586_223.mp4,1,336,1920,1080,h264,3.16,FaceSwap,FaceSwap,,ORIG_223,ORIG_586,PAIR_ORIG_223_ORIG_586,,,586
FFPP_0004587,FaceForensics++,FaceSwap/587_535.mp4,1,626,640,480,h264,0.95,FaceSwap,FaceSwap,,ORIG_535,ORIG_587,PAIR_ORIG_535_ORIG_587,,,587
FFPP_0004588,FaceForensics++,FaceSwap/588_556.mp4,1,372,854,480,h264,0.7,FaceSwap,FaceSwap,,ORIG_556,ORIG_588,PAIR_ORIG_556_ORIG_588,,,588
FFPP_0004589,FaceForensics++,FaceSwap/589_565.mp4,1,430,640,480,h264,0.94,FaceSwap,FaceSwap,,ORIG_565,ORIG_589,PAIR_ORIG_565_ORIG_589,,,589
FFPP_0004590,FaceForensics++,FaceSwap/590_034.mp4,1,407,1920,1080,h264,4.31,FaceSwap,FaceSwap,,ORIG_034,ORIG_590,PAIR_ORIG_034_ORIG_590,,,590
FFPP_0004591,FaceForensics++,FaceSwap/591_605.mp4,1,541,1280,720,h264,2.76,FaceSwap,FaceSwap,,ORIG_605,ORIG_591,PAIR_ORIG_591_ORIG_605,,,591
FFPP_0004592,FaceForensics++,FaceSwap/592_500.mp4,1,292,854,480,h264,0.46,FaceSwap,FaceSwap,,ORIG_500,ORIG_592,PAIR_ORIG_500_ORIG_592,,,592
FFPP_0004593,FaceForensics++,FaceSwap/593_577.mp4,1,344,1920,1080,h264,2.67,FaceSwap,FaceSwap,,ORIG_577,ORIG_593,PAIR_ORIG_577_ORIG_593,,,593
FFPP_0004594,FaceForensics++,FaceSwap/594_530.mp4,1,294,1280,720,h264,1.12,FaceSwap,FaceSwap,,ORIG_530,ORIG_594,PAIR_ORIG_530_ORIG_594,,,594
FFPP_0004595,FaceForensics++,FaceSwap/595_597.mp4,1,297,1280,720,h264,1.09,FaceSwap,FaceSwap,,ORIG_597,ORIG_595,PAIR_ORIG_595_ORIG_597,,,595
FFPP_0004596,FaceForensics++,FaceSwap/596_609.mp4,1,489,600,480,h264,1.0,FaceSwap,FaceSwap,,ORIG_609,ORIG_596,PAIR_ORIG_596_ORIG_609,,,596
FFPP_0004597,FaceForensics++,FaceSwap/597_595.mp4,1,297,640,480,h264,0.49,FaceSwap,FaceSwap,,ORIG_595,ORIG_597,PAIR_ORIG_595_ORIG_597,,,597
FFPP_0004598,FaceForensics++,FaceSwap/598_178.mp4,1,521,640,480,h264,0.51,FaceSwap,FaceSwap,,ORIG_178,ORIG_598,PAIR_ORIG_178_ORIG_598,,,598
FFPP_0004599,FaceForensics++,FaceSwap/599_585.mp4,1,359,1280,720,h264,1.87,FaceSwap,FaceSwap,,ORIG_585,ORIG_599,PAIR_ORIG_585_ORIG_599,,,599
FFPP_0004600,FaceForensics++,FaceSwap/600_505.mp4,1,388,640,480,h264,0.93,FaceSwap,FaceSwap,,ORIG_505,ORIG_600,PAIR_ORIG_505_ORIG_600,,,600
FFPP_0004601,FaceForensics++,FaceSwap/601_653.mp4,1,364,654,480,h264,0.56,FaceSwap,FaceSwap,,ORIG_653,ORIG_601,PAIR_ORIG_601_ORIG_653,,,601
FFPP_0004602,FaceForensics++,FaceSwap/602_397.mp4,1,355,1920,1080,h264,3.8,FaceSwap,FaceSwap,,ORIG_397,ORIG_602,PAIR_ORIG_397_ORIG_602,,,602
FFPP_0004603,FaceForensics++,FaceSwap/603_575.mp4,1,296,1280,720,h264,1.44,FaceSwap,FaceSwap,,ORIG_575,ORIG_603,PAIR_ORIG_575_ORIG_603,,,603
FFPP_0004604,FaceForensics++,FaceSwap/604_703.mp4,1,375,1280,720,h264,1.38,FaceSwap,FaceSwap,,ORIG_703,ORIG_604,PAIR_ORIG_604_ORIG_703,,,604
FFPP_0004605,FaceForensics++,FaceSwap/605_591.mp4,1,541,848,480,h264,0.99,FaceSwap,FaceSwap,,ORIG_591,ORIG_605,PAIR_ORIG_591_ORIG_605,,,605
FFPP_0004606,FaceForensics++,FaceSwap/606_567.mp4,1,340,848,480,h264,0.51,FaceSwap,FaceSwap,,ORIG_567,ORIG_606,PAIR_ORIG_567_ORIG_606,,,606
FFPP_0004607,FaceForensics++,FaceSwap/607_683.mp4,1,302,1920,1080,h264,2.9,FaceSwap,FaceSwap,,ORIG_683,ORIG_607,PAIR_ORIG_607_ORIG_683,,,607
FFPP_0004608,FaceForensics++,FaceSwap/608_675.mp4,1,421,600,480,h264,0.68,FaceSwap,FaceSwap,,ORIG_675,ORIG_608,PAIR_ORIG_608_ORIG_675,,,608
FFPP_0004609,FaceForensics++,FaceSwap/609_596.mp4,1,489,600,480,h264,1.68,FaceSwap,FaceSwap,,ORIG_596,ORIG_609,PAIR_ORIG_596_ORIG_609,,,609
FFPP_0004610,FaceForensics++,FaceSwap/610_692.mp4,1,354,1280,720,h264,1.82,FaceSwap,FaceSwap,,ORIG_692,ORIG_610,PAIR_ORIG_610_ORIG_692,,,610
FFPP_0004611,FaceForensics++,FaceSwap/611_760.mp4,1,306,640,480,h264,0.38,FaceSwap,FaceSwap,,ORIG_760,ORIG_611,PAIR_ORIG_611_ORIG_760,,,611
FFPP_0004612,FaceForensics++,FaceSwap/612_702.mp4,1,420,1280,720,h264,2.11,FaceSwap,FaceSwap,,ORIG_702,ORIG_612,PAIR_ORIG_612_ORIG_702,,,612
FFPP_0004613,FaceForensics++,FaceSwap/613_685.mp4,1,415,1280,720,h264,1.27,FaceSwap,FaceSwap,,ORIG_685,ORIG_613,PAIR_ORIG_613_ORIG_685,,,613
FFPP_0004614,FaceForensics++,FaceSwap/614_616.mp4,1,507,1280,720,h264,2.06,FaceSwap,FaceSwap,,ORIG_616,ORIG_614,PAIR_ORIG_614_ORIG_616,,,614
FFPP_0004615,FaceForensics++,FaceSwap/615_687.mp4,1,452,1280,720,h264,1.78,FaceSwap,FaceSwap,,ORIG_687,ORIG_615,PAIR_ORIG_615_ORIG_687,,,615
FFPP_0004616,FaceForensics++,FaceSwap/616_614.mp4,1,507,640,480,h264,1.16,FaceSwap,FaceSwap,,ORIG_614,ORIG_616,PAIR_ORIG_614_ORIG_616,,,616
FFPP_0004617,FaceForensics++,FaceSwap/617_566.mp4,1,312,854,480,h264,0.64,FaceSwap,FaceSwap,,ORIG_566,ORIG_617,PAIR_ORIG_566_ORIG_617,,,617
FFPP_0004618,FaceForensics++,FaceSwap/618_629.mp4,1,382,1280,720,h264,2.02,FaceSwap,FaceSwap,,ORIG_629,ORIG_618,PAIR_ORIG_618_ORIG_629,,,618
FFPP_0004619,FaceForensics++,FaceSwap/619_620.mp4,1,305,1280,720,h264,1.07,FaceSwap,FaceSwap,,ORIG_620,ORIG_619,PAIR_ORIG_619_ORIG_620,,,619
FFPP_0004620,FaceForensics++,FaceSwap/620_619.mp4,1,305,1920,1080,h264,2.36,FaceSwap,FaceSwap,,ORIG_619,ORIG_620,PAIR_ORIG_619_ORIG_620,,,620
FFPP_0004621,FaceForensics++,FaceSwap/621_546.mp4,1,370,1280,720,h264,1.69,FaceSwap,FaceSwap,,ORIG_546,ORIG_621,PAIR_ORIG_546_ORIG_621,,,621
FFPP_0004622,FaceForensics++,FaceSwap/622_647.mp4,1,371,1280,720,h264,1.12,FaceSwap,FaceSwap,,ORIG_647,ORIG_622,PAIR_ORIG_622_ORIG_647,,,622
FFPP_0004623,FaceForensics++,FaceSwap/623_630.mp4,1,352,640,480,h264,0.68,FaceSwap,FaceSwap,,ORIG_630,ORIG_623,PAIR_ORIG_623_ORIG_630,,,623
FFPP_0004624,FaceForensics++,FaceSwap/624_570.mp4,1,350,854,480,h264,1.39,FaceSwap,FaceSwap,,ORIG_570,ORIG_624,PAIR_ORIG_570_ORIG_624,,,624
FFPP_0004625,FaceForensics++,FaceSwap/625_650.mp4,1,332,640,480,h264,0.65,FaceSwap,FaceSwap,,ORIG_650,ORIG_625,PAIR_ORIG_625_ORIG_650,,,625
FFPP_0004626,FaceForensics++,FaceSwap/626_562.mp4,1,467,854,480,h264,0.91,FaceSwap,FaceSwap,,ORIG_562,ORIG_626,PAIR_ORIG_562_ORIG_626,,,626
FFPP_0004627,FaceForensics++,FaceSwap/627_658.mp4,1,374,600,480,h264,0.88,FaceSwap,FaceSwap,,ORIG_658,ORIG_627,PAIR_ORIG_627_ORIG_658,,,627
FFPP_0004628,FaceForensics++,FaceSwap/628_568.mp4,1,570,640,480,h264,0.9,FaceSwap,FaceSwap,,ORIG_568,ORIG_628,PAIR_ORIG_568_ORIG_628,,,628
FFPP_0004629,FaceForensics++,FaceSwap/629_618.mp4,1,382,1280,720,h264,1.53,FaceSwap,FaceSwap,,ORIG_618,ORIG_629,PAIR_ORIG_618_ORIG_629,,,629
FFPP_0004630,FaceForensics++,FaceSwap/630_623.mp4,1,352,640,480,h264,1.14,FaceSwap,FaceSwap,,ORIG_623,ORIG_630,PAIR_ORIG_623_ORIG_630,,,630
FFPP_0004631,FaceForensics++,FaceSwap/631_551.mp4,1,424,656,480,h264,1.1,FaceSwap,FaceSwap,,ORIG_551,ORIG_631,PAIR_ORIG_551_ORIG_631,,,631
FFPP_0004632,FaceForensics++,FaceSwap/632_548.mp4,1,427,1920,1080,h264,4.23,FaceSwap,FaceSwap,,ORIG_548,ORIG_632,PAIR_ORIG_548_ORIG_632,,,632
FFPP_0004633,FaceForensics++,FaceSwap/633_529.mp4,1,335,1280,720,h264,1.47,FaceSwap,FaceSwap,,ORIG_529,ORIG_633,PAIR_ORIG_529_ORIG_633,,,633
FFPP_0004634,FaceForensics++,FaceSwap/634_660.mp4,1,338,1280,720,h264,1.54,FaceSwap,FaceSwap,,ORIG_660,ORIG_634,PAIR_ORIG_634_ORIG_660,,,634
FFPP_0004635,FaceForensics++,FaceSwap/635_642.mp4,1,573,854,480,h264,1.26,FaceSwap,FaceSwap,,ORIG_642,ORIG_635,PAIR_ORIG_635_ORIG_642,,,635
FFPP_0004636,FaceForensics++,FaceSwap/636_578.mp4,1,335,640,480,h264,0.61,FaceSwap,FaceSwap,,ORIG_578,ORIG_636,PAIR_ORIG_578_ORIG_636,,,636
FFPP_0004637,FaceForensics++,FaceSwap/637_427.mp4,1,468,1280,720,h264,1.15,FaceSwap,FaceSwap,,ORIG_427,ORIG_637,PAIR_ORIG_427_ORIG_637,,,637
FFPP_0004638,FaceForensics++,FaceSwap/638_640.mp4,1,306,1280,720,h264,1.35,FaceSwap,FaceSwap,,ORIG_640,ORIG_638,PAIR_ORIG_638_ORIG_640,,,638
FFPP_0004639,FaceForensics++,FaceSwap/639_841.mp4,1,519,1280,720,h264,2.09,FaceSwap,FaceSwap,,ORIG_841,ORIG_639,PAIR_ORIG_639_ORIG_841,,,639
FFPP_0004640,FaceForensics++,FaceSwap/640_638.mp4,1,306,1280,720,h264,1.38,FaceSwap,FaceSwap,,ORIG_638,ORIG_640,PAIR_ORIG_638_ORIG_640,,,640
FFPP_0004641,FaceForensics++,FaceSwap/641_662.mp4,1,350,1280,720,h264,2.53,FaceSwap,FaceSwap,,ORIG_662,ORIG_641,PAIR_ORIG_641_ORIG_662,,,641
FFPP_0004642,FaceForensics++,FaceSwap/642_635.mp4,1,573,656,480,h264,1.58,FaceSwap,FaceSwap,,ORIG_635,ORIG_642,PAIR_ORIG_635_ORIG_642,,,642
FFPP_0004643,FaceForensics++,FaceSwap/643_646.mp4,1,364,1280,720,h264,1.46,FaceSwap,FaceSwap,,ORIG_646,ORIG_643,PAIR_ORIG_643_ORIG_646,,,643
FFPP_0004644,FaceForensics++,FaceSwap/644_657.mp4,1,413,854,480,h264,0.9,FaceSwap,FaceSwap,,ORIG_657,ORIG_644,PAIR_ORIG_644_ORIG_657,,,644
FFPP_0004645,FaceForensics++,FaceSwap/645_688.mp4,1,554,1920,1080,h264,6.49,FaceSwap,FaceSwap,,ORIG_688,ORIG_645,PAIR_ORIG_645_ORIG_688,,,645
FFPP_0004646,FaceForensics++,FaceSwap/646_643.mp4,1,364,640,480,h264,0.51,FaceSwap,FaceSwap,,ORIG_643,ORIG_646,PAIR_ORIG_643_ORIG_646,,,646
FFPP_0004647,FaceForensics++,FaceSwap/647_622.mp4,1,371,1920,1080,h264,2.58,FaceSwap,FaceSwap,,ORIG_622,ORIG_647,PAIR_ORIG_622_ORIG_647,,,647
FFPP_0004648,FaceForensics++,FaceSwap/648_654.mp4,1,410,1280,720,h264,1.21,FaceSwap,FaceSwap,,ORIG_654,ORIG_648,PAIR_ORIG_648_ORIG_654,,,648
FFPP_0004649,FaceForensics++,FaceSwap/649_816.mp4,1,411,1280,720,h264,1.49,FaceSwap,FaceSwap,,ORIG_816,ORIG_649,PAIR_ORIG_649_ORIG_816,,,649
FFPP_0004650,FaceForensics++,FaceSwap/650_625.mp4,1,332,656,480,h264,0.45,FaceSwap,FaceSwap,,ORIG_625,ORIG_650,PAIR_ORIG_625_ORIG_650,,,650
FFPP_0004651,FaceForensics++,FaceSwap/651_835.mp4,1,380,1280,720,h264,2.4,FaceSwap,FaceSwap,,ORIG_835,ORIG_651,PAIR_ORIG_651_ORIG_835,,,651
FFPP_0004652,FaceForensics++,FaceSwap/652_773.mp4,1,456,1280,720,h264,1.95,FaceSwap,FaceSwap,,ORIG_773,ORIG_652,PAIR_ORIG_652_ORIG_773,,,652
FFPP_0004653,FaceForensics++,FaceSwap/653_601.mp4,1,364,654,480,h264,0.71,FaceSwap,FaceSwap,,ORIG_601,ORIG_653,PAIR_ORIG_601_ORIG_653,,,653
FFPP_0004654,FaceForensics++,FaceSwap/654_648.mp4,1,410,640,480,h264,0.75,FaceSwap,FaceSwap,,ORIG_648,ORIG_654,PAIR_ORIG_648_ORIG_654,,,654
FFPP_0004655,FaceForensics++,FaceSwap/655_444.mp4,1,437,640,480,h264,1.17,FaceSwap,FaceSwap,,ORIG_444,ORIG_655,PAIR_ORIG_444_ORIG_655,,,655
FFPP_0004656,FaceForensics++,FaceSwap/656_666.mp4,1,383,640,480,h264,0.59,FaceSwap,FaceSwap,,ORIG_666,ORIG_656,PAIR_ORIG_656_ORIG_666,,,656
FFPP_0004657,FaceForensics++,FaceSwap/657_644.mp4,1,413,656,480,h264,1.19,FaceSwap,FaceSwap,,ORIG_644,ORIG_657,PAIR_ORIG_644_ORIG_657,,,657
FFPP_0004658,FaceForensics++,FaceSwap/658_627.mp4,1,374,656,480,h264,0.59,FaceSwap,FaceSwap,,ORIG_627,ORIG_658,PAIR_ORIG_627_ORIG_658,,,658
FFPP_0004659,FaceForensics++,FaceSwap/659_749.mp4,1,693,640,480,h264,1.1,FaceSwap,FaceSwap,,ORIG_749,ORIG_659,PAIR_ORIG_659_ORIG_749,,,659
FFPP_0004660,FaceForensics++,FaceSwap/660_634.mp4,1,338,1280,720,h264,3.75,FaceSwap,FaceSwap,,ORIG_634,ORIG_660,PAIR_ORIG_634_ORIG_660,,,660
FFPP_0004661,FaceForensics++,FaceSwap/661_670.mp4,1,481,1280,720,h264,3.0,FaceSwap,FaceSwap,,ORIG_670,ORIG_661,PAIR_ORIG_661_ORIG_670,,,661
FFPP_0004662,FaceForensics++,FaceSwap/662_641.mp4,1,350,1280,720,h264,2.24,FaceSwap,FaceSwap,,ORIG_641,ORIG_662,PAIR_ORIG_641_ORIG_662,,,662
FFPP_0004663,FaceForensics++,FaceSwap/663_231.mp4,1,316,640,480,h264,0.51,FaceSwap,FaceSwap,,ORIG_231,ORIG_663,PAIR_ORIG_231_ORIG_663,,,663
FFPP_0004664,FaceForensics++,FaceSwap/664_668.mp4,1,293,1280,720,h264,1.24,FaceSwap,FaceSwap,,ORIG_668,ORIG_664,PAIR_ORIG_664_ORIG_668,,,664
FFPP_0004665,FaceForensics++,FaceSwap/665_679.mp4,1,324,640,480,h264,0.39,FaceSwap,FaceSwap,,ORIG_679,ORIG_665,PAIR_ORIG_665_ORIG_679,,,665
FFPP_0004666,FaceForensics++,FaceSwap/666_656.mp4,1,383,640,480,h264,0.61,FaceSwap,FaceSwap,,ORIG_656,ORIG_666,PAIR_ORIG_656_ORIG_666,,,666
FFPP_0004667,FaceForensics++,FaceSwap/667_446.mp4,1,423,1920,1080,h264,6.08,FaceSwap,FaceSwap,,ORIG_446,ORIG_667,PAIR_ORIG_446_ORIG_667,,,667
FFPP_0004668,FaceForensics++,FaceSwap/668_664.mp4,1,293,654,480,h264,0.74,FaceSwap,FaceSwap,,ORIG_664,ORIG_668,PAIR_ORIG_664_ORIG_668,,,668
FFPP_0004669,FaceForensics++,FaceSwap/669_682.mp4,1,489,640,480,h264,0.44,FaceSwap,FaceSwap,,ORIG_682,ORIG_669,PAIR_ORIG_669_ORIG_682,,,669
FFPP_0004670,FaceForensics++,FaceSwap/670_661.mp4,1,481,640,480,h264,0.88,FaceSwap,FaceSwap,,ORIG_661,ORIG_670,PAIR_ORIG_661_ORIG_670,,,670
FFPP_0004671,FaceForensics++,FaceSwap/671_677.mp4,1,314,1280,720,h264,1.56,FaceSwap,FaceSwap,,ORIG_677,ORIG_671,PAIR_ORIG_671_ORIG_677,,,671
FFPP_0004672,FaceForensics++,FaceSwap/672_720.mp4,1,541,1280,720,h264,1.82,FaceSwap,FaceSwap,,ORIG_720,ORIG_672,PAIR_ORIG_672_ORIG_720,,,672
FFPP_0004673,FaceForensics++,FaceSwap/673_728.mp4,1,568,640,480,h264,1.12,FaceSwap,FaceSwap,,ORIG_728,ORIG_673,PAIR_ORIG_673_ORIG_728,,,673
FFPP_0004674,FaceForensics++,FaceSwap/674_744.mp4,1,294,640,480,h264,0.71,FaceSwap,FaceSwap,,ORIG_744,ORIG_674,PAIR_ORIG_674_ORIG_744,,,674
FFPP_0004675,FaceForensics++,FaceSwap/675_608.mp4,1,421,600,480,h264,1.21,FaceSwap,FaceSwap,,ORIG_608,ORIG_675,PAIR_ORIG_608_ORIG_675,,,675
FFPP_0004676,FaceForensics++,FaceSwap/676_776.mp4,1,331,1280,720,h264,1.29,FaceSwap,FaceSwap,,ORIG_776,ORIG_676,PAIR_ORIG_676_ORIG_776,,,676
FFPP_0004677,FaceForensics++,FaceSwap/677_671.mp4,1,314,1280,720,h264,1.73,FaceSwap,FaceSwap,,ORIG_671,ORIG_677,PAIR_ORIG_671_ORIG_677,,,677
FFPP_0004678,FaceForensics++,FaceSwap/678_460.mp4,1,400,1920,1080,h264,4.69,FaceSwap,FaceSwap,,ORIG_460,ORIG_678,PAIR_ORIG_460_ORIG_678,,,678
FFPP_0004679,FaceForensics++,FaceSwap/679_665.mp4,1,324,656,480,h264,0.51,FaceSwap,FaceSwap,,ORIG_665,ORIG_679,PAIR_ORIG_665_ORIG_679,,,679
FFPP_0004680,FaceForensics++,FaceSwap/680_486.mp4,1,300,656,480,h264,0.48,FaceSwap,FaceSwap,,ORIG_486,ORIG_680,PAIR_ORIG_486_ORIG_680,,,680
FFPP_0004681,FaceForensics++,FaceSwap/681_711.mp4,1,292,1280,720,h264,1.23,FaceSwap,FaceSwap,,ORIG_711,ORIG_681,PAIR_ORIG_681_ORIG_711,,,681
FFPP_0004682,FaceForensics++,FaceSwap/682_669.mp4,1,489,600,480,h264,0.77,FaceSwap,FaceSwap,,ORIG_669,ORIG_682,PAIR_ORIG_669_ORIG_682,,,682
FFPP_0004683,FaceForensics++,FaceSwap/683_607.mp4,1,302,1920,1080,h264,2.31,FaceSwap,FaceSwap,,ORIG_607,ORIG_683,PAIR_ORIG_607_ORIG_683,,,683
FFPP_0004684,FaceForensics++,FaceSwap/684_717.mp4,1,374,1920,1080,h264,3.36,FaceSwap,FaceSwap,,ORIG_717,ORIG_684,PAIR_ORIG_684_ORIG_717,,,684
FFPP_0004685,FaceForensics++,FaceSwap/685_613.mp4,1,415,1280,720,h264,1.66,FaceSwap,FaceSwap,,ORIG_613,ORIG_685,PAIR_ORIG_613_ORIG_685,,,685
FFPP_0004686,FaceForensics++,FaceSwap/686_696.mp4,1,342,1280,720,h264,1.08,FaceSwap,FaceSwap,,ORIG_696,ORIG_686,PAIR_ORIG_686_ORIG_696,,,686
FFPP_0004687,FaceForensics++,FaceSwap/687_615.mp4,1,452,1280,720,h264,1.48,FaceSwap,FaceSwap,,ORIG_615,ORIG_687,PAIR_ORIG_615_ORIG_687,,,687
FFPP_0004688,FaceForensics++,FaceSwap/688_645.mp4,1,554,1280,720,h264,2.93,FaceSwap,FaceSwap,,ORIG_645,ORIG_688,PAIR_ORIG_645_ORIG_688,,,688
FFPP_0004689,FaceForensics++,FaceSwap/689_690.mp4,1,331,640,480,h264,0.58,FaceSwap,FaceSwap,,ORIG_690,ORIG_689,PAIR_ORIG_689_ORIG_690,,,689
FFPP_0004690,FaceForensics++,FaceSwap/690_689.mp4,1,331,854,480,h264,0.72,FaceSwap,FaceSwap,,ORIG_689,ORIG_690,PAIR_ORIG_689_ORIG_690,,,690
FFPP_0004691,FaceForensics++,FaceSwap/691_732.mp4,1,426,1280,720,h264,1.52,FaceSwap,FaceSwap,,ORIG_732,ORIG_691,PAIR_ORIG_691_ORIG_732,,,691
FFPP_0004692,FaceForensics++,FaceSwap/692_610.mp4,1,354,1280,720,h264,2.42,FaceSwap,FaceSwap,,ORIG_610,ORIG_692,PAIR_ORIG_610_ORIG_692,,,692
FFPP_0004693,FaceForensics++,FaceSwap/693_698.mp4,1,304,656,480,h264,0.83,FaceSwap,FaceSwap,,ORIG_698,ORIG_693,PAIR_ORIG_693_ORIG_698,,,693
FFPP_0004694,FaceForensics++,FaceSwap/694_767.mp4,1,299,854,480,h264,0.83,FaceSwap,FaceSwap,,ORIG_767,ORIG_694,PAIR_ORIG_694_ORIG_767,,,694
FFPP_0004695,FaceForensics++,FaceSwap/695_422.mp4,1,310,1920,1080,h264,2.89,FaceSwap,FaceSwap,,ORIG_422,ORIG_695,PAIR_ORIG_422_ORIG_695,,,695
FFPP_0004696,FaceForensics++,FaceSwap/696_686.mp4,1,342,656,480,h264,0.61,FaceSwap,FaceSwap,,ORIG_686,ORIG_696,PAIR_ORIG_686_ORIG_696,,,696
FFPP_0004697,FaceForensics++,FaceSwap/697_581.mp4,1,382,1280,720,h264,1.81,FaceSwap,FaceSwap,,ORIG_581,ORIG_697,PAIR_ORIG_581_ORIG_697,,,697
FFPP_0004698,FaceForensics++,FaceSwap/698_693.mp4,1,304,656,480,h264,0.47,FaceSwap,FaceSwap,,ORIG_693,ORIG_698,PAIR_ORIG_693_ORIG_698,,,698
FFPP_0004699,FaceForensics++,FaceSwap/699_734.mp4,1,524,600,480,h264,0.68,FaceSwap,FaceSwap,,ORIG_734,ORIG_699,PAIR_ORIG_699_ORIG_734,,,699
FFPP_0005000,FaceForensics++,NeuralTextures/000_003.mp4,1,303,640,480,h264,0.62,NeuralTextures,NeuralTextures,,ORIG_003,ORIG_000,PAIR_ORIG_000_ORIG_003,,,0
FFPP_0005001,FaceForensics++,NeuralTextures/001_870.mp4,1,460,1280,720,h264,2.71,NeuralTextures,NeuralTextures,,ORIG_870,ORIG_001,PAIR_ORIG_001_ORIG_870,,,1
FFPP_0005002,FaceForensics++,NeuralTextures/002_006.mp4,1,310,1280,720,h264,0.91,NeuralTextures,NeuralTextures,,ORIG_006,ORIG_002,PAIR_ORIG_002_ORIG_006,,,2
FFPP_0005003,FaceForensics++,NeuralTextures/003_000.mp4,1,303,640,480,h264,0.57,NeuralTextures,NeuralTextures,,ORIG_000,ORIG_003,PAIR_ORIG_000_ORIG_003,,,3
FFPP_0005004,FaceForensics++,NeuralTextures/004_982.mp4,1,309,1280,720,h264,1.19,NeuralTextures,NeuralTextures,,ORIG_982,ORIG_004,PAIR_ORIG_004_ORIG_982,,,4
FFPP_0005005,FaceForensics++,NeuralTextures/005_010.mp4,1,385,704,480,h264,1.49,NeuralTextures,NeuralTextures,,ORIG_010,ORIG_005,PAIR_ORIG_005_ORIG_010,,,5
FFPP_0005006,FaceForensics++,NeuralTextures/006_002.mp4,1,310,1280,720,h264,0.8,NeuralTextures,NeuralTextures,,ORIG_002,ORIG_006,PAIR_ORIG_002_ORIG_006,,,6
FFPP_0005007,FaceForensics++,NeuralTextures/007_132.mp4,1,413,576,480,h264,0.79,NeuralTextures,NeuralTextures,,ORIG_132,ORIG_007,PAIR_ORIG_007_ORIG_132,,,7
FFPP_0005008,FaceForensics++,NeuralTextures/008_990.mp4,1,305,640,480,h264,0.48,NeuralTextures,NeuralTextures,,ORIG_990,ORIG_008,PAIR_ORIG_008_ORIG_990,,,8
FFPP_0005009,FaceForensics++,NeuralTextures/009_027.mp4,1,315,640,480,h264,0.38,NeuralTextures,NeuralTextures,,ORIG_027,ORIG_009,PAIR_ORIG_009_ORIG_027,,,9
FFPP_0005010,FaceForensics++,NeuralTextures/010_005.mp4,1,385,640,480,h264,1.09,NeuralTextures,NeuralTextures,,ORIG_005,ORIG_010,PAIR_ORIG_005_ORIG_010,,,10
FFPP_0005011,FaceForensics++,NeuralTextures/011_805.mp4,1,411,1280,720,h264,1.9,NeuralTextures,NeuralTextures,,ORIG_805,ORIG_011,PAIR_ORIG_011_ORIG_805,,,11
FFPP_0005012,FaceForensics++,NeuralTextures/012_026.mp4,1,322,640,480,h264,0.6,NeuralTextures,NeuralTextures,,ORIG_026,ORIG_012,PAIR_ORIG_012_ORIG_026,,,12
FFPP_0005013,FaceForensics++,NeuralTextures/013_883.mp4,1,332,640,480,h264,0.57,NeuralTextures,NeuralTextures,,ORIG_883,ORIG_013,PAIR_ORIG_013_ORIG_883,,,13
FFPP_0005014,FaceForensics++,NeuralTextures/014_790.mp4,1,676,640,480,h264,3.27,NeuralTextures,NeuralTextures,,ORIG_790,ORIG_014,PAIR_ORIG_014_ORIG_790,,,14
FFPP_0005015,FaceForensics++,NeuralTextures/015_919.mp4,1,437,640,480,h264,0.82,NeuralTextures,NeuralTextures,,ORIG_919,ORIG_015,PAIR_ORIG_015_ORIG_919,,,15
FFPP_0005016,FaceForensics++,NeuralTextures/016_209.mp4,1,337,640,480,h264,0.79,NeuralTextures,NeuralTextures,,ORIG_209,ORIG_016,PAIR_ORIG_016_ORIG_209,,,16
FFPP_0005017,FaceForensics++,NeuralTextures/017_803.mp4,1,297,1280,720,h264,1.31,NeuralTextures,NeuralTextures,,ORIG_803,ORIG_017,PAIR_ORIG_017_ORIG_803,,,17
FFPP_0005018,FaceForensics++,NeuralTextures/018_019.mp4,1,432,640,480,h264,0.37,NeuralTextures,NeuralTextures,,ORIG_019,ORIG_018,PAIR_ORIG_018_ORIG_019,,,18
FFPP_0005019,FaceForensics++,NeuralTextures/019_018.mp4,1,432,640,480,h264,0.69,NeuralTextures,NeuralTextures,,ORIG_018,ORIG_019,PAIR_ORIG_018_ORIG_019,,,19
FFPP_0005020,FaceForensics++,NeuralTextures/020_344.mp4,1,390,1280,720,h264,1.62,NeuralTextures,NeuralTextures,,ORIG_344,ORIG_020,PAIR_ORIG_020_ORIG_344,,,20
FFPP_0005021,FaceForensics++,NeuralTextures/021_312.mp4,1,428,640,480,h264,0.46,NeuralTextures,NeuralTextures,,ORIG_312,ORIG_021,PAIR_ORIG_021_ORIG_312,,,21
FFPP_0005022,FaceForensics++,NeuralTextures/022_489.mp4,1,325,1280,720,h264,1.16,NeuralTextures,NeuralTextures,,ORIG_489,ORIG_022,PAIR_ORIG_022_ORIG_489,,,22
FFPP_0005023,FaceForensics++,NeuralTextures/023_923.mp4,1,553,640,480,h264,1.61,NeuralTextures,NeuralTextures,,ORIG_923,ORIG_023,PAIR_ORIG_023_ORIG_923,,,23
FFPP_0005024,FaceForensics++,NeuralTextures/024_073.mp4,1,306,640,480,h264,0.47,NeuralTextures,NeuralTextures,,ORIG_073,ORIG_024,PAIR_ORIG_024_ORIG_073,,,24
FFPP_0005025,FaceForensics++,NeuralTextures/025_067.mp4,1,538,1440,1080,h264,2.38,NeuralTextures,NeuralTextures,,ORIG_067,ORIG_025,PAIR_ORIG_025_ORIG_067,,,25
FFPP_0005026,FaceForensics++,NeuralTextures/026_012.mp4,1,322,640,480,h264,0.48,NeuralTextures,NeuralTextures,,ORIG_012,ORIG_026,PAIR_ORIG_012_ORIG_026,,,26
FFPP_0005027,FaceForensics++,NeuralTextures/027_009.mp4,1,315,640,480,h264,0.81,NeuralTextures,NeuralTextures,,ORIG_009,ORIG_027,PAIR_ORIG_009_ORIG_027,,,27
FFPP_0005028,FaceForensics++,NeuralTextures/028_068.mp4,1,401,832,480,h264,0.73,NeuralTextures,NeuralTextures,,ORIG_068,ORIG_028,PAIR_ORIG_028_ORIG_068,,,28
FFPP_0005029,FaceForensics++,NeuralTextures/029_048.mp4,1,416,576,480,h264,0.46,NeuralTextures,NeuralTextures,,ORIG_048,ORIG_029,PAIR_ORIG_029_ORIG_048,,,29
FFPP_0005030,FaceForensics++,NeuralTextures/030_193.mp4,1,297,1920,1080,h264,3.22,NeuralTextures,NeuralTextures,,ORIG_193,ORIG_030,PAIR_ORIG_030_ORIG_193,,,30
FFPP_0005031,FaceForensics++,NeuralTextures/031_163.mp4,1,304,1280,720,h264,0.94,NeuralTextures,NeuralTextures,,ORIG_163,ORIG_031,PAIR_ORIG_031_ORIG_163,,,31
FFPP_0005032,FaceForensics++,NeuralTextures/032_944.mp4,1,310,1280,720,h264,1.53,NeuralTextures,NeuralTextures,,ORIG_944,ORIG_032,PAIR_ORIG_032_ORIG_944,,,32
FFPP_0005033,FaceForensics++,NeuralTextures/033_097.mp4,1,478,832,480,h264,1.11,NeuralTextures,NeuralTextures,,ORIG_097,ORIG_033,PAIR_ORIG_033_ORIG_097,,,33
FFPP_0005034,FaceForensics++,NeuralTextures/034_590.mp4,1,407,960,720,h264,1.09,NeuralTextures,NeuralTextures,,ORIG_590,ORIG_034,PAIR_ORIG_034_ORIG_590,,,34
FFPP_0005035,FaceForensics++,NeuralTextures/035_036.mp4,1,337,640,480,h264,0.42,NeuralTextures,NeuralTextures,,ORIG_036,ORIG_035,PAIR_ORIG_035_ORIG_036,,,35
FFPP_0005036,FaceForensics++,NeuralTextures/036_035.mp4,1,337,640,480,h264,0.91,NeuralTextures,NeuralTextures,,ORIG_035,ORIG_036,PAIR_ORIG_035_ORIG_036,,,36
FFPP_0005037,FaceForensics++,NeuralTextures/037_072.mp4,1,311,640,480,h264,0.53,NeuralTextures,NeuralTextures,,ORIG_072,ORIG_037,PAIR_ORIG_037_ORIG_072,,,37
FFPP_0005038,FaceForensics++,NeuralTextures/038_125.mp4,1,305,832,480,h264,0.49,NeuralTextures,NeuralTextures,,ORIG_125,ORIG_038,PAIR_ORIG_038_ORIG_125,,,38
FFPP_0005039,FaceForensics++,NeuralTextures/039_058.mp4,1,609,640,480,h264,1.01,NeuralTextures,NeuralTextures,,ORIG_058,ORIG_039,PAIR_ORIG_039_ORIG_058,,,39
FFPP_0005040,FaceForensics++,NeuralTextures/040_997.mp4,1,438,1280,720,h264,2.35,NeuralTextures,NeuralTextures,,ORIG_997,ORIG_040,PAIR_ORIG_040_ORIG_997,,,40
FFPP_0005041,FaceForensics++,NeuralTextures/041_063.mp4,1,349,640,480,h264,0.65,NeuralTextures,NeuralTextures,,ORIG_063,ORIG_041,PAIR_ORIG_041_ORIG_063,,,41
FFPP_0005042,FaceForensics++,NeuralTextures/042_084.mp4,1,338,640,480,h264,0.83,NeuralTextures,NeuralTextures,,ORIG_084,ORIG_042,PAIR_ORIG_042_ORIG_084,,,42
FFPP_0005043,FaceForensics++,NeuralTextures/043_110.mp4,1,495,1280,720,h264,1.5,NeuralTextures,NeuralTextures,,ORIG_110,ORIG_043,PAIR_ORIG_043_ORIG_110,,,43
FFPP_0005044,FaceForensics++,NeuralTextures/044_945.mp4,1,335,1280,720,h264,1.64,NeuralTextures,NeuralTextures,,ORIG_945,ORIG_044,PAIR_ORIG_044_ORIG_945,,,44
FFPP_0005045,FaceForensics++,NeuralTextures/045_889.mp4,1,329,1920,1080,h264,3.65,NeuralTextures,NeuralTextures,,ORIG_889,ORIG_045,PAIR_ORIG_045_ORIG_889,,,45
FFPP_0005046,FaceForensics++,NeuralTextures/046_904.mp4,1,359,1280,720,h264,1.46,NeuralTextures,NeuralTextures,,ORIG_904,ORIG_046,PAIR_ORIG_046_ORIG_904,,,46
FFPP_0005047,FaceForensics++,NeuralTextures/047_862.mp4,1,319,832,480,h264,0.49,NeuralTextures,NeuralTextures,,ORIG_862,ORIG_047,PAIR_ORIG_047_ORIG_862,,,47
FFPP_0005048,FaceForensics++,NeuralTextures/048_029.mp4,1,416,640,480,h264,1.0,NeuralTextures,NeuralTextures,,ORIG_029,ORIG_048,PAIR_ORIG_029_ORIG_048,,,48
FFPP_0005049,FaceForensics++,NeuralTextures/049_946.mp4,1,360,640,480,h264,0.41,NeuralTextures,NeuralTextures,,ORIG_946,ORIG_049,PAIR_ORIG_049_ORIG_946,,,49
FFPP_0005050,FaceForensics++,NeuralTextures/050_059.mp4,1,530,640,480,h264,0.55,NeuralTextures,NeuralTextures,,ORIG_059,ORIG_050,PAIR_ORIG_050_ORIG_059,,,50
FFPP_0005051,FaceForensics++,NeuralTextures/051_332.mp4,1,695,1280,720,h264,2.39,NeuralTextures,NeuralTextures,,ORIG_332,ORIG_051,PAIR_ORIG_051_ORIG_332,,,51
FFPP_0005052,FaceForensics++,NeuralTextures/052_108.mp4,1,300,1920,1080,h264,2.3,NeuralTextures,NeuralTextures,,ORIG_108,ORIG_052,PAIR_ORIG_052_ORIG_108,,,52
FFPP_0005053,FaceForensics++,NeuralTextures/053_095.mp4,1,417,640,480,h264,0.6,NeuralTextures,NeuralTextures,,ORIG_095,ORIG_053,PAIR_ORIG_053_ORIG_095,,,53
FFPP_0005054,FaceForensics++,NeuralTextures/054_071.mp4,1,368,640,480,h264,0.67,NeuralTextures,NeuralTextures,,ORIG_071,ORIG_054,PAIR_ORIG_054_ORIG_071,,,54
FFPP_0005055,FaceForensics++,NeuralTextures/055_147.mp4,1,394,640,480,h264,0.53,NeuralTextures,NeuralTextures,,ORIG_147,ORIG_055,PAIR_ORIG_055_ORIG_147,,,55
FFPP_0005056,FaceForensics++,NeuralTextures/056_996.mp4,1,312,1280,720,h264,0.89,NeuralTextures,NeuralTextures,,ORIG_996,ORIG_056,PAIR_ORIG_056_ORIG_996,,,56
FFPP_0005057,FaceForensics++,NeuralTextures/057_070.mp4,1,367,640,480,h264,1.04,NeuralTextures,NeuralTextures,,ORIG_070,ORIG_057,PAIR_ORIG_057_ORIG_070,,,57
FFPP_0005058,FaceForensics++,NeuralTextures/058_039.mp4,1,609,704,480,h264,0.99,NeuralTextures,NeuralTextures,,ORIG_039,ORIG_058,PAIR_ORIG_039_ORIG_058,,,58
FFPP_0005059,FaceForensics++,NeuralTextures/059_050.mp4,1,530,640,480,h264,1.06,NeuralTextures,NeuralTextures,,ORIG_050,ORIG_059,PAIR_ORIG_050_ORIG_059,,,59
FFPP_0005060,FaceForensics++,NeuralTextures/060_088.mp4,1,665,576,480,h264,3.08,NeuralTextures,NeuralTextures,,ORIG_088,ORIG_060,PAIR_ORIG_060_ORIG_088,,,60
FFPP_0005061,FaceForensics++,NeuralTextures/061_080.mp4,1,337,640,480,h264,0.69,NeuralTextures,NeuralTextures,,ORIG_080,ORIG_061,PAIR_ORIG_061_ORIG_080,,,61
FFPP_0005062,FaceForensics++,NeuralTextures/062_066.mp4,1,423,640,480,h264,0.63,NeuralTextures,NeuralTextures,,ORIG_066,ORIG_062,PAIR_ORIG_062_ORIG_066,,,62
FFPP_0005063,FaceForensics++,NeuralTextures/063_041.mp4,1,349,640,480,h264,0.73,NeuralTextures,NeuralTextures,,ORIG_041,ORIG_063,PAIR_ORIG_041_ORIG_063,,,63
FFPP_0005064,FaceForensics++,NeuralTextures/064_991.mp4,1,402,640,480,h264,0.81,NeuralTextures,NeuralTextures,,ORIG_991,ORIG_064,PAIR_ORIG_064_ORIG_991,,,64
FFPP_0005065,FaceForensics++,NeuralTextures/065_089.mp4,1,442,1280,720,h264,3.17,NeuralTextures,NeuralTextures,,ORIG_089,ORIG_065,PAIR_ORIG_065_ORIG_089,,,65
FFPP_0005066,FaceForensics++,NeuralTextures/066_062.mp4,1,423,704,480,h264,1.46,NeuralTextures,NeuralTextures,,ORIG_062,ORIG_066,PAIR_ORIG_062_ORIG_066,,,66
FFPP_0005067,FaceForensics++,NeuralTextures/067_025.mp4,1,538,1280,720,h264,1.98,NeuralTextures,NeuralTextures,,ORIG_025,ORIG_067,PAIR_ORIG_025_ORIG_067,,,67
FFPP_0005068,FaceForensics++,NeuralTextures/068_028.mp4,1,401,640,480,h264,0.7,NeuralTextures,NeuralTextures,,ORIG_028,ORIG_068,PAIR_ORIG_028_ORIG_068,,,68
FFPP_0005069,FaceForensics++,NeuralTextures/069_961.mp4,1,323,1280,720,h264,1.53,NeuralTextures,NeuralTextures,,ORIG_961,ORIG_069,PAIR_ORIG_069_ORIG_961,,,69
FFPP_0005070,FaceForensics++,NeuralTextures/070_057.mp4,1,367,640,480,h264,0.79,NeuralTextures,NeuralTextures,,ORIG_057,ORIG_070,PAIR_ORIG_057_ORIG_070,,,70
FFPP_0005071,FaceForensics++,NeuralTextures/071_054.mp4,1,368,640,480,h264,1.12,NeuralTextures,NeuralTextures,,ORIG_054,ORIG_071,PAIR_ORIG_054_ORIG_071,,,71
FFPP_0005072,FaceForensics++,NeuralTextures/072_037.mp4,1,311,640,480,h264,0.83,NeuralTextures,NeuralTextures,,ORIG_037,ORIG_072,PAIR_ORIG_037_ORIG_072,,,72
FFPP_0005073,FaceForensics++,NeuralTextures/073_024.mp4,1,306,1280,720,h264,1.12,NeuralTextures,NeuralTextures,,ORIG_024,ORIG_073,PAIR_ORIG_024_ORIG_073,,,73
FFPP_0005074,FaceForensics++,NeuralTextures/074_825.mp4,1,345,1920,1080,h264,2.74,NeuralTextures,NeuralTextures,,ORIG_825,ORIG_074,PAIR_ORIG_074_ORIG_825,,,74
FFPP_0005075,FaceForensics++,NeuralTextures/075_977.mp4,1,613,1280,720,h264,2.71,NeuralTextures,NeuralTextures,,ORIG_977,ORIG_075,PAIR_ORIG_075_ORIG_977,,,75
FFPP_0005076,FaceForensics++,NeuralTextures/076_079.mp4,1,329,1280,720,h264,1.19,NeuralTextures,NeuralTextures,,ORIG_079,ORIG_076,PAIR_ORIG_076_ORIG_079,,,76
FFPP_0005077,FaceForensics++,NeuralTextures/077_100.mp4,1,423,640,480,h264,0.54,NeuralTextures,NeuralTextures,,ORIG_100,ORIG_077,PAIR_ORIG_077_ORIG_100,,,77
FFPP_0005078,FaceForensics++,NeuralTextures/078_955.mp4,1,523,1280,720,h264,1.89,NeuralTextures,NeuralTextures,,ORIG_955,ORIG_078,PAIR_ORIG_078_ORIG_955,,,78
FFPP_0005079,FaceForensics++,NeuralTextures/079_076.mp4,1,329,1280,720,h264,1.18,NeuralTextures,NeuralTextures,,ORIG_076,ORIG_079,PAIR_ORIG_076_ORIG_079,,,79
FFPP_0005080,FaceForensics++,NeuralTextures/080_061.mp4,1,337,640,480,h264,0.4,NeuralTextures,NeuralTextures,,ORIG_061,ORIG_080,PAIR_ORIG_061_ORIG_080,,,80
FFPP_0005081,FaceForensics++,NeuralTextures/081_087.mp4,1,309,576,480,h264,0.59,NeuralTextures,NeuralTextures,,ORIG_087,ORIG_081,PAIR_ORIG_081_ORIG_087,,,81
FFPP_0005082,FaceForensics++,NeuralTextures/082_103.mp4,1,316,640,480,h264,0.59,NeuralTextures,NeuralTextures,,ORIG_103,ORIG_082,PAIR_ORIG_082_ORIG_103,,,82
FFPP_0005083,FaceForensics++,NeuralTextures/083_213.mp4,1,378,1920,1080,h264,3.37,NeuralTextures,NeuralTextures,,ORIG_213,ORIG_083,PAIR_ORIG_083_ORIG_213,,,83
FFPP_0005084,FaceForensics++,NeuralTextures/084_042.mp4,1,338,1920,1080,h264,4.89,NeuralTextures,NeuralTextures,,ORIG_042,ORIG_084,PAIR_ORIG_042_ORIG_084,,,84
FFPP_0005085,FaceForensics++,NeuralTextures/085_124.mp4,1,318,640,480,h264,1.7,NeuralTextures,NeuralTextures,,ORIG_124,ORIG_085,PAIR_ORIG_085_ORIG_124,,,85
FFPP_0005086,FaceForensics++,NeuralTextures/086_090.mp4,1,687,1280,720,h264,1.83,NeuralTextures,NeuralTextures,,ORIG_090,ORIG_086,PAIR_ORIG_086_ORIG_090,,,86
FFPP_0005087,FaceForensics++,NeuralTextures/087_081.mp4,1,309,640,480,h264,0.34,NeuralTextures,NeuralTextures,,ORIG_081,ORIG_087,PAIR_ORIG_081_ORIG_087,,,87
FFPP_0005088,FaceForensics++,NeuralTextures/088_060.mp4,1,665,640,480,h264,2.03,NeuralTextures,NeuralTextures,,ORIG_060,ORIG_088,PAIR_ORIG_060_ORIG_088,,,88
FFPP_0005089,FaceForensics++,NeuralTextures/089_065.mp4,1,442,1280,720,h264,1.75,NeuralTextures,NeuralTextures,,ORIG_065,ORIG_089,PAIR_ORIG_065_ORIG_089,,,89
FFPP_0005090,FaceForensics++,NeuralTextures/090_086.mp4,1,687,1280,720,h264,4.37,NeuralTextures,NeuralTextures,,ORIG_086,ORIG_090,PAIR_ORIG_086_ORIG_090,,,90
FFPP_0005091,FaceForensics++,NeuralTextures/091_116.mp4,1,327,640,480,h264,0.78,NeuralTextures,NeuralTextures,,ORIG_116,ORIG_091,PAIR_ORIG_091_ORIG_116,,,91
FFPP_0005092,FaceForensics++,NeuralTextures/092_098.mp4,1,299,704,480,h264,0.61,NeuralTextures,NeuralTextures,,ORIG_098,ORIG_092,PAIR_ORIG_092_ORIG_098,,,92
FFPP_0005093,FaceForensics++,NeuralTextures/093_121.mp4,1,308,1280,720,h264,2.06,NeuralTextures,NeuralTextures,,ORIG_121,ORIG_093,PAIR_ORIG_093_ORIG_121,,,93
FFPP_0005094,FaceForensics++,NeuralTextures/094_111.mp4,1,433,1280,720,h264,1.79,NeuralTextures,NeuralTextures,,ORIG_111,ORIG_094,PAIR_ORIG_094_ORIG_111,,,94
FFPP_0005095,FaceForensics++,NeuralTextures/095_053.mp4,1,417,640,480,h264,0.86,NeuralTextures,NeuralTextures,,ORIG_053,ORIG_095,PAIR_ORIG_053_ORIG_095,,,95
FFPP_0005096,FaceForensics++,NeuralTextures/096_101.mp4,1,504,1920,1080,h264,5.04,NeuralTextures,NeuralTextures,,ORIG_101,ORIG_096,PAIR_ORIG_096_ORIG_101,,,96
FFPP_0005097,FaceForensics++,NeuralTextures/097_033.mp4,1,478,640,480,h264,0.96,NeuralTextures,NeuralTextures,,ORIG_033,ORIG_097,PAIR_ORIG_033_ORIG_097,,,97
FFPP_0005098,FaceForensics++,NeuralTextures/098_092.mp4,1,299,640,480,h264,0.37,NeuralTextures,NeuralTextures,,ORIG_092,ORIG_098,PAIR_ORIG_092_ORIG_098,,,98
FFPP_0005099,FaceForensics++,NeuralTextures/099_295.mp4,1,411,1920,1080,h264,6.23,NeuralTextures,NeuralTextures,,ORIG_295,ORIG_099,PAIR_ORIG_099_ORIG_295,,,99
FFPP_0005100,FaceForensics++,NeuralTextures/100_077.mp4,1,423,640,480,h264,0.83,NeuralTextures,NeuralTextures,,ORIG_077,ORIG_100,PAIR_ORIG_077_ORIG_100,,,100
FFPP_0005101,FaceForensics++,NeuralTextures/101_096.mp4,1,504,832,480,h264,1.04,NeuralTextures,NeuralTextures,,ORIG_096,ORIG_101,PAIR_ORIG_096_ORIG_101,,,101
FFPP_0005102,FaceForensics++,NeuralTextures/102_114.mp4,1,389,704,480,h264,0.9,NeuralTextures,NeuralTextures,,ORIG_114,ORIG_102,PAIR_ORIG_102_ORIG_114,,,102
FFPP_0005103,FaceForensics++,NeuralTextures/103_082.mp4,1,316,640,480,h264,0.86,NeuralTextures,NeuralTextures,,ORIG_082,ORIG_103,PAIR_ORIG_082_ORIG_103,,,103
FFPP_0005104,FaceForensics++,NeuralTextures/104_126.mp4,1,328,640,480,h264,0.81,NeuralTextures,NeuralTextures,,ORIG_126,ORIG_104,PAIR_ORIG_104_ORIG_126,,,104
FFPP_0005105,FaceForensics++,NeuralTextures/105_180.mp4,1,300,640,480,h264,1.06,NeuralTextures,NeuralTextures,,ORIG_180,ORIG_105,PAIR_ORIG_105_ORIG_180,,,105
FFPP_0005106,FaceForensics++,NeuralTextures/106_198.mp4,1,356,832,480,h264,0.49,NeuralTextures,NeuralTextures,,ORIG_198,ORIG_106,PAIR_ORIG_106_ORIG_198,,,106
FFPP_0005107,FaceForensics++,NeuralTextures/107_109.mp4,1,298,640,480,h264,0.56,NeuralTextures,NeuralTextures,,ORIG_109,ORIG_107,PAIR_ORIG_107_ORIG_109,,,107
FFPP_0005108,FaceForensics++,NeuralTextures/108_052.mp4,1,300,1440,1080,h264,3.33,NeuralTextures,NeuralTextures,,ORIG_052,ORIG_108,PAIR_ORIG_052_ORIG_108,,,108
FFPP_0005109,FaceForensics++,NeuralTextures/109_107.mp4,1,298,640,480,h264,0.97,NeuralTextures,NeuralTextures,,ORIG_107,ORIG_109,PAIR_ORIG_107_ORIG_109,,,109
FFPP_0005110,FaceForensics++,NeuralTextures/110_043.mp4,1,495,960,720,h264,0.92,NeuralTextures,NeuralTextures,,ORIG_043,ORIG_110,PAIR_ORIG_043_ORIG_110,,,110
FFPP_0005111,FaceForensics++,NeuralTextures/111_094.mp4,1,433,640,480,h264,0.87,NeuralTextures,NeuralTextures,,ORIG_094,ORIG_111,PAIR_ORIG_094_ORIG_111,,,111
FFPP_0005112,FaceForensics++,NeuralTextures/112_892.mp4,1,311,1920,1080,h264,3.93,NeuralTextures,NeuralTextures,,ORIG_892,ORIG_112,PAIR_ORIG_112_ORIG_892,,,112
FFPP_0005113,FaceForensics++,NeuralTextures/113_983.mp4,1,406,1280,720,h264,1.81,NeuralTextures,NeuralTextures,,ORIG_983,ORIG_113,PAIR_ORIG_113_ORIG_983,,,113
FFPP_0005114,FaceForensics++,NeuralTextures/114_102.mp4,1,389,640,480,h264,0.77,NeuralTextures,NeuralTextures,,ORIG_102,ORIG_114,PAIR_ORIG_102_ORIG_114,,,114
FFPP_0005115,FaceForensics++,NeuralTextures/115_939.mp4,1,320,1280,720,h264,1.24,NeuralTextures,NeuralTextures,,ORIG_939,ORIG_115,PAIR_ORIG_115_ORIG_939,,,115
FFPP_0005116,FaceForensics++,NeuralTextures/116_091.mp4,1,327,640,480,h264,0.63,NeuralTextures,NeuralTextures,,ORIG_091,ORIG_116,PAIR_ORIG_091_ORIG_116,,,116
FFPP_0005117,FaceForensics++,NeuralTextures/117_217.mp4,1,548,1280,720,h264,3.4,NeuralTextures,NeuralTextures,,ORIG_217,ORIG_117,PAIR_ORIG_117_ORIG_217,,,117
FFPP_0005118,FaceForensics++,NeuralTextures/118_120.mp4,1,352,832,480,h264,0.95,NeuralTextures,NeuralTextures,,ORIG_120,ORIG_118,PAIR_ORIG_118_ORIG_120,,,118
FFPP_0005119,FaceForensics++,NeuralTextures/119_123.mp4,1,502,640,480,h264,0.79,NeuralTextures,NeuralTextures,,ORIG_123,ORIG_119,PAIR_ORIG_119_ORIG_123,,,119
FFPP_0005120,FaceForensics++,NeuralTextures/120_118.mp4,1,352,640,480,h264,0.91,NeuralTextures,NeuralTextures,,ORIG_118,ORIG_120,PAIR_ORIG_118_ORIG_120,,,120
FFPP_0005121,FaceForensics++,NeuralTextures/121_093.mp4,1,308,1920,1080,h264,2.15,NeuralTextures,NeuralTextures,,ORIG_093,ORIG_121,PAIR_ORIG_093_ORIG_121,,,121
FFPP_0005122,FaceForensics++,NeuralTextures/122_144.mp4,1,309,1248,720,h264,1.45,NeuralTextures,NeuralTextures,,ORIG_144,ORIG_122,PAIR_ORIG_122_ORIG_144,,,122
FFPP_0005123,FaceForensics++,NeuralTextures/123_119.mp4,1,502,640,480,h264,1.09,NeuralTextures,NeuralTextures,,ORIG_119,ORIG_123,PAIR_ORIG_119_ORIG_123,,,123
FFPP_0005124,FaceForensics++,NeuralTextures/124_085.mp4,1,318,576,480,h264,0.63,NeuralTextures,NeuralTextures,,ORIG_085,ORIG_124,PAIR_ORIG_085_ORIG_124,,,124
FFPP_0005125,FaceForensics++,NeuralTextures/125_038.mp4,1,305,1280,720,h264,1.45,NeuralTextures,NeuralTextures,,ORIG_038,ORIG_125,PAIR_ORIG_038_ORIG_125,,,125
FFPP_0005126,FaceForensics++,NeuralTextures/126_104.mp4,1,328,640,480,h264,0.64,NeuralTextures,NeuralTextures,,ORIG_104,ORIG_126,PAIR_ORIG_104_ORIG_126,,,126
FFPP_0005127,FaceForensics++,NeuralTextures/127_129.mp4,1,330,1280,720,h264,1.17,NeuralTextures,NeuralTextures,,ORIG_129,ORIG_127,PAIR_ORIG_127_ORIG_129,,,127
FFPP_0005128,FaceForensics++,NeuralTextures/128_896.mp4,1,531,640,480,h264,0.9,NeuralTextures,NeuralTextures,,ORIG_896,ORIG_128,PAIR_ORIG_128_ORIG_896,,,128
FFPP_0005129,FaceForensics++,NeuralTextures/129_127.mp4,1,330,1280,720,h264,1.56,NeuralTextures,NeuralTextures,,ORIG_127,ORIG_129,PAIR_ORIG_127_ORIG_129,,,129
FFPP_0005130,FaceForensics++,NeuralTextures/130_139.mp4,1,378,640,480,h264,1.18,NeuralTextures,NeuralTextures,,ORIG_139,ORIG_130,PAIR_ORIG_130_ORIG_139,,,130
FFPP_0005131,FaceForensics++,NeuralTextures/131_518.mp4,1,295,576,480,h264,0.46,NeuralTextures,NeuralTextures,,ORIG_518,ORIG_131,PAIR_ORIG_131_ORIG_518,,,131
FFPP_0005132,FaceForensics++,NeuralTextures/132_007.mp4,1,413,640,480,h264,0.38,NeuralTextures,NeuralTextures,,ORIG_007,ORIG_132,PAIR_ORIG_007_ORIG_132,,,132
FFPP_0005133,FaceForensics++,NeuralTextures/133_148.mp4,1,475,704,480,h264,0.63,NeuralTextures,NeuralTextures,,ORIG_148,ORIG_133,PAIR_ORIG_133_ORIG_148,,,133
FFPP_0005134,FaceForensics++,NeuralTextures/134_192.mp4,1,287,1280,720,h264,1.63,NeuralTextures,NeuralTextures,,ORIG_192,ORIG_134,PAIR_ORIG_134_ORIG_192,,,134
FFPP_0005135,FaceForensics++,NeuralTextures/135_880.mp4,1,327,1280,720,h264,1.12,NeuralTextures,NeuralTextures,,ORIG_880,ORIG_135,PAIR_ORIG_135_ORIG_880,,,135
FFPP_0005136,FaceForensics++,NeuralTextures/136_285.mp4,1,383,1280,720,h264,2.28,NeuralTextures,NeuralTextures,,ORIG_285,ORIG_136,PAIR_ORIG_136_ORIG_285,,,136
FFPP_0005137,FaceForensics++,NeuralTextures/137_165.mp4,1,387,704,480,h264,1.34,NeuralTextures,NeuralTextures,,ORIG_165,ORIG_137,PAIR_ORIG_137_ORIG_165,,,137
FFPP_0005138,FaceForensics++,NeuralTextures/138_142.mp4,1,410,576,480,h264,0.4,NeuralTextures,NeuralTextures,,ORIG_142,ORIG_138,PAIR_ORIG_138_ORIG_142,,,138
FFPP_0005139,FaceForensics++,NeuralTextures/139_130.mp4,1,378,576,480,h264,0.49,NeuralTextures,NeuralTextures,,ORIG_130,ORIG_139,PAIR_ORIG_130_ORIG_139,,,139
FFPP_0005140,FaceForensics++,NeuralTextures/140_143.mp4,1,414,640,480,h264,1.8,NeuralTextures,NeuralTextures,,ORIG_143,ORIG_140,PAIR_ORIG_140_ORIG_143,,,140
FFPP_0005141,FaceForensics++,NeuralTextures/141_161.mp4,1,369,832,480,h264,0.79,NeuralTextures,NeuralTextures,,ORIG_161,ORIG_141,PAIR_ORIG_141_ORIG_161,,,141
FFPP_0005142,FaceForensics++,NeuralTextures/142_138.mp4,1,410,576,480,h264,0.51,NeuralTextures,NeuralTextures,,ORIG_138,ORIG_142,PAIR_ORIG_138_ORIG_142,,,142
FFPP_0005143,FaceForensics++,NeuralTextures/143_140.mp4,1,414,640,480,h264,0.64,NeuralTextures,NeuralTextures,,ORIG_140,ORIG_143,PAIR_ORIG_140_ORIG_143,,,143
FFPP_0005144,FaceForensics++,NeuralTextures/144_122.mp4,1,309,1280,720,h264,0.81,NeuralTextures,NeuralTextures,,ORIG_122,ORIG_144,PAIR_ORIG_122_ORIG_144,,,144
FFPP_0005145,FaceForensics++,NeuralTextures/145_299.mp4,1,314,576,480,h264,0.35,NeuralTextures,NeuralTextures,,ORIG_299,ORIG_145,PAIR_ORIG_145_ORIG_299,,,145
FFPP_0005146,FaceForensics++,NeuralTextures/146_256.mp4,1,546,1280,720,h264,3.27,NeuralTextures,NeuralTextures,,ORIG_256,ORIG_146,PAIR_ORIG_146_ORIG_256,,,146
FFPP_0005147,FaceForensics++,NeuralTextures/147_055.mp4,1,394,576,480,h264,0.74,NeuralTextures,NeuralTextures,,ORIG_055,ORIG_147,PAIR_ORIG_055_ORIG_147,,,147
FFPP_0005148,FaceForensics++,NeuralTextures/148_133.mp4,1,475,640,480,h264,0.71,NeuralTextures,NeuralTextures,,ORIG_133,ORIG_148,PAIR_ORIG_133_ORIG_148,,,148
FFPP_0005149,FaceForensics++,NeuralTextures/149_152.mp4,1,313,832,480,h264,0.73,NeuralTextures,NeuralTextures,,ORIG_152,ORIG_149,PAIR_ORIG_149_ORIG_152,,,149
FFPP_0005150,FaceForensics++,NeuralTextures/150_153.mp4,1,456,832,480,h264,0.54,NeuralTextures,NeuralTextures,,ORIG_153,ORIG_150,PAIR_ORIG_150_ORIG_153,,,150
FFPP_0005151,FaceForensics++,NeuralTextures/151_225.mp4,1,304,1280,720,h264,1.78,NeuralTextures,NeuralTextures,,ORIG_225,ORIG_151,PAIR_ORIG_151_ORIG_225,,,151
FFPP_0005152,FaceForensics++,NeuralTextures/152_149.mp4,1,313,640,480,h264,0.66,NeuralTextures,NeuralTextures,,ORIG_149,ORIG_152,PAIR_ORIG_149_ORIG_152,,,152
FFPP_0005153,FaceForensics++,NeuralTextures/153_150.mp4,1,456,640,480,h264,1.24,NeuralTextures,NeuralTextures,,ORIG_150,ORIG_153,PAIR_ORIG_150_ORIG_153,,,153
FFPP_0005154,FaceForensics++,NeuralTextures/154_386.mp4,1,449,1280,720,h264,1.85,NeuralTextures,NeuralTextures,,ORIG_386,ORIG_154,PAIR_ORIG_154_ORIG_386,,,154
FFPP_0005155,FaceForensics++,NeuralTextures/155_576.mp4,1,461,832,480,h264,1.02,NeuralTextures,NeuralTextures,,ORIG_576,ORIG_155,PAIR_ORIG_155_ORIG_576,,,155
FFPP_0005156,FaceForensics++,NeuralTextures/156_243.mp4,1,387,640,480,h264,0.81,NeuralTextures,NeuralTextures,,ORIG_243,ORIG_156,PAIR_ORIG_156_ORIG_243,,,156
FFPP_0005157,FaceForensics++,NeuralTextures/157_245.mp4,1,334,640,480,h264,0.54,NeuralTextures,NeuralTextures,,ORIG_245,ORIG_157,PAIR_ORIG_157_ORIG_245,,,157
FFPP_0005158,FaceForensics++,NeuralTextures/158_379.mp4,1,341,640,480,h264,0.61,NeuralTextures,NeuralTextures,,ORIG_379,ORIG_158,PAIR_ORIG_158_ORIG_379,,,158
FFPP_0005159,FaceForensics++,NeuralTextures/159_175.mp4,1,325,576,480,h264,0.88,NeuralTextures,NeuralTextures,,ORIG_175,ORIG_159,PAIR_ORIG_159_ORIG_175,,,159
FFPP_0005160,FaceForensics++,NeuralTextures/160_928.mp4,1,376,1280,720,h264,1.47,NeuralTextures,NeuralTextures,,ORIG_928,ORIG_160,PAIR_ORIG_160_ORIG_928,,,160
FFPP_0005161,FaceForensics++,NeuralTextures/161_141.mp4,1,369,640,480,h264,0.6,NeuralTextures,NeuralTextures,,ORIG_141,ORIG_161,PAIR_ORIG_141_ORIG_161,,,161
FFPP_0005162,FaceForensics++,NeuralTextures/162_330.mp4,1,407,1280,720,h264,1.65,NeuralTextures,NeuralTextures,,ORIG_330,ORIG_162,PAIR_ORIG_162_ORIG_330,,,162
FFPP_0005163,FaceForensics++,NeuralTextures/163_031.mp4,1,304,1280,720,h264,0.81,NeuralTextures,NeuralTextures,,ORIG_031,ORIG_163,PAIR_ORIG_031_ORIG_163,,,163
FFPP_0005164,FaceForensics++,NeuralTextures/164_216.mp4,1,476,832,480,h264,1.2,NeuralTextures,NeuralTextures,,ORIG_216,ORIG_164,PAIR_ORIG_164_ORIG_216,,,164
FFPP_0005165,FaceForensics++,NeuralTextures/165_137.mp4,1,387,640,480,h264,0.64,NeuralTextures,NeuralTextures,,ORIG_137,ORIG_165,PAIR_ORIG_137_ORIG_165,,,165
FFPP_0005166,FaceForensics++,NeuralTextures/166_167.mp4,1,341,640,480,h264,0.53,NeuralTextures,NeuralTextures,,ORIG_167,ORIG_166,PAIR_ORIG_166_ORIG_167,,,166
FFPP_0005167,FaceForensics++,NeuralTextures/167_166.mp4,1,341,832,480,h264,0.81,NeuralTextures,NeuralTextures,,ORIG_166,ORIG_167,PAIR_ORIG_166_ORIG_167,,,167
FFPP_0005168,FaceForensics++,NeuralTextures/168_222.mp4,1,407,640,480,h264,0.54,NeuralTextures,NeuralTextures,,ORIG_222,ORIG_168,PAIR_ORIG_168_ORIG_222,,,168
FFPP_0005169,FaceForensics++,NeuralTextures/169_227.mp4,1,441,640,480,h264,0.55,NeuralTextures,NeuralTextures,,ORIG_227,ORIG_169,PAIR_ORIG_169_ORIG_227,,,169
FFPP_0005170,FaceForensics++,NeuralTextures/170_186.mp4,1,334,1920,1080,h264,2.63,NeuralTextures,NeuralTextures,,ORIG_186,ORIG_170,PAIR_ORIG_170_ORIG_186,,,170
FFPP_0005171,FaceForensics++,NeuralTextures/171_173.mp4,1,541,1280,720,h264,2.35,NeuralTextures,NeuralTextures,,ORIG_173,ORIG_171,PAIR_ORIG_171_ORIG_173,,,171
FFPP_0005172,FaceForensics++,NeuralTextures/172_582.mp4,1,431,640,480,h264,0.61,NeuralTextures,NeuralTextures,,ORIG_582,ORIG_172,PAIR_ORIG_172_ORIG_582,,,172
FFPP_0005173,FaceForensics++,NeuralTextures/173_171.mp4,1,541,1280,720,h264,2.6,NeuralTextures,NeuralTextures,,ORIG_171,ORIG_173,PAIR_ORIG_171_ORIG_173,,,173
FFPP_0005174,FaceForensics++,NeuralTextures/174_964.mp4,1,414,1280,720,h264,1.01,NeuralTextures,NeuralTextures,,ORIG_964,ORIG_174,PAIR_ORIG_174_ORIG_964,,,174
FFPP_0005175,FaceForensics++,NeuralTextures/175_159.mp4,1,325,640,480,h264,0.67,NeuralTextures,NeuralTextures,,ORIG_159,ORIG_175,PAIR_ORIG_159_ORIG_175,,,175
FFPP_0005176,FaceForensics++,NeuralTextures/176_190.mp4,1,331,1920,1080,h264,3.58,NeuralTextures,NeuralTextures,,ORIG_190,ORIG_176,PAIR_ORIG_176_ORIG_190,,,176
FFPP_0005177,FaceForensics++,NeuralTextures/177_211.mp4,1,410,832,480,h264,0.96,NeuralTextures,NeuralTextures,,ORIG_211,ORIG_177,PAIR_ORIG_177_ORIG_211,,,177
FFPP_0005178,FaceForensics++,NeuralTextures/178_598.mp4,1,521,640,480,h264,0.51,NeuralTextures,NeuralTextures,,ORIG_598,ORIG_178,PAIR_ORIG_178_ORIG_598,,,178
FFPP_0005179,FaceForensics++,NeuralTextures/179_212.mp4,1,415,640,480,h264,0.58,NeuralTextures,NeuralTextures,,ORIG_212,ORIG_179,PAIR_ORIG_179_ORIG_212,,,179
FFPP_0005180,FaceForensics++,NeuralTextures/180_105.mp4,1,300,640,480,h264,0.67,NeuralTextures,NeuralTextures,,ORIG_105,ORIG_180,PAIR_ORIG_105_ORIG_180,,,180
FFPP_0005181,FaceForensics++,NeuralTextures/181_199.mp4,1,368,640,480,h264,0.51,NeuralTextures,NeuralTextures,,ORIG_199,ORIG_181,PAIR_ORIG_181_ORIG_199,,,181
FFPP_0005182,FaceForensics++,NeuralTextures/182_242.mp4,1,331,1280,720,h264,1.18,NeuralTextures,NeuralTextures,,ORIG_242,ORIG_182,PAIR_ORIG_182_ORIG_242,,,182
FFPP_0005183,FaceForensics++,NeuralTextures/183_253.mp4,1,390,1280,720,h264,1.38,NeuralTextures,NeuralTextures,,ORIG_253,ORIG_183,PAIR_ORIG_183_ORIG_253,,,183
FFPP_0005184,FaceForensics++,NeuralTextures/184_205.mp4,1,307,1280,720,h264,0.49,NeuralTextures,NeuralTextures,,ORIG_205,ORIG_184,PAIR_ORIG_184_ORIG_205,,,184
FFPP_0005185,FaceForensics++,NeuralTextures/185_276.mp4,1,331,832,480,h264,0.8,NeuralTextures,NeuralTextures,,ORIG_276,ORIG_185,PAIR_ORIG_185_ORIG_276,,,185
FFPP_0005186,FaceForensics++,NeuralTextures/186_170.mp4,1,334,1920,1080,h264,4.74,NeuralTextures,NeuralTextures,,ORIG_170,ORIG_186,PAIR_ORIG_170_ORIG_186,,,186
FFPP_0005187,FaceForensics++,NeuralTextures/187_234.mp4,1,528,1280,720,h264,2.78,NeuralTextures,NeuralTextures,,ORIG_234,ORIG_187,PAIR_ORIG_187_ORIG_234,,,187
FFPP_0005188,FaceForensics++,NeuralTextures/188_191.mp4,1,310,1280,720,h264,1.25,NeuralTextures,NeuralTextures,,ORIG_191,ORIG_188,PAIR_ORIG_188_ORIG_191,,,188
FFPP_0005189,FaceForensics++,NeuralTextures/189_200.mp4,1,512,640,480,h264,1.55,NeuralTextures,NeuralTextures,,ORIG_200,ORIG_189,PAIR_ORIG_189_ORIG_200,,,189
FFPP_0005190,FaceForensics++,NeuralTextures/190_176.mp4,1,331,1920,1080,h264,2.35,NeuralTextures,NeuralTextures,,ORIG_176,ORIG_190,PAIR_ORIG_176_ORIG_190,,,190
FFPP_0005191,FaceForensics++,NeuralTextures/191_188.mp4,1,310,1920,1080,h264,3.13,NeuralTextures,NeuralTextures,,ORIG_188,ORIG_191,PAIR_ORIG_188_ORIG_191,,,191
FFPP_0005192,FaceForensics++,NeuralTextures/192_134.mp4,1,287,1280,720,h264,0.83,NeuralTextures,NeuralTextures,,ORIG_134,ORIG_192,PAIR_ORIG_134_ORIG_192,,,192
FFPP_0005193,FaceForensics++,NeuralTextures/193_030.mp4,1,297,1920,1080,h264,3.38,NeuralTextures,NeuralTextures,,ORIG_030,ORIG_193,PAIR_ORIG_030_ORIG_193,,,193
FFPP_0005194,FaceForensics++,NeuralTextures/194_235.mp4,1,312,640,480,h264,0.53,NeuralTextures,NeuralTextures,,ORIG_235,ORIG_194,PAIR_ORIG_194_ORIG_235,,,194
FFPP_0005195,FaceForensics++,NeuralTextures/195_442.mp4,1,333,1280,720,h264,1.22,NeuralTextures,NeuralTextures,,ORIG_442,ORIG_195,PAIR_ORIG_195_ORIG_442,,,195
FFPP_0005196,FaceForensics++,NeuralTextures/196_310.mp4,1,375,640,480,h264,0.48,NeuralTextures,NeuralTextures,,ORIG_310,ORIG_196,PAIR_ORIG_196_ORIG_310,,,196
FFPP_0005197,FaceForensics++,NeuralTextures/197_224.mp4,1,488,640,480,h264,0.83,NeuralTextures,NeuralTextures,,ORIG_224,ORIG_197,PAIR_ORIG_197_ORIG_224,,,197
FFPP_0005198,FaceForensics++,NeuralTextures/198_106.mp4,1,356,704,480,h264,0.6,NeuralTextures,NeuralTextures,,ORIG_106,ORIG_198,PAIR_ORIG_106_ORIG_198,,,198
FFPP_0005199,FaceForensics++,NeuralTextures/199_181.mp4,1,368,1280,720,h264,1.13,NeuralTextures,NeuralTextures,,ORIG_181,ORIG_199,PAIR_ORIG_181_ORIG_199,,,199
FFPP_0005200,FaceForensics++,NeuralTextures/200_189.mp4,1,512,832,480,h264,1.78,NeuralTextures,NeuralTextures,,ORIG_189,ORIG_200,PAIR_ORIG_189_ORIG_200,,,200
FFPP_0005201,FaceForensics++,NeuralTextures/201_203.mp4,1,446,640,480,h264,0.87,NeuralTextures,NeuralTextures,,ORIG_203,ORIG_201,PAIR_ORIG_201_ORIG_203,,,201
FFPP_0005202,FaceForensics++,NeuralTextures/202_348.mp4,1,323,832,480,h264,0.64,NeuralTextures,NeuralTextures,,ORIG_348,ORIG_202,PAIR_ORIG_202_ORIG_348,,,202
FFPP_0005203,FaceForensics++,NeuralTextures/203_201.mp4,1,446,640,480,h264,1.31,NeuralTextures,NeuralTextures,,ORIG_201,ORIG_203,PAIR_ORIG_201_ORIG_203,,,203
FFPP_0005204,FaceForensics++,NeuralTextures/204_230.mp4,1,372,960,720,h264,1.2,NeuralTextures,NeuralTextures,,ORIG_230,ORIG_204,PAIR_ORIG_204_ORIG_230,,,204
FFPP_0005205,FaceForensics++,NeuralTextures/205_184.mp4,1,307,832,480,h264,0.83,NeuralTextures,NeuralTextures,,ORIG_184,ORIG_205,PAIR_ORIG_184_ORIG_205,,,205
FFPP_0005206,FaceForensics++,NeuralTextures/206_221.mp4,1,714,640,480,h264,0.68,NeuralTextures,NeuralTextures,,ORIG_221,ORIG_206,PAIR_ORIG_206_ORIG_221,,,206
FFPP_0005207,FaceForensics++,NeuralTextures/207_908.mp4,1,346,1920,1080,h264,2.87,NeuralTextures,NeuralTextures,,ORIG_908,ORIG_207,PAIR_ORIG_207_ORIG_908,,,207
FFPP_0005208,FaceForensics++,NeuralTextures/208_215.mp4,1,465,640,480,h264,1.1,NeuralTextures,NeuralTextures,,ORIG_215,ORIG_208,PAIR_ORIG_208_ORIG_215,,,208
FFPP_0005209,FaceForensics++,NeuralTextures/209_016.mp4,1,337,832,480,h264,1.19,NeuralTextures,NeuralTextures,,ORIG_016,ORIG_209,PAIR_ORIG_016_ORIG_209,,,209
FFPP_0005210,FaceForensics++,NeuralTextures/210_241.mp4,1,292,640,480,h264,0.62,NeuralTextures,NeuralTextures,,ORIG_241,ORIG_210,PAIR_ORIG_210_ORIG_241,,,210
FFPP_0005211,FaceForensics++,NeuralTextures/211_177.mp4,1,410,1280,720,h264,1.91,NeuralTextures,NeuralTextures,,ORIG_177,ORIG_211,PAIR_ORIG_177_ORIG_211,,,211
FFPP_0005212,FaceForensics++,NeuralTextures/212_179.mp4,1,415,832,480,h264,0.74,NeuralTextures,NeuralTextures,,ORIG_179,ORIG_212,PAIR_ORIG_179_ORIG_212,,,212
FFPP_0005213,FaceForensics++,NeuralTextures/213_083.mp4,1,378,1280,720,h264,1.7,NeuralTextures,NeuralTextures,,ORIG_083,ORIG_213,PAIR_ORIG_083_ORIG_213,,,213
FFPP_0005214,FaceForensics++,NeuralTextures/214_255.mp4,1,462,832,480,h264,1.29,NeuralTextures,NeuralTextures,,ORIG_255,ORIG_214,PAIR_ORIG_214_ORIG_255,,,214
FFPP_0005215,FaceForensics++,NeuralTextures/215_208.mp4,1,465,704,480,h264,0.76,NeuralTextures,NeuralTextures,,ORIG_208,ORIG_215,PAIR_ORIG_208_ORIG_215,,,215
FFPP_0005216,FaceForensics++,NeuralTextures/216_164.mp4,1,476,640,480,h264,0.89,NeuralTextures,NeuralTextures,,ORIG_164,ORIG_216,PAIR_ORIG_164_ORIG_216,,,216
FFPP_0005217,FaceForensics++,NeuralTextures/217_117.mp4,1,548,1920,1080,h264,5.38,NeuralTextures,NeuralTextures,,ORIG_117,ORIG_217,PAIR_ORIG_117_ORIG_217,,,217
FFPP_0005218,FaceForensics++,NeuralTextures/218_239.mp4,1,353,640,480,h264,0.43,NeuralTextures,NeuralTextures,,ORIG_239,ORIG_218,PAIR_ORIG_218_ORIG_239,,,218
FFPP_0005219,FaceForensics++,NeuralTextures/219_220.mp4,1,350,1280,720,h264,1.99,NeuralTextures,NeuralTextures,,ORIG_220,ORIG_219,PAIR_ORIG_219_ORIG_220,,,219
FFPP_0005220,FaceForensics++,NeuralTextures/220_219.mp4,1,350,704,480,h264,0.7,NeuralTextures,NeuralTextures,,ORIG_219,ORIG_220,PAIR_ORIG_219_ORIG_220,,,220
FFPP_0005221,FaceForensics++,NeuralTextures/221_206.mp4,1,714,1280,720,h264,2.65,NeuralTextures,NeuralTextures,,ORIG_206,ORIG_221,PAIR_ORIG_206_ORIG_221,,,221
FFPP_0005222,FaceForensics++,NeuralTextures/222_168.mp4,1,407,640,480,h264,0.82,NeuralTextures,NeuralTextures,,ORIG_168,ORIG_222,PAIR_ORIG_168_ORIG_222,,,222
FFPP_0005223,FaceForensics++,NeuralTextures/223_586.mp4,1,336,1920,1080,h264,1.71,NeuralTextures,NeuralTextures,,ORIG_586,ORIG_223,PAIR_ORIG_223_ORIG_586,,,223
FFPP_0005224,FaceForensics++,NeuralTextures/224_197.mp4,1,488,640,480,h264,1.77,NeuralTextures,NeuralTextures,,ORIG_197,ORIG_224,PAIR_ORIG_197_ORIG_224,,,224
FFPP_0005225,FaceForensics++,NeuralTextures/225_151.mp4,1,304,1280,720,h264,1.1,NeuralTextures,NeuralTextures,,ORIG_151,ORIG_225,PAIR_ORIG_151_ORIG_225,,,225
FFPP_0005226,FaceForensics++,NeuralTextures/226_491.mp4,1,328,1280,720,h264,1.19,NeuralTextures,NeuralTextures,,ORIG_491,ORIG_226,PAIR_ORIG_226_ORIG_491,,,226
FFPP_0005227,FaceForensics++,NeuralTextures/227_169.mp4,1,441,1280,720,h264,1.29,NeuralTextures,NeuralTextures,,ORIG_169,ORIG_227,PAIR_ORIG_169_ORIG_227,,,227
FFPP_0005228,FaceForensics++,NeuralTextures/228_289.mp4,1,556,832,480,h264,0.69,NeuralTextures,NeuralTextures,,ORIG_289,ORIG_228,PAIR_ORIG_228_ORIG_289,,,228
FFPP_0005229,FaceForensics++,NeuralTextures/229_247.mp4,1,392,832,480,h264,0.62,NeuralTextures,NeuralTextures,,ORIG_247,ORIG_229,PAIR_ORIG_229_ORIG_247,,,229
FFPP_0005230,FaceForensics++,NeuralTextures/230_204.mp4,1,372,1280,720,h264,1.45,NeuralTextures,NeuralTextures,,ORIG_204,ORIG_230,PAIR_ORIG_204_ORIG_230,,,230
FFPP_0005231,FaceForensics++,NeuralTextures/231_663.mp4,1,316,704,480,h264,0.54,NeuralTextures,NeuralTextures,,ORIG_663,ORIG_231,PAIR_ORIG_231_ORIG_663,,,231
FFPP_0005232,FaceForensics++,NeuralTextures/232_248.mp4,1,496,704,480,h264,1.22,NeuralTextures,NeuralTextures,,ORIG_248,ORIG_232,PAIR_ORIG_232_ORIG_248,,,232
FFPP_0005233,FaceForensics++,NeuralTextures/233_995.mp4,1,548,1280,720,h264,2.2,NeuralTextures,NeuralTextures,,ORIG_995,ORIG_233,PAIR_ORIG_233_ORIG_995,,,233
FFPP_0005234,FaceForensics++,NeuralTextures/234_187.mp4,1,528,1280,720,h264,1.35,NeuralTextures,NeuralTextures,,ORIG_187,ORIG_234,PAIR_ORIG_187_ORIG_234,,,234
FFPP_0005235,FaceForensics++,NeuralTextures/235_194.mp4,1,312,832,480,h264,1.4,NeuralTextures,NeuralTextures,,ORIG_194,ORIG_235,PAIR_ORIG_194_ORIG_235,,,235
FFPP_0005236,FaceForensics++,NeuralTextures/236_237.mp4,1,651,640,480,h264,1.41,NeuralTextures,NeuralTextures,,ORIG_237,ORIG_236,PAIR_ORIG_236_ORIG_237,,,236
FFPP_0005237,FaceForensics++,NeuralTextures/237_236.mp4,1,651,1280,720,h264,2.57,NeuralTextures,NeuralTextures,,ORIG_236,ORIG_237,PAIR_ORIG_236_ORIG_237,,,237
FFPP_0005238,FaceForensics++,NeuralTextures/238_282.mp4,1,594,640,480,h264,0.83,NeuralTextures,NeuralTextures,,ORIG_282,ORIG_238,PAIR_ORIG_238_ORIG_282,,,238
FFPP_0005239,FaceForensics++,NeuralTextures/239_218.mp4,1,353,640,480,h264,0.88,NeuralTextures,NeuralTextures,,ORIG_218,ORIG_239,PAIR_ORIG_218_ORIG_239,,,239
FFPP_0005240,FaceForensics++,NeuralTextures/240_290.mp4,1,422,704,480,h264,0.73,NeuralTextures,NeuralTextures,,ORIG_290,ORIG_240,PAIR_ORIG_240_ORIG_290,,,240
FFPP_0005241,FaceForensics++,NeuralTextures/241_210.mp4,1,292,832,480,h264,0.54,NeuralTextures,NeuralTextures,,ORIG_210,ORIG_241,PAIR_ORIG_210_ORIG_241,,,241
FFPP_0005242,FaceForensics++,NeuralTextures/242_182.mp4,1,331,640,480,h264,0.47,NeuralTextures,NeuralTextures,,ORIG_182,ORIG_242,PAIR_ORIG_182_ORIG_242,,,242
FFPP_0005243,FaceForensics++,NeuralTextures/243_156.mp4,1,387,1280,720,h264,2.22,NeuralTextures,NeuralTextures,,ORIG_156,ORIG_243,PAIR_ORIG_156_ORIG_243,,,243
FFPP_0005244,FaceForensics++,NeuralTextures/244_822.mp4,1,297,1920,1080,h264,2.38,NeuralTextures,NeuralTextures,,ORIG_822,ORIG_244,PAIR_ORIG_244_ORIG_822,,,244
FFPP_0005245,FaceForensics++,NeuralTextures/245_157.mp4,1,334,640,480,h264,0.66,NeuralTextures,NeuralTextures,,ORIG_157,ORIG_245,PAIR_ORIG_157_ORIG_245,,,245
FFPP_0005246,FaceForensics++,NeuralTextures/246_258.mp4,1,496,1280,720,h264,1.79,NeuralTextures,NeuralTextures,,ORIG_258,ORIG_246,PAIR_ORIG_246_ORIG_258,,,246
FFPP_0005247,FaceForensics++,NeuralTextures/247_229.mp4,1,392,640,480,h264,1.12,NeuralTextures,NeuralTextures,,ORIG_229,ORIG_247,PAIR_ORIG_229_ORIG_247,,,247
FFPP_0005248,FaceForensics++,NeuralTextures/248_232.mp4,1,496,1280,720,h264,2.08,NeuralTextures,NeuralTextures,,ORIG_232,ORIG_248,PAIR_ORIG_232_ORIG_248,,,248
FFPP_0005249,FaceForensics++,NeuralTextures/249_280.mp4,1,606,832,480,h264,1.43,NeuralTextures,NeuralTextures,,ORIG_280,ORIG_249,PAIR_ORIG_249_ORIG_280,,,249
FFPP_0005250,FaceForensics++,NeuralTextures/250_461.mp4,1,564,1280,720,h264,2.46,NeuralTextures,NeuralTextures,,ORIG_461,ORIG_250,PAIR_ORIG_250_ORIG_461,,,250
FFPP_0005251,FaceForensics++,NeuralTextures/251_375.mp4,1,346,1920,1080,h264,2.38,NeuralTextures,NeuralTextures,,ORIG_375,ORIG_251,PAIR_ORIG_251_ORIG_375,,,251
FFPP_0005252,FaceForensics++,NeuralTextures/252_266.mp4,1,465,800,480,h264,1.4,NeuralTextures,NeuralTextures,,ORIG_266,ORIG_252,PAIR_ORIG_252_ORIG_266,,,252
FFPP_0005253,FaceForensics++,NeuralTextures/253_183.mp4,1,390,1280,720,h264,1.08,NeuralTextures,NeuralTextures,,ORIG_183,ORIG_253,PAIR_ORIG_183_ORIG_253,,,253
FFPP_0005254,FaceForensics++,NeuralTextures/254_261.mp4,1,427,1280,720,h264,1.29,NeuralTextures,NeuralTextures,,ORIG_261,ORIG_254,PAIR_ORIG_254_ORIG_261,,,254
FFPP_0005255,FaceForensics++,NeuralTextures/255_214.mp4,1,462,1280,720,h264,1.73,NeuralTextures,NeuralTextures,,ORIG_214,ORIG_255,PAIR_ORIG_214_ORIG_255,,,255
FFPP_0005256,FaceForensics++,NeuralTextures/256_146.mp4,1,546,1280,720,h264,2.18,NeuralTextures,NeuralTextures,,ORIG_146,ORIG_256,PAIR_ORIG_146_ORIG_256,,,256
FFPP_0005257,FaceForensics++,NeuralTextures/257_420.mp4,1,763,640,480,h264,2.22,NeuralTextures,NeuralTextures,,ORIG_420,ORIG_257,PAIR_ORIG_257_ORIG_420,,,257
FFPP_0005258,FaceForensics++,NeuralTextures/258_246.mp4,1,496,1280,720,h264,3.07,NeuralTextures,NeuralTextures,,ORIG_246,ORIG_258,PAIR_ORIG_246_ORIG_258,,,258
FFPP_0005259,FaceForensics++,NeuralTextures/259_345.mp4,1,423,640,480,h264,1.06,NeuralTextures,NeuralTextures,,ORIG_345,ORIG_259,PAIR_ORIG_259_ORIG_345,,,259
FFPP_0005260,FaceForensics++,NeuralTextures/260_331.mp4,1,302,640,480,h264,0.45,NeuralTextures,NeuralTextures,,ORIG_331,ORIG_260,PAIR_ORIG_260_ORIG_331,,,260
FFPP_0005261,FaceForensics++,NeuralTextures/261_254.mp4,1,427,576,480,h264,0.42,NeuralTextures,NeuralTextures,,ORIG_254,ORIG_261,PAIR_ORIG_254_ORIG_261,,,261
FFPP_0005262,FaceForensics++,NeuralTextures/262_301.mp4,1,397,576,480,h264,0.65,NeuralTextures,NeuralTextures,,ORIG_301,ORIG_262,PAIR_ORIG_262_ORIG_301,,,262
FFPP_0005263,FaceForensics++,NeuralTextures/263_284.mp4,1,300,1280,720,h264,1.33,NeuralTextures,NeuralTextures,,ORIG_284,ORIG_263,PAIR_ORIG_263_ORIG_284,,,263
FFPP_0005264,FaceForensics++,NeuralTextures/264_271.mp4,1,455,832,480,h264,0.6,NeuralTextures,NeuralTextures,,ORIG_271,ORIG_264,PAIR_ORIG_264_ORIG_271,,,264
FFPP_0005265,FaceForensics++,NeuralTextures/265_475.mp4,1,337,1920,1080,h264,3.49,NeuralTextures,NeuralTextures,,ORIG_475,ORIG_265,PAIR_ORIG_265_ORIG_475,,,265
FFPP_0005266,FaceForensics++,NeuralTextures/266_252.mp4,1,465,704,480,h264,1.31,NeuralTextures,NeuralTextures,,ORIG_252,ORIG_266,PAIR_ORIG_252_ORIG_266,,,266
FFPP_0005267,FaceForensics++,NeuralTextures/267_286.mp4,1,306,1280,720,h264,1.55,NeuralTextures,NeuralTextures,,ORIG_286,ORIG_267,PAIR_ORIG_267_ORIG_286,,,267
FFPP_0005268,FaceForensics++,NeuralTextures/268_269.mp4,1,387,640,480,h264,0.87,NeuralTextures,NeuralTextures,,ORIG_269,ORIG_268,PAIR_ORIG_268_ORIG_269,,,268
FFPP_0005269,FaceForensics++,NeuralTextures/269_268.mp4,1,387,640,480,h264,0.7,NeuralTextures,NeuralTextures,,ORIG_268,ORIG_269,PAIR_ORIG_268_ORIG_269,,,269
FFPP_0005270,FaceForensics++,NeuralTextures/270_297.mp4,1,311,640,480,h264,0.76,NeuralTextures,NeuralTextures,,ORIG_297,ORIG_270,PAIR_ORIG_270_ORIG_297,,,270
FFPP_0005271,FaceForensics++,NeuralTextures/271_264.mp4,1,455,640,480,h264,1.21,NeuralTextures,NeuralTextures,,ORIG_264,ORIG_271,PAIR_ORIG_264_ORIG_271,,,271
FFPP_0005272,FaceForensics++,NeuralTextures/272_396.mp4,1,323,1280,720,h264,1.49,NeuralTextures,NeuralTextures,,ORIG_396,ORIG_272,PAIR_ORIG_272_ORIG_396,,,272
FFPP_0005273,FaceForensics++,NeuralTextures/273_807.mp4,1,322,1280,720,h264,0.89,NeuralTextures,NeuralTextures,,ORIG_807,ORIG_273,PAIR_ORIG_273_ORIG_807,,,273
FFPP_0005274,FaceForensics++,NeuralTextures/274_412.mp4,1,474,1280,720,h264,2.18,NeuralTextures,NeuralTextures,,ORIG_412,ORIG_274,PAIR_ORIG_274_ORIG_412,,,274
FFPP_0005275,FaceForensics++,NeuralTextures/275_887.mp4,1,339,640,480,h264,0.58,NeuralTextures,NeuralTextures,,ORIG_887,ORIG_275,PAIR_ORIG_275_ORIG_887,,,275
FFPP_0005276,FaceForensics++,NeuralTextures/276_185.mp4,1,331,640,480,h264,0.77,NeuralTextures,NeuralTextures,,ORIG_185,ORIG_276,PAIR_ORIG_185_ORIG_276,,,276
FFPP_0005277,FaceForensics++,NeuralTextures/277_335.mp4,1,384,1280,720,h264,1.15,NeuralTextures,NeuralTextures,,ORIG_335,ORIG_277,PAIR_ORIG_277_ORIG_335,,,277
FFPP_0005278,FaceForensics++,NeuralTextures/278_306.mp4,1,449,640,480,h264,0.66,NeuralTextures,NeuralTextures,,ORIG_306,ORIG_278,PAIR_ORIG_278_ORIG_306,,,278
FFPP_0005279,FaceForensics++,NeuralTextures/279_298.mp4,1,569,640,480,h264,1.55,NeuralTextures,NeuralTextures,,ORIG_298,ORIG_279,PAIR_ORIG_279_ORIG_298,,,279
FFPP_0005280,FaceForensics++,NeuralTextures/280_249.mp4,1,606,832,480,h264,0.95,NeuralTextures,NeuralTextures,,ORIG_249,ORIG_280,PAIR_ORIG_249_ORIG_280,,,280
FFPP_0005281,FaceForensics++,NeuralTextures/281_474.mp4,1,296,1280,720,h264,0.81,NeuralTextures,NeuralTextures,,ORIG_474,ORIG_281,PAIR_ORIG_281_ORIG_474,,,281
FFPP_0005282,FaceForensics++,NeuralTextures/282_238.mp4,1,594,832,480,h264,1.12,NeuralTextures,NeuralTextures,,ORIG_238,ORIG_282,PAIR_ORIG_238_ORIG_282,,,282
FFPP_0005283,FaceForensics++,NeuralTextures/283_313.mp4,1,481,640,480,h264,0.58,NeuralTextures,NeuralTextures,,ORIG_313,ORIG_283,PAIR_ORIG_283_ORIG_313,,,283
FFPP_0005284,FaceForensics++,NeuralTextures/284_263.mp4,1,300,1920,1080,h264,2.65,NeuralTextures,NeuralTextures,,ORIG_263,ORIG_284,PAIR_ORIG_263_ORIG_284,,,284
FFPP_0005285,FaceForensics++,NeuralTextures/285_136.mp4,1,383,1280,720,h264,1.39,NeuralTextures,NeuralTextures,,ORIG_136,ORIG_285,PAIR_ORIG_136_ORIG_285,,,285
FFPP_0005286,FaceForensics++,NeuralTextures/286_267.mp4,1,306,1280,720,h264,1.11,NeuralTextures,NeuralTextures,,ORIG_267,ORIG_286,PAIR_ORIG_267_ORIG_286,,,286
FFPP_0005287,FaceForensics++,NeuralTextures/287_426.mp4,1,335,1280,720,h264,1.82,NeuralTextures,NeuralTextures,,ORIG_426,ORIG_287,PAIR_ORIG_287_ORIG_426,,,287
FFPP_0005288,FaceForensics++,NeuralTextures/288_321.mp4,1,543,640,480,h264,0.71,NeuralTextures,NeuralTextures,,ORIG_321,ORIG_288,PAIR_ORIG_288_ORIG_321,,,288
FFPP_0005289,FaceForensics++,NeuralTextures/289_228.mp4,1,556,704,480,h264,1.0,NeuralTextures,NeuralTextures,,ORIG_228,ORIG_289,PAIR_ORIG_228_ORIG_289,,,289
FFPP_0005290,FaceForensics++,NeuralTextures/290_240.mp4,1,422,640,480,h264,1.05,NeuralTextures,NeuralTextures,,ORIG_240,ORIG_290,PAIR_ORIG_240_ORIG_290,,,290
FFPP_0005291,FaceForensics++,NeuralTextures/291_874.mp4,1,330,1920,1080,h264,2.26,NeuralTextures,NeuralTextures,,ORIG_874,ORIG_291,PAIR_ORIG_291_ORIG_874,,,291
FFPP_0005292,FaceForensics++,NeuralTextures/292_294.mp4,1,425,1280,720,h264,2.26,NeuralTextures,NeuralTextures,,ORIG_294,ORIG_292,PAIR_ORIG_292_ORIG_294,,,292
FFPP_0005293,FaceForensics++,NeuralTextures/293_296.mp4,1,336,640,480,h264,0.89,NeuralTextures,NeuralTextures,,ORIG_296,ORIG_293,PAIR_ORIG_293_ORIG_296,,,293
FFPP_0005294,FaceForensics++,NeuralTextures/294_292.mp4,1,425,1280,720,h264,2.37,NeuralTextures,NeuralTextures,,ORIG_292,ORIG_294,PAIR_ORIG_292_ORIG_294,,,294
FFPP_0005295,FaceForensics++,NeuralTextures/295_099.mp4,1,411,1920,1080,h264,3.12,NeuralTextures,NeuralTextures,,ORIG_099,ORIG_295,PAIR_ORIG_099_ORIG_295,,,295
FFPP_0005296,FaceForensics++,NeuralTextures/296_293.mp4,1,336,640,480,h264,0.61,NeuralTextures,NeuralTextures,,ORIG_293,ORIG_296,PAIR_ORIG_293_ORIG_296,,,296
FFPP_0005297,FaceForensics++,NeuralTextures/297_270.mp4,1,311,640,480,h264,0.38,NeuralTextures,NeuralTextures,,ORIG_270,ORIG_297,PAIR_ORIG_270_ORIG_297,,,297
FFPP_0005298,FaceForensics++,NeuralTextures/298_279.mp4,1,569,640,480,h264,1.1,NeuralTextures,NeuralTextures,,ORIG_279,ORIG_298,PAIR_ORIG_279_ORIG_298,,,298
FFPP_0005299,FaceForensics++,NeuralTextures/299_145.mp4,1,314,640,480,h264,0.85,NeuralTextures,NeuralTextures,,ORIG_145,ORIG_299,PAIR_ORIG_145_ORIG_299,,,299
FFPP_0005300,FaceForensics++,NeuralTextures/300_304.mp4,1,598,576,480,h264,0.84,NeuralTextures,NeuralTextures,,ORIG_304,ORIG_300,PAIR_ORIG_300_ORIG_304,,,300
FFPP_0005301,FaceForensics++,NeuralTextures/301_262.mp4,1,397,640,480,h264,0.63,NeuralTextures,NeuralTextures,,ORIG_262,ORIG_301,PAIR_ORIG_262_ORIG_301,,,301
FFPP_0005302,FaceForensics++,NeuralTextures/302_323.mp4,1,456,832,480,h264,0.73,NeuralTextures,NeuralTextures,,ORIG_323,ORIG_302,PAIR_ORIG_302_ORIG_323,,,302
FFPP_0005303,FaceForensics++,NeuralTextures/303_309.mp4,1,571,640,480,h264,1.67,NeuralTextures,NeuralTextures,,ORIG_309,ORIG_303,PAIR_ORIG_303_ORIG_309,,,303
FFPP_0005304,FaceForensics++,NeuralTextures/304_300.mp4,1,598,640,480,h264,0.87,NeuralTextures,NeuralTextures,,ORIG_300,ORIG_304,PAIR_ORIG_300_ORIG_304,,,304
FFPP_0005305,FaceForensics++,NeuralTextures/305_513.mp4,1,494,1280,720,h264,1.82,NeuralTextures,NeuralTextures,,ORIG_513,ORIG_305,PAIR_ORIG_305_ORIG_513,,,305
FFPP_0005306,FaceForensics++,NeuralTextures/306_278.mp4,1,449,576,480,h264,0.54,NeuralTextures,NeuralTextures,,ORIG_278,ORIG_306,PAIR_ORIG_278_ORIG_306,,,306
FFPP_0005307,FaceForensics++,NeuralTextures/307_365.mp4,1,369,640,480,h264,0.55,NeuralTextures,NeuralTextures,,ORIG_365,ORIG_307,PAIR_ORIG_307_ORIG_365,,,307
FFPP_0005308,FaceForensics++,NeuralTextures/308_388.mp4,1,502,1280,720,h264,1.31,NeuralTextures,NeuralTextures,,ORIG_388,ORIG_308,PAIR_ORIG_308_ORIG_388,,,308
FFPP_0005309,FaceForensics++,NeuralTextures/309_303.mp4,1,571,576,480,h264,1.08,NeuralTextures,NeuralTextures,,ORIG_303,ORIG_309,PAIR_ORIG_303_ORIG_309,,,309
FFPP_0005310,FaceForensics++,NeuralTextures/310_196.mp4,1,375,1280,720,h264,2.0,NeuralTextures,NeuralTextures,,ORIG_196,ORIG_310,PAIR_ORIG_196_ORIG_310,,,310
FFPP_0005311,FaceForensics++,NeuralTextures/311_387.mp4,1,368,960,720,h264,1.12,NeuralTextures,NeuralTextures,,ORIG_387,ORIG_311,PAIR_ORIG_311_ORIG_387,,,311
FFPP_0005312,FaceForensics++,NeuralTextures/312_021.mp4,1,428,640,480,h264,1.09,NeuralTextures,NeuralTextures,,ORIG_021,ORIG_312,PAIR_ORIG_021_ORIG_312,,,312
FFPP_0005313,FaceForensics++,NeuralTextures/313_283.mp4,1,481,640,480,h264,0.72,NeuralTextures,NeuralTextures,,ORIG_283,ORIG_313,PAIR_ORIG_283_ORIG_313,,,313
FFPP_0005314,FaceForensics++,NeuralTextures/314_347.mp4,1,413,1280,720,h264,0.85,NeuralTextures,NeuralTextures,,ORIG_347,ORIG_314,PAIR_ORIG_314_ORIG_347,,,314
FFPP_0005315,FaceForensics++,NeuralTextures/315_322.mp4,1,304,832,480,h264,0.55,NeuralTextures,NeuralTextures,,ORIG_322,ORIG_315,PAIR_ORIG_315_ORIG_322,,,315
FFPP_0005316,FaceForensics++,NeuralTextures/316_369.mp4,1,320,640,480,h264,0.38,NeuralTextures,NeuralTextures,,ORIG_369,ORIG_316,PAIR_ORIG_316_ORIG_369,,,316
FFPP_0005317,FaceForensics++,NeuralTextures/317_359.mp4,1,456,640,480,h264,0.66,NeuralTextures,NeuralTextures,,ORIG_359,ORIG_317,PAIR_ORIG_317_ORIG_359,,,317
FFPP_0005318,FaceForensics++,NeuralTextures/318_334.mp4,1,475,640,480,h264,0.84,NeuralTextures,NeuralTextures,,ORIG_334,ORIG_318,PAIR_ORIG_318_ORIG_334,,,318
FFPP_0005319,FaceForensics++,NeuralTextures/319_352.mp4,1,421,832,480,h264,0.75,NeuralTextures,NeuralTextures,,ORIG_352,ORIG_319,PAIR_ORIG_319_ORIG_352,,,319
FFPP_0005320,FaceForensics++,NeuralTextures/320_328.mp4,1,319,1280,720,h264,1.45,NeuralTextures,NeuralTextures,,ORIG_328,ORIG_320,PAIR_ORIG_320_ORIG_328,,,320
FFPP_0005321,FaceForensics++,NeuralTextures/321_288.mp4,1,543,640,480,h264,1.09,NeuralTextures,NeuralTextures,,ORIG_288,ORIG_321,PAIR_ORIG_288_ORIG_321,,,321
FFPP_0005322,FaceForensics++,NeuralTextures/322_315.mp4,1,304,1280,720,h264,1.02,NeuralTextures,NeuralTextures,,ORIG_315,ORIG_322,PAIR_ORIG_315_ORIG_322,,,322
FFPP_0005323,FaceForensics++,NeuralTextures/323_302.mp4,1,456,640,480,h264,1.17,NeuralTextures,NeuralTextures,,ORIG_302,ORIG_323,PAIR_ORIG_302_ORIG_323,,,323
FFPP_0005324,FaceForensics++,NeuralTextures/324_356.mp4,1,558,640,480,h264,1.1,NeuralTextures,NeuralTextures,,ORIG_356,ORIG_324,PAIR_ORIG_324_ORIG_356,,,324
FFPP_0005325,FaceForensics++,NeuralTextures/325_492.mp4,1,347,1280,720,h264,2.55,NeuralTextures,NeuralTextures,,ORIG_492,ORIG_325,PAIR_ORIG_325_ORIG_492,,,325
FFPP_0005326,FaceForensics++,NeuralTextures/326_501.mp4,1,522,640,480,h264,0.86,NeuralTextures,NeuralTextures,,ORIG_501,ORIG_326,PAIR_ORIG_326_ORIG_501,,,326
FFPP_0005327,FaceForensics++,NeuralTextures/327_329.mp4,1,415,640,480,h264,0.5,NeuralTextures,NeuralTextures,,ORIG_329,ORIG_327,PAIR_ORIG_327_ORIG_329,,,327
FFPP_0005328,FaceForensics++,NeuralTextures/328_320.mp4,1,319,1280,720,h264,1.35,NeuralTextures,NeuralTextures,,ORIG_320,ORIG_328,PAIR_ORIG_320_ORIG_328,,,328
FFPP_0005329,FaceForensics++,NeuralTextures/329_327.mp4,1,415,640,480,h264,0.44,NeuralTextures,NeuralTextures,,ORIG_327,ORIG_329,PAIR_ORIG_327_ORIG_329,,,329
FFPP_0005330,FaceForensics++,NeuralTextures/330_162.mp4,1,407,1280,720,h264,1.66,NeuralTextures,NeuralTextures,,ORIG_162,ORIG_330,PAIR_ORIG_162_ORIG_330,,,330
FFPP_0005331,FaceForensics++,NeuralTextures/331_260.mp4,1,302,1280,720,h264,0.97,NeuralTextures,NeuralTextures,,ORIG_260,ORIG_331,PAIR_ORIG_260_ORIG_331,,,331
FFPP_0005332,FaceForensics++,NeuralTextures/332_051.mp4,1,695,1280,720,h264,5.29,NeuralTextures,NeuralTextures,,ORIG_051,ORIG_332,PAIR_ORIG_051_ORIG_332,,,332
FFPP_0005333,FaceForensics++,NeuralTextures/333_377.mp4,1,398,640,480,h264,0.98,NeuralTextures,NeuralTextures,,ORIG_377,ORIG_333,PAIR_ORIG_333_ORIG_377,,,333
FFPP_0005334,FaceForensics++,NeuralTextures/334_318.mp4,1,475,576,480,h264,0.95,NeuralTextures,NeuralTextures,,ORIG_318,ORIG_334,PAIR_ORIG_318_ORIG_334,,,334
FFPP_0005335,FaceForensics++,NeuralTextures/335_277.mp4,1,384,1280,720,h264,1.34,NeuralTextures,NeuralTextures,,ORIG_277,ORIG_335,PAIR_ORIG_277_ORIG_335,,,335
FFPP_0005336,FaceForensics++,NeuralTextures/336_338.mp4,1,507,640,480,h264,0.79,NeuralTextures,NeuralTextures,,ORIG_338,ORIG_336,PAIR_ORIG_336_ORIG_338,,,336
FFPP_0005337,FaceForensics++,NeuralTextures/337_522.mp4,1,331,640,480,h264,0.81,NeuralTextures,NeuralTextures,,ORIG_522,ORIG_337,PAIR_ORIG_337_ORIG_522,,,337
FFPP_0005338,FaceForensics++,NeuralTextures/338_336.mp4,1,507,576,480,h264,0.99,NeuralTextures,NeuralTextures,,ORIG_336,ORIG_338,PAIR_ORIG_336_ORIG_338,,,338
FFPP_0005339,FaceForensics++,NeuralTextures/339_392.mp4,1,457,640,480,h264,0.55,NeuralTextures,NeuralTextures,,ORIG_392,ORIG_339,PAIR_ORIG_339_ORIG_392,,,339
FFPP_0005340,FaceForensics++,NeuralTextures/340_341.mp4,1,293,1920,1080,h264,2.33,NeuralTextures,NeuralTextures,,ORIG_341,ORIG_340,PAIR_ORIG_340_ORIG_341,,,340
FFPP_0005341,FaceForensics++,NeuralTextures/341_340.mp4,1,293,960,720,h264,2.02,NeuralTextures,NeuralTextures,,ORIG_340,ORIG_341,PAIR_ORIG_340_ORIG_341,,,341
FFPP_0005342,FaceForensics++,NeuralTextures/342_416.mp4,1,302,1280,720,h264,1.13,NeuralTextures,NeuralTextures,,ORIG_416,ORIG_342,PAIR_ORIG_342_ORIG_416,,,342
FFPP_0005343,FaceForensics++,NeuralTextures/343_363.mp4,1,299,640,480,h264,0.37,NeuralTextures,NeuralTextures,,ORIG_363,ORIG_343,PAIR_ORIG_343_ORIG_363,,,343
FFPP_0005344,FaceForensics++,NeuralTextures/344_020.mp4,1,390,1280,720,h264,1.83,NeuralTextures,NeuralTextures,,ORIG_020,ORIG_344,PAIR_ORIG_020_ORIG_344,,,344
FFPP_0005345,FaceForensics++,NeuralTextures/345_259.mp4,1,423,832,480,h264,0.81,NeuralTextures,NeuralTextures,,ORIG_259,ORIG_345,PAIR_ORIG_259_ORIG_345,,,345
FFPP_0005346,FaceForensics++,NeuralTextures/346_351.mp4,1,615,448,480,h264,0.65,NeuralTextures,NeuralTextures,,ORIG_351,ORIG_346,PAIR_ORIG_346_ORIG_351,,,346
FFPP_0005347,FaceForensics++,NeuralTextures/347_314.mp4,1,413,832,480,h264,0.64,NeuralTextures,NeuralTextures,,ORIG_314,ORIG_347,PAIR_ORIG_314_ORIG_347,,,347
FFPP_0005348,FaceForensics++,NeuralTextures/348_202.mp4,1,323,832,480,h264,0.38,NeuralTextures,NeuralTextures,,ORIG_202,ORIG_348,PAIR_ORIG_202_ORIG_348,,,348
FFPP_0005349,FaceForensics++,NeuralTextures/349_350.mp4,1,405,1280,720,h264,1.35,NeuralTextures,NeuralTextures,,ORIG_350,ORIG_349,PAIR_ORIG_349_ORIG_350,,,349
FFPP_0005350,FaceForensics++,NeuralTextures/350_349.mp4,1,405,832,480,h264,0.98,NeuralTextures,NeuralTextures,,ORIG_349,ORIG_350,PAIR_ORIG_349_ORIG_350,,,350
FFPP_0005351,FaceForensics++,NeuralTextures/351_346.mp4,1,615,640,480,h264,0.89,NeuralTextures,NeuralTextures,,ORIG_346,ORIG_351,PAIR_ORIG_346_ORIG_351,,,351
FFPP_0005352,FaceForensics++,NeuralTextures/352_319.mp4,1,421,704,480,h264,1.28,NeuralTextures,NeuralTextures,,ORIG_319,ORIG_352,PAIR_ORIG_319_ORIG_352,,,352
FFPP_0005353,FaceForensics++,NeuralTextures/353_383.mp4,1,358,1280,720,h264,1.59,NeuralTextures,NeuralTextures,,ORIG_383,ORIG_353,PAIR_ORIG_353_ORIG_383,,,353
FFPP_0005354,FaceForensics++,NeuralTextures/354_362.mp4,1,455,1280,720,h264,1.78,NeuralTextures,NeuralTextures,,ORIG_362,ORIG_354,PAIR_ORIG_354_ORIG_362,,,354
FFPP_0005355,FaceForensics++,NeuralTextures/355_748.mp4,1,318,1920,1080,h264,2.95,NeuralTextures,NeuralTextures,,ORIG_748,ORIG_355,PAIR_ORIG_355_ORIG_748,,,355
FFPP_0005356,FaceForensics++,NeuralTextures/356_324.mp4,1,558,1280,720,h264,2.85,NeuralTextures,NeuralTextures,,ORIG_324,ORIG_356,PAIR_ORIG_324_ORIG_356,,,356
FFPP_0005357,FaceForensics++,NeuralTextures/357_432.mp4,1,346,832,480,h264,0.46,NeuralTextures,NeuralTextures,,ORIG_432,ORIG_357,PAIR_ORIG_357_ORIG_432,,,357
FFPP_0005358,FaceForensics++,NeuralTextures/358_380.mp4,1,455,640,480,h264,0.58,NeuralTextures,NeuralTextures,,ORIG_380,ORIG_358,PAIR_ORIG_358_ORIG_380,,,358
FFPP_0005359,FaceForensics++,NeuralTextures/359_317.mp4,1,456,640,480,h264,0.78,NeuralTextures,NeuralTextures,,ORIG_317,ORIG_359,PAIR_ORIG_317_ORIG_359,,,359
FFPP_0005360,FaceForensics++,NeuralTextures/360_437.mp4,1,385,1280,720,h264,2.0,NeuralTextures,NeuralTextures,,ORIG_437,ORIG_360,PAIR_ORIG_360_ORIG_437,,,360
FFPP_0005361,FaceForensics++,NeuralTextures/361_448.mp4,1,455,1280,720,h264,2.83,NeuralTextures,NeuralTextures,,ORIG_448,ORIG_361,PAIR_ORIG_361_ORIG_448,,,361
FFPP_0005362,FaceForensics++,NeuralTextures/362_354.mp4,1,455,1280,720,h264,1.75,NeuralTextures,NeuralTextures,,ORIG_354,ORIG_362,PAIR_ORIG_354_ORIG_362,,,362
FFPP_0005363,FaceForensics++,NeuralTextures/363_343.mp4,1,299,640,480,h264,0.59,NeuralTextures,NeuralTextures,,ORIG_343,ORIG_363,PAIR_ORIG_343_ORIG_363,,,363
FFPP_0005364,FaceForensics++,NeuralTextures/364_440.mp4,1,419,832,480,h264,1.25,NeuralTextures,NeuralTextures,,ORIG_440,ORIG_364,PAIR_ORIG_364_ORIG_440,,,364
FFPP_0005365,FaceForensics++,NeuralTextures/365_307.mp4,1,369,640,480,h264,0.35,NeuralTextures,NeuralTextures,,ORIG_307,ORIG_365,PAIR_ORIG_307_ORIG_365,,,365
FFPP_0005366,FaceForensics++,NeuralTextures/366_473.mp4,1,404,640,480,h264,0.82,NeuralTextures,NeuralTextures,,ORIG_473,ORIG_366,PAIR_ORIG_366_ORIG_473,,,366
FFPP_0005367,FaceForensics++,NeuralTextures/367_371.mp4,1,649,640,480,h264,0.91,NeuralTextures,NeuralTextures,,ORIG_371,ORIG_367,PAIR_ORIG_367_ORIG_371,,,367
FFPP_0005368,FaceForensics++,NeuralTextures/368_378.mp4,1,761,640,480,h264,1.08,NeuralTextures,NeuralTextures,,ORIG_378,ORIG_368,PAIR_ORIG_368_ORIG_378,,,368
FFPP_0005369,FaceForensics++,NeuralTextures/369_316.mp4,1,320,832,480,h264,0.67,NeuralTextures,NeuralTextures,,ORIG_316,ORIG_369,PAIR_ORIG_316_ORIG_369,,,369
FFPP_0005370,FaceForensics++,NeuralTextures/370_483.mp4,1,375,1920,1080,h264,2.97,NeuralTextures,NeuralTextures,,ORIG_483,ORIG_370,PAIR_ORIG_370_ORIG_483,,,370
FFPP_0005371,FaceForensics++,NeuralTextures/371_367.mp4,1,649,576,480,h264,1.25,NeuralTextures,NeuralTextures,,ORIG_367,ORIG_371,PAIR_ORIG_367_ORIG_371,,,371
FFPP_0005372,FaceForensics++,NeuralTextures/372_413.mp4,1,379,832,480,h264,0.71,NeuralTextures,NeuralTextures,,ORIG_413,ORIG_372,PAIR_ORIG_372_ORIG_413,,,372
FFPP_0005373,FaceForensics++,NeuralTextures/373_394.mp4,1,420,1280,720,h264,1.68,NeuralTextures,NeuralTextures,,ORIG_394,ORIG_373,PAIR_ORIG_373_ORIG_394,,,373
FFPP_0005374,FaceForensics++,NeuralTextures/374_407.mp4,1,504,1280,720,h264,1.31,NeuralTextures,NeuralTextures,,ORIG_407,ORIG_374,PAIR_ORIG_374_ORIG_407,,,374
FFPP_0005375,FaceForensics++,NeuralTextures/375_251.mp4,1,346,1280,720,h264,1.67,NeuralTextures,NeuralTextures,,ORIG_251,ORIG_375,PAIR_ORIG_251_ORIG_375,,,375
FFPP_0005376,FaceForensics++,NeuralTextures/376_381.mp4,1,515,1280,720,h264,1.7,NeuralTextures,NeuralTextures,,ORIG_381,ORIG_376,PAIR_ORIG_376_ORIG_381,,,376
FFPP_0005377,FaceForensics++,NeuralTextures/377_333.mp4,1,398,640,480,h264,0.69,NeuralTextures,NeuralTextures,,ORIG_333,ORIG_377,PAIR_ORIG_333_ORIG_377,,,377
FFPP_0005378,FaceForensics++,NeuralTextures/378_368.mp4,1,761,1280,720,h264,3.57,NeuralTextures,NeuralTextures,,ORIG_368,ORIG_378,PAIR_ORIG_368_ORIG_378,,,378
FFPP_0005379,FaceForensics++,NeuralTextures/379_158.mp4,1,341,640,480,h264,0.94,NeuralTextures,NeuralTextures,,ORIG_158,ORIG_379,PAIR_ORIG_158_ORIG_379,,,379
FFPP_0005380,FaceForensics++,NeuralTextures/380_358.mp4,1,455,640,480,h264,0.57,NeuralTextures,NeuralTextures,,ORIG_358,ORIG_380,PAIR_ORIG_358_ORIG_380,,,380
FFPP_0005381,FaceForensics++,NeuralTextures/381_376.mp4,1,515,640,480,h264,1.31,NeuralTextures,NeuralTextures,,ORIG_376,ORIG_381,PAIR_ORIG_376_ORIG_381,,,381
FFPP_0005382,FaceForensics++,NeuralTextures/382_409.mp4,1,313,640,480,h264,0.69,NeuralTextures,NeuralTextures,,ORIG_409,ORIG_382,PAIR_ORIG_382_ORIG_409,,,382
FFPP_0005383,FaceForensics++,NeuralTextures/383_353.mp4,1,358,1920,1080,h264,2.18,NeuralTextures,NeuralTextures,,ORIG_353,ORIG_383,PAIR_ORIG_353_ORIG_383,,,383
FFPP_0005384,FaceForensics++,NeuralTextures/384_932.mp4,1,462,1920,1080,h264,3.12,NeuralTextures,NeuralTextures,,ORIG_932,ORIG_384,PAIR_ORIG_384_ORIG_932,,,384
FFPP_0005385,FaceForensics++,NeuralTextures/385_414.mp4,1,349,1280,720,h264,1.49,NeuralTextures,NeuralTextures,,ORIG_414,ORIG_385,PAIR_ORIG_385_ORIG_414,,,385
FFPP_0005386,FaceForensics++,NeuralTextures/386_154.mp4,1,449,1920,1080,h264,3.25,NeuralTextures,NeuralTextures,,ORIG_154,ORIG_386,PAIR_ORIG_154_ORIG_386,,,386
FFPP_0005387,FaceForensics++,NeuralTextures/387_311.mp4,1,368,1280,720,h264,0.79,NeuralTextures,NeuralTextures,,ORIG_311,ORIG_387,PAIR_ORIG_311_ORIG_387,,,387
FFPP_0005388,FaceForensics++,NeuralTextures/388_308.mp4,1,502,640,480,h264,0.77,NeuralTextures,NeuralTextures,,ORIG_308,ORIG_388,PAIR_ORIG_308_ORIG_388,,,388
FFPP_0005389,FaceForensics++,NeuralTextures/389_480.mp4,1,314,1920,1080,h264,2.8,NeuralTextures,NeuralTextures,,ORIG_480,ORIG_389,PAIR_ORIG_389_ORIG_480,,,389
FFPP_0005390,FaceForensics++,NeuralTextures/390_709.mp4,1,300,1280,720,h264,2.05,NeuralTextures,NeuralTextures,,ORIG_709,ORIG_390,PAIR_ORIG_390_ORIG_709,,,390
FFPP_0005391,FaceForensics++,NeuralTextures/391_406.mp4,1,512,640,480,h264,0.62,NeuralTextures,NeuralTextures,,ORIG_406,ORIG_391,PAIR_ORIG_391_ORIG_406,,,391
FFPP_0005392,FaceForensics++,NeuralTextures/392_339.mp4,1,457,1280,720,h264,2.12,NeuralTextures,NeuralTextures,,ORIG_339,ORIG_392,PAIR_ORIG_339_ORIG_392,,,392
FFPP_0005393,FaceForensics++,NeuralTextures/393_405.mp4,1,531,640,480,h264,1.03,NeuralTextures,NeuralTextures,,ORIG_405,ORIG_393,PAIR_ORIG_393_ORIG_405,,,393
FFPP_0005394,FaceForensics++,NeuralTextures/394_373.mp4,1,420,1280,720,h264,1.33,NeuralTextures,NeuralTextures,,ORIG_373,ORIG_394,PAIR_ORIG_373_ORIG_394,,,394
FFPP_0005395,FaceForensics++,NeuralTextures/395_401.mp4,1,448,1280,720,h264,1.13,NeuralTextures,NeuralTextures,,ORIG_401,ORIG_395,PAIR_ORIG_395_ORIG_401,,,395
FFPP_0005396,FaceForensics++,NeuralTextures/396_272.mp4,1,323,1280,720,h264,1.0,NeuralTextures,NeuralTextures,,ORIG_272,ORIG_396,PAIR_ORIG_272_ORIG_396,,,396
FFPP_0005397,FaceForensics++,NeuralTextures/397_602.mp4,1,355,1920,1080,h264,3.75,NeuralTextures,NeuralTextures,,ORIG_602,ORIG_397,PAIR_ORIG_397_ORIG_602,,,397
FFPP_0005398,FaceForensics++,NeuralTextures/398_457.mp4,1,528,640,480,h264,1.1,NeuralTextures,NeuralTextures,,ORIG_457,ORIG_398,PAIR_ORIG_398_ORIG_457,,,398
FFPP_0005399,FaceForensics++,NeuralTextures/399_488.mp4,1,518,1280,720,h264,1.93,NeuralTextures,NeuralTextures,,ORIG_488,ORIG_399,PAIR_ORIG_399_ORIG_488,,,399
FFPP_0005400,FaceForensics++,NeuralTextures/400_476.mp4,1,310,1280,720,h264,1.26,NeuralTextures,NeuralTextures,,ORIG_476,ORIG_400,PAIR_ORIG_400_ORIG_476,,,400
FFPP_0005401,FaceForensics++,NeuralTextures/401_395.mp4,1,448,1280,720,h264,1.73,NeuralTextures,NeuralTextures,,ORIG_395,ORIG_401,PAIR_ORIG_395_ORIG_401,,,401
FFPP_0005402,FaceForensics++,NeuralTextures/402_453.mp4,1,423,1920,1080,h264,4.73,NeuralTextures,NeuralTextures,,ORIG_453,ORIG_402,PAIR_ORIG_402_ORIG_453,,,402
FFPP_0005403,FaceForensics++,NeuralTextures/403_497.mp4,1,621,256,480,h264,0.71,NeuralTextures,NeuralTextures,,ORIG_497,ORIG_403,PAIR_ORIG_403_ORIG_497,,,403
FFPP_0005404,FaceForensics++,NeuralTextures/404_429.mp4,1,457,1280,720,h264,3.77,NeuralTextures,NeuralTextures,,ORIG_429,ORIG_404,PAIR_ORIG_404_ORIG_429,,,404
FFPP_0005405,FaceForensics++,NeuralTextures/405_393.mp4,1,531,640,480,h264,0.97,NeuralTextures,NeuralTextures,,ORIG_393,ORIG_405,PAIR_ORIG_393_ORIG_405,,,405
FFPP_0005406,FaceForensics++,NeuralTextures/406_391.mp4,1,512,576,480,h264,1.34,NeuralTextures,NeuralTextures,,ORIG_391,ORIG_406,PAIR_ORIG_391_ORIG_406,,,406
FFPP_0005407,FaceForensics++,NeuralTextures/407_374.mp4,1,504,576,480,h264,1.18,NeuralTextures,NeuralTextures,,ORIG_374,ORIG_407,PAIR_ORIG_374_ORIG_407,,,407
FFPP_0005408,FaceForensics++,NeuralTextures/408_424.mp4,1,306,704,480,h264,1.48,NeuralTextures,NeuralTextures,,ORIG_424,ORIG_408,PAIR_ORIG_408_ORIG_424,,,408
FFPP_0005409,FaceForensics++,NeuralTextures/409_382.mp4,1,313,640,480,h264,0.43,NeuralTextures,NeuralTextures,,ORIG_382,ORIG_409,PAIR_ORIG_382_ORIG_409,,,409
FFPP_0005410,FaceForensics++,NeuralTextures/410_411.mp4,1,459,1920,1080,h264,4.52,NeuralTextures,NeuralTextures,,ORIG_411,ORIG_410,PAIR_ORIG_410_ORIG_411,,,410
FFPP_0005411,FaceForensics++,NeuralTextures/411_410.mp4,1,459,1920,1080,h264,5.4,NeuralTextures,NeuralTextures,,ORIG_410,ORIG_411,PAIR_ORIG_410_ORIG_411,,,411
FFPP_0005412,FaceForensics++,NeuralTextures/412_274.mp4,1,474,1280,720,h264,1.32,NeuralTextures,NeuralTextures,,ORIG_274,ORIG_412,PAIR_ORIG_274_ORIG_412,,,412
FFPP_0005413,FaceForensics++,NeuralTextures/413_372.mp4,1,379,640,480,h264,0.65,NeuralTextures,NeuralTextures,,ORIG_372,ORIG_413,PAIR_ORIG_372_ORIG_413,,,413
FFPP_0005414,FaceForensics++,NeuralTextures/414_385.mp4,1,349,1920,1080,h264,3.6,NeuralTextures,NeuralTextures,,ORIG_385,ORIG_414,PAIR_ORIG_385_ORIG_414,,,414
FFPP_0005415,FaceForensics++,NeuralTextures/415_484.mp4,1,319,704,480,h264,0.38,NeuralTextures,NeuralTextures,,ORIG_484,ORIG_415,PAIR_ORIG_415_ORIG_484,,,415
FFPP_0005416,FaceForensics++,NeuralTextures/416_342.mp4,1,302,1280,720,h264,1.53,NeuralTextures,NeuralTextures,,ORIG_342,ORIG_416,PAIR_ORIG_342_ORIG_416,,,416
FFPP_0005417,FaceForensics++,NeuralTextures/417_496.mp4,1,861,832,480,h264,2.18,NeuralTextures,NeuralTextures,,ORIG_496,ORIG_417,PAIR_ORIG_417_ORIG_496,,,417
FFPP_0005418,FaceForensics++,NeuralTextures/418_507.mp4,1,319,1280,720,h264,1.5,NeuralTextures,NeuralTextures,,ORIG_507,ORIG_418,PAIR_ORIG_418_ORIG_507,,,418
FFPP_0005419,FaceForensics++,NeuralTextures/419_824.mp4,1,487,1280,720,h264,1.81,NeuralTextures,NeuralTextures,,ORIG_824,ORIG_419,PAIR_ORIG_419_ORIG_824,,,419
FFPP_0005420,FaceForensics++,NeuralTextures/420_257.mp4,1,763,576,480,h264,1.18,NeuralTextures,NeuralTextures,,ORIG_257,ORIG_420,PAIR_ORIG_257_ORIG_420,,,420
FFPP_0005421,FaceForensics++,NeuralTextures/421_423.mp4,1,1038,640,480,h264,1.7,NeuralTextures,NeuralTextures,,ORIG_423,ORIG_421,PAIR_ORIG_421_ORIG_423,,,421
FFPP_0005422,FaceForensics++,NeuralTextures/422_695.mp4,1,310,1920,1080,h264,4.31,NeuralTextures,NeuralTextures,,ORIG_695,ORIG_422,PAIR_ORIG_422_ORIG_695,,,422
FFPP_0005423,FaceForensics++,NeuralTextures/423_421.mp4,1,1038,576,480,h264,1.86,NeuralTextures,NeuralTextures,,ORIG_421,ORIG_423,PAIR_ORIG_421_ORIG_423,,,423
FFPP_0005424,FaceForensics++,NeuralTextures/424_408.mp4,1,306,640,480,h264,0.53,NeuralTextures,NeuralTextures,,ORIG_408,ORIG_424,PAIR_ORIG_408_ORIG_424,,,424
FFPP_0005425,FaceForensics++,NeuralTextures/425_485.mp4,1,336,832,480,h264,0.71,NeuralTextures,NeuralTextures,,ORIG_485,ORIG_425,PAIR_ORIG_425_ORIG_485,,,425
FFPP_0005426,FaceForensics++,NeuralTextures/426_287.mp4,1,335,1920,1080,h264,4.04,NeuralTextures,NeuralTextures,,ORIG_287,ORIG_426,PAIR_ORIG_287_ORIG_426,,,426
FFPP_0005427,FaceForensics++,NeuralTextures/427_637.mp4,1,468,1280,720,h264,0.71,NeuralTextures,NeuralTextures,,ORIG_637,ORIG_427,PAIR_ORIG_427_ORIG_637,,,427
FFPP_0005428,FaceForensics++,NeuralTextures/428_466.mp4,1,334,1280,720,h264,1.0,NeuralTextures,NeuralTextures,,ORIG_466,ORIG_428,PAIR_ORIG_428_ORIG_466,,,428
FFPP_0005429,FaceForensics++,NeuralTextures/429_404.mp4,1,457,640,480,h264,1.0,NeuralTextures,NeuralTextures,,ORIG_404,ORIG_429,PAIR_ORIG_404_ORIG_429,,,429
FFPP_0005430,FaceForensics++,NeuralTextures/430_459.mp4,1,357,1920,1080,h264,2.35,NeuralTextures,NeuralTextures,,ORIG_459,ORIG_430,PAIR_ORIG_430_ORIG_459,,,430
FFPP_0005431,FaceForensics++,NeuralTextures/431_447.mp4,1,326,1280,720,h264,1.01,NeuralTextures,NeuralTextures,,ORIG_447,ORIG_431,PAIR_ORIG_431_ORIG_447,,,431
FFPP_0005432,FaceForensics++,NeuralTextures/432_357.mp4,1,346,640,480,h264,0.55,NeuralTextures,NeuralTextures,,ORIG_357,ORIG_432,PAIR_ORIG_357_ORIG_432,,,432
FFPP_0005433,FaceForensics++,NeuralTextures/433_498.mp4,1,317,1280,720,h264,1.47,NeuralTextures,NeuralTextures,,ORIG_498,ORIG_433,PAIR_ORIG_433_ORIG_498,,,433
FFPP_0005434,FaceForensics++,NeuralTextures/434_438.mp4,1,337,832,480,h264,0.47,NeuralTextures,NeuralTextures,,ORIG_438,ORIG_434,PAIR_ORIG_434_ORIG_438,,,434
FFPP_0005435,FaceForensics++,NeuralTextures/435_456.mp4,1,476,640,480,h264,0.96,NeuralTextures,NeuralTextures,,ORIG_456,ORIG_435,PAIR_ORIG_435_ORIG_456,,,435
FFPP_0005436,FaceForensics++,NeuralTextures/436_526.mp4,1,518,1280,720,h264,2.41,NeuralTextures,NeuralTextures,,ORIG_526,ORIG_436,PAIR_ORIG_436_ORIG_526,,,436
FFPP_0005437,FaceForensics++,NeuralTextures/437_360.mp4,1,385,1280,720,h264,2.38,NeuralTextures,NeuralTextures,,ORIG_360,ORIG_437,PAIR_ORIG_360_ORIG_437,,,437
FFPP_0005438,FaceForensics++,NeuralTextures/438_434.mp4,1,337,640,480,h264,0.4,NeuralTextures,NeuralTextures,,ORIG_434,ORIG_438,PAIR_ORIG_434_ORIG_438,,,438
FFPP_0005439,FaceForensics++,NeuralTextures/439_441.mp4,1,305,640,480,h264,0.52,NeuralTextures,NeuralTextures,,ORIG_441,ORIG_439,PAIR_ORIG_439_ORIG_441,,,439
FFPP_0005440,FaceForensics++,NeuralTextures/440_364.mp4,1,419,640,480,h264,0.52,NeuralTextures,NeuralTextures,,ORIG_364,ORIG_440,PAIR_ORIG_364_ORIG_440,,,440
FFPP_0005441,FaceForensics++,NeuralTextures/441_439.mp4,1,305,640,480,h264,0.58,NeuralTextures,NeuralTextures,,ORIG_439,ORIG_441,PAIR_ORIG_439_ORIG_441,,,441
FFPP_0005442,FaceForensics++,NeuralTextures/442_195.mp4,1,333,1920,1080,h264,3.68,NeuralTextures,NeuralTextures,,ORIG_195,ORIG_442,PAIR_ORIG_195_ORIG_442,,,442
FFPP_0005443,FaceForensics++,NeuralTextures/443_514.mp4,1,361,640,480,h264,0.47,NeuralTextures,NeuralTextures,,ORIG_514,ORIG_443,PAIR_ORIG_443_ORIG_514,,,443
FFPP_0005444,FaceForensics++,NeuralTextures/444_655.mp4,1,437,832,480,h264,0.8,NeuralTextures,NeuralTextures,,ORIG_655,ORIG_444,PAIR_ORIG_444_ORIG_655,,,444
FFPP_0005445,FaceForensics++,NeuralTextures/445_494.mp4,1,802,1280,720,h264,2.82,NeuralTextures,NeuralTextures,,ORIG_494,ORIG_445,PAIR_ORIG_445_ORIG_494,,,445
FFPP_0005446,FaceForensics++,NeuralTextures/446_667.mp4,1,423,1920,1080,h264,4.14,NeuralTextures,NeuralTextures,,ORIG_667,ORIG_446,PAIR_ORIG_446_ORIG_667,,,446
FFPP_0005447,FaceForensics++,NeuralTextures/447_431.mp4,1,326,640,480,h264,0.54,NeuralTextures,NeuralTextures,,ORIG_431,ORIG_447,PAIR_ORIG_431_ORIG_447,,,447
FFPP_0005448,FaceForensics++,NeuralTextures/448_361.mp4,1,455,1280,720,h264,1.7,NeuralTextures,NeuralTextures,,ORIG_361,ORIG_448,PAIR_ORIG_361_ORIG_448,,,448
FFPP_0005449,FaceForensics++,NeuralTextures/449_451.mp4,1,306,1280,720,h264,1.44,NeuralTextures,NeuralTextures,,ORIG_451,ORIG_449,PAIR_ORIG_449_ORIG_451,,,449
FFPP_0005450,FaceForensics++,NeuralTextures/450_533.mp4,1,558,1920,1080,h264,4.39,NeuralTextures,NeuralTextures,,ORIG_533,ORIG_450,PAIR_ORIG_450_ORIG_533,,,450
FFPP_0005451,FaceForensics++,NeuralTextures/451_449.mp4,1,306,1280,720,h264,1.1,NeuralTextures,NeuralTextures,,ORIG_449,ORIG_451,PAIR_ORIG_449_ORIG_451,,,451
FFPP_0005452,FaceForensics++,NeuralTextures/452_550.mp4,1,444,640,480,h264,0.76,NeuralTextures,NeuralTextures,,ORIG_550,ORIG_452,PAIR_ORIG_452_ORIG_550,,,452
FFPP_0005453,FaceForensics++,NeuralTextures/453_402.mp4,1,423,1280,718,h264,1.49,NeuralTextures,NeuralTextures,,ORIG_402,ORIG_453,PAIR_ORIG_402_ORIG_453,,,453
FFPP_0005454,FaceForensics++,NeuralTextures/454_527.mp4,1,342,832,480,h264,0.89,NeuralTextures,NeuralTextures,,ORIG_527,ORIG_454,PAIR_ORIG_454_ORIG_527,,,454
FFPP_0005455,FaceForensics++,NeuralTextures/455_471.mp4,1,370,640,480,h264,1.27,NeuralTextures,NeuralTextures,,ORIG_471,ORIG_455,PAIR_ORIG_455_ORIG_471,,,455
FFPP_0005456,FaceForensics++,NeuralTextures/456_435.mp4,1,476,1280,720,h264,2.59,NeuralTextures,NeuralTextures,,ORIG_435,ORIG_456,PAIR_ORIG_435_ORIG_456,,,456
FFPP_0005457,FaceForensics++,NeuralTextures/457_398.mp4,1,528,640,480,h264,1.14,NeuralTextures,NeuralTextures,,ORIG_398,ORIG_457,PAIR_ORIG_398_ORIG_457,,,457
FFPP_0005458,FaceForensics++,NeuralTextures/458_722.mp4,1,351,832,480,h264,0.72,NeuralTextures,NeuralTextures,,ORIG_722,ORIG_458,PAIR_ORIG_458_ORIG_722,,,458
FFPP_0005459,FaceForensics++,NeuralTextures/459_430.mp4,1,357,1920,1080,h264,2.86,NeuralTextures,NeuralTextures,,ORIG_430,ORIG_459,PAIR_ORIG_430_ORIG_459,,,459
FFPP_0005460,FaceForensics++,NeuralTextures/460_678.mp4,1,400,1280,720,h264,1.57,NeuralTextures,NeuralTextures,,ORIG_678,ORIG_460,PAIR_ORIG_460_ORIG_678,,,460
FFPP_0005461,FaceForensics++,NeuralTextures/461_250.mp4,1,564,1280,720,h264,1.88,NeuralTextures,NeuralTextures,,ORIG_250,ORIG_461,PAIR_ORIG_250_ORIG_461,,,461
FFPP_0005462,FaceForensics++,NeuralTextures/462_467.mp4,1,423,640,480,h264,0.7,NeuralTextures,NeuralTextures,,ORIG_467,ORIG_462,PAIR_ORIG_462_ORIG_467,,,462
FFPP_0005463,FaceForensics++,NeuralTextures/463_464.mp4,1,315,608,480,h264,0.78,NeuralTextures,NeuralTextures,,ORIG_464,ORIG_463,PAIR_ORIG_463_ORIG_464,,,463
FFPP_0005464,FaceForensics++,NeuralTextures/464_463.mp4,1,315,640,480,h264,0.77,NeuralTextures,NeuralTextures,,ORIG_463,ORIG_464,PAIR_ORIG_463_ORIG_464,,,464
FFPP_0005465,FaceForensics++,NeuralTextures/465_482.mp4,1,329,1280,720,h264,1.41,NeuralTextures,NeuralTextures,,ORIG_482,ORIG_465,PAIR_ORIG_465_ORIG_482,,,465
FFPP_0005466,FaceForensics++,NeuralTextures/466_428.mp4,1,334,1280,720,h264,1.42,NeuralTextures,NeuralTextures,,ORIG_428,ORIG_466,PAIR_ORIG_428_ORIG_466,,,466
FFPP_0005467,FaceForensics++,NeuralTextures/467_462.mp4,1,423,640,480,h264,0.75,NeuralTextures,NeuralTextures,,ORIG_462,ORIG_467,PAIR_ORIG_462_ORIG_467,,,467
FFPP_0005468,FaceForensics++,NeuralTextures/468_470.mp4,1,597,576,480,h264,1.15,NeuralTextures,NeuralTextures,,ORIG_470,ORIG_468,PAIR_ORIG_468_ORIG_470,,,468
FFPP_0005469,FaceForensics++,NeuralTextures/469_481.mp4,1,414,832,480,h264,0.84,NeuralTextures,NeuralTextures,,ORIG_481,ORIG_469,PAIR_ORIG_469_ORIG_481,,,469
FFPP_0005470,FaceForensics++,NeuralTextures/470_468.mp4,1,597,640,480,h264,0.67,NeuralTextures,NeuralTextures,,ORIG_468,ORIG_470,PAIR_ORIG_468_ORIG_470,,,470
FFPP_0005471,FaceForensics++,NeuralTextures/471_455.mp4,1,370,640,480,h264,0.59,NeuralTextures,NeuralTextures,,ORIG_455,ORIG_471,PAIR_ORIG_455_ORIG_471,,,471
FFPP_0005472,FaceForensics++,NeuralTextures/472_511.mp4,1,479,640,480,h264,0.31,NeuralTextures,NeuralTextures,,ORIG_511,ORIG_472,PAIR_ORIG_472_ORIG_511,,,472
FFPP_0005473,FaceForensics++,NeuralTextures/473_366.mp4,1,404,640,480,h264,0.61,NeuralTextures,NeuralTextures,,ORIG_366,ORIG_473,PAIR_ORIG_366_ORIG_473,,,473
FFPP_0005474,FaceForensics++,NeuralTextures/474_281.mp4,1,296,640,480,h264,1.23,NeuralTextures,NeuralTextures,,ORIG_281,ORIG_474,PAIR_ORIG_281_ORIG_474,,,474
FFPP_0005475,FaceForensics++,NeuralTextures/475_265.mp4,1,337,1280,720,h264,1.32,NeuralTextures,NeuralTextures,,ORIG_265,ORIG_475,PAIR_ORIG_265_ORIG_475,,,475
FFPP_0005476,FaceForensics++,NeuralTextures/476_400.mp4,1,310,640,480,h264,1.1,NeuralTextures,NeuralTextures,,ORIG_400,ORIG_476,PAIR_ORIG_400_ORIG_476,,,476
FFPP_0005477,FaceForensics++,NeuralTextures/477_487.mp4,1,319,1248,720,h264,1.17,NeuralTextures,NeuralTextures,,ORIG_487,ORIG_477,PAIR_ORIG_477_ORIG_487,,,477
FFPP_0005478,FaceForensics++,NeuralTextures/478_506.mp4,1,668,640,480,h264,0.75,NeuralTextures,NeuralTextures,,ORIG_506,ORIG_478,PAIR_ORIG_478_ORIG_506,,,478
FFPP_0005479,FaceForensics++,NeuralTextures/479_706.mp4,1,328,1920,1080,h264,2.54,NeuralTextures,NeuralTextures,,ORIG_706,ORIG_479,PAIR_ORIG_479_ORIG_706,,,479
FFPP_0005480,FaceForensics++,NeuralTextures/480_389.mp4,1,314,1280,720,h264,1.4,NeuralTextures,NeuralTextures,,ORIG_389,ORIG_480,PAIR_ORIG_389_ORIG_480,,,480
FFPP_0005481,FaceForensics++,NeuralTextures/481_469.mp4,1,414,1280,720,h264,2.46,NeuralTextures,NeuralTextures,,ORIG_469,ORIG_481,PAIR_ORIG_469_ORIG_481,,,481
FFPP_0005482,FaceForensics++,NeuralTextures/482_465.mp4,1,329,640,480,h264,0.95,NeuralTextures,NeuralTextures,,ORIG_465,ORIG_482,PAIR_ORIG_465_ORIG_482,,,482
FFPP_0005483,FaceForensics++,NeuralTextures/483_370.mp4,1,375,1280,720,h264,0.98,NeuralTextures,NeuralTextures,,ORIG_370,ORIG_483,PAIR_ORIG_370_ORIG_483,,,483
FFPP_0005484,FaceForensics++,NeuralTextures/484_415.mp4,1,319,640,480,h264,0.37,NeuralTextures,NeuralTextures,,ORIG_415,ORIG_484,PAIR_ORIG_415_ORIG_484,,,484
FFPP_0005485,FaceForensics++,NeuralTextures/485_425.mp4,1,336,832,480,h264,0.66,NeuralTextures,NeuralTextures,,ORIG_425,ORIG_485,PAIR_ORIG_425_ORIG_485,,,485
FFPP_0005486,FaceForensics++,NeuralTextures/486_680.mp4,1,300,640,480,h264,0.46,NeuralTextures,NeuralTextures,,ORIG_680,ORIG_486,PAIR_ORIG_486_ORIG_680,,,486
FFPP_0005487,FaceForensics++,NeuralTextures/487_477.mp4,1,319,1280,720,h264,1.6,NeuralTextures,NeuralTextures,,ORIG_477,ORIG_487,PAIR_ORIG_477_ORIG_487,,,487
FFPP_0005488,FaceForensics++,NeuralTextures/488_399.mp4,1,518,832,480,h264,0.9,NeuralTextures,NeuralTextures,,ORIG_399,ORIG_488,PAIR_ORIG_399_ORIG_488,,,488
FFPP_0005489,FaceForensics++,NeuralTextures/489_022.mp4,1,325,1280,720,h264,1.72,NeuralTextures,NeuralTextures,,ORIG_022,ORIG_489,PAIR_ORIG_022_ORIG_489,,,489
FFPP_0005490,FaceForensics++,NeuralTextures/490_534.mp4,1,384,1920,1080,h264,3.19,NeuralTextures,NeuralTextures,,ORIG_534,ORIG_490,PAIR_ORIG_490_ORIG_534,,,490
FFPP_0005491,FaceForensics++,NeuralTextures/491_226.mp4,1,328,1920,1080,h264,3.24,NeuralTextures,NeuralTextures,,ORIG_226,ORIG_491,PAIR_ORIG_226_ORIG_491,,,491
FFPP_0005492,FaceForensics++,NeuralTextures/492_325.mp4,1,347,1280,720,h264,1.35,NeuralTextures,NeuralTextures,,ORIG_325,ORIG_492,PAIR_ORIG_325_ORIG_492,,,492
FFPP_0005493,FaceForensics++,NeuralTextures/493_538.mp4,1,395,640,480,h264,0.92,NeuralTextures,NeuralTextures,,ORIG_538,ORIG_493,PAIR_ORIG_493_ORIG_538,,,493
FFPP_0005494,FaceForensics++,NeuralTextures/494_445.mp4,1,802,1280,720,h264,3.3,NeuralTextures,NeuralTextures,,ORIG_445,ORIG_494,PAIR_ORIG_445_ORIG_494,,,494
FFPP_0005495,FaceForensics++,NeuralTextures/495_512.mp4,1,573,640,480,h264,1.05,NeuralTextures,NeuralTextures,,ORIG_512,ORIG_495,PAIR_ORIG_495_ORIG_512,,,495
FFPP_0005496,FaceForensics++,NeuralTextures/496_417.mp4,1,861,640,480,h264,1.14,NeuralTextures,NeuralTextures,,ORIG_417,ORIG_496,PAIR_ORIG_417_ORIG_496,,,496
FFPP_0005497,FaceForensics++,NeuralTextures/497_403.mp4,1,621,832,480,h264,1.28,NeuralTextures,NeuralTextures,,ORIG_403,ORIG_497,PAIR_ORIG_403_ORIG_497,,,497
FFPP_0005498,FaceForensics++,NeuralTextures/498_433.mp4,1,317,832,480,h264,0.87,NeuralTextures,NeuralTextures,,ORIG_433,ORIG_498,PAIR_ORIG_433_ORIG_498,,,498
FFPP_0005499,FaceForensics++,NeuralTextures/499_539.mp4,1,313,1280,720,h264,1.45,NeuralTextures,NeuralTextures,,ORIG_539,ORIG_499,PAIR_ORIG_499_ORIG_539,,,499
FFPP_0005500,FaceForensics++,NeuralTextures/500_592.mp4,1,292,1920,1080,h264,2.62,NeuralTextures,NeuralTextures,,ORIG_592,ORIG_500,PAIR_ORIG_500_ORIG_592,,,500
FFPP_0005501,FaceForensics++,NeuralTextures/501_326.mp4,1,522,576,480,h264,0.68,NeuralTextures,NeuralTextures,,ORIG_326,ORIG_501,PAIR_ORIG_326_ORIG_501,,,501
FFPP_0005502,FaceForensics++,NeuralTextures/502_504.mp4,1,317,1280,720,h264,1.65,NeuralTextures,NeuralTextures,,ORIG_504,ORIG_502,PAIR_ORIG_502_ORIG_504,,,502
FFPP_0005503,FaceForensics++,NeuralTextures/503_756.mp4,1,570,640,480,h264,0.72,NeuralTextures,NeuralTextures,,ORIG_756,ORIG_503,PAIR_ORIG_503_ORIG_756,,,503
FFPP_0005504,FaceForensics++,NeuralTextures/504_502.mp4,1,317,1280,720,h264,0.97,NeuralTextures,NeuralTextures,,ORIG_502,ORIG_504,PAIR_ORIG_502_ORIG_504,,,504
FFPP_0005505,FaceForensics++,NeuralTextures/505_600.mp4,1,388,640,480,h264,0.33,NeuralTextures,NeuralTextures,,ORIG_600,ORIG_505,PAIR_ORIG_505_ORIG_600,,,505
FFPP_0005506,FaceForensics++,NeuralTextures/506_478.mp4,1,668,832,480,h264,1.24,NeuralTextures,NeuralTextures,,ORIG_478,ORIG_506,PAIR_ORIG_478_ORIG_506,,,506
FFPP_0005507,FaceForensics++,NeuralTextures/507_418.mp4,1,319,1920,1080,h264,4.76,NeuralTextures,NeuralTextures,,ORIG_418,ORIG_507,PAIR_ORIG_418_ORIG_507,,,507
FFPP_0005508,FaceForensics++,NeuralTextures/508_831.mp4,1,327,1920,1080,h264,2.29,NeuralTextures,NeuralTextures,,ORIG_831,ORIG_508,PAIR_ORIG_508_ORIG_831,,,508
FFPP_0005509,FaceForensics++,NeuralTextures/509_525.mp4,1,517,640,480,h264,1.72,NeuralTextures,NeuralTextures,,ORIG_525,ORIG_509,PAIR_ORIG_509_ORIG_525,,,509
FFPP_0005510,FaceForensics++,NeuralTextures/510_528.mp4,1,340,832,480,h264,1.42,NeuralTextures,NeuralTextures,,ORIG_528,ORIG_510,PAIR_ORIG_510_ORIG_528,,,510
FFPP_0005511,FaceForensics++,NeuralTextures/511_472.mp4,1,479,640,480,h264,0.83,NeuralTextures,NeuralTextures,,ORIG_472,ORIG_511,PAIR_ORIG_472_ORIG_511,,,511
FFPP_0005512,FaceForensics++,NeuralTextures/512_495.mp4,1,573,640,480,h264,1.11,NeuralTextures,NeuralTextures,,ORIG_495,ORIG_512,PAIR_ORIG_495_ORIG_512,,,512
FFPP_0005513,FaceForensics++,NeuralTextures/513_305.mp4,1,494,1280,720,h264,2.62,NeuralTextures,NeuralTextures,,ORIG_305,ORIG_513,PAIR_ORIG_305_ORIG_513,,,513
FFPP_0005514,FaceForensics++,NeuralTextures/514_443.mp4,1,361,640,480,h264,0.8,NeuralTextures,NeuralTextures,,ORIG_443,ORIG_514,PAIR_ORIG_443_ORIG_514,,,514
FFPP_0005515,FaceForensics++,NeuralTextures/515_519.mp4,1,751,640,480,h264,1.8,NeuralTextures,NeuralTextures,,ORIG_519,ORIG_515,PAIR_ORIG_515_ORIG_519,,,515
FFPP_0005516,FaceForensics++,NeuralTextures/516_555.mp4,1,354,1920,1080,h264,2.91,NeuralTextures,NeuralTextures,,ORIG_555,ORIG_516,PAIR_ORIG_516_ORIG_555,,,516
FFPP_0005517,FaceForensics++,NeuralTextures/517_521.mp4,1,304,640,480,h264,0.5,NeuralTextures,NeuralTextures,,ORIG_521,ORIG_517,PAIR_ORIG_517_ORIG_521,,,517
FFPP_0005518,FaceForensics++,NeuralTextures/518_131.mp4,1,295,832,480,h264,0.7,NeuralTextures,NeuralTextures,,ORIG_131,ORIG_518,PAIR_ORIG_131_ORIG_518,,,518
FFPP_0005519,FaceForensics++,NeuralTextures/519_515.mp4,1,751,640,480,h264,2.19,NeuralTextures,NeuralTextures,,ORIG_515,ORIG_519,PAIR_ORIG_515_ORIG_519,,,519
FFPP_0005520,FaceForensics++,NeuralTextures/520_542.mp4,1,320,1280,720,h264,1.29,NeuralTextures,NeuralTextures,,ORIG_542,ORIG_520,PAIR_ORIG_520_ORIG_542,,,520
FFPP_0005521,FaceForensics++,NeuralTextures/521_517.mp4,1,304,640,480,h264,0.58,NeuralTextures,NeuralTextures,,ORIG_517,ORIG_521,PAIR_ORIG_517_ORIG_521,,,521
FFPP_0005522,FaceForensics++,NeuralTextures/522_337.mp4,1,331,576,480,h264,0.48,NeuralTextures,NeuralTextures,,ORIG_337,ORIG_522,PAIR_ORIG_337_ORIG_522,,,522
FFPP_0005523,FaceForensics++,NeuralTextures/523_541.mp4,1,375,832,480,h264,0.82,NeuralTextures,NeuralTextures,,ORIG_541,ORIG_523,PAIR_ORIG_523_ORIG_541,,,523
FFPP_0005524,FaceForensics++,NeuralTextures/524_580.mp4,1,292,832,480,h264,0.47,NeuralTextures,NeuralTextures,,ORIG_580,ORIG_524,PAIR_ORIG_524_ORIG_580,,,524
FFPP_0005525,FaceForensics++,NeuralTextures/525_509.mp4,1,517,832,480,h264,0.56,NeuralTextures,NeuralTextures,,ORIG_509,ORIG_525,PAIR_ORIG_509_ORIG_525,,,525
FFPP_0005526,FaceForensics++,NeuralTextures/526_436.mp4,1,518,1280,720,h264,1.79,NeuralTextures,NeuralTextures,,ORIG_436,ORIG_526,PAIR_ORIG_436_ORIG_526,,,526
FFPP_0005527,FaceForensics++,NeuralTextures/527_454.mp4,1,342,1280,720,h264,0.81,NeuralTextures,NeuralTextures,,ORIG_454,ORIG_527,PAIR_ORIG_454_ORIG_527,,,527
FFPP_0005528,FaceForensics++,NeuralTextures/528_510.mp4,1,340,704,480,h264,1.11,NeuralTextures,NeuralTextures,,ORIG_510,ORIG_528,PAIR_ORIG_510_ORIG_528,,,528
FFPP_0005529,FaceForensics++,NeuralTextures/529_633.mp4,1,335,1920,1080,h264,3.1,NeuralTextures,NeuralTextures,,ORIG_633,ORIG_529,PAIR_ORIG_529_ORIG_633,,,529
FFPP_0005530,FaceForensics++,NeuralTextures/530_594.mp4,1,294,1280,720,h264,1.46,NeuralTextures,NeuralTextures,,ORIG_594,ORIG_530,PAIR_ORIG_530_ORIG_594,,,530
FFPP_0005531,FaceForensics++,NeuralTextures/531_549.mp4,1,319,640,480,h264,0.8,NeuralTextures,NeuralTextures,,ORIG_549,ORIG_531,PAIR_ORIG_531_ORIG_549,,,531
FFPP_0005532,FaceForensics++,NeuralTextures/532_544.mp4,1,355,1280,720,h264,1.1,NeuralTextures,NeuralTextures,,ORIG_544,ORIG_532,PAIR_ORIG_532_ORIG_544,,,532
FFPP_0005533,FaceForensics++,NeuralTextures/533_450.mp4,1,558,1920,1080,h264,3.39,NeuralTextures,NeuralTextures,,ORIG_450,ORIG_533,PAIR_ORIG_450_ORIG_533,,,533
FFPP_0005534,FaceForensics++,NeuralTextures/534_490.mp4,1,384,1280,720,h264,1.55,NeuralTextures,NeuralTextures,,ORIG_490,ORIG_534,PAIR_ORIG_490_ORIG_534,,,534
FFPP_0005535,FaceForensics++,NeuralTextures/535_587.mp4,1,626,640,480,h264,0.79,NeuralTextures,NeuralTextures,,ORIG_587,ORIG_535,PAIR_ORIG_535_ORIG_587,,,535
FFPP_0005536,FaceForensics++,NeuralTextures/536_540.mp4,1,603,1280,720,h264,1.91,NeuralTextures,NeuralTextures,,ORIG_540,ORIG_536,PAIR_ORIG_536_ORIG_540,,,536
FFPP_0005537,FaceForensics++,NeuralTextures/537_563.mp4,1,385,1280,720,h264,1.95,NeuralTextures,NeuralTextures,,ORIG_563,ORIG_537,PAIR_ORIG_537_ORIG_563,,,537
FFPP_0005538,FaceForensics++,NeuralTextures/538_493.mp4,1,395,832,480,h264,0.76,NeuralTextures,NeuralTextures,,ORIG_493,ORIG_538,PAIR_ORIG_493_ORIG_538,,,538
FFPP_0005539,FaceForensics++,NeuralTextures/539_499.mp4,1,313,640,480,h264,0.4,NeuralTextures,NeuralTextures,,ORIG_499,ORIG_539,PAIR_ORIG_499_ORIG_539,,,539
FFPP_0005540,FaceForensics++,NeuralTextures/540_536.mp4,1,603,1280,720,h264,1.53,NeuralTextures,NeuralTextures,,ORIG_536,ORIG_540,PAIR_ORIG_536_ORIG_540,,,540
FFPP_0005541,FaceForensics++,NeuralTextures/541_523.mp4,1,375,640,480,h264,0.38,NeuralTextures,NeuralTextures,,ORIG_523,ORIG_541,PAIR_ORIG_523_ORIG_541,,,541
FFPP_0005542,FaceForensics++,NeuralTextures/542_520.mp4,1,320,1280,720,h264,1.09,NeuralTextures,NeuralTextures,,ORIG_520,ORIG_542,PAIR_ORIG_520_ORIG_542,,,542
FFPP_0005543,FaceForensics++,NeuralTextures/543_559.mp4,1,334,640,480,h264,0.58,NeuralTextures,NeuralTextures,,ORIG_559,ORIG_543,PAIR_ORIG_543_ORIG_559,,,543
FFPP_0005544,FaceForensics++,NeuralTextures/544_532.mp4,1,355,1280,720,h264,1.54,NeuralTextures,NeuralTextures,,ORIG_532,ORIG_544,PAIR_ORIG_532_ORIG_544,,,544
FFPP_0005545,FaceForensics++,NeuralTextures/545_553.mp4,1,364,640,480,h264,0.77,NeuralTextures,NeuralTextures,,ORIG_553,ORIG_545,PAIR_ORIG_545_ORIG_553,,,545
FFPP_0005546,FaceForensics++,NeuralTextures/546_621.mp4,1,370,832,480,h264,0.5,NeuralTextures,NeuralTextures,,ORIG_621,ORIG_546,PAIR_ORIG_546_ORIG_621,,,546
FFPP_0005547,FaceForensics++,NeuralTextures/547_574.mp4,1,496,1920,1080,h264,3.62,NeuralTextures,NeuralTextures,,ORIG_574,ORIG_547,PAIR_ORIG_547_ORIG_574,,,547
FFPP_0005548,FaceForensics++,NeuralTextures/548_632.mp4,1,427,1280,720,h264,1.82,NeuralTextures,NeuralTextures,,ORIG_632,ORIG_548,PAIR_ORIG_548_ORIG_632,,,548
FFPP_0005549,FaceForensics++,NeuralTextures/549_531.mp4,1,319,1280,720,h264,6.89,NeuralTextures,NeuralTextures,,ORIG_531,ORIG_549,PAIR_ORIG_531_ORIG_549,,,549
FFPP_0005550,FaceForensics++,NeuralTextures/550_452.mp4,1,444,640,480,h264,0.6,NeuralTextures,NeuralTextures,,ORIG_452,ORIG_550,PAIR_ORIG_452_ORIG_550,,,550
FFPP_0005551,FaceForensics++,NeuralTextures/551_631.mp4,1,424,1280,720,h264,2.89,NeuralTextures,NeuralTextures,,ORIG_631,ORIG_551,PAIR_ORIG_551_ORIG_631,,,551
FFPP_0005552,FaceForensics++,NeuralTextures/552_851.mp4,1,303,1280,720,h264,1.23,NeuralTextures,NeuralTextures,,ORIG_851,ORIG_552,PAIR_ORIG_552_ORIG_851,,,552
FFPP_0005553,FaceForensics++,NeuralTextures/553_545.mp4,1,364,640,480,h264,0.48,NeuralTextures,NeuralTextures,,ORIG_545,ORIG_553,PAIR_ORIG_545_ORIG_553,,,553
FFPP_0005554,FaceForensics++,NeuralTextures/554_572.mp4,1,347,1280,720,h264,1.09,NeuralTextures,NeuralTextures,,ORIG_572,ORIG_554,PAIR_ORIG_554_ORIG_572,,,554
FFPP_0005555,FaceForensics++,NeuralTextures/555_516.mp4,1,354,1920,1080,h264,4.06,NeuralTextures,NeuralTextures,,ORIG_516,ORIG_555,PAIR_ORIG_516_ORIG_555,,,555
FFPP_0005556,FaceForensics++,NeuralTextures/556_588.mp4,1,372,640,480,h264,0.49,NeuralTextures,NeuralTextures,,ORIG_588,ORIG_556,PAIR_ORIG_556_ORIG_588,,,556
FFPP_0005557,FaceForensics++,NeuralTextures/557_560.mp4,1,349,832,480,h264,0.69,NeuralTextures,NeuralTextures,,ORIG_560,ORIG_557,PAIR_ORIG_557_ORIG_560,,,557
FFPP_0005558,FaceForensics++,NeuralTextures/558_583.mp4,1,475,1280,720,h264,2.81,NeuralTextures,NeuralTextures,,ORIG_583,ORIG_558,PAIR_ORIG_558_ORIG_583,,,558
FFPP_0005559,FaceForensics++,NeuralTextures/559_543.mp4,1,334,1280,720,h264,2.29,NeuralTextures,NeuralTextures,,ORIG_543,ORIG_559,PAIR_ORIG_543_ORIG_559,,,559
FFPP_0005560,FaceForensics++,NeuralTextures/560_557.mp4,1,349,640,480,h264,0.39,NeuralTextures,NeuralTextures,,ORIG_557,ORIG_560,PAIR_ORIG_557_ORIG_560,,,560
FFPP_0005561,FaceForensics++,NeuralTextures/561_998.mp4,1,344,1920,1080,h264,2.47,NeuralTextures,NeuralTextures,,ORIG_998,ORIG_561,PAIR_ORIG_561_ORIG_998,,,561
FFPP_0005562,FaceForensics++,NeuralTextures/562_626.mp4,1,467,1280,720,h264,2.89,NeuralTextures,NeuralTextures,,ORIG_626,ORIG_562,PAIR_ORIG_562_ORIG_626,,,562
FFPP_0005563,FaceForensics++,NeuralTextures/563_537.mp4,1,385,640,480,h264,0.57,NeuralTextures,NeuralTextures,,ORIG_537,ORIG_563,PAIR_ORIG_537_ORIG_563,,,563
FFPP_0005564,FaceForensics++,NeuralTextures/564_971.mp4,1,354,1920,1080,h264,2.09,NeuralTextures,NeuralTextures,,ORIG_971,ORIG_564,PAIR_ORIG_564_ORIG_971,,,564
FFPP_0005565,FaceForensics++,NeuralTextures/565_589.mp4,1,430,640,480,h264,0.82,NeuralTextures,NeuralTextures,,ORIG_589,ORIG_565,PAIR_ORIG_565_ORIG_589,,,565
FFPP_0005566,FaceForensics++,NeuralTextures/566_617.mp4,1,312,832,480,h264,1.37,NeuralTextures,NeuralTextures,,ORIG_617,ORIG_566,PAIR_ORIG_566_ORIG_617,,,566
FFPP_0005567,FaceForensics++,NeuralTextures/567_606.mp4,1,337,832,480,h264,0.59,NeuralTextures,NeuralTextures,,ORIG_606,ORIG_567,PAIR_ORIG_567_ORIG_606,,,567
FFPP_0005568,FaceForensics++,NeuralTextures/568_628.mp4,1,570,640,480,h264,0.94,NeuralTextures,NeuralTextures,,ORIG_628,ORIG_568,PAIR_ORIG_568_ORIG_628,,,568
FFPP_0005569,FaceForensics++,NeuralTextures/569_921.mp4,1,296,1920,1080,h264,2.57,NeuralTextures,NeuralTextures,,ORIG_921,ORIG_569,PAIR_ORIG_569_ORIG_921,,,569
FFPP_0005570,FaceForensics++,NeuralTextures/570_624.mp4,1,350,1280,720,h264,1.45,NeuralTextures,NeuralTextures,,ORIG_624,ORIG_570,PAIR_ORIG_570_ORIG_624,,,570
FFPP_0005571,FaceForensics++,NeuralTextures/571_746.mp4,1,493,1280,720,h264,2.46,NeuralTextures,NeuralTextures,,ORIG_746,ORIG_571,PAIR_ORIG_571_ORIG_746,,,571
FFPP_0005572,FaceForensics++,NeuralTextures/572_554.mp4,1,347,1280,720,h264,1.37,NeuralTextures,NeuralTextures,,ORIG_554,ORIG_572,PAIR_ORIG_554_ORIG_572,,,572
FFPP_0005573,FaceForensics++,NeuralTextures/573_757.mp4,1,441,1280,720,h264,2.07,NeuralTextures,NeuralTextures,,ORIG_757,ORIG_573,PAIR_ORIG_573_ORIG_757,,,573
FFPP_0005574,FaceForensics++,NeuralTextures/574_547.mp4,1,496,640,480,h264,0.81,NeuralTextures,NeuralTextures,,ORIG_547,ORIG_574,PAIR_ORIG_547_ORIG_574,,,574
FFPP_0005575,FaceForensics++,NeuralTextures/575_603.mp4,1,296,1280,720,h264,1.59,NeuralTextures,NeuralTextures,,ORIG_603,ORIG_575,PAIR_ORIG_575_ORIG_603,,,575
FFPP_0005576,FaceForensics++,NeuralTextures/576_155.mp4,1,461,1280,720,h264,2.79,NeuralTextures,NeuralTextures,,ORIG_155,ORIG_576,PAIR_ORIG_155_ORIG_576,,,576
FFPP_0005577,FaceForensics++,NeuralTextures/577_593.mp4,1,344,1920,1080,h264,2.24,NeuralTextures,NeuralTextures,,ORIG_593,ORIG_577,PAIR_ORIG_577_ORIG_593,,,577
FFPP_0005578,FaceForensics++,NeuralTextures/578_636.mp4,1,335,1280,720,h264,1.02,NeuralTextures,NeuralTextures,,ORIG_636,ORIG_578,PAIR_ORIG_578_ORIG_636,,,578
FFPP_0005579,FaceForensics++,NeuralTextures/579_701.mp4,1,393,1920,1080,h264,2.62,NeuralTextures,NeuralTextures,,ORIG_701,ORIG_579,PAIR_ORIG_579_ORIG_701,,,579
FFPP_0005580,FaceForensics++,NeuralTextures/580_524.mp4,1,292,1280,720,h264,1.06,NeuralTextures,NeuralTextures,,ORIG_524,ORIG_580,PAIR_ORIG_524_ORIG_580,,,580
FFPP_0005581,FaceForensics++,NeuralTextures/581_697.mp4,1,382,1920,1080,h264,4.16,NeuralTextures,NeuralTextures,,ORIG_697,ORIG_581,PAIR_ORIG_581_ORIG_697,,,581
FFPP_0005582,FaceForensics++,NeuralTextures/582_172.mp4,1,431,640,480,h264,1.78,NeuralTextures,NeuralTextures,,ORIG_172,ORIG_582,PAIR_ORIG_172_ORIG_582,,,582
FFPP_0005583,FaceForensics++,NeuralTextures/583_558.mp4,1,475,1280,720,h264,1.63,NeuralTextures,NeuralTextures,,ORIG_558,ORIG_583,PAIR_ORIG_558_ORIG_583,,,583
FFPP_0005584,FaceForensics++,NeuralTextures/584_823.mp4,1,475,1280,720,h264,1.84,NeuralTextures,NeuralTextures,,ORIG_823,ORIG_584,PAIR_ORIG_584_ORIG_823,,,584
FFPP_0005585,FaceForensics++,NeuralTextures/585_599.mp4,1,359,1280,720,h264,1.49,NeuralTextures,NeuralTextures,,ORIG_599,ORIG_585,PAIR_ORIG_585_ORIG_599,,,585
FFPP_0005586,FaceForensics++,NeuralTextures/586_223.mp4,1,336,1920,1080,h264,3.05,NeuralTextures,NeuralTextures,,ORIG_223,ORIG_586,PAIR_ORIG_223_ORIG_586,,,586
FFPP_0005587,FaceForensics++,NeuralTextures/587_535.mp4,1,626,640,480,h264,0.89,NeuralTextures,NeuralTextures,,ORIG_535,ORIG_587,PAIR_ORIG_535_ORIG_587,,,587
FFPP_0005588,FaceForensics++,NeuralTextures/588_556.mp4,1,372,832,480,h264,0.59,NeuralTextures,NeuralTextures,,ORIG_556,ORIG_588,PAIR_ORIG_556_ORIG_588,,,588
FFPP_0005589,FaceForensics++,NeuralTextures/589_565.mp4,1,430,640,480,h264,0.9,NeuralTextures,NeuralTextures,,ORIG_565,ORIG_589,PAIR_ORIG_565_ORIG_589,,,589
FFPP_0005590,FaceForensics++,NeuralTextures/590_034.mp4,1,407,1920,1080,h264,4.15,NeuralTextures,NeuralTextures,,ORIG_034,ORIG_590,PAIR_ORIG_034_ORIG_590,,,590
FFPP_0005591,FaceForensics++,NeuralTextures/591_605.mp4,1,541,1280,720,h264,2.63,NeuralTextures,NeuralTextures,,ORIG_605,ORIG_591,PAIR_ORIG_591_ORIG_605,,,591
FFPP_0005592,FaceForensics++,NeuralTextures/592_500.mp4,1,292,832,480,h264,0.47,NeuralTextures,NeuralTextures,,ORIG_500,ORIG_592,PAIR_ORIG_500_ORIG_592,,,592
FFPP_0005593,FaceForensics++,NeuralTextures/593_577.mp4,1,344,1920,1080,h264,2.49,NeuralTextures,NeuralTextures,,ORIG_577,ORIG_593,PAIR_ORIG_577_ORIG_593,,,593
FFPP_0005594,FaceForensics++,NeuralTextures/594_530.mp4,1,294,1280,720,h264,1.03,NeuralTextures,NeuralTextures,,ORIG_530,ORIG_594,PAIR_ORIG_530_ORIG_594,,,594
FFPP_0005595,FaceForensics++,NeuralTextures/595_597.mp4,1,297,1280,720,h264,1.06,NeuralTextures,NeuralTextures,,ORIG_597,ORIG_595,PAIR_ORIG_595_ORIG_597,,,595
FFPP_0005596,FaceForensics++,NeuralTextures/596_609.mp4,1,489,576,480,h264,0.92,NeuralTextures,NeuralTextures,,ORIG_609,ORIG_596,PAIR_ORIG_596_ORIG_609,,,596
FFPP_0005597,FaceForensics++,NeuralTextures/597_595.mp4,1,297,640,480,h264,0.46,NeuralTextures,NeuralTextures,,ORIG_595,ORIG_597,PAIR_ORIG_595_ORIG_597,,,597
FFPP_0005598,FaceForensics++,NeuralTextures/598_178.mp4,1,521,640,480,h264,0.47,NeuralTextures,NeuralTextures,,ORIG_178,ORIG_598,PAIR_ORIG_178_ORIG_598,,,598
FFPP_0005599,FaceForensics++,NeuralTextures/599_585.mp4,1,359,1280,720,h264,1.7,NeuralTextures,NeuralTextures,,ORIG_585,ORIG_599,PAIR_ORIG_585_ORIG_599,,,599
FFPP_0005600,FaceForensics++,NeuralTextures/600_505.mp4,1,388,640,480,h264,0.9,NeuralTextures,NeuralTextures,,ORIG_505,ORIG_600,PAIR_ORIG_505_ORIG_600,,,600
FFPP_0005601,FaceForensics++,NeuralTextures/601_653.mp4,1,364,640,480,h264,0.5,NeuralTextures,NeuralTextures,,ORIG_653,ORIG_601,PAIR_ORIG_601_ORIG_653,,,601
FFPP_0005602,FaceForensics++,NeuralTextures/602_397.mp4,1,355,1920,1080,h264,3.16,NeuralTextures,NeuralTextures,,ORIG_397,ORIG_602,PAIR_ORIG_397_ORIG_602,,,602
FFPP_0005603,FaceForensics++,NeuralTextures/603_575.mp4,1,296,1280,720,h264,1.08,NeuralTextures,NeuralTextures,,ORIG_575,ORIG_603,PAIR_ORIG_575_ORIG_603,,,603
FFPP_0005604,FaceForensics++,NeuralTextures/604_703.mp4,1,375,1280,720,h264,1.11,NeuralTextures,NeuralTextures,,ORIG_703,ORIG_604,PAIR_ORIG_604_ORIG_703,,,604
FFPP_0005605,FaceForensics++,NeuralTextures/605_591.mp4,1,541,832,480,h264,0.82,NeuralTextures,NeuralTextures,,ORIG_591,ORIG_605,PAIR_ORIG_591_ORIG_605,,,605
FFPP_0005606,FaceForensics++,NeuralTextures/606_567.mp4,1,340,832,480,h264,0.44,NeuralTextures,NeuralTextures,,ORIG_567,ORIG_606,PAIR_ORIG_567_ORIG_606,,,606
FFPP_0005607,FaceForensics++,NeuralTextures/607_683.mp4,1,302,1920,1080,h264,2.36,NeuralTextures,NeuralTextures,,ORIG_683,ORIG_607,PAIR_ORIG_607_ORIG_683,,,607
FFPP_0005608,FaceForensics++,NeuralTextures/608_675.mp4,1,421,576,480,h264,0.58,NeuralTextures,NeuralTextures,,ORIG_675,ORIG_608,PAIR_ORIG_608_ORIG_675,,,608
FFPP_0005609,FaceForensics++,NeuralTextures/609_596.mp4,1,489,576,480,h264,1.52,NeuralTextures,NeuralTextures,,ORIG_596,ORIG_609,PAIR_ORIG_596_ORIG_609,,,609
FFPP_0005610,FaceForensics++,NeuralTextures/610_692.mp4,1,354,1280,720,h264,1.63,NeuralTextures,NeuralTextures,,ORIG_692,ORIG_610,PAIR_ORIG_610_ORIG_692,,,610
FFPP_0005611,FaceForensics++,NeuralTextures/611_760.mp4,1,306,640,480,h264,0.37,NeuralTextures,NeuralTextures,,ORIG_760,ORIG_611,PAIR_ORIG_611_ORIG_760,,,611
FFPP_0005612,FaceForensics++,NeuralTextures/612_702.mp4,1,420,1280,720,h264,1.95,NeuralTextures,NeuralTextures,,ORIG_702,ORIG_612,PAIR_ORIG_612_ORIG_702,,,612
FFPP_0005613,FaceForensics++,NeuralTextures/613_685.mp4,1,415,1280,720,h264,1.24,NeuralTextures,NeuralTextures,,ORIG_685,ORIG_613,PAIR_ORIG_613_ORIG_685,,,613
FFPP_0005614,FaceForensics++,NeuralTextures/614_616.mp4,1,507,1280,720,h264,2.01,NeuralTextures,NeuralTextures,,ORIG_616,ORIG_614,PAIR_ORIG_614_ORIG_616,,,614
FFPP_0005615,FaceForensics++,NeuralTextures/615_687.mp4,1,452,1280,720,h264,1.7,NeuralTextures,NeuralTextures,,ORIG_687,ORIG_615,PAIR_ORIG_615_ORIG_687,,,615
FFPP_0005616,FaceForensics++,NeuralTextures/616_614.mp4,1,507,640,480,h264,1.13,NeuralTextures,NeuralTextures,,ORIG_614,ORIG_616,PAIR_ORIG_614_ORIG_616,,,616
FFPP_0005617,FaceForensics++,NeuralTextures/617_566.mp4,1,312,832,480,h264,0.58,NeuralTextures,NeuralTextures,,ORIG_566,ORIG_617,PAIR_ORIG_566_ORIG_617,,,617
FFPP_0005618,FaceForensics++,NeuralTextures/618_629.mp4,1,382,1280,720,h264,1.92,NeuralTextures,NeuralTextures,,ORIG_629,ORIG_618,PAIR_ORIG_618_ORIG_629,,,618
FFPP_0005619,FaceForensics++,NeuralTextures/619_620.mp4,1,305,1280,720,h264,0.95,NeuralTextures,NeuralTextures,,ORIG_620,ORIG_619,PAIR_ORIG_619_ORIG_620,,,619
FFPP_0005620,FaceForensics++,NeuralTextures/620_619.mp4,1,305,1920,1080,h264,2.21,NeuralTextures,NeuralTextures,,ORIG_619,ORIG_620,PAIR_ORIG_619_ORIG_620,,,620
FFPP_0005621,FaceForensics++,NeuralTextures/621_546.mp4,1,370,1280,720,h264,1.6,NeuralTextures,NeuralTextures,,ORIG_546,ORIG_621,PAIR_ORIG_546_ORIG_621,,,621
FFPP_0005622,FaceForensics++,NeuralTextures/622_647.mp4,1,371,1280,720,h264,1.07,NeuralTextures,NeuralTextures,,ORIG_647,ORIG_622,PAIR_ORIG_622_ORIG_647,,,622
FFPP_0005623,FaceForensics++,NeuralTextures/623_630.mp4,1,352,640,480,h264,0.63,NeuralTextures,NeuralTextures,,ORIG_630,ORIG_623,PAIR_ORIG_623_ORIG_630,,,623
FFPP_0005624,FaceForensics++,NeuralTextures/624_570.mp4,1,350,832,480,h264,1.28,NeuralTextures,NeuralTextures,,ORIG_570,ORIG_624,PAIR_ORIG_570_ORIG_624,,,624
FFPP_0005625,FaceForensics++,NeuralTextures/625_650.mp4,1,332,640,480,h264,0.59,NeuralTextures,NeuralTextures,,ORIG_650,ORIG_625,PAIR_ORIG_625_ORIG_650,,,625
FFPP_0005626,FaceForensics++,NeuralTextures/626_562.mp4,1,467,832,480,h264,0.95,NeuralTextures,NeuralTextures,,ORIG_562,ORIG_626,PAIR_ORIG_562_ORIG_626,,,626
FFPP_0005627,FaceForensics++,NeuralTextures/627_658.mp4,1,374,576,480,h264,0.79,NeuralTextures,NeuralTextures,,ORIG_658,ORIG_627,PAIR_ORIG_627_ORIG_658,,,627
FFPP_0005628,FaceForensics++,NeuralTextures/628_568.mp4,1,570,640,480,h264,0.8,NeuralTextures,NeuralTextures,,ORIG_568,ORIG_628,PAIR_ORIG_568_ORIG_628,,,628
FFPP_0005629,FaceForensics++,NeuralTextures/629_618.mp4,1,382,1280,720,h264,1.44,NeuralTextures,NeuralTextures,,ORIG_618,ORIG_629,PAIR_ORIG_618_ORIG_629,,,629
FFPP_0005630,FaceForensics++,NeuralTextures/630_623.mp4,1,352,640,480,h264,1.09,NeuralTextures,NeuralTextures,,ORIG_623,ORIG_630,PAIR_ORIG_623_ORIG_630,,,630
FFPP_0005631,FaceForensics++,NeuralTextures/631_551.mp4,1,424,640,480,h264,1.02,NeuralTextures,NeuralTextures,,ORIG_551,ORIG_631,PAIR_ORIG_551_ORIG_631,,,631
FFPP_0005632,FaceForensics++,NeuralTextures/632_548.mp4,1,427,1920,1080,h264,3.76,NeuralTextures,NeuralTextures,,ORIG_548,ORIG_632,PAIR_ORIG_548_ORIG_632,,,632
FFPP_0005633,FaceForensics++,NeuralTextures/633_529.mp4,1,335,1280,720,h264,1.34,NeuralTextures,NeuralTextures,,ORIG_529,ORIG_633,PAIR_ORIG_529_ORIG_633,,,633
FFPP_0005634,FaceForensics++,NeuralTextures/634_660.mp4,1,338,1280,720,h264,1.41,NeuralTextures,NeuralTextures,,ORIG_660,ORIG_634,PAIR_ORIG_634_ORIG_660,,,634
FFPP_0005635,FaceForensics++,NeuralTextures/635_642.mp4,1,573,832,480,h264,1.13,NeuralTextures,NeuralTextures,,ORIG_642,ORIG_635,PAIR_ORIG_635_ORIG_642,,,635
FFPP_0005636,FaceForensics++,NeuralTextures/636_578.mp4,1,335,640,480,h264,0.52,NeuralTextures,NeuralTextures,,ORIG_578,ORIG_636,PAIR_ORIG_578_ORIG_636,,,636
FFPP_0005637,FaceForensics++,NeuralTextures/637_427.mp4,1,468,1280,720,h264,1.04,NeuralTextures,NeuralTextures,,ORIG_427,ORIG_637,PAIR_ORIG_427_ORIG_637,,,637
FFPP_0005638,FaceForensics++,NeuralTextures/638_640.mp4,1,306,1280,720,h264,1.23,NeuralTextures,NeuralTextures,,ORIG_640,ORIG_638,PAIR_ORIG_638_ORIG_640,,,638
FFPP_0005639,FaceForensics++,NeuralTextures/639_841.mp4,1,519,1280,720,h264,1.99,NeuralTextures,NeuralTextures,,ORIG_841,ORIG_639,PAIR_ORIG_639_ORIG_841,,,639
FFPP_0005640,FaceForensics++,NeuralTextures/640_638.mp4,1,306,1280,720,h264,1.28,NeuralTextures,NeuralTextures,,ORIG_638,ORIG_640,PAIR_ORIG_638_ORIG_640,,,640
FFPP_0005641,FaceForensics++,NeuralTextures/641_662.mp4,1,350,1280,720,h264,2.35,NeuralTextures,NeuralTextures,,ORIG_662,ORIG_641,PAIR_ORIG_641_ORIG_662,,,641
FFPP_0005642,FaceForensics++,NeuralTextures/642_635.mp4,1,573,640,480,h264,1.53,NeuralTextures,NeuralTextures,,ORIG_635,ORIG_642,PAIR_ORIG_635_ORIG_642,,,642
FFPP_0005643,FaceForensics++,NeuralTextures/643_646.mp4,1,364,1280,720,h264,1.43,NeuralTextures,NeuralTextures,,ORIG_646,ORIG_643,PAIR_ORIG_643_ORIG_646,,,643
FFPP_0005644,FaceForensics++,NeuralTextures/644_657.mp4,1,413,832,480,h264,0.83,NeuralTextures,NeuralTextures,,ORIG_657,ORIG_644,PAIR_ORIG_644_ORIG_657,,,644
FFPP_0005645,FaceForensics++,NeuralTextures/645_688.mp4,1,554,1920,1080,h264,6.22,NeuralTextures,NeuralTextures,,ORIG_688,ORIG_645,PAIR_ORIG_645_ORIG_688,,,645
FFPP_0005646,FaceForensics++,NeuralTextures/646_643.mp4,1,364,640,480,h264,0.43,NeuralTextures,NeuralTextures,,ORIG_643,ORIG_646,PAIR_ORIG_643_ORIG_646,,,646
FFPP_0005647,FaceForensics++,NeuralTextures/647_622.mp4,1,371,1920,1080,h264,2.53,NeuralTextures,NeuralTextures,,ORIG_622,ORIG_647,PAIR_ORIG_622_ORIG_647,,,647
FFPP_0005648,FaceForensics++,NeuralTextures/648_654.mp4,1,410,1280,720,h264,1.15,NeuralTextures,NeuralTextures,,ORIG_654,ORIG_648,PAIR_ORIG_648_ORIG_654,,,648
FFPP_0005649,FaceForensics++,NeuralTextures/649_816.mp4,1,411,1280,720,h264,1.42,NeuralTextures,NeuralTextures,,ORIG_816,ORIG_649,PAIR_ORIG_649_ORIG_816,,,649
FFPP_0005650,FaceForensics++,NeuralTextures/650_625.mp4,1,332,640,480,h264,0.4,NeuralTextures,NeuralTextures,,ORIG_625,ORIG_650,PAIR_ORIG_625_ORIG_650,,,650
FFPP_0005651,FaceForensics++,NeuralTextures/651_835.mp4,1,380,1280,720,h264,2.23,NeuralTextures,NeuralTextures,,ORIG_835,ORIG_651,PAIR_ORIG_651_ORIG_835,,,651
FFPP_0005652,FaceForensics++,NeuralTextures/652_773.mp4,1,456,1280,720,h264,1.63,NeuralTextures,NeuralTextures,,ORIG_773,ORIG_652,PAIR_ORIG_652_ORIG_773,,,652
FFPP_0005653,FaceForensics++,NeuralTextures/653_601.mp4,1,364,640,480,h264,0.67,NeuralTextures,NeuralTextures,,ORIG_601,ORIG_653,PAIR_ORIG_601_ORIG_653,,,653
FFPP_0005654,FaceForensics++,NeuralTextures/654_648.mp4,1,410,640,480,h264,0.71,NeuralTextures,NeuralTextures,,ORIG_648,ORIG_654,PAIR_ORIG_648_ORIG_654,,,654
FFPP_0005655,FaceForensics++,NeuralTextures/655_444.mp4,1,437,640,480,h264,1.13,NeuralTextures,NeuralTextures,,ORIG_444,ORIG_655,PAIR_ORIG_444_ORIG_655,,,655
FFPP_0005656,FaceForensics++,NeuralTextures/656_666.mp4,1,383,640,480,h264,0.53,NeuralTextures,NeuralTextures,,ORIG_666,ORIG_656,PAIR_ORIG_656_ORIG_666,,,656
FFPP_0005657,FaceForensics++,NeuralTextures/657_644.mp4,1,413,640,480,h264,1.15,NeuralTextures,NeuralTextures,,ORIG_644,ORIG_657,PAIR_ORIG_644_ORIG_657,,,657
FFPP_0005658,FaceForensics++,NeuralTextures/658_627.mp4,1,374,640,480,h264,0.53,NeuralTextures,NeuralTextures,,ORIG_627,ORIG_658,PAIR_ORIG_627_ORIG_658,,,658
FFPP_0005659,FaceForensics++,NeuralTextures/659_749.mp4,1,693,640,480,h264,0.93,NeuralTextures,NeuralTextures,,ORIG_749,ORIG_659,PAIR_ORIG_659_ORIG_749,,,659
FFPP_0005660,FaceForensics++,NeuralTextures/660_634.mp4,1,338,1280,720,h264,3.66,NeuralTextures,NeuralTextures,,ORIG_634,ORIG_660,PAIR_ORIG_634_ORIG_660,,,660
FFPP_0005661,FaceForensics++,NeuralTextures/661_670.mp4,1,481,1280,720,h264,2.88,NeuralTextures,NeuralTextures,,ORIG_670,ORIG_661,PAIR_ORIG_661_ORIG_670,,,661
FFPP_0005662,FaceForensics++,NeuralTextures/662_641.mp4,1,350,1280,720,h264,1.95,NeuralTextures,NeuralTextures,,ORIG_641,ORIG_662,PAIR_ORIG_641_ORIG_662,,,662
FFPP_0005663,FaceForensics++,NeuralTextures/663_231.mp4,1,316,640,480,h264,0.49,NeuralTextures,NeuralTextures,,ORIG_231,ORIG_663,PAIR_ORIG_231_ORIG_663,,,663
FFPP_0005664,FaceForensics++,NeuralTextures/664_668.mp4,1,293,1280,720,h264,1.19,NeuralTextures,NeuralTextures,,ORIG_668,ORIG_664,PAIR_ORIG_664_ORIG_668,,,664
FFPP_0005665,FaceForensics++,NeuralTextures/665_679.mp4,1,324,640,480,h264,0.33,NeuralTextures,NeuralTextures,,ORIG_679,ORIG_665,PAIR_ORIG_665_ORIG_679,,,665
FFPP_0005666,FaceForensics++,NeuralTextures/666_656.mp4,1,383,640,480,h264,0.57,NeuralTextures,NeuralTextures,,ORIG_656,ORIG_666,PAIR_ORIG_656_ORIG_666,,,666
FFPP_0005667,FaceForensics++,NeuralTextures/667_446.mp4,1,423,1920,1080,h264,5.68,NeuralTextures,NeuralTextures,,ORIG_446,ORIG_667,PAIR_ORIG_446_ORIG_667,,,667
FFPP_0005668,FaceForensics++,NeuralTextures/668_664.mp4,1,293,640,480,h264,0.66,NeuralTextures,NeuralTextures,,ORIG_664,ORIG_668,PAIR_ORIG_664_ORIG_668,,,668
FFPP_0005669,FaceForensics++,NeuralTextures/669_682.mp4,1,489,640,480,h264,0.37,NeuralTextures,NeuralTextures,,ORIG_682,ORIG_669,PAIR_ORIG_669_ORIG_682,,,669
FFPP_0005670,FaceForensics++,NeuralTextures/670_661.mp4,1,481,640,480,h264,0.83,NeuralTextures,NeuralTextures,,ORIG_661,ORIG_670,PAIR_ORIG_661_ORIG_670,,,670
FFPP_0005671,FaceForensics++,NeuralTextures/671_677.mp4,1,314,1280,720,h264,1.35,NeuralTextures,NeuralTextures,,ORIG_677,ORIG_671,PAIR_ORIG_671_ORIG_677,,,671
FFPP_0005672,FaceForensics++,NeuralTextures/672_720.mp4,1,541,1280,720,h264,1.72,NeuralTextures,NeuralTextures,,ORIG_720,ORIG_672,PAIR_ORIG_672_ORIG_720,,,672
FFPP_0005673,FaceForensics++,NeuralTextures/673_728.mp4,1,568,640,480,h264,1.02,NeuralTextures,NeuralTextures,,ORIG_728,ORIG_673,PAIR_ORIG_673_ORIG_728,,,673
FFPP_0005674,FaceForensics++,NeuralTextures/674_744.mp4,1,294,640,480,h264,0.67,NeuralTextures,NeuralTextures,,ORIG_744,ORIG_674,PAIR_ORIG_674_ORIG_744,,,674
FFPP_0005675,FaceForensics++,NeuralTextures/675_608.mp4,1,421,576,480,h264,1.16,NeuralTextures,NeuralTextures,,ORIG_608,ORIG_675,PAIR_ORIG_608_ORIG_675,,,675
FFPP_0005676,FaceForensics++,NeuralTextures/676_776.mp4,1,331,1280,720,h264,1.24,NeuralTextures,NeuralTextures,,ORIG_776,ORIG_676,PAIR_ORIG_676_ORIG_776,,,676
FFPP_0005677,FaceForensics++,NeuralTextures/677_671.mp4,1,314,1280,720,h264,1.51,NeuralTextures,NeuralTextures,,ORIG_671,ORIG_677,PAIR_ORIG_671_ORIG_677,,,677
FFPP_0005678,FaceForensics++,NeuralTextures/678_460.mp4,1,400,1920,1080,h264,4.35,NeuralTextures,NeuralTextures,,ORIG_460,ORIG_678,PAIR_ORIG_460_ORIG_678,,,678
FFPP_0005679,FaceForensics++,NeuralTextures/679_665.mp4,1,324,640,480,h264,0.47,NeuralTextures,NeuralTextures,,ORIG_665,ORIG_679,PAIR_ORIG_665_ORIG_679,,,679
FFPP_0005680,FaceForensics++,NeuralTextures/680_486.mp4,1,300,640,480,h264,0.47,NeuralTextures,NeuralTextures,,ORIG_486,ORIG_680,PAIR_ORIG_486_ORIG_680,,,680
FFPP_0005681,FaceForensics++,NeuralTextures/681_711.mp4,1,292,1280,720,h264,1.06,NeuralTextures,NeuralTextures,,ORIG_711,ORIG_681,PAIR_ORIG_681_ORIG_711,,,681
FFPP_0005682,FaceForensics++,NeuralTextures/682_669.mp4,1,489,576,480,h264,0.7,NeuralTextures,NeuralTextures,,ORIG_669,ORIG_682,PAIR_ORIG_669_ORIG_682,,,682
FFPP_0005683,FaceForensics++,NeuralTextures/683_607.mp4,1,302,1920,1080,h264,2.08,NeuralTextures,NeuralTextures,,ORIG_607,ORIG_683,PAIR_ORIG_607_ORIG_683,,,683
FFPP_0005684,FaceForensics++,NeuralTextures/684_717.mp4,1,374,1920,1080,h264,3.2,NeuralTextures,NeuralTextures,,ORIG_717,ORIG_684,PAIR_ORIG_684_ORIG_717,,,684
FFPP_0005685,FaceForensics++,NeuralTextures/685_613.mp4,1,415,1280,720,h264,1.54,NeuralTextures,NeuralTextures,,ORIG_613,ORIG_685,PAIR_ORIG_613_ORIG_685,,,685
FFPP_0005686,FaceForensics++,NeuralTextures/686_696.mp4,1,342,1280,720,h264,1.05,NeuralTextures,NeuralTextures,,ORIG_696,ORIG_686,PAIR_ORIG_686_ORIG_696,,,686
FFPP_0005687,FaceForensics++,NeuralTextures/687_615.mp4,1,452,1280,720,h264,1.39,NeuralTextures,NeuralTextures,,ORIG_615,ORIG_687,PAIR_ORIG_615_ORIG_687,,,687
FFPP_0005688,FaceForensics++,NeuralTextures/688_645.mp4,1,554,1280,720,h264,2.81,NeuralTextures,NeuralTextures,,ORIG_645,ORIG_688,PAIR_ORIG_645_ORIG_688,,,688
FFPP_0005689,FaceForensics++,NeuralTextures/689_690.mp4,1,331,640,480,h264,0.56,NeuralTextures,NeuralTextures,,ORIG_690,ORIG_689,PAIR_ORIG_689_ORIG_690,,,689
FFPP_0005690,FaceForensics++,NeuralTextures/690_689.mp4,1,331,832,480,h264,0.65,NeuralTextures,NeuralTextures,,ORIG_689,ORIG_690,PAIR_ORIG_689_ORIG_690,,,690
FFPP_0005691,FaceForensics++,NeuralTextures/691_732.mp4,1,426,1280,720,h264,1.44,NeuralTextures,NeuralTextures,,ORIG_732,ORIG_691,PAIR_ORIG_691_ORIG_732,,,691
FFPP_0005692,FaceForensics++,NeuralTextures/692_610.mp4,1,354,1280,720,h264,2.21,NeuralTextures,NeuralTextures,,ORIG_610,ORIG_692,PAIR_ORIG_610_ORIG_692,,,692
FFPP_0005693,FaceForensics++,NeuralTextures/693_698.mp4,1,304,640,480,h264,0.77,NeuralTextures,NeuralTextures,,ORIG_698,ORIG_693,PAIR_ORIG_693_ORIG_698,,,693
FFPP_0005694,FaceForensics++,NeuralTextures/694_767.mp4,1,299,832,480,h264,0.76,NeuralTextures,NeuralTextures,,ORIG_767,ORIG_694,PAIR_ORIG_694_ORIG_767,,,694
FFPP_0005695,FaceForensics++,NeuralTextures/695_422.mp4,1,310,1920,1080,h264,2.66,NeuralTextures,NeuralTextures,,ORIG_422,ORIG_695,PAIR_ORIG_422_ORIG_695,,,695
FFPP_0005696,FaceForensics++,NeuralTextures/696_686.mp4,1,342,640,480,h264,0.57,NeuralTextures,NeuralTextures,,ORIG_686,ORIG_696,PAIR_ORIG_686_ORIG_696,,,696
FFPP_0005697,FaceForensics++,NeuralTextures/697_581.mp4,1,382,1280,720,h264,1.67,NeuralTextures,NeuralTextures,,ORIG_581,ORIG_697,PAIR_ORIG_581_ORIG_697,,,697
FFPP_0005698,FaceForensics++,NeuralTextures/698_693.mp4,1,304,640,480,h264,0.4,NeuralTextures,NeuralTextures,,ORIG_693,ORIG_698,PAIR_ORIG_693_ORIG_698,,,698
FFPP_0005699,FaceForensics++,NeuralTextures/699_734.mp4,1,524,576,480,h264,0.59,NeuralTextures,NeuralTextures,,ORIG_734,ORIG_699,PAIR_ORIG_699_ORIG_734,,,699
FFPP_0006000,FaceForensics++,original/000.mp4,0,396,640,480,h264,0.85,Original,,,ORIG_000,ORIG_000,PAIR_ORIG_000_ORIG_003,,,0
FFPP_0006001,FaceForensics++,original/001.mp4,0,460,1280,720,h264,2.78,Original,,,ORIG_001,ORIG_001,PAIR_ORIG_001_ORIG_870,,,1
FFPP_0006002,FaceForensics++,original/002.mp4,0,693,1280,720,h264,2.02,Original,,,ORIG_002,ORIG_002,PAIR_ORIG_002_ORIG_006,,,2
FFPP_0006003,FaceForensics++,original/003.mp4,0,303,640,480,h264,0.58,Original,,,ORIG_003,ORIG_003,PAIR_ORIG_000_ORIG_003,,,3
FFPP_0006004,FaceForensics++,original/004.mp4,0,309,1280,720,h264,1.2,Original,,,ORIG_004,ORIG_004,PAIR_ORIG_004_ORIG_982,,,4
FFPP_0006005,FaceForensics++,original/005.mp4,0,385,720,480,h264,1.51,Original,,,ORIG_005,ORIG_005,PAIR_ORIG_005_ORIG_010,,,5
FFPP_0006006,FaceForensics++,original/006.mp4,0,310,1280,720,h264,0.82,Original,,,ORIG_006,ORIG_006,PAIR_ORIG_002_ORIG_006,,,6
FFPP_0006007,FaceForensics++,original/007.mp4,0,505,600,480,h264,1.02,Original,,,ORIG_007,ORIG_007,PAIR_ORIG_007_ORIG_132,,,7
FFPP_0006008,FaceForensics++,original/008.mp4,0,637,640,480,h264,0.99,Original,,,ORIG_008,ORIG_008,PAIR_ORIG_008_ORIG_990,,,8
FFPP_0006009,FaceForensics++,original/009.mp4,0,588,640,480,h264,0.74,Original,,,ORIG_009,ORIG_009,PAIR_ORIG_009_ORIG_027,,,9
FFPP_0006010,FaceForensics++,original/010.mp4,0,474,640,480,h264,1.42,Original,,,ORIG_010,ORIG_010,PAIR_ORIG_005_ORIG_010,,,10
FFPP_0006011,FaceForensics++,original/011.mp4,0,632,1280,720,h264,3.23,Original,,,ORIG_011,ORIG_011,PAIR_ORIG_011_ORIG_805,,,11
FFPP_0006012,FaceForensics++,original/012.mp4,0,363,640,480,h264,0.69,Original,,,ORIG_012,ORIG_012,PAIR_ORIG_012_ORIG_026,,,12
FFPP_0006013,FaceForensics++,original/013.mp4,0,332,640,480,h264,0.59,Original,,,ORIG_013,ORIG_013,PAIR_ORIG_013_ORIG_883,,,13
FFPP_0006014,FaceForensics++,original/014.mp4,0,676,640,480,h264,3.3,Original,,,ORIG_014,ORIG_014,PAIR_ORIG_014_ORIG_790,,,14
FFPP_0006015,FaceForensics++,original/015.mp4,0,437,640,480,h264,0.83,Original,,,ORIG_015,ORIG_015,PAIR_ORIG_015_ORIG_919,,,15
FFPP_0006016,FaceForensics++,original/016.mp4,0,678,640,480,h264,1.48,Original,,,ORIG_016,ORIG_016,PAIR_ORIG_016_ORIG_209,,,16
FFPP_0006017,FaceForensics++,original/017.mp4,0,398,1280,720,h264,1.64,Original,,,ORIG_017,ORIG_017,PAIR_ORIG_017_ORIG_803,,,17
FFPP_0006018,FaceForensics++,original/018.mp4,0,432,640,480,h264,0.4,Original,,,ORIG_018,ORIG_018,PAIR_ORIG_018_ORIG_019,,,18
FFPP_0006019,FaceForensics++,original/019.mp4,0,1385,640,480,h264,2.36,Original,,,ORIG_019,ORIG_019,PAIR_ORIG_018_ORIG_019,,,19
FFPP_0006020,FaceForensics++,original/020.mp4,0,390,1280,720,h264,1.71,Original,,,ORIG_020,ORIG_020,PAIR_ORIG_020_ORIG_344,,,20
FFPP_0006021,FaceForensics++,original/021.mp4,0,431,654,480,h264,0.49,Original,,,ORIG_021,ORIG_021,PAIR_ORIG_021_ORIG_312,,,21
FFPP_0006022,FaceForensics++,original/022.mp4,0,325,1280,720,h264,1.17,Original,,,ORIG_022,ORIG_022,PAIR_ORIG_022_ORIG_489,,,22
FFPP_0006023,FaceForensics++,original/023.mp4,0,553,640,480,h264,1.74,Original,,,ORIG_023,ORIG_023,PAIR_ORIG_023_ORIG_923,,,23
FFPP_0006024,FaceForensics++,original/024.mp4,0,306,640,480,h264,0.52,Original,,,ORIG_024,ORIG_024,PAIR_ORIG_024_ORIG_073,,,24
FFPP_0006025,FaceForensics++,original/025.mp4,0,747,1440,1080,h264,3.26,Original,,,ORIG_025,ORIG_025,PAIR_ORIG_025_ORIG_067,,,25
FFPP_0006026,FaceForensics++,original/026.mp4,0,322,640,480,h264,0.5,Original,,,ORIG_026,ORIG_026,PAIR_ORIG_012_ORIG_026,,,26
FFPP_0006027,FaceForensics++,original/027.mp4,0,315,640,480,h264,0.85,Original,,,ORIG_027,ORIG_027,PAIR_ORIG_009_ORIG_027,,,27
FFPP_0006028,FaceForensics++,original/028.mp4,0,434,848,480,h264,0.82,Original,,,ORIG_028,ORIG_028,PAIR_ORIG_028_ORIG_068,,,28
FFPP_0006029,FaceForensics++,original/029.mp4,0,416,586,480,h264,0.48,Original,,,ORIG_029,ORIG_029,PAIR_ORIG_029_ORIG_048,,,29
FFPP_0006030,FaceForensics++,original/030.mp4,0,297,1920,1080,h264,3.44,Original,,,ORIG_030,ORIG_030,PAIR_ORIG_030_ORIG_193,,,30
FFPP_0006031,FaceForensics++,original/031.mp4,0,482,1280,720,h264,1.52,Original,,,ORIG_031,ORIG_031,PAIR_ORIG_031_ORIG_163,,,31
FFPP_0006032,FaceForensics++,original/032.mp4,0,310,1280,720,h264,1.62,Original,,,ORIG_032,ORIG_032,PAIR_ORIG_032_ORIG_944,,,32
FFPP_0006033,FaceForensics++,original/033.mp4,0,809,854,480,h264,1.78,Original,,,ORIG_033,ORIG_033,PAIR_ORIG_033_ORIG_097,,,33
FFPP_0006034,FaceForensics++,original/034.mp4,0,407,960,720,h264,1.17,Original,,,ORIG_034,ORIG_034,PAIR_ORIG_034_ORIG_590,,,34
FFPP_0006035,FaceForensics++,original/035.mp4,0,423,640,480,h264,0.56,Original,,,ORIG_035,ORIG_035,PAIR_ORIG_035_ORIG_036,,,35
FFPP_0006036,FaceForensics++,original/036.mp4,0,337,640,480,h264,0.92,Original,,,ORIG_036,ORIG_036,PAIR_ORIG_035_ORIG_036,,,36
FFPP_0006037,FaceForensics++,original/037.mp4,0,454,656,480,h264,0.76,Original,,,ORIG_037,ORIG_037,PAIR_ORIG_037_ORIG_072,,,37
FFPP_0006038,FaceForensics++,original/038.mp4,0,305,854,480,h264,0.54,Original,,,ORIG_038,ORIG_038,PAIR_ORIG_038_ORIG_125,,,38
FFPP_0006039,FaceForensics++,original/039.mp4,0,609,654,480,h264,1.04,Original,,,ORIG_039,ORIG_039,PAIR_ORIG_039_ORIG_058,,,39
FFPP_0006040,FaceForensics++,original/040.mp4,0,548,1280,720,h264,2.79,Original,,,ORIG_040,ORIG_040,PAIR_ORIG_040_ORIG_997,,,40
FFPP_0006041,FaceForensics++,original/041.mp4,0,349,656,480,h264,0.66,Original,,,ORIG_041,ORIG_041,PAIR_ORIG_041_ORIG_063,,,41
FFPP_0006042,FaceForensics++,original/042.mp4,0,338,640,480,h264,1.12,Original,,,ORIG_042,ORIG_042,PAIR_ORIG_042_ORIG_084,,,42
FFPP_0006043,FaceForensics++,original/043.mp4,0,495,1280,720,h264,1.54,Original,,,ORIG_043,ORIG_043,PAIR_ORIG_043_ORIG_110,,,43
FFPP_0006044,FaceForensics++,original/044.mp4,0,335,1280,720,h264,1.73,Original,,,ORIG_044,ORIG_044,PAIR_ORIG_044_ORIG_945,,,44
FFPP_0006045,FaceForensics++,original/045.mp4,0,350,1920,1080,h264,4.54,Original,,,ORIG_045,ORIG_045,PAIR_ORIG_045_ORIG_889,,,45
FFPP_0006046,FaceForensics++,original/046.mp4,0,504,1280,720,h264,2.17,Original,,,ORIG_046,ORIG_046,PAIR_ORIG_046_ORIG_904,,,46
FFPP_0006047,FaceForensics++,original/047.mp4,0,319,854,480,h264,0.5,Original,,,ORIG_047,ORIG_047,PAIR_ORIG_047_ORIG_862,,,47
FFPP_0006048,FaceForensics++,original/048.mp4,0,485,640,480,h264,1.16,Original,,,ORIG_048,ORIG_048,PAIR_ORIG_029_ORIG_048,,,48
FFPP_0006049,FaceForensics++,original/049.mp4,0,360,640,480,h264,0.44,Original,,,ORIG_049,ORIG_049,PAIR_ORIG_049_ORIG_946,,,49
FFPP_0006050,FaceForensics++,original/050.mp4,0,530,640,480,h264,0.58,Original,,,ORIG_050,ORIG_050,PAIR_ORIG_050_ORIG_059,,,50
FFPP_0006051,FaceForensics++,original/051.mp4,0,717,1280,720,h264,2.57,Original,,,ORIG_051,ORIG_051,PAIR_ORIG_051_ORIG_332,,,51
FFPP_0006052,FaceForensics++,original/052.mp4,0,323,1920,1080,h264,2.65,Original,,,ORIG_052,ORIG_052,PAIR_ORIG_052_ORIG_108,,,52
FFPP_0006053,FaceForensics++,original/053.mp4,0,417,656,480,h264,0.61,Original,,,ORIG_053,ORIG_053,PAIR_ORIG_053_ORIG_095,,,53
FFPP_0006054,FaceForensics++,original/054.mp4,0,368,640,480,h264,0.71,Original,,,ORIG_054,ORIG_054,PAIR_ORIG_054_ORIG_071,,,54
FFPP_0006055,FaceForensics++,original/055.mp4,0,394,640,480,h264,0.57,Original,,,ORIG_055,ORIG_055,PAIR_ORIG_055_ORIG_147,,,55
FFPP_0006056,FaceForensics++,original/056.mp4,0,373,1280,720,h264,1.08,Original,,,ORIG_056,ORIG_056,PAIR_ORIG_056_ORIG_996,,,56
FFPP_0006057,FaceForensics++,original/057.mp4,0,431,656,480,h264,1.26,Original,,,ORIG_057,ORIG_057,PAIR_ORIG_057_ORIG_070,,,57
FFPP_0006058,FaceForensics++,original/058.mp4,0,669,720,480,h264,1.15,Original,,,ORIG_058,ORIG_058,PAIR_ORIG_039_ORIG_058,,,58
FFPP_0006059,FaceForensics++,original/059.mp4,0,721,640,480,h264,1.49,Original,,,ORIG_059,ORIG_059,PAIR_ORIG_050_ORIG_059,,,59
FFPP_0006060,FaceForensics++,original/060.mp4,0,844,600,480,h264,4.07,Original,,,ORIG_060,ORIG_060,PAIR_ORIG_060_ORIG_088,,,60
FFPP_0006061,FaceForensics++,original/061.mp4,0,337,654,480,h264,0.69,Original,,,ORIG_061,ORIG_061,PAIR_ORIG_061_ORIG_080,,,61
FFPP_0006062,FaceForensics++,original/062.mp4,0,423,640,480,h264,0.65,Original,,,ORIG_062,ORIG_062,PAIR_ORIG_062_ORIG_066,,,62
FFPP_0006063,FaceForensics++,original/063.mp4,0,930,640,480,h264,1.99,Original,,,ORIG_063,ORIG_063,PAIR_ORIG_041_ORIG_063,,,63
FFPP_0006064,FaceForensics++,original/064.mp4,0,402,640,480,h264,0.85,Original,,,ORIG_064,ORIG_064,PAIR_ORIG_064_ORIG_991,,,64
FFPP_0006065,FaceForensics++,original/065.mp4,0,442,1280,720,h264,3.27,Original,,,ORIG_065,ORIG_065,PAIR_ORIG_065_ORIG_089,,,65
FFPP_0006066,FaceForensics++,original/066.mp4,0,435,720,480,h264,1.49,Original,,,ORIG_066,ORIG_066,PAIR_ORIG_062_ORIG_066,,,66
FFPP_0006067,FaceForensics++,original/067.mp4,0,538,1280,720,h264,2.11,Original,,,ORIG_067,ORIG_067,PAIR_ORIG_025_ORIG_067,,,67
FFPP_0006068,FaceForensics++,original/068.mp4,0,401,640,480,h264,0.73,Original,,,ORIG_068,ORIG_068,PAIR_ORIG_028_ORIG_068,,,68
FFPP_0006069,FaceForensics++,original/069.mp4,0,774,1280,720,h264,3.77,Original,,,ORIG_069,ORIG_069,PAIR_ORIG_069_ORIG_961,,,69
FFPP_0006070,FaceForensics++,original/070.mp4,0,367,640,480,h264,0.81,Original,,,ORIG_070,ORIG_070,PAIR_ORIG_057_ORIG_070,,,70
FFPP_0006071,FaceForensics++,original/071.mp4,0,453,654,480,h264,1.33,Original,,,ORIG_071,ORIG_071,PAIR_ORIG_054_ORIG_071,,,71
FFPP_0006072,FaceForensics++,original/072.mp4,0,311,656,480,h264,0.84,Original,,,ORIG_072,ORIG_072,PAIR_ORIG_037_ORIG_072,,,72
FFPP_0006073,FaceForensics++,original/073.mp4,0,703,1280,720,h264,2.72,Original,,,ORIG_073,ORIG_073,PAIR_ORIG_024_ORIG_073,,,73
FFPP_0006074,FaceForensics++,original/074.mp4,0,345,1920,1080,h264,2.86,Original,,,ORIG_074,ORIG_074,PAIR_ORIG_074_ORIG_825,,,74
FFPP_0006075,FaceForensics++,original/075.mp4,0,613,1280,720,h264,2.87,Original,,,ORIG_075,ORIG_075,PAIR_ORIG_075_ORIG_977,,,75
FFPP_0006076,FaceForensics++,original/076.mp4,0,329,1280,720,h264,1.25,Original,,,ORIG_076,ORIG_076,PAIR_ORIG_076_ORIG_079,,,76
FFPP_0006077,FaceForensics++,original/077.mp4,0,611,640,480,h264,0.85,Original,,,ORIG_077,ORIG_077,PAIR_ORIG_077_ORIG_100,,,77
FFPP_0006078,FaceForensics++,original/078.mp4,0,523,1280,720,h264,1.99,Original,,,ORIG_078,ORIG_078,PAIR_ORIG_078_ORIG_955,,,78
FFPP_0006079,FaceForensics++,original/079.mp4,0,424,1280,720,h264,1.54,Original,,,ORIG_079,ORIG_079,PAIR_ORIG_076_ORIG_079,,,79
FFPP_0006080,FaceForensics++,original/080.mp4,0,483,656,480,h264,0.55,Original,,,ORIG_080,ORIG_080,PAIR_ORIG_061_ORIG_080,,,80
FFPP_0006081,FaceForensics++,original/081.mp4,0,1170,600,480,h264,2.2,Original,,,ORIG_081,ORIG_081,PAIR_ORIG_081_ORIG_087,,,81
FFPP_0006082,FaceForensics++,original/082.mp4,0,316,640,480,h264,0.62,Original,,,ORIG_082,ORIG_082,PAIR_ORIG_082_ORIG_103,,,82
FFPP_0006083,FaceForensics++,original/083.mp4,0,545,1920,1080,h264,5.26,Original,,,ORIG_083,ORIG_083,PAIR_ORIG_083_ORIG_213,,,83
FFPP_0006084,FaceForensics++,original/084.mp4,0,375,1920,1080,h264,4.52,Original,,,ORIG_084,ORIG_084,PAIR_ORIG_042_ORIG_084,,,84
FFPP_0006085,FaceForensics++,original/085.mp4,0,329,640,480,h264,1.78,Original,,,ORIG_085,ORIG_085,PAIR_ORIG_085_ORIG_124,,,85
FFPP_0006086,FaceForensics++,original/086.mp4,0,935,1280,720,h264,2.55,Original,,,ORIG_086,ORIG_086,PAIR_ORIG_086_ORIG_090,,,86
FFPP_0006087,FaceForensics++,original/087.mp4,0,309,640,480,h264,0.36,Original,,,ORIG_087,ORIG_087,PAIR_ORIG_081_ORIG_087,,,87
FFPP_0006088,FaceForensics++,original/088.mp4,0,665,640,480,h264,2.06,Original,,,ORIG_088,ORIG_088,PAIR_ORIG_060_ORIG_088,,,88
FFPP_0006089,FaceForensics++,original/089.mp4,0,751,1280,720,h264,3.04,Original,,,ORIG_089,ORIG_089,PAIR_ORIG_065_ORIG_089,,,89
FFPP_0006090,FaceForensics++,original/090.mp4,0,687,1280,720,h264,4.49,Original,,,ORIG_090,ORIG_090,PAIR_ORIG_086_ORIG_090,,,90
FFPP_0006091,FaceForensics++,original/091.mp4,0,639,658,480,h264,1.55,Original,,,ORIG_091,ORIG_091,PAIR_ORIG_091_ORIG_116,,,91
FFPP_0006092,FaceForensics++,original/092.mp4,0,460,720,480,h264,0.96,Original,,,ORIG_092,ORIG_092,PAIR_ORIG_092_ORIG_098,,,92
FFPP_0006093,FaceForensics++,original/093.mp4,0,308,1280,720,h264,2.15,Original,,,ORIG_093,ORIG_093,PAIR_ORIG_093_ORIG_121,,,93
FFPP_0006094,FaceForensics++,original/094.mp4,0,559,1280,720,h264,2.38,Original,,,ORIG_094,ORIG_094,PAIR_ORIG_094_ORIG_111,,,94
FFPP_0006095,FaceForensics++,original/095.mp4,0,1006,640,480,h264,2.08,Original,,,ORIG_095,ORIG_095,PAIR_ORIG_053_ORIG_095,,,95
FFPP_0006096,FaceForensics++,original/096.mp4,0,504,1920,1080,h264,5.07,Original,,,ORIG_096,ORIG_096,PAIR_ORIG_096_ORIG_101,,,96
FFPP_0006097,FaceForensics++,original/097.mp4,0,478,640,480,h264,0.99,Original,,,ORIG_097,ORIG_097,PAIR_ORIG_033_ORIG_097,,,97
FFPP_0006098,FaceForensics++,original/098.mp4,0,299,656,480,h264,0.4,Original,,,ORIG_098,ORIG_098,PAIR_ORIG_092_ORIG_098,,,98
FFPP_0006099,FaceForensics++,original/099.mp4,0,613,1920,1080,h264,10.0,Original,,,ORIG_099,ORIG_099,PAIR_ORIG_099_ORIG_295,,,99
FFPP_0006100,FaceForensics++,original/100.mp4,0,423,640,480,h264,0.88,Original,,,ORIG_100,ORIG_100,PAIR_ORIG_077_ORIG_100,,,100
FFPP_0006101,FaceForensics++,original/101.mp4,0,1148,854,480,h264,2.35,Original,,,ORIG_101,ORIG_101,PAIR_ORIG_096_ORIG_101,,,101
FFPP_0006102,FaceForensics++,original/102.mp4,0,389,720,480,h264,0.96,Original,,,ORIG_102,ORIG_102,PAIR_ORIG_102_ORIG_114,,,102
FFPP_0006103,FaceForensics++,original/103.mp4,0,595,656,480,h264,1.7,Original,,,ORIG_103,ORIG_103,PAIR_ORIG_082_ORIG_103,,,103
FFPP_0006104,FaceForensics++,original/104.mp4,0,462,640,480,h264,1.22,Original,,,ORIG_104,ORIG_104,PAIR_ORIG_104_ORIG_126,,,104
FFPP_0006105,FaceForensics++,original/105.mp4,0,300,640,480,h264,1.07,Original,,,ORIG_105,ORIG_105,PAIR_ORIG_105_ORIG_180,,,105
FFPP_0006106,FaceForensics++,original/106.mp4,0,356,854,480,h264,0.46,Original,,,ORIG_106,ORIG_106,PAIR_ORIG_106_ORIG_198,,,106
FFPP_0006107,FaceForensics++,original/107.mp4,0,556,640,480,h264,1.08,Original,,,ORIG_107,ORIG_107,PAIR_ORIG_107_ORIG_109,,,107
FFPP_0006108,FaceForensics++,original/108.mp4,0,300,1440,1080,h264,3.66,Original,,,ORIG_108,ORIG_108,PAIR_ORIG_052_ORIG_108,,,108
FFPP_0006109,FaceForensics++,original/109.mp4,0,298,640,480,h264,0.99,Original,,,ORIG_109,ORIG_109,PAIR_ORIG_107_ORIG_109,,,109
FFPP_0006110,FaceForensics++,original/110.mp4,0,565,960,720,h264,1.18,Original,,,ORIG_110,ORIG_110,PAIR_ORIG_043_ORIG_110,,,110
FFPP_0006111,FaceForensics++,original/111.mp4,0,433,640,480,h264,0.92,Original,,,ORIG_111,ORIG_111,PAIR_ORIG_094_ORIG_111,,,111
FFPP_0006112,FaceForensics++,original/112.mp4,0,418,1920,1080,h264,5.35,Original,,,ORIG_112,ORIG_112,PAIR_ORIG_112_ORIG_892,,,112
FFPP_0006113,FaceForensics++,original/113.mp4,0,841,1280,720,h264,4.11,Original,,,ORIG_113,ORIG_113,PAIR_ORIG_113_ORIG_983,,,113
FFPP_0006114,FaceForensics++,original/114.mp4,0,1269,640,480,h264,2.52,Original,,,ORIG_114,ORIG_114,PAIR_ORIG_102_ORIG_114,,,114
FFPP_0006115,FaceForensics++,original/115.mp4,0,320,1280,720,h264,1.29,Original,,,ORIG_115,ORIG_115,PAIR_ORIG_115_ORIG_939,,,115
FFPP_0006116,FaceForensics++,original/116.mp4,0,327,640,480,h264,0.65,Original,,,ORIG_116,ORIG_116,PAIR_ORIG_091_ORIG_116,,,116
FFPP_0006117,FaceForensics++,original/117.mp4,0,548,1280,720,h264,3.69,Original,,,ORIG_117,ORIG_117,PAIR_ORIG_117_ORIG_217,,,117
FFPP_0006118,FaceForensics++,original/118.mp4,0,352,852,480,h264,0.94,Original,,,ORIG_118,ORIG_118,PAIR_ORIG_118_ORIG_120,,,118
FFPP_0006119,FaceForensics++,original/119.mp4,0,502,640,480,h264,0.83,Original,,,ORIG_119,ORIG_119,PAIR_ORIG_119_ORIG_123,,,119
FFPP_0006120,FaceForensics++,original/120.mp4,0,405,640,480,h264,1.08,Original,,,ORIG_120,ORIG_120,PAIR_ORIG_118_ORIG_120,,,120
FFPP_0006121,FaceForensics++,original/121.mp4,0,553,1920,1080,h264,3.95,Original,,,ORIG_121,ORIG_121,PAIR_ORIG_093_ORIG_121,,,121
FFPP_0006122,FaceForensics++,original/122.mp4,0,309,1264,720,h264,1.49,Original,,,ORIG_122,ORIG_122,PAIR_ORIG_122_ORIG_144,,,122
FFPP_0006123,FaceForensics++,original/123.mp4,0,514,640,480,h264,1.16,Original,,,ORIG_123,ORIG_123,PAIR_ORIG_119_ORIG_123,,,123
FFPP_0006124,FaceForensics++,original/124.mp4,0,318,600,480,h264,0.68,Original,,,ORIG_124,ORIG_124,PAIR_ORIG_085_ORIG_124,,,124
FFPP_0006125,FaceForensics++,original/125.mp4,0,500,1280,720,h264,2.31,Original,,,ORIG_125,ORIG_125,PAIR_ORIG_038_ORIG_125,,,125
FFPP_0006126,FaceForensics++,original/126.mp4,0,328,640,480,h264,0.66,Original,,,ORIG_126,ORIG_126,PAIR_ORIG_104_ORIG_126,,,126
FFPP_0006127,FaceForensics++,original/127.mp4,0,864,1280,720,h264,2.83,Original,,,ORIG_127,ORIG_127,PAIR_ORIG_127_ORIG_129,,,127
FFPP_0006128,FaceForensics++,original/128.mp4,0,735,640,480,h264,1.25,Original,,,ORIG_128,ORIG_128,PAIR_ORIG_128_ORIG_896,,,128
FFPP_0006129,FaceForensics++,original/129.mp4,0,330,1280,720,h264,1.63,Original,,,ORIG_129,ORIG_129,PAIR_ORIG_127_ORIG_129,,,129
FFPP_0006130,FaceForensics++,original/130.mp4,0,662,656,480,h264,2.17,Original,,,ORIG_130,ORIG_130,PAIR_ORIG_130_ORIG_139,,,130
FFPP_0006131,FaceForensics++,original/131.mp4,0,306,600,480,h264,0.55,Original,,,ORIG_131,ORIG_131,PAIR_ORIG_131_ORIG_518,,,131
FFPP_0006132,FaceForensics++,original/132.mp4,0,413,640,480,h264,0.39,Original,,,ORIG_132,ORIG_132,PAIR_ORIG_007_ORIG_132,,,132
FFPP_0006133,FaceForensics++,original/133.mp4,0,767,720,480,h264,1.09,Original,,,ORIG_133,ORIG_133,PAIR_ORIG_133_ORIG_148,,,133
FFPP_0006134,FaceForensics++,original/134.mp4,0,346,1280,720,h264,1.98,Original,,,ORIG_134,ORIG_134,PAIR_ORIG_134_ORIG_192,,,134
FFPP_0006135,FaceForensics++,original/135.mp4,0,327,1280,720,h264,1.21,Original,,,ORIG_135,ORIG_135,PAIR_ORIG_135_ORIG_880,,,135
FFPP_0006136,FaceForensics++,original/136.mp4,0,611,1280,720,h264,3.55,Original,,,ORIG_136,ORIG_136,PAIR_ORIG_136_ORIG_285,,,136
FFPP_0006137,FaceForensics++,original/137.mp4,0,606,720,480,h264,2.15,Original,,,ORIG_137,ORIG_137,PAIR_ORIG_137_ORIG_165,,,137
FFPP_0006138,FaceForensics++,original/138.mp4,0,410,600,480,h264,0.44,Original,,,ORIG_138,ORIG_138,PAIR_ORIG_138_ORIG_142,,,138
FFPP_0006139,FaceForensics++,original/139.mp4,0,378,600,480,h264,0.54,Original,,,ORIG_139,ORIG_139,PAIR_ORIG_130_ORIG_139,,,139
FFPP_0006140,FaceForensics++,original/140.mp4,0,485,640,480,h264,2.27,Original,,,ORIG_140,ORIG_140,PAIR_ORIG_140_ORIG_143,,,140
FFPP_0006141,FaceForensics++,original/141.mp4,0,508,854,480,h264,1.15,Original,,,ORIG_141,ORIG_141,PAIR_ORIG_141_ORIG_161,,,141
FFPP_0006142,FaceForensics++,original/142.mp4,0,962,600,480,h264,1.35,Original,,,ORIG_142,ORIG_142,PAIR_ORIG_138_ORIG_142,,,142
FFPP_0006143,FaceForensics++,original/143.mp4,0,414,640,480,h264,0.69,Original,,,ORIG_143,ORIG_143,PAIR_ORIG_140_ORIG_143,,,143
FFPP_0006144,FaceForensics++,original/144.mp4,0,344,1280,720,h264,1.03,Original,,,ORIG_144,ORIG_144,PAIR_ORIG_122_ORIG_144,,,144
FFPP_0006145,FaceForensics++,original/145.mp4,0,475,600,480,h264,0.57,Original,,,ORIG_145,ORIG_145,PAIR_ORIG_145_ORIG_299,,,145
FFPP_0006146,FaceForensics++,original/146.mp4,0,1003,1280,720,h264,6.28,Original,,,ORIG_146,ORIG_146,PAIR_ORIG_146_ORIG_256,,,146
FFPP_0006147,FaceForensics++,original/147.mp4,0,667,600,480,h264,1.31,Original,,,ORIG_147,ORIG_147,PAIR_ORIG_055_ORIG_147,,,147
FFPP_0006148,FaceForensics++,original/148.mp4,0,475,640,480,h264,0.74,Original,,,ORIG_148,ORIG_148,PAIR_ORIG_133_ORIG_148,,,148
FFPP_0006149,FaceForensics++,original/149.mp4,0,363,854,480,h264,0.88,Original,,,ORIG_149,ORIG_149,PAIR_ORIG_149_ORIG_152,,,149
FFPP_0006150,FaceForensics++,original/150.mp4,0,456,854,480,h264,0.56,Original,,,ORIG_150,ORIG_150,PAIR_ORIG_150_ORIG_153,,,150
FFPP_0006151,FaceForensics++,original/151.mp4,0,347,1280,720,h264,2.09,Original,,,ORIG_151,ORIG_151,PAIR_ORIG_151_ORIG_225,,,151
FFPP_0006152,FaceForensics++,original/152.mp4,0,313,656,480,h264,0.66,Original,,,ORIG_152,ORIG_152,PAIR_ORIG_149_ORIG_152,,,152
FFPP_0006153,FaceForensics++,original/153.mp4,0,732,640,480,h264,2.03,Original,,,ORIG_153,ORIG_153,PAIR_ORIG_150_ORIG_153,,,153
FFPP_0006154,FaceForensics++,original/154.mp4,0,594,1280,720,h264,2.63,Original,,,ORIG_154,ORIG_154,PAIR_ORIG_154_ORIG_386,,,154
FFPP_0006155,FaceForensics++,original/155.mp4,0,829,854,480,h264,1.98,Original,,,ORIG_155,ORIG_155,PAIR_ORIG_155_ORIG_576,,,155
FFPP_0006156,FaceForensics++,original/156.mp4,0,518,640,480,h264,1.12,Original,,,ORIG_156,ORIG_156,PAIR_ORIG_156_ORIG_243,,,156
FFPP_0006157,FaceForensics++,original/157.mp4,0,486,656,480,h264,0.7,Original,,,ORIG_157,ORIG_157,PAIR_ORIG_157_ORIG_245,,,157
FFPP_0006158,FaceForensics++,original/158.mp4,0,444,640,480,h264,0.75,Original,,,ORIG_158,ORIG_158,PAIR_ORIG_158_ORIG_379,,,158
FFPP_0006159,FaceForensics++,original/159.mp4,0,325,600,480,h264,0.91,Original,,,ORIG_159,ORIG_159,PAIR_ORIG_159_ORIG_175,,,159
FFPP_0006160,FaceForensics++,original/160.mp4,0,534,1280,720,h264,2.17,Original,,,ORIG_160,ORIG_160,PAIR_ORIG_160_ORIG_928,,,160
FFPP_0006161,FaceForensics++,original/161.mp4,0,369,640,480,h264,0.63,Original,,,ORIG_161,ORIG_161,PAIR_ORIG_141_ORIG_161,,,161
FFPP_0006162,FaceForensics++,original/162.mp4,0,685,1280,720,h264,2.81,Original,,,ORIG_162,ORIG_162,PAIR_ORIG_162_ORIG_330,,,162
FFPP_0006163,FaceForensics++,original/163.mp4,0,304,1280,720,h264,0.83,Original,,,ORIG_163,ORIG_163,PAIR_ORIG_031_ORIG_163,,,163
FFPP_0006164,FaceForensics++,original/164.mp4,0,1021,854,480,h264,2.62,Original,,,ORIG_164,ORIG_164,PAIR_ORIG_164_ORIG_216,,,164
FFPP_0006165,FaceForensics++,original/165.mp4,0,387,656,480,h264,0.66,Original,,,ORIG_165,ORIG_165,PAIR_ORIG_137_ORIG_165,,,165
FFPP_0006166,FaceForensics++,original/166.mp4,0,756,640,480,h264,1.2,Original,,,ORIG_166,ORIG_166,PAIR_ORIG_166_ORIG_167,,,166
FFPP_0006167,FaceForensics++,original/167.mp4,0,341,854,480,h264,0.84,Original,,,ORIG_167,ORIG_167,PAIR_ORIG_166_ORIG_167,,,167
FFPP_0006168,FaceForensics++,original/168.mp4,0,1228,640,480,h264,1.59,Original,,,ORIG_168,ORIG_168,PAIR_ORIG_168_ORIG_222,,,168
FFPP_0006169,FaceForensics++,original/169.mp4,0,649,640,480,h264,0.87,Original,,,ORIG_169,ORIG_169,PAIR_ORIG_169_ORIG_227,,,169
FFPP_0006170,FaceForensics++,original/170.mp4,0,504,1920,1080,h264,4.02,Original,,,ORIG_170,ORIG_170,PAIR_ORIG_170_ORIG_186,,,170
FFPP_0006171,FaceForensics++,original/171.mp4,0,541,1280,720,h264,2.52,Original,,,ORIG_171,ORIG_171,PAIR_ORIG_171_ORIG_173,,,171
FFPP_0006172,FaceForensics++,original/172.mp4,0,752,640,480,h264,1.15,Original,,,ORIG_172,ORIG_172,PAIR_ORIG_172_ORIG_582,,,172
FFPP_0006173,FaceForensics++,original/173.mp4,0,721,1280,720,h264,3.6,Original,,,ORIG_173,ORIG_173,PAIR_ORIG_171_ORIG_173,,,173
FFPP_0006174,FaceForensics++,original/174.mp4,0,414,1280,720,h264,0.7,Original,,,ORIG_174,ORIG_174,PAIR_ORIG_174_ORIG_964,,,174
FFPP_0006175,FaceForensics++,original/175.mp4,0,504,640,480,h264,1.1,Original,,,ORIG_175,ORIG_175,PAIR_ORIG_159_ORIG_175,,,175
FFPP_0006176,FaceForensics++,original/176.mp4,0,376,1920,1080,h264,4.33,Original,,,ORIG_176,ORIG_176,PAIR_ORIG_176_ORIG_190,,,176
FFPP_0006177,FaceForensics++,original/177.mp4,0,410,854,480,h264,1.06,Original,,,ORIG_177,ORIG_177,PAIR_ORIG_177_ORIG_211,,,177
FFPP_0006178,FaceForensics++,original/178.mp4,0,521,640,480,h264,0.52,Original,,,ORIG_178,ORIG_178,PAIR_ORIG_178_ORIG_598,,,178
FFPP_0006179,FaceForensics++,original/179.mp4,0,1260,640,480,h264,1.87,Original,,,ORIG_179,ORIG_179,PAIR_ORIG_179_ORIG_212,,,179
FFPP_0006180,FaceForensics++,original/180.mp4,0,569,640,480,h264,1.25,Original,,,ORIG_180,ORIG_180,PAIR_ORIG_105_ORIG_180,,,180
FFPP_0006181,FaceForensics++,original/181.mp4,0,478,640,480,h264,0.7,Original,,,ORIG_181,ORIG_181,PAIR_ORIG_181_ORIG_199,,,181
FFPP_0006182,FaceForensics++,original/182.mp4,0,620,1280,720,h264,2.15,Original,,,ORIG_182,ORIG_182,PAIR_ORIG_182_ORIG_242,,,182
FFPP_0006183,FaceForensics++,original/183.mp4,0,390,1280,720,h264,1.35,Original,,,ORIG_183,ORIG_183,PAIR_ORIG_183_ORIG_253,,,183
FFPP_0006184,FaceForensics++,original/184.mp4,0,1254,1280,720,h264,1.84,Original,,,ORIG_184,ORIG_184,PAIR_ORIG_184_ORIG_205,,,184
FFPP_0006185,FaceForensics++,original/185.mp4,0,875,854,480,h264,2.24,Original,,,ORIG_185,ORIG_185,PAIR_ORIG_185_ORIG_276,,,185
FFPP_0006186,FaceForensics++,original/186.mp4,0,334,1920,1080,h264,5.12,Original,,,ORIG_186,ORIG_186,PAIR_ORIG_170_ORIG_186,,,186
FFPP_0006187,FaceForensics++,original/187.mp4,0,986,1280,720,h264,5.58,Original,,,ORIG_187,ORIG_187,PAIR_ORIG_187_ORIG_234,,,187
FFPP_0006188,FaceForensics++,original/188.mp4,0,310,1280,720,h264,1.32,Original,,,ORIG_188,ORIG_188,PAIR_ORIG_188_ORIG_191,,,188
FFPP_0006189,FaceForensics++,original/189.mp4,0,512,640,480,h264,1.6,Original,,,ORIG_189,ORIG_189,PAIR_ORIG_189_ORIG_200,,,189
FFPP_0006190,FaceForensics++,original/190.mp4,0,331,1920,1080,h264,2.46,Original,,,ORIG_190,ORIG_190,PAIR_ORIG_176_ORIG_190,,,190
FFPP_0006191,FaceForensics++,original/191.mp4,0,372,1920,1080,h264,3.88,Original,,,ORIG_191,ORIG_191,PAIR_ORIG_188_ORIG_191,,,191
FFPP_0006192,FaceForensics++,original/192.mp4,0,287,1280,720,h264,0.9,Original,,,ORIG_192,ORIG_192,PAIR_ORIG_134_ORIG_192,,,192
FFPP_0006193,FaceForensics++,original/193.mp4,0,372,1920,1080,h264,4.65,Original,,,ORIG_193,ORIG_193,PAIR_ORIG_030_ORIG_193,,,193
FFPP_0006194,FaceForensics++,original/194.mp4,0,567,640,480,h264,0.96,Original,,,ORIG_194,ORIG_194,PAIR_ORIG_194_ORIG_235,,,194
FFPP_0006195,FaceForensics++,original/195.mp4,0,333,1280,720,h264,1.21,Original,,,ORIG_195,ORIG_195,PAIR_ORIG_195_ORIG_442,,,195
FFPP_0006196,FaceForensics++,original/196.mp4,0,426,656,480,h264,0.56,Original,,,ORIG_196,ORIG_196,PAIR_ORIG_196_ORIG_310,,,196
FFPP_0006197,FaceForensics++,original/197.mp4,0,880,640,480,h264,1.57,Original,,,ORIG_197,ORIG_197,PAIR_ORIG_197_ORIG_224,,,197
FFPP_0006198,FaceForensics++,original/198.mp4,0,392,720,480,h264,0.64,Original,,,ORIG_198,ORIG_198,PAIR_ORIG_106_ORIG_198,,,198
FFPP_0006199,FaceForensics++,original/199.mp4,0,368,1280,720,h264,1.14,Original,,,ORIG_199,ORIG_199,PAIR_ORIG_181_ORIG_199,,,199
FFPP_0006200,FaceForensics++,original/200.mp4,0,719,854,480,h264,2.6,Original,,,ORIG_200,ORIG_200,PAIR_ORIG_189_ORIG_200,,,200
FFPP_0006201,FaceForensics++,original/201.mp4,0,863,656,480,h264,1.86,Original,,,ORIG_201,ORIG_201,PAIR_ORIG_201_ORIG_203,,,201
FFPP_0006202,FaceForensics++,original/202.mp4,0,323,854,480,h264,0.67,Original,,,ORIG_202,ORIG_202,PAIR_ORIG_202_ORIG_348,,,202
FFPP_0006203,FaceForensics++,original/203.mp4,0,446,640,480,h264,1.35,Original,,,ORIG_203,ORIG_203,PAIR_ORIG_201_ORIG_203,,,203
FFPP_0006204,FaceForensics++,original/204.mp4,0,515,960,720,h264,1.86,Original,,,ORIG_204,ORIG_204,PAIR_ORIG_204_ORIG_230,,,204
FFPP_0006205,FaceForensics++,original/205.mp4,0,307,854,480,h264,0.87,Original,,,ORIG_205,ORIG_205,PAIR_ORIG_184_ORIG_205,,,205
FFPP_0006206,FaceForensics++,original/206.mp4,0,714,656,480,h264,0.71,Original,,,ORIG_206,ORIG_206,PAIR_ORIG_206_ORIG_221,,,206
FFPP_0006207,FaceForensics++,original/207.mp4,0,346,1920,1080,h264,2.89,Original,,,ORIG_207,ORIG_207,PAIR_ORIG_207_ORIG_908,,,207
FFPP_0006208,FaceForensics++,original/208.mp4,0,465,640,480,h264,1.12,Original,,,ORIG_208,ORIG_208,PAIR_ORIG_208_ORIG_215,,,208
FFPP_0006209,FaceForensics++,original/209.mp4,0,337,854,480,h264,1.22,Original,,,ORIG_209,ORIG_209,PAIR_ORIG_016_ORIG_209,,,209
FFPP_0006210,FaceForensics++,original/210.mp4,0,839,654,480,h264,1.76,Original,,,ORIG_210,ORIG_210,PAIR_ORIG_210_ORIG_241,,,210
FFPP_0006211,FaceForensics++,original/211.mp4,0,527,1280,720,h264,2.55,Original,,,ORIG_211,ORIG_211,PAIR_ORIG_177_ORIG_211,,,211
FFPP_0006212,FaceForensics++,original/212.mp4,0,415,854,480,h264,0.66,Original,,,ORIG_212,ORIG_212,PAIR_ORIG_179_ORIG_212,,,212
FFPP_0006213,FaceForensics++,original/213.mp4,0,378,1280,720,h264,1.8,Original,,,ORIG_213,ORIG_213,PAIR_ORIG_083_ORIG_213,,,213
FFPP_0006214,FaceForensics++,original/214.mp4,0,462,854,480,h264,1.44,Original,,,ORIG_214,ORIG_214,PAIR_ORIG_214_ORIG_255,,,214
FFPP_0006215,FaceForensics++,original/215.mp4,0,588,720,480,h264,1.02,Original,,,ORIG_215,ORIG_215,PAIR_ORIG_208_ORIG_215,,,215
FFPP_0006216,FaceForensics++,original/216.mp4,0,476,644,480,h264,0.98,Original,,,ORIG_216,ORIG_216,PAIR_ORIG_164_ORIG_216,,,216
FFPP_0006217,FaceForensics++,original/217.mp4,0,702,1920,1080,h264,6.51,Original,,,ORIG_217,ORIG_217,PAIR_ORIG_117_ORIG_217,,,217
FFPP_0006218,FaceForensics++,original/218.mp4,0,353,640,480,h264,0.45,Original,,,ORIG_218,ORIG_218,PAIR_ORIG_218_ORIG_239,,,218
FFPP_0006219,FaceForensics++,original/219.mp4,0,350,1280,720,h264,2.0,Original,,,ORIG_219,ORIG_219,PAIR_ORIG_219_ORIG_220,,,219
FFPP_0006220,FaceForensics++,original/220.mp4,0,357,720,480,h264,0.74,Original,,,ORIG_220,ORIG_220,PAIR_ORIG_219_ORIG_220,,,220
FFPP_0006221,FaceForensics++,original/221.mp4,0,718,1280,720,h264,2.69,Original,,,ORIG_221,ORIG_221,PAIR_ORIG_206_ORIG_221,,,221
FFPP_0006222,FaceForensics++,original/222.mp4,0,407,640,480,h264,0.84,Original,,,ORIG_222,ORIG_222,PAIR_ORIG_168_ORIG_222,,,222
FFPP_0006223,FaceForensics++,original/223.mp4,0,336,1920,1080,h264,1.75,Original,,,ORIG_223,ORIG_223,PAIR_ORIG_223_ORIG_586,,,223
FFPP_0006224,FaceForensics++,original/224.mp4,0,488,640,480,h264,1.8,Original,,,ORIG_224,ORIG_224,PAIR_ORIG_197_ORIG_224,,,224
FFPP_0006225,FaceForensics++,original/225.mp4,0,304,1280,720,h264,1.16,Original,,,ORIG_225,ORIG_225,PAIR_ORIG_151_ORIG_225,,,225
FFPP_0006226,FaceForensics++,original/226.mp4,0,328,1280,720,h264,1.25,Original,,,ORIG_226,ORIG_226,PAIR_ORIG_226_ORIG_491,,,226
FFPP_0006227,FaceForensics++,original/227.mp4,0,441,1280,720,h264,1.39,Original,,,ORIG_227,ORIG_227,PAIR_ORIG_169_ORIG_227,,,227
FFPP_0006228,FaceForensics++,original/228.mp4,0,556,854,480,h264,0.74,Original,,,ORIG_228,ORIG_228,PAIR_ORIG_228_ORIG_289,,,228
FFPP_0006229,FaceForensics++,original/229.mp4,0,392,854,480,h264,0.68,Original,,,ORIG_229,ORIG_229,PAIR_ORIG_229_ORIG_247,,,229
FFPP_0006230,FaceForensics++,original/230.mp4,0,372,1280,720,h264,1.34,Original,,,ORIG_230,ORIG_230,PAIR_ORIG_204_ORIG_230,,,230
FFPP_0006231,FaceForensics++,original/231.mp4,0,573,720,480,h264,0.96,Original,,,ORIG_231,ORIG_231,PAIR_ORIG_231_ORIG_663,,,231
FFPP_0006232,FaceForensics++,original/232.mp4,0,574,720,480,h264,1.51,Original,,,ORIG_232,ORIG_232,PAIR_ORIG_232_ORIG_248,,,232
FFPP_0006233,FaceForensics++,original/233.mp4,0,675,1280,720,h264,2.62,Original,,,ORIG_233,ORIG_233,PAIR_ORIG_233_ORIG_995,,,233
FFPP_0006234,FaceForensics++,original/234.mp4,0,528,1280,720,h264,1.42,Original,,,ORIG_234,ORIG_234,PAIR_ORIG_187_ORIG_234,,,234
FFPP_0006235,FaceForensics++,original/235.mp4,0,312,854,480,h264,1.31,Original,,,ORIG_235,ORIG_235,PAIR_ORIG_194_ORIG_235,,,235
FFPP_0006236,FaceForensics++,original/236.mp4,0,651,656,480,h264,1.44,Original,,,ORIG_236,ORIG_236,PAIR_ORIG_236_ORIG_237,,,236
FFPP_0006237,FaceForensics++,original/237.mp4,0,757,1280,720,h264,3.13,Original,,,ORIG_237,ORIG_237,PAIR_ORIG_236_ORIG_237,,,237
FFPP_0006238,FaceForensics++,original/238.mp4,0,622,640,480,h264,0.87,Original,,,ORIG_238,ORIG_238,PAIR_ORIG_238_ORIG_282,,,238
FFPP_0006239,FaceForensics++,original/239.mp4,0,588,640,480,h264,1.51,Original,,,ORIG_239,ORIG_239,PAIR_ORIG_218_ORIG_239,,,239
FFPP_0006240,FaceForensics++,original/240.mp4,0,1274,720,480,h264,2.3,Original,,,ORIG_240,ORIG_240,PAIR_ORIG_240_ORIG_290,,,240
FFPP_0006241,FaceForensics++,original/241.mp4,0,292,854,480,h264,0.6,Original,,,ORIG_241,ORIG_241,PAIR_ORIG_210_ORIG_241,,,241
FFPP_0006242,FaceForensics++,original/242.mp4,0,331,640,480,h264,0.51,Original,,,ORIG_242,ORIG_242,PAIR_ORIG_182_ORIG_242,,,242
FFPP_0006243,FaceForensics++,original/243.mp4,0,387,1280,720,h264,2.23,Original,,,ORIG_243,ORIG_243,PAIR_ORIG_156_ORIG_243,,,243
FFPP_0006244,FaceForensics++,original/244.mp4,0,557,1920,1080,h264,4.63,Original,,,ORIG_244,ORIG_244,PAIR_ORIG_244_ORIG_822,,,244
FFPP_0006245,FaceForensics++,original/245.mp4,0,334,640,480,h264,0.67,Original,,,ORIG_245,ORIG_245,PAIR_ORIG_157_ORIG_245,,,245
FFPP_0006246,FaceForensics++,original/246.mp4,0,496,1280,720,h264,1.85,Original,,,ORIG_246,ORIG_246,PAIR_ORIG_246_ORIG_258,,,246
FFPP_0006247,FaceForensics++,original/247.mp4,0,399,656,480,h264,1.19,Original,,,ORIG_247,ORIG_247,PAIR_ORIG_229_ORIG_247,,,247
FFPP_0006248,FaceForensics++,original/248.mp4,0,496,1280,720,h264,2.13,Original,,,ORIG_248,ORIG_248,PAIR_ORIG_232_ORIG_248,,,248
FFPP_0006249,FaceForensics++,original/249.mp4,0,632,854,480,h264,1.51,Original,,,ORIG_249,ORIG_249,PAIR_ORIG_249_ORIG_280,,,249
FFPP_0006250,FaceForensics++,original/250.mp4,0,564,1280,720,h264,2.54,Original,,,ORIG_250,ORIG_250,PAIR_ORIG_250_ORIG_461,,,250
FFPP_0006251,FaceForensics++,original/251.mp4,0,346,1920,1080,h264,2.47,Original,,,ORIG_251,ORIG_251,PAIR_ORIG_251_ORIG_375,,,251
FFPP_0006252,FaceForensics++,original/252.mp4,0,572,800,480,h264,1.68,Original,,,ORIG_252,ORIG_252,PAIR_ORIG_252_ORIG_266,,,252
FFPP_0006253,FaceForensics++,original/253.mp4,0,501,1280,720,h264,1.53,Original,,,ORIG_253,ORIG_253,PAIR_ORIG_183_ORIG_253,,,253
FFPP_0006254,FaceForensics++,original/254.mp4,0,427,1280,720,h264,1.31,Original,,,ORIG_254,ORIG_254,PAIR_ORIG_254_ORIG_261,,,254
FFPP_0006255,FaceForensics++,original/255.mp4,0,470,1280,720,h264,1.83,Original,,,ORIG_255,ORIG_255,PAIR_ORIG_214_ORIG_255,,,255
FFPP_0006256,FaceForensics++,original/256.mp4,0,546,1280,720,h264,2.25,Original,,,ORIG_256,ORIG_256,PAIR_ORIG_146_ORIG_256,,,256
FFPP_0006257,FaceForensics++,original/257.mp4,0,763,656,480,h264,2.19,Original,,,ORIG_257,ORIG_257,PAIR_ORIG_257_ORIG_420,,,257
FFPP_0006258,FaceForensics++,original/258.mp4,0,498,1280,720,h264,3.11,Original,,,ORIG_258,ORIG_258,PAIR_ORIG_246_ORIG_258,,,258
FFPP_0006259,FaceForensics++,original/259.mp4,0,444,640,480,h264,1.1,Original,,,ORIG_259,ORIG_259,PAIR_ORIG_259_ORIG_345,,,259
FFPP_0006260,FaceForensics++,original/260.mp4,0,302,640,480,h264,0.47,Original,,,ORIG_260,ORIG_260,PAIR_ORIG_260_ORIG_331,,,260
FFPP_0006261,FaceForensics++,original/261.mp4,0,677,600,480,h264,0.73,Original,,,ORIG_261,ORIG_261,PAIR_ORIG_254_ORIG_261,,,261
FFPP_0006262,FaceForensics++,original/262.mp4,0,397,600,480,h264,0.7,Original,,,ORIG_262,ORIG_262,PAIR_ORIG_262_ORIG_301,,,262
FFPP_0006263,FaceForensics++,original/263.mp4,0,300,1280,720,h264,1.36,Original,,,ORIG_263,ORIG_263,PAIR_ORIG_263_ORIG_284,,,263
FFPP_0006264,FaceForensics++,original/264.mp4,0,455,854,480,h264,0.62,Original,,,ORIG_264,ORIG_264,PAIR_ORIG_264_ORIG_271,,,264
FFPP_0006265,FaceForensics++,original/265.mp4,0,552,1920,1080,h264,5.94,Original,,,ORIG_265,ORIG_265,PAIR_ORIG_265_ORIG_475,,,265
FFPP_0006266,FaceForensics++,original/266.mp4,0,465,720,480,h264,1.36,Original,,,ORIG_266,ORIG_266,PAIR_ORIG_252_ORIG_266,,,266
FFPP_0006267,FaceForensics++,original/267.mp4,0,306,1280,720,h264,1.66,Original,,,ORIG_267,ORIG_267,PAIR_ORIG_267_ORIG_286,,,267
FFPP_0006268,FaceForensics++,original/268.mp4,0,1465,654,480,h264,3.65,Original,,,ORIG_268,ORIG_268,PAIR_ORIG_268_ORIG_269,,,268
FFPP_0006269,FaceForensics++,original/269.mp4,0,387,640,480,h264,0.72,Original,,,ORIG_269,ORIG_269,PAIR_ORIG_268_ORIG_269,,,269
FFPP_0006270,FaceForensics++,original/270.mp4,0,311,656,480,h264,0.79,Original,,,ORIG_270,ORIG_270,PAIR_ORIG_270_ORIG_297,,,270
FFPP_0006271,FaceForensics++,original/271.mp4,0,490,640,480,h264,1.33,Original,,,ORIG_271,ORIG_271,PAIR_ORIG_264_ORIG_271,,,271
FFPP_0006272,FaceForensics++,original/272.mp4,0,323,1280,720,h264,1.5,Original,,,ORIG_272,ORIG_272,PAIR_ORIG_272_ORIG_396,,,272
FFPP_0006273,FaceForensics++,original/273.mp4,0,322,1280,720,h264,0.91,Original,,,ORIG_273,ORIG_273,PAIR_ORIG_273_ORIG_807,,,273
FFPP_0006274,FaceForensics++,original/274.mp4,0,474,1280,720,h264,2.25,Original,,,ORIG_274,ORIG_274,PAIR_ORIG_274_ORIG_412,,,274
FFPP_0006275,FaceForensics++,original/275.mp4,0,424,640,480,h264,0.8,Original,,,ORIG_275,ORIG_275,PAIR_ORIG_275_ORIG_887,,,275
FFPP_0006276,FaceForensics++,original/276.mp4,0,331,656,480,h264,0.82,Original,,,ORIG_276,ORIG_276,PAIR_ORIG_185_ORIG_276,,,276
FFPP_0006277,FaceForensics++,original/277.mp4,0,966,1280,720,h264,3.15,Original,,,ORIG_277,ORIG_277,PAIR_ORIG_277_ORIG_335,,,277
FFPP_0006278,FaceForensics++,original/278.mp4,0,449,640,480,h264,0.69,Original,,,ORIG_278,ORIG_278,PAIR_ORIG_278_ORIG_306,,,278
FFPP_0006279,FaceForensics++,original/279.mp4,0,906,640,480,h264,2.52,Original,,,ORIG_279,ORIG_279,PAIR_ORIG_279_ORIG_298,,,279
FFPP_0006280,FaceForensics++,original/280.mp4,0,606,854,480,h264,0.98,Original,,,ORIG_280,ORIG_280,PAIR_ORIG_249_ORIG_280,,,280
FFPP_0006281,FaceForensics++,original/281.mp4,0,309,1280,720,h264,0.84,Original,,,ORIG_281,ORIG_281,PAIR_ORIG_281_ORIG_474,,,281
FFPP_0006282,FaceForensics++,original/282.mp4,0,594,854,480,h264,1.2,Original,,,ORIG_282,ORIG_282,PAIR_ORIG_238_ORIG_282,,,282
FFPP_0006283,FaceForensics++,original/283.mp4,0,966,640,480,h264,1.31,Original,,,ORIG_283,ORIG_283,PAIR_ORIG_283_ORIG_313,,,283
FFPP_0006284,FaceForensics++,original/284.mp4,0,483,1920,1080,h264,4.35,Original,,,ORIG_284,ORIG_284,PAIR_ORIG_263_ORIG_284,,,284
FFPP_0006285,FaceForensics++,original/285.mp4,0,383,1280,720,h264,1.42,Original,,,ORIG_285,ORIG_285,PAIR_ORIG_136_ORIG_285,,,285
FFPP_0006286,FaceForensics++,original/286.mp4,0,668,1280,720,h264,2.46,Original,,,ORIG_286,ORIG_286,PAIR_ORIG_267_ORIG_286,,,286
FFPP_0006287,FaceForensics++,original/287.mp4,0,475,1280,720,h264,2.89,Original,,,ORIG_287,ORIG_287,PAIR_ORIG_287_ORIG_426,,,287
FFPP_0006288,FaceForensics++,original/288.mp4,0,543,640,480,h264,0.72,Original,,,ORIG_288,ORIG_288,PAIR_ORIG_288_ORIG_321,,,288
FFPP_0006289,FaceForensics++,original/289.mp4,0,597,720,480,h264,1.14,Original,,,ORIG_289,ORIG_289,PAIR_ORIG_228_ORIG_289,,,289
FFPP_0006290,FaceForensics++,original/290.mp4,0,422,640,480,h264,1.07,Original,,,ORIG_290,ORIG_290,PAIR_ORIG_240_ORIG_290,,,290
FFPP_0006291,FaceForensics++,original/291.mp4,0,330,1920,1080,h264,2.42,Original,,,ORIG_291,ORIG_291,PAIR_ORIG_291_ORIG_874,,,291
FFPP_0006292,FaceForensics++,original/292.mp4,0,425,1280,720,h264,2.34,Original,,,ORIG_292,ORIG_292,PAIR_ORIG_292_ORIG_294,,,292
FFPP_0006293,FaceForensics++,original/293.mp4,0,758,656,480,h264,1.9,Original,,,ORIG_293,ORIG_293,PAIR_ORIG_293_ORIG_296,,,293
FFPP_0006294,FaceForensics++,original/294.mp4,0,604,1280,720,h264,3.38,Original,,,ORIG_294,ORIG_294,PAIR_ORIG_292_ORIG_294,,,294
FFPP_0006295,FaceForensics++,original/295.mp4,0,411,1920,1080,h264,3.5,Original,,,ORIG_295,ORIG_295,PAIR_ORIG_099_ORIG_295,,,295
FFPP_0006296,FaceForensics++,original/296.mp4,0,336,640,480,h264,0.65,Original,,,ORIG_296,ORIG_296,PAIR_ORIG_293_ORIG_296,,,296
FFPP_0006297,FaceForensics++,original/297.mp4,0,390,656,480,h264,0.47,Original,,,ORIG_297,ORIG_297,PAIR_ORIG_270_ORIG_297,,,297
FFPP_0006298,FaceForensics++,original/298.mp4,0,569,640,480,h264,1.11,Original,,,ORIG_298,ORIG_298,PAIR_ORIG_279_ORIG_298,,,298
FFPP_0006299,FaceForensics++,original/299.mp4,0,314,640,480,h264,0.91,Original,,,ORIG_299,ORIG_299,PAIR_ORIG_145_ORIG_299,,,299
FFPP_0006300,FaceForensics++,original/300.mp4,0,598,600,480,h264,0.91,Original,,,ORIG_300,ORIG_300,PAIR_ORIG_300_ORIG_304,,,300
FFPP_0006301,FaceForensics++,original/301.mp4,0,763,640,480,h264,1.26,Original,,,ORIG_301,ORIG_301,PAIR_ORIG_262_ORIG_301,,,301
FFPP_0006302,FaceForensics++,original/302.mp4,0,875,854,480,h264,1.5,Original,,,ORIG_302,ORIG_302,PAIR_ORIG_302_ORIG_323,,,302
FFPP_0006303,FaceForensics++,original/303.mp4,0,571,656,480,h264,1.74,Original,,,ORIG_303,ORIG_303,PAIR_ORIG_303_ORIG_309,,,303
FFPP_0006304,FaceForensics++,original/304.mp4,0,610,640,480,h264,0.93,Original,,,ORIG_304,ORIG_304,PAIR_ORIG_300_ORIG_304,,,304
FFPP_0006305,FaceForensics++,original/305.mp4,0,843,1280,720,h264,3.13,Original,,,ORIG_305,ORIG_305,PAIR_ORIG_305_ORIG_513,,,305
FFPP_0006306,FaceForensics++,original/306.mp4,0,728,600,480,h264,0.94,Original,,,ORIG_306,ORIG_306,PAIR_ORIG_278_ORIG_306,,,306
FFPP_0006307,FaceForensics++,original/307.mp4,0,378,640,480,h264,0.57,Original,,,ORIG_307,ORIG_307,PAIR_ORIG_307_ORIG_365,,,307
FFPP_0006308,FaceForensics++,original/308.mp4,0,502,1280,720,h264,1.37,Original,,,ORIG_308,ORIG_308,PAIR_ORIG_308_ORIG_388,,,308
FFPP_0006309,FaceForensics++,original/309.mp4,0,850,600,480,h264,1.68,Original,,,ORIG_309,ORIG_309,PAIR_ORIG_303_ORIG_309,,,309
FFPP_0006310,FaceForensics++,original/310.mp4,0,375,1280,720,h264,2.07,Original,,,ORIG_310,ORIG_310,PAIR_ORIG_196_ORIG_310,,,310
FFPP_0006311,FaceForensics++,original/311.mp4,0,368,960,720,h264,1.17,Original,,,ORIG_311,ORIG_311,PAIR_ORIG_311_ORIG_387,,,311
FFPP_0006312,FaceForensics++,original/312.mp4,0,428,640,480,h264,1.12,Original,,,ORIG_312,ORIG_312,PAIR_ORIG_021_ORIG_312,,,312
FFPP_0006313,FaceForensics++,original/313.mp4,0,481,654,480,h264,0.72,Original,,,ORIG_313,ORIG_313,PAIR_ORIG_283_ORIG_313,,,313
FFPP_0006314,FaceForensics++,original/314.mp4,0,413,1280,720,h264,0.86,Original,,,ORIG_314,ORIG_314,PAIR_ORIG_314_ORIG_347,,,314
FFPP_0006315,FaceForensics++,original/315.mp4,0,304,854,480,h264,0.62,Original,,,ORIG_315,ORIG_315,PAIR_ORIG_315_ORIG_322,,,315
FFPP_0006316,FaceForensics++,original/316.mp4,0,566,640,480,h264,0.69,Original,,,ORIG_316,ORIG_316,PAIR_ORIG_316_ORIG_369,,,316
FFPP_0006317,FaceForensics++,original/317.mp4,0,682,640,480,h264,1.03,Original,,,ORIG_317,ORIG_317,PAIR_ORIG_317_ORIG_359,,,317
FFPP_0006318,FaceForensics++,original/318.mp4,0,475,656,480,h264,0.87,Original,,,ORIG_318,ORIG_318,PAIR_ORIG_318_ORIG_334,,,318
FFPP_0006319,FaceForensics++,original/319.mp4,0,717,854,480,h264,1.37,Original,,,ORIG_319,ORIG_319,PAIR_ORIG_319_ORIG_352,,,319
FFPP_0006320,FaceForensics++,original/320.mp4,0,504,1280,720,h264,2.58,Original,,,ORIG_320,ORIG_320,PAIR_ORIG_320_ORIG_328,,,320
FFPP_0006321,FaceForensics++,original/321.mp4,0,567,640,480,h264,1.19,Original,,,ORIG_321,ORIG_321,PAIR_ORIG_288_ORIG_321,,,321
FFPP_0006322,FaceForensics++,original/322.mp4,0,313,1280,720,h264,1.09,Original,,,ORIG_322,ORIG_322,PAIR_ORIG_315_ORIG_322,,,322
FFPP_0006323,FaceForensics++,original/323.mp4,0,456,656,480,h264,1.22,Original,,,ORIG_323,ORIG_323,PAIR_ORIG_302_ORIG_323,,,323
FFPP_0006324,FaceForensics++,original/324.mp4,0,1249,640,480,h264,2.45,Original,,,ORIG_324,ORIG_324,PAIR_ORIG_324_ORIG_356,,,324
FFPP_0006325,FaceForensics++,original/325.mp4,0,1421,1280,720,h264,9.23,Original,,,ORIG_325,ORIG_325,PAIR_ORIG_325_ORIG_492,,,325
FFPP_0006326,FaceForensics++,original/326.mp4,0,914,640,480,h264,1.52,Original,,,ORIG_326,ORIG_326,PAIR_ORIG_326_ORIG_501,,,326
FFPP_0006327,FaceForensics++,original/327.mp4,0,495,640,480,h264,0.6,Original,,,ORIG_327,ORIG_327,PAIR_ORIG_327_ORIG_329,,,327
FFPP_0006328,FaceForensics++,original/328.mp4,0,319,1280,720,h264,1.46,Original,,,ORIG_328,ORIG_328,PAIR_ORIG_320_ORIG_328,,,328
FFPP_0006329,FaceForensics++,original/329.mp4,0,415,654,480,h264,0.45,Original,,,ORIG_329,ORIG_329,PAIR_ORIG_327_ORIG_329,,,329
FFPP_0006330,FaceForensics++,original/330.mp4,0,407,1280,720,h264,1.74,Original,,,ORIG_330,ORIG_330,PAIR_ORIG_162_ORIG_330,,,330
FFPP_0006331,FaceForensics++,original/331.mp4,0,469,1280,720,h264,1.43,Original,,,ORIG_331,ORIG_331,PAIR_ORIG_260_ORIG_331,,,331
FFPP_0006332,FaceForensics++,original/332.mp4,0,695,1280,720,h264,5.33,Original,,,ORIG_332,ORIG_332,PAIR_ORIG_051_ORIG_332,,,332
FFPP_0006333,FaceForensics++,original/333.mp4,0,429,640,480,h264,1.05,Original,,,ORIG_333,ORIG_333,PAIR_ORIG_333_ORIG_377,,,333
FFPP_0006334,FaceForensics++,original/334.mp4,0,1339,600,480,h264,3.02,Original,,,ORIG_334,ORIG_334,PAIR_ORIG_318_ORIG_334,,,334
FFPP_0006335,FaceForensics++,original/335.mp4,0,384,1280,720,h264,1.41,Original,,,ORIG_335,ORIG_335,PAIR_ORIG_277_ORIG_335,,,335
FFPP_0006336,FaceForensics++,original/336.mp4,0,507,656,480,h264,0.82,Original,,,ORIG_336,ORIG_336,PAIR_ORIG_336_ORIG_338,,,336
FFPP_0006337,FaceForensics++,original/337.mp4,0,331,640,480,h264,0.82,Original,,,ORIG_337,ORIG_337,PAIR_ORIG_337_ORIG_522,,,337
FFPP_0006338,FaceForensics++,original/338.mp4,0,889,600,480,h264,1.75,Original,,,ORIG_338,ORIG_338,PAIR_ORIG_336_ORIG_338,,,338
FFPP_0006339,FaceForensics++,original/339.mp4,0,457,640,480,h264,0.59,Original,,,ORIG_339,ORIG_339,PAIR_ORIG_339_ORIG_392,,,339
FFPP_0006340,FaceForensics++,original/340.mp4,0,293,1920,1080,h264,2.41,Original,,,ORIG_340,ORIG_340,PAIR_ORIG_340_ORIG_341,,,340
FFPP_0006341,FaceForensics++,original/341.mp4,0,827,960,720,h264,6.05,Original,,,ORIG_341,ORIG_341,PAIR_ORIG_340_ORIG_341,,,341
FFPP_0006342,FaceForensics++,original/342.mp4,0,302,1280,720,h264,1.2,Original,,,ORIG_342,ORIG_342,PAIR_ORIG_342_ORIG_416,,,342
FFPP_0006343,FaceForensics++,original/343.mp4,0,299,656,480,h264,0.38,Original,,,ORIG_343,ORIG_343,PAIR_ORIG_343_ORIG_363,,,343
FFPP_0006344,FaceForensics++,original/344.mp4,0,631,1280,720,h264,2.99,Original,,,ORIG_344,ORIG_344,PAIR_ORIG_020_ORIG_344,,,344
FFPP_0006345,FaceForensics++,original/345.mp4,0,423,854,480,h264,0.84,Original,,,ORIG_345,ORIG_345,PAIR_ORIG_259_ORIG_345,,,345
FFPP_0006346,FaceForensics++,original/346.mp4,0,615,454,480,h264,0.67,Original,,,ORIG_346,ORIG_346,PAIR_ORIG_346_ORIG_351,,,346
FFPP_0006347,FaceForensics++,original/347.mp4,0,458,854,480,h264,0.68,Original,,,ORIG_347,ORIG_347,PAIR_ORIG_314_ORIG_347,,,347
FFPP_0006348,FaceForensics++,original/348.mp4,0,414,854,480,h264,0.52,Original,,,ORIG_348,ORIG_348,PAIR_ORIG_202_ORIG_348,,,348
FFPP_0006349,FaceForensics++,original/349.mp4,0,471,1280,720,h264,1.62,Original,,,ORIG_349,ORIG_349,PAIR_ORIG_349_ORIG_350,,,349
FFPP_0006350,FaceForensics++,original/350.mp4,0,405,854,480,h264,1.03,Original,,,ORIG_350,ORIG_350,PAIR_ORIG_349_ORIG_350,,,350
FFPP_0006351,FaceForensics++,original/351.mp4,0,684,640,480,h264,1.03,Original,,,ORIG_351,ORIG_351,PAIR_ORIG_346_ORIG_351,,,351
FFPP_0006352,FaceForensics++,original/352.mp4,0,421,720,480,h264,1.33,Original,,,ORIG_352,ORIG_352,PAIR_ORIG_319_ORIG_352,,,352
FFPP_0006353,FaceForensics++,original/353.mp4,0,358,1280,720,h264,1.62,Original,,,ORIG_353,ORIG_353,PAIR_ORIG_353_ORIG_383,,,353
FFPP_0006354,FaceForensics++,original/354.mp4,0,460,1280,720,h264,1.9,Original,,,ORIG_354,ORIG_354,PAIR_ORIG_354_ORIG_362,,,354
FFPP_0006355,FaceForensics++,original/355.mp4,0,499,1920,1080,h264,5.22,Original,,,ORIG_355,ORIG_355,PAIR_ORIG_355_ORIG_748,,,355
FFPP_0006356,FaceForensics++,original/356.mp4,0,558,1280,720,h264,2.92,Original,,,ORIG_356,ORIG_356,PAIR_ORIG_324_ORIG_356,,,356
FFPP_0006357,FaceForensics++,original/357.mp4,0,346,854,480,h264,0.51,Original,,,ORIG_357,ORIG_357,PAIR_ORIG_357_ORIG_432,,,357
FFPP_0006358,FaceForensics++,original/358.mp4,0,534,640,480,h264,0.74,Original,,,ORIG_358,ORIG_358,PAIR_ORIG_358_ORIG_380,,,358
FFPP_0006359,FaceForensics++,original/359.mp4,0,456,640,480,h264,0.81,Original,,,ORIG_359,ORIG_359,PAIR_ORIG_317_ORIG_359,,,359
FFPP_0006360,FaceForensics++,original/360.mp4,0,385,1280,720,h264,2.1,Original,,,ORIG_360,ORIG_360,PAIR_ORIG_360_ORIG_437,,,360
FFPP_0006361,FaceForensics++,original/361.mp4,0,455,1280,720,h264,2.95,Original,,,ORIG_361,ORIG_361,PAIR_ORIG_361_ORIG_448,,,361
FFPP_0006362,FaceForensics++,original/362.mp4,0,455,1280,720,h264,1.84,Original,,,ORIG_362,ORIG_362,PAIR_ORIG_354_ORIG_362,,,362
FFPP_0006363,FaceForensics++,original/363.mp4,0,473,640,480,h264,0.92,Original,,,ORIG_363,ORIG_363,PAIR_ORIG_343_ORIG_363,,,363
FFPP_0006364,FaceForensics++,original/364.mp4,0,648,854,480,h264,2.07,Original,,,ORIG_364,ORIG_364,PAIR_ORIG_364_ORIG_440,,,364
FFPP_0006365,FaceForensics++,original/365.mp4,0,369,640,480,h264,0.4,Original,,,ORIG_365,ORIG_365,PAIR_ORIG_307_ORIG_365,,,365
FFPP_0006366,FaceForensics++,original/366.mp4,0,404,656,480,h264,0.85,Original,,,ORIG_366,ORIG_366,PAIR_ORIG_366_ORIG_473,,,366
FFPP_0006367,FaceForensics++,original/367.mp4,0,649,640,480,h264,0.96,Original,,,ORIG_367,ORIG_367,PAIR_ORIG_367_ORIG_371,,,367
FFPP_0006368,FaceForensics++,original/368.mp4,0,761,640,480,h264,1.19,Original,,,ORIG_368,ORIG_368,PAIR_ORIG_368_ORIG_378,,,368
FFPP_0006369,FaceForensics++,original/369.mp4,0,320,854,480,h264,0.69,Original,,,ORIG_369,ORIG_369,PAIR_ORIG_316_ORIG_369,,,369
FFPP_0006370,FaceForensics++,original/370.mp4,0,396,1920,1080,h264,3.77,Original,,,ORIG_370,ORIG_370,PAIR_ORIG_370_ORIG_483,,,370
FFPP_0006371,FaceForensics++,original/371.mp4,0,718,600,480,h264,1.5,Original,,,ORIG_371,ORIG_371,PAIR_ORIG_367_ORIG_371,,,371
FFPP_0006372,FaceForensics++,original/372.mp4,0,486,854,480,h264,1.03,Original,,,ORIG_372,ORIG_372,PAIR_ORIG_372_ORIG_413,,,372
FFPP_0006373,FaceForensics++,original/373.mp4,0,602,1280,720,h264,2.58,Original,,,ORIG_373,ORIG_373,PAIR_ORIG_373_ORIG_394,,,373
FFPP_0006374,FaceForensics++,original/374.mp4,0,586,1280,720,h264,1.57,Original,,,ORIG_374,ORIG_374,PAIR_ORIG_374_ORIG_407,,,374
FFPP_0006375,FaceForensics++,original/375.mp4,0,353,1280,720,h264,1.79,Original,,,ORIG_375,ORIG_375,PAIR_ORIG_251_ORIG_375,,,375
FFPP_0006376,FaceForensics++,original/376.mp4,0,515,1280,720,h264,1.72,Original,,,ORIG_376,ORIG_376,PAIR_ORIG_376_ORIG_381,,,376
FFPP_0006377,FaceForensics++,original/377.mp4,0,398,640,480,h264,0.7,Original,,,ORIG_377,ORIG_377,PAIR_ORIG_333_ORIG_377,,,377
FFPP_0006378,FaceForensics++,original/378.mp4,0,761,1280,720,h264,3.8,Original,,,ORIG_378,ORIG_378,PAIR_ORIG_368_ORIG_378,,,378
FFPP_0006379,FaceForensics++,original/379.mp4,0,341,640,480,h264,0.95,Original,,,ORIG_379,ORIG_379,PAIR_ORIG_158_ORIG_379,,,379
FFPP_0006380,FaceForensics++,original/380.mp4,0,455,640,480,h264,0.62,Original,,,ORIG_380,ORIG_380,PAIR_ORIG_358_ORIG_380,,,380
FFPP_0006381,FaceForensics++,original/381.mp4,0,578,656,480,h264,1.56,Original,,,ORIG_381,ORIG_381,PAIR_ORIG_376_ORIG_381,,,381
FFPP_0006382,FaceForensics++,original/382.mp4,0,313,640,480,h264,0.7,Original,,,ORIG_382,ORIG_382,PAIR_ORIG_382_ORIG_409,,,382
FFPP_0006383,FaceForensics++,original/383.mp4,0,465,1920,1080,h264,2.8,Original,,,ORIG_383,ORIG_383,PAIR_ORIG_353_ORIG_383,,,383
FFPP_0006384,FaceForensics++,original/384.mp4,0,462,1920,1080,h264,3.26,Original,,,ORIG_384,ORIG_384,PAIR_ORIG_384_ORIG_932,,,384
FFPP_0006385,FaceForensics++,original/385.mp4,0,349,1280,720,h264,1.6,Original,,,ORIG_385,ORIG_385,PAIR_ORIG_385_ORIG_414,,,385
FFPP_0006386,FaceForensics++,original/386.mp4,0,449,1920,1080,h264,3.47,Original,,,ORIG_386,ORIG_386,PAIR_ORIG_154_ORIG_386,,,386
FFPP_0006387,FaceForensics++,original/387.mp4,0,528,1280,720,h264,1.17,Original,,,ORIG_387,ORIG_387,PAIR_ORIG_311_ORIG_387,,,387
FFPP_0006388,FaceForensics++,original/388.mp4,0,636,640,480,h264,1.0,Original,,,ORIG_388,ORIG_388,PAIR_ORIG_308_ORIG_388,,,388
FFPP_0006389,FaceForensics++,original/389.mp4,0,314,1920,1080,h264,2.9,Original,,,ORIG_389,ORIG_389,PAIR_ORIG_389_ORIG_480,,,389
FFPP_0006390,FaceForensics++,original/390.mp4,0,809,1280,720,h264,5.6,Original,,,ORIG_390,ORIG_390,PAIR_ORIG_390_ORIG_709,,,390
FFPP_0006391,FaceForensics++,original/391.mp4,0,547,640,480,h264,0.69,Original,,,ORIG_391,ORIG_391,PAIR_ORIG_391_ORIG_406,,,391
FFPP_0006392,FaceForensics++,original/392.mp4,0,1496,1280,720,h264,7.21,Original,,,ORIG_392,ORIG_392,PAIR_ORIG_339_ORIG_392,,,392
FFPP_0006393,FaceForensics++,original/393.mp4,0,579,640,480,h264,1.15,Original,,,ORIG_393,ORIG_393,PAIR_ORIG_393_ORIG_405,,,393
FFPP_0006394,FaceForensics++,original/394.mp4,0,420,1280,720,h264,1.47,Original,,,ORIG_394,ORIG_394,PAIR_ORIG_373_ORIG_394,,,394
FFPP_0006395,FaceForensics++,original/395.mp4,0,448,1280,720,h264,1.2,Original,,,ORIG_395,ORIG_395,PAIR_ORIG_395_ORIG_401,,,395
FFPP_0006396,FaceForensics++,original/396.mp4,0,525,1280,720,h264,1.64,Original,,,ORIG_396,ORIG_396,PAIR_ORIG_272_ORIG_396,,,396
FFPP_0006397,FaceForensics++,original/397.mp4,0,355,1920,1080,h264,3.62,Original,,,ORIG_397,ORIG_397,PAIR_ORIG_397_ORIG_602,,,397
FFPP_0006398,FaceForensics++,original/398.mp4,0,582,656,480,h264,1.25,Original,,,ORIG_398,ORIG_398,PAIR_ORIG_398_ORIG_457,,,398
FFPP_0006399,FaceForensics++,original/399.mp4,0,862,1280,720,h264,3.44,Original,,,ORIG_399,ORIG_399,PAIR_ORIG_399_ORIG_488,,,399
FFPP_0006400,FaceForensics++,original/400.mp4,0,357,1280,720,h264,1.53,Original,,,ORIG_400,ORIG_400,PAIR_ORIG_400_ORIG_476,,,400
FFPP_0006401,FaceForensics++,original/401.mp4,0,492,1280,720,h264,1.96,Original,,,ORIG_401,ORIG_401,PAIR_ORIG_395_ORIG_401,,,401
FFPP_0006402,FaceForensics++,original/402.mp4,0,423,1920,1080,h264,4.65,Original,,,ORIG_402,ORIG_402,PAIR_ORIG_402_ORIG_453,,,402
FFPP_0006403,FaceForensics++,original/403.mp4,0,707,272,480,h264,0.91,Original,,,ORIG_403,ORIG_403,PAIR_ORIG_403_ORIG_497,,,403
FFPP_0006404,FaceForensics++,original/404.mp4,0,798,1280,720,h264,6.45,Original,,,ORIG_404,ORIG_404,PAIR_ORIG_404_ORIG_429,,,404
FFPP_0006405,FaceForensics++,original/405.mp4,0,531,640,480,h264,1.0,Original,,,ORIG_405,ORIG_405,PAIR_ORIG_393_ORIG_405,,,405
FFPP_0006406,FaceForensics++,original/406.mp4,0,512,600,480,h264,1.43,Original,,,ORIG_406,ORIG_406,PAIR_ORIG_391_ORIG_406,,,406
FFPP_0006407,FaceForensics++,original/407.mp4,0,504,600,480,h264,1.3,Original,,,ORIG_407,ORIG_407,PAIR_ORIG_374_ORIG_407,,,407
FFPP_0006408,FaceForensics++,original/408.mp4,0,306,720,480,h264,1.52,Original,,,ORIG_408,ORIG_408,PAIR_ORIG_408_ORIG_424,,,408
FFPP_0006409,FaceForensics++,original/409.mp4,0,361,640,480,h264,0.48,Original,,,ORIG_409,ORIG_409,PAIR_ORIG_382_ORIG_409,,,409
FFPP_0006410,FaceForensics++,original/410.mp4,0,459,1920,1080,h264,4.76,Original,,,ORIG_410,ORIG_410,PAIR_ORIG_410_ORIG_411,,,410
FFPP_0006411,FaceForensics++,original/411.mp4,0,529,1920,1080,h264,6.75,Original,,,ORIG_411,ORIG_411,PAIR_ORIG_410_ORIG_411,,,411
FFPP_0006412,FaceForensics++,original/412.mp4,0,572,1280,720,h264,1.72,Original,,,ORIG_412,ORIG_412,PAIR_ORIG_274_ORIG_412,,,412
FFPP_0006413,FaceForensics++,original/413.mp4,0,379,640,480,h264,0.68,Original,,,ORIG_413,ORIG_413,PAIR_ORIG_372_ORIG_413,,,413
FFPP_0006414,FaceForensics++,original/414.mp4,0,587,1920,1080,h264,6.29,Original,,,ORIG_414,ORIG_414,PAIR_ORIG_385_ORIG_414,,,414
FFPP_0006415,FaceForensics++,original/415.mp4,0,563,720,480,h264,0.65,Original,,,ORIG_415,ORIG_415,PAIR_ORIG_415_ORIG_484,,,415
FFPP_0006416,FaceForensics++,original/416.mp4,0,313,1280,720,h264,1.66,Original,,,ORIG_416,ORIG_416,PAIR_ORIG_342_ORIG_416,,,416
FFPP_0006417,FaceForensics++,original/417.mp4,0,861,854,480,h264,2.13,Original,,,ORIG_417,ORIG_417,PAIR_ORIG_417_ORIG_496,,,417
FFPP_0006418,FaceForensics++,original/418.mp4,0,319,1280,720,h264,1.66,Original,,,ORIG_418,ORIG_418,PAIR_ORIG_418_ORIG_507,,,418
FFPP_0006419,FaceForensics++,original/419.mp4,0,487,1280,720,h264,2.01,Original,,,ORIG_419,ORIG_419,PAIR_ORIG_419_ORIG_824,,,419
FFPP_0006420,FaceForensics++,original/420.mp4,0,1126,600,480,h264,1.86,Original,,,ORIG_420,ORIG_420,PAIR_ORIG_257_ORIG_420,,,420
FFPP_0006421,FaceForensics++,original/421.mp4,0,1038,640,480,h264,1.77,Original,,,ORIG_421,ORIG_421,PAIR_ORIG_421_ORIG_423,,,421
FFPP_0006422,FaceForensics++,original/422.mp4,0,316,1920,1080,h264,4.68,Original,,,ORIG_422,ORIG_422,PAIR_ORIG_422_ORIG_695,,,422
FFPP_0006423,FaceForensics++,original/423.mp4,0,1814,598,480,h264,3.39,Original,,,ORIG_423,ORIG_423,PAIR_ORIG_421_ORIG_423,,,423
FFPP_0006424,FaceForensics++,original/424.mp4,0,311,640,480,h264,0.56,Original,,,ORIG_424,ORIG_424,PAIR_ORIG_408_ORIG_424,,,424
FFPP_0006425,FaceForensics++,original/425.mp4,0,336,854,480,h264,0.76,Original,,,ORIG_425,ORIG_425,PAIR_ORIG_425_ORIG_485,,,425
FFPP_0006426,FaceForensics++,original/426.mp4,0,335,1920,1080,h264,4.57,Original,,,ORIG_426,ORIG_426,PAIR_ORIG_287_ORIG_426,,,426
FFPP_0006427,FaceForensics++,original/427.mp4,0,468,1280,720,h264,0.81,Original,,,ORIG_427,ORIG_427,PAIR_ORIG_427_ORIG_637,,,427
FFPP_0006428,FaceForensics++,original/428.mp4,0,540,1280,720,h264,1.74,Original,,,ORIG_428,ORIG_428,PAIR_ORIG_428_ORIG_466,,,428
FFPP_0006429,FaceForensics++,original/429.mp4,0,457,656,480,h264,1.05,Original,,,ORIG_429,ORIG_429,PAIR_ORIG_404_ORIG_429,,,429
FFPP_0006430,FaceForensics++,original/430.mp4,0,357,1920,1080,h264,2.65,Original,,,ORIG_430,ORIG_430,PAIR_ORIG_430_ORIG_459,,,430
FFPP_0006431,FaceForensics++,original/431.mp4,0,616,1280,720,h264,2.01,Original,,,ORIG_431,ORIG_431,PAIR_ORIG_431_ORIG_447,,,431
FFPP_0006432,FaceForensics++,original/432.mp4,0,360,640,480,h264,0.6,Original,,,ORIG_432,ORIG_432,PAIR_ORIG_357_ORIG_432,,,432
FFPP_0006433,FaceForensics++,original/433.mp4,0,532,1280,720,h264,2.44,Original,,,ORIG_433,ORIG_433,PAIR_ORIG_433_ORIG_498,,,433
FFPP_0006434,FaceForensics++,original/434.mp4,0,337,854,480,h264,0.49,Original,,,ORIG_434,ORIG_434,PAIR_ORIG_434_ORIG_438,,,434
FFPP_0006435,FaceForensics++,original/435.mp4,0,476,656,480,h264,0.99,Original,,,ORIG_435,ORIG_435,PAIR_ORIG_435_ORIG_456,,,435
FFPP_0006436,FaceForensics++,original/436.mp4,0,518,1280,720,h264,2.44,Original,,,ORIG_436,ORIG_436,PAIR_ORIG_436_ORIG_526,,,436
FFPP_0006437,FaceForensics++,original/437.mp4,0,593,1280,720,h264,4.16,Original,,,ORIG_437,ORIG_437,PAIR_ORIG_360_ORIG_437,,,437
FFPP_0006438,FaceForensics++,original/438.mp4,0,542,640,480,h264,0.65,Original,,,ORIG_438,ORIG_438,PAIR_ORIG_434_ORIG_438,,,438
FFPP_0006439,FaceForensics++,original/439.mp4,0,462,640,480,h264,0.89,Original,,,ORIG_439,ORIG_439,PAIR_ORIG_439_ORIG_441,,,439
FFPP_0006440,FaceForensics++,original/440.mp4,0,419,656,480,h264,0.55,Original,,,ORIG_440,ORIG_440,PAIR_ORIG_364_ORIG_440,,,440
FFPP_0006441,FaceForensics++,original/441.mp4,0,305,640,480,h264,0.64,Original,,,ORIG_441,ORIG_441,PAIR_ORIG_439_ORIG_441,,,441
FFPP_0006442,FaceForensics++,original/442.mp4,0,355,1920,1080,h264,3.9,Original,,,ORIG_442,ORIG_442,PAIR_ORIG_195_ORIG_442,,,442
FFPP_0006443,FaceForensics++,original/443.mp4,0,1146,640,480,h264,1.6,Original,,,ORIG_443,ORIG_443,PAIR_ORIG_443_ORIG_514,,,443
FFPP_0006444,FaceForensics++,original/444.mp4,0,437,854,480,h264,0.87,Original,,,ORIG_444,ORIG_444,PAIR_ORIG_444_ORIG_655,,,444
FFPP_0006445,FaceForensics++,original/445.mp4,0,1053,1280,720,h264,3.82,Original,,,ORIG_445,ORIG_445,PAIR_ORIG_445_ORIG_494,,,445
FFPP_0006446,FaceForensics++,original/446.mp4,0,423,1920,1080,h264,4.34,Original,,,ORIG_446,ORIG_446,PAIR_ORIG_446_ORIG_667,,,446
FFPP_0006447,FaceForensics++,original/447.mp4,0,326,654,480,h264,0.59,Original,,,ORIG_447,ORIG_447,PAIR_ORIG_431_ORIG_447,,,447
FFPP_0006448,FaceForensics++,original/448.mp4,0,528,1280,720,h264,2.11,Original,,,ORIG_448,ORIG_448,PAIR_ORIG_361_ORIG_448,,,448
FFPP_0006449,FaceForensics++,original/449.mp4,0,306,1280,720,h264,1.49,Original,,,ORIG_449,ORIG_449,PAIR_ORIG_449_ORIG_451,,,449
FFPP_0006450,FaceForensics++,original/450.mp4,0,774,1920,1080,h264,6.5,Original,,,ORIG_450,ORIG_450,PAIR_ORIG_450_ORIG_533,,,450
FFPP_0006451,FaceForensics++,original/451.mp4,0,383,1280,720,h264,1.47,Original,,,ORIG_451,ORIG_451,PAIR_ORIG_449_ORIG_451,,,451
FFPP_0006452,FaceForensics++,original/452.mp4,0,606,640,480,h264,1.03,Original,,,ORIG_452,ORIG_452,PAIR_ORIG_452_ORIG_550,,,452
FFPP_0006453,FaceForensics++,original/453.mp4,0,645,1280,718,h264,2.33,Original,,,ORIG_453,ORIG_453,PAIR_ORIG_402_ORIG_453,,,453
FFPP_0006454,FaceForensics++,original/454.mp4,0,384,854,480,h264,1.13,Original,,,ORIG_454,ORIG_454,PAIR_ORIG_454_ORIG_527,,,454
FFPP_0006455,FaceForensics++,original/455.mp4,0,370,656,480,h264,1.32,Original,,,ORIG_455,ORIG_455,PAIR_ORIG_455_ORIG_471,,,455
FFPP_0006456,FaceForensics++,original/456.mp4,0,608,1280,720,h264,3.5,Original,,,ORIG_456,ORIG_456,PAIR_ORIG_435_ORIG_456,,,456
FFPP_0006457,FaceForensics++,original/457.mp4,0,528,640,480,h264,1.23,Original,,,ORIG_457,ORIG_457,PAIR_ORIG_398_ORIG_457,,,457
FFPP_0006458,FaceForensics++,original/458.mp4,0,351,854,480,h264,0.77,Original,,,ORIG_458,ORIG_458,PAIR_ORIG_458_ORIG_722,,,458
FFPP_0006459,FaceForensics++,original/459.mp4,0,526,1920,1080,h264,4.3,Original,,,ORIG_459,ORIG_459,PAIR_ORIG_430_ORIG_459,,,459
FFPP_0006460,FaceForensics++,original/460.mp4,0,640,1280,720,h264,2.63,Original,,,ORIG_460,ORIG_460,PAIR_ORIG_460_ORIG_678,,,460
FFPP_0006461,FaceForensics++,original/461.mp4,0,612,1280,720,h264,2.06,Original,,,ORIG_461,ORIG_461,PAIR_ORIG_250_ORIG_461,,,461
FFPP_0006462,FaceForensics++,original/462.mp4,0,585,640,480,h264,1.04,Original,,,ORIG_462,ORIG_462,PAIR_ORIG_462_ORIG_467,,,462
FFPP_0006463,FaceForensics++,original/463.mp4,0,315,636,480,h264,0.81,Original,,,ORIG_463,ORIG_463,PAIR_ORIG_463_ORIG_464,,,463
FFPP_0006464,FaceForensics++,original/464.mp4,0,404,640,480,h264,0.93,Original,,,ORIG_464,ORIG_464,PAIR_ORIG_463_ORIG_464,,,464
FFPP_0006465,FaceForensics++,original/465.mp4,0,329,1280,720,h264,1.48,Original,,,ORIG_465,ORIG_465,PAIR_ORIG_465_ORIG_482,,,465
FFPP_0006466,FaceForensics++,original/466.mp4,0,334,1280,720,h264,1.6,Original,,,ORIG_466,ORIG_466,PAIR_ORIG_428_ORIG_466,,,466
FFPP_0006467,FaceForensics++,original/467.mp4,0,423,640,480,h264,0.77,Original,,,ORIG_467,ORIG_467,PAIR_ORIG_462_ORIG_467,,,467
FFPP_0006468,FaceForensics++,original/468.mp4,0,597,600,480,h264,1.24,Original,,,ORIG_468,ORIG_468,PAIR_ORIG_468_ORIG_470,,,468
FFPP_0006469,FaceForensics++,original/469.mp4,0,414,854,480,h264,0.89,Original,,,ORIG_469,ORIG_469,PAIR_ORIG_469_ORIG_481,,,469
FFPP_0006470,FaceForensics++,original/470.mp4,0,905,642,480,h264,1.08,Original,,,ORIG_470,ORIG_470,PAIR_ORIG_468_ORIG_470,,,470
FFPP_0006471,FaceForensics++,original/471.mp4,0,540,640,480,h264,0.88,Original,,,ORIG_471,ORIG_471,PAIR_ORIG_455_ORIG_471,,,471
FFPP_0006472,FaceForensics++,original/472.mp4,0,479,640,480,h264,0.32,Original,,,ORIG_472,ORIG_472,PAIR_ORIG_472_ORIG_511,,,472
FFPP_0006473,FaceForensics++,original/473.mp4,0,574,640,480,h264,0.91,Original,,,ORIG_473,ORIG_473,PAIR_ORIG_366_ORIG_473,,,473
FFPP_0006474,FaceForensics++,original/474.mp4,0,296,640,480,h264,1.23,Original,,,ORIG_474,ORIG_474,PAIR_ORIG_281_ORIG_474,,,474
FFPP_0006475,FaceForensics++,original/475.mp4,0,337,1280,720,h264,1.52,Original,,,ORIG_475,ORIG_475,PAIR_ORIG_265_ORIG_475,,,475
FFPP_0006476,FaceForensics++,original/476.mp4,0,310,640,480,h264,1.15,Original,,,ORIG_476,ORIG_476,PAIR_ORIG_400_ORIG_476,,,476
FFPP_0006477,FaceForensics++,original/477.mp4,0,365,1264,720,h264,1.5,Original,,,ORIG_477,ORIG_477,PAIR_ORIG_477_ORIG_487,,,477
FFPP_0006478,FaceForensics++,original/478.mp4,0,749,640,480,h264,0.91,Original,,,ORIG_478,ORIG_478,PAIR_ORIG_478_ORIG_506,,,478
FFPP_0006479,FaceForensics++,original/479.mp4,0,488,1920,1080,h264,4.36,Original,,,ORIG_479,ORIG_479,PAIR_ORIG_479_ORIG_706,,,479
FFPP_0006480,FaceForensics++,original/480.mp4,0,485,1280,720,h264,2.21,Original,,,ORIG_480,ORIG_480,PAIR_ORIG_389_ORIG_480,,,480
FFPP_0006481,FaceForensics++,original/481.mp4,0,414,1280,720,h264,2.52,Original,,,ORIG_481,ORIG_481,PAIR_ORIG_469_ORIG_481,,,481
FFPP_0006482,FaceForensics++,original/482.mp4,0,354,640,480,h264,1.09,Original,,,ORIG_482,ORIG_482,PAIR_ORIG_465_ORIG_482,,,482
FFPP_0006483,FaceForensics++,original/483.mp4,0,375,1280,720,h264,1.13,Original,,,ORIG_483,ORIG_483,PAIR_ORIG_370_ORIG_483,,,483
FFPP_0006484,FaceForensics++,original/484.mp4,0,319,654,480,h264,0.4,Original,,,ORIG_484,ORIG_484,PAIR_ORIG_415_ORIG_484,,,484
FFPP_0006485,FaceForensics++,original/485.mp4,0,803,854,480,h264,1.76,Original,,,ORIG_485,ORIG_485,PAIR_ORIG_425_ORIG_485,,,485
FFPP_0006486,FaceForensics++,original/486.mp4,0,564,640,480,h264,0.84,Original,,,ORIG_486,ORIG_486,PAIR_ORIG_486_ORIG_680,,,486
FFPP_0006487,FaceForensics++,original/487.mp4,0,319,1280,720,h264,1.73,Original,,,ORIG_487,ORIG_487,PAIR_ORIG_477_ORIG_487,,,487
FFPP_0006488,FaceForensics++,original/488.mp4,0,518,854,480,h264,1.02,Original,,,ORIG_488,ORIG_488,PAIR_ORIG_399_ORIG_488,,,488
FFPP_0006489,FaceForensics++,original/489.mp4,0,566,1280,720,h264,2.57,Original,,,ORIG_489,ORIG_489,PAIR_ORIG_022_ORIG_489,,,489
FFPP_0006490,FaceForensics++,original/490.mp4,0,635,1920,1080,h264,5.3,Original,,,ORIG_490,ORIG_490,PAIR_ORIG_490_ORIG_534,,,490
FFPP_0006491,FaceForensics++,original/491.mp4,0,427,1920,1080,h264,4.2,Original,,,ORIG_491,ORIG_491,PAIR_ORIG_226_ORIG_491,,,491
FFPP_0006492,FaceForensics++,original/492.mp4,0,347,1280,720,h264,1.37,Original,,,ORIG_492,ORIG_492,PAIR_ORIG_325_ORIG_492,,,492
FFPP_0006493,FaceForensics++,original/493.mp4,0,395,640,480,h264,0.94,Original,,,ORIG_493,ORIG_493,PAIR_ORIG_493_ORIG_538,,,493
FFPP_0006494,FaceForensics++,original/494.mp4,0,802,1280,720,h264,3.46,Original,,,ORIG_494,ORIG_494,PAIR_ORIG_445_ORIG_494,,,494
FFPP_0006495,FaceForensics++,original/495.mp4,0,573,640,480,h264,1.1,Original,,,ORIG_495,ORIG_495,PAIR_ORIG_495_ORIG_512,,,495
FFPP_0006496,FaceForensics++,original/496.mp4,0,1496,640,480,h264,2.07,Original,,,ORIG_496,ORIG_496,PAIR_ORIG_417_ORIG_496,,,496
FFPP_0006497,FaceForensics++,original/497.mp4,0,621,854,480,h264,1.44,Original,,,ORIG_497,ORIG_497,PAIR_ORIG_403_ORIG_497,,,497
FFPP_0006498,FaceForensics++,original/498.mp4,0,317,854,480,h264,0.91,Original,,,ORIG_498,ORIG_498,PAIR_ORIG_433_ORIG_498,,,498
FFPP_0006499,FaceForensics++,original/499.mp4,0,514,1280,720,h264,2.28,Original,,,ORIG_499,ORIG_499,PAIR_ORIG_499_ORIG_539,,,499
FFPP_0006500,FaceForensics++,original/500.mp4,0,292,1920,1080,h264,2.66,Original,,,ORIG_500,ORIG_500,PAIR_ORIG_500_ORIG_592,,,500
FFPP_0006501,FaceForensics++,original/501.mp4,0,522,600,480,h264,0.74,Original,,,ORIG_501,ORIG_501,PAIR_ORIG_326_ORIG_501,,,501
FFPP_0006502,FaceForensics++,original/502.mp4,0,317,1280,720,h264,1.7,Original,,,ORIG_502,ORIG_502,PAIR_ORIG_502_ORIG_504,,,502
FFPP_0006503,FaceForensics++,original/503.mp4,0,674,640,480,h264,0.85,Original,,,ORIG_503,ORIG_503,PAIR_ORIG_503_ORIG_756,,,503
FFPP_0006504,FaceForensics++,original/504.mp4,0,317,1280,720,h264,1.05,Original,,,ORIG_504,ORIG_504,PAIR_ORIG_502_ORIG_504,,,504
FFPP_0006505,FaceForensics++,original/505.mp4,0,543,654,480,h264,0.48,Original,,,ORIG_505,ORIG_505,PAIR_ORIG_505_ORIG_600,,,505
FFPP_0006506,FaceForensics++,original/506.mp4,0,668,854,480,h264,1.3,Original,,,ORIG_506,ORIG_506,PAIR_ORIG_478_ORIG_506,,,506
FFPP_0006507,FaceForensics++,original/507.mp4,0,469,1920,1080,h264,7.64,Original,,,ORIG_507,ORIG_507,PAIR_ORIG_418_ORIG_507,,,507
FFPP_0006508,FaceForensics++,original/508.mp4,0,603,1920,1080,h264,4.84,Original,,,ORIG_508,ORIG_508,PAIR_ORIG_508_ORIG_831,,,508
FFPP_0006509,FaceForensics++,original/509.mp4,0,563,640,480,h264,1.94,Original,,,ORIG_509,ORIG_509,PAIR_ORIG_509_ORIG_525,,,509
FFPP_0006510,FaceForensics++,original/510.mp4,0,340,854,480,h264,1.42,Original,,,ORIG_510,ORIG_510,PAIR_ORIG_510_ORIG_528,,,510
FFPP_0006511,FaceForensics++,original/511.mp4,0,809,640,480,h264,1.49,Original,,,ORIG_511,ORIG_511,PAIR_ORIG_472_ORIG_511,,,511
FFPP_0006512,FaceForensics++,original/512.mp4,0,750,640,480,h264,1.56,Original,,,ORIG_512,ORIG_512,PAIR_ORIG_495_ORIG_512,,,512
FFPP_0006513,FaceForensics++,original/513.mp4,0,494,1280,720,h264,2.71,Original,,,ORIG_513,ORIG_513,PAIR_ORIG_305_ORIG_513,,,513
FFPP_0006514,FaceForensics++,original/514.mp4,0,361,640,480,h264,0.81,Original,,,ORIG_514,ORIG_514,PAIR_ORIG_443_ORIG_514,,,514
FFPP_0006515,FaceForensics++,original/515.mp4,0,766,640,480,h264,1.88,Original,,,ORIG_515,ORIG_515,PAIR_ORIG_515_ORIG_519,,,515
FFPP_0006516,FaceForensics++,original/516.mp4,0,354,1920,1080,h264,3.04,Original,,,ORIG_516,ORIG_516,PAIR_ORIG_516_ORIG_555,,,516
FFPP_0006517,FaceForensics++,original/517.mp4,0,373,654,480,h264,0.62,Original,,,ORIG_517,ORIG_517,PAIR_ORIG_517_ORIG_521,,,517
FFPP_0006518,FaceForensics++,original/518.mp4,0,295,854,480,h264,0.69,Original,,,ORIG_518,ORIG_518,PAIR_ORIG_131_ORIG_518,,,518
FFPP_0006519,FaceForensics++,original/519.mp4,0,751,640,480,h264,2.21,Original,,,ORIG_519,ORIG_519,PAIR_ORIG_515_ORIG_519,,,519
FFPP_0006520,FaceForensics++,original/520.mp4,0,350,1280,720,h264,1.46,Original,,,ORIG_520,ORIG_520,PAIR_ORIG_520_ORIG_542,,,520
FFPP_0006521,FaceForensics++,original/521.mp4,0,304,640,480,h264,0.62,Original,,,ORIG_521,ORIG_521,PAIR_ORIG_517_ORIG_521,,,521
FFPP_0006522,FaceForensics++,original/522.mp4,0,713,602,480,h264,1.03,Original,,,ORIG_522,ORIG_522,PAIR_ORIG_337_ORIG_522,,,522
FFPP_0006523,FaceForensics++,original/523.mp4,0,375,854,480,h264,0.87,Original,,,ORIG_523,ORIG_523,PAIR_ORIG_523_ORIG_541,,,523
FFPP_0006524,FaceForensics++,original/524.mp4,0,527,854,480,h264,0.88,Original,,,ORIG_524,ORIG_524,PAIR_ORIG_524_ORIG_580,,,524
FFPP_0006525,FaceForensics++,original/525.mp4,0,517,854,480,h264,0.64,Original,,,ORIG_525,ORIG_525,PAIR_ORIG_509_ORIG_525,,,525
FFPP_0006526,FaceForensics++,original/526.mp4,0,838,1280,720,h264,2.99,Original,,,ORIG_526,ORIG_526,PAIR_ORIG_436_ORIG_526,,,526
FFPP_0006527,FaceForensics++,original/527.mp4,0,342,1280,720,h264,0.84,Original,,,ORIG_527,ORIG_527,PAIR_ORIG_454_ORIG_527,,,527
FFPP_0006528,FaceForensics++,original/528.mp4,0,377,720,480,h264,1.24,Original,,,ORIG_528,ORIG_528,PAIR_ORIG_510_ORIG_528,,,528
FFPP_0006529,FaceForensics++,original/529.mp4,0,335,1920,1080,h264,3.23,Original,,,ORIG_529,ORIG_529,PAIR_ORIG_529_ORIG_633,,,529
FFPP_0006530,FaceForensics++,original/530.mp4,0,716,1280,720,h264,3.86,Original,,,ORIG_530,ORIG_530,PAIR_ORIG_530_ORIG_594,,,530
FFPP_0006531,FaceForensics++,original/531.mp4,0,319,640,480,h264,0.82,Original,,,ORIG_531,ORIG_531,PAIR_ORIG_531_ORIG_549,,,531
FFPP_0006532,FaceForensics++,original/532.mp4,0,391,1280,720,h264,1.24,Original,,,ORIG_532,ORIG_532,PAIR_ORIG_532_ORIG_544,,,532
FFPP_0006533,FaceForensics++,original/533.mp4,0,558,1920,1080,h264,3.55,Original,,,ORIG_533,ORIG_533,PAIR_ORIG_450_ORIG_533,,,533
FFPP_0006534,FaceForensics++,original/534.mp4,0,384,1280,720,h264,1.64,Original,,,ORIG_534,ORIG_534,PAIR_ORIG_490_ORIG_534,,,534
FFPP_0006535,FaceForensics++,original/535.mp4,0,667,640,480,h264,0.86,Original,,,ORIG_535,ORIG_535,PAIR_ORIG_535_ORIG_587,,,535
FFPP_0006536,FaceForensics++,original/536.mp4,0,603,1280,720,h264,2.04,Original,,,ORIG_536,ORIG_536,PAIR_ORIG_536_ORIG_540,,,536
FFPP_0006537,FaceForensics++,original/537.mp4,0,385,1280,720,h264,2.0,Original,,,ORIG_537,ORIG_537,PAIR_ORIG_537_ORIG_563,,,537
FFPP_0006538,FaceForensics++,original/538.mp4,0,596,854,480,h264,1.12,Original,,,ORIG_538,ORIG_538,PAIR_ORIG_493_ORIG_538,,,538
FFPP_0006539,FaceForensics++,original/539.mp4,0,313,640,480,h264,0.43,Original,,,ORIG_539,ORIG_539,PAIR_ORIG_499_ORIG_539,,,539
FFPP_0006540,FaceForensics++,original/540.mp4,0,957,1280,720,h264,2.53,Original,,,ORIG_540,ORIG_540,PAIR_ORIG_536_ORIG_540,,,540
FFPP_0006541,FaceForensics++,original/541.mp4,0,390,642,480,h264,0.41,Original,,,ORIG_541,ORIG_541,PAIR_ORIG_523_ORIG_541,,,541
FFPP_0006542,FaceForensics++,original/542.mp4,0,320,1280,720,h264,1.17,Original,,,ORIG_542,ORIG_542,PAIR_ORIG_520_ORIG_542,,,542
FFPP_0006543,FaceForensics++,original/543.mp4,0,718,656,480,h264,1.25,Original,,,ORIG_543,ORIG_543,PAIR_ORIG_543_ORIG_559,,,543
FFPP_0006544,FaceForensics++,original/544.mp4,0,355,1280,720,h264,1.57,Original,,,ORIG_544,ORIG_544,PAIR_ORIG_532_ORIG_544,,,544
FFPP_0006545,FaceForensics++,original/545.mp4,0,436,640,480,h264,0.95,Original,,,ORIG_545,ORIG_545,PAIR_ORIG_545_ORIG_553,,,545
FFPP_0006546,FaceForensics++,original/546.mp4,0,714,854,480,h264,1.14,Original,,,ORIG_546,ORIG_546,PAIR_ORIG_546_ORIG_621,,,546
FFPP_0006547,FaceForensics++,original/547.mp4,0,496,1920,1080,h264,3.67,Original,,,ORIG_547,ORIG_547,PAIR_ORIG_547_ORIG_574,,,547
FFPP_0006548,FaceForensics++,original/548.mp4,0,573,1280,720,h264,2.66,Original,,,ORIG_548,ORIG_548,PAIR_ORIG_548_ORIG_632,,,548
FFPP_0006549,FaceForensics++,original/549.mp4,0,624,1280,720,h264,13.45,Original,,,ORIG_549,ORIG_549,PAIR_ORIG_531_ORIG_549,,,549
FFPP_0006550,FaceForensics++,original/550.mp4,0,444,640,480,h264,0.61,Original,,,ORIG_550,ORIG_550,PAIR_ORIG_452_ORIG_550,,,550
FFPP_0006551,FaceForensics++,original/551.mp4,0,727,1280,720,h264,4.84,Original,,,ORIG_551,ORIG_551,PAIR_ORIG_551_ORIG_631,,,551
FFPP_0006552,FaceForensics++,original/552.mp4,0,303,1280,720,h264,1.29,Original,,,ORIG_552,ORIG_552,PAIR_ORIG_552_ORIG_851,,,552
FFPP_0006553,FaceForensics++,original/553.mp4,0,364,640,480,h264,0.52,Original,,,ORIG_553,ORIG_553,PAIR_ORIG_545_ORIG_553,,,553
FFPP_0006554,FaceForensics++,original/554.mp4,0,828,1280,720,h264,2.62,Original,,,ORIG_554,ORIG_554,PAIR_ORIG_554_ORIG_572,,,554
FFPP_0006555,FaceForensics++,original/555.mp4,0,572,1920,1080,h264,6.9,Original,,,ORIG_555,ORIG_555,PAIR_ORIG_516_ORIG_555,,,555
FFPP_0006556,FaceForensics++,original/556.mp4,0,372,640,480,h264,0.52,Original,,,ORIG_556,ORIG_556,PAIR_ORIG_556_ORIG_588,,,556
FFPP_0006557,FaceForensics++,original/557.mp4,0,509,854,480,h264,0.9,Original,,,ORIG_557,ORIG_557,PAIR_ORIG_557_ORIG_560,,,557
FFPP_0006558,FaceForensics++,original/558.mp4,0,535,1280,720,h264,3.2,Original,,,ORIG_558,ORIG_558,PAIR_ORIG_558_ORIG_583,,,558
FFPP_0006559,FaceForensics++,original/559.mp4,0,334,1280,720,h264,2.33,Original,,,ORIG_559,ORIG_559,PAIR_ORIG_543_ORIG_559,,,559
FFPP_0006560,FaceForensics++,original/560.mp4,0,349,640,480,h264,0.42,Original,,,ORIG_560,ORIG_560,PAIR_ORIG_557_ORIG_560,,,560
FFPP_0006561,FaceForensics++,original/561.mp4,0,416,1920,1080,h264,3.06,Original,,,ORIG_561,ORIG_561,PAIR_ORIG_561_ORIG_998,,,561
FFPP_0006562,FaceForensics++,original/562.mp4,0,467,1280,720,h264,3.04,Original,,,ORIG_562,ORIG_562,PAIR_ORIG_562_ORIG_626,,,562
FFPP_0006563,FaceForensics++,original/563.mp4,0,390,640,480,h264,0.61,Original,,,ORIG_563,ORIG_563,PAIR_ORIG_537_ORIG_563,,,563
FFPP_0006564,FaceForensics++,original/564.mp4,0,648,1920,1080,h264,4.05,Original,,,ORIG_564,ORIG_564,PAIR_ORIG_564_ORIG_971,,,564
FFPP_0006565,FaceForensics++,original/565.mp4,0,430,656,480,h264,0.84,Original,,,ORIG_565,ORIG_565,PAIR_ORIG_565_ORIG_589,,,565
FFPP_0006566,FaceForensics++,original/566.mp4,0,723,854,480,h264,2.93,Original,,,ORIG_566,ORIG_566,PAIR_ORIG_566_ORIG_617,,,566
FFPP_0006567,FaceForensics++,original/567.mp4,0,340,854,480,h264,0.64,Original,,,ORIG_567,ORIG_567,PAIR_ORIG_567_ORIG_606,,,567
FFPP_0006568,FaceForensics++,original/568.mp4,0,570,640,480,h264,1.0,Original,,,ORIG_568,ORIG_568,PAIR_ORIG_568_ORIG_628,,,568
FFPP_0006569,FaceForensics++,original/569.mp4,0,335,1920,1080,h264,3.02,Original,,,ORIG_569,ORIG_569,PAIR_ORIG_569_ORIG_921,,,569
FFPP_0006570,FaceForensics++,original/570.mp4,0,430,1280,720,h264,1.77,Original,,,ORIG_570,ORIG_570,PAIR_ORIG_570_ORIG_624,,,570
FFPP_0006571,FaceForensics++,original/571.mp4,0,576,1280,720,h264,2.91,Original,,,ORIG_571,ORIG_571,PAIR_ORIG_571_ORIG_746,,,571
FFPP_0006572,FaceForensics++,original/572.mp4,0,347,1280,720,h264,1.39,Original,,,ORIG_572,ORIG_572,PAIR_ORIG_554_ORIG_572,,,572
FFPP_0006573,FaceForensics++,original/573.mp4,0,613,1280,720,h264,2.94,Original,,,ORIG_573,ORIG_573,PAIR_ORIG_573_ORIG_757,,,573
FFPP_0006574,FaceForensics++,original/574.mp4,0,507,656,480,h264,0.89,Original,,,ORIG_574,ORIG_574,PAIR_ORIG_547_ORIG_574,,,574
FFPP_0006575,FaceForensics++,original/575.mp4,0,557,1280,720,h264,3.29,Original,,,ORIG_575,ORIG_575,PAIR_ORIG_575_ORIG_603,,,575
FFPP_0006576,FaceForensics++,original/576.mp4,0,461,1280,720,h264,2.84,Original,,,ORIG_576,ORIG_576,PAIR_ORIG_155_ORIG_576,,,576
FFPP_0006577,FaceForensics++,original/577.mp4,0,344,1920,1080,h264,2.39,Original,,,ORIG_577,ORIG_577,PAIR_ORIG_577_ORIG_593,,,577
FFPP_0006578,FaceForensics++,original/578.mp4,0,564,1280,720,h264,1.95,Original,,,ORIG_578,ORIG_578,PAIR_ORIG_578_ORIG_636,,,578
FFPP_0006579,FaceForensics++,original/579.mp4,0,476,1920,1080,h264,3.33,Original,,,ORIG_579,ORIG_579,PAIR_ORIG_579_ORIG_701,,,579
FFPP_0006580,FaceForensics++,original/580.mp4,0,292,1280,720,h264,1.08,Original,,,ORIG_580,ORIG_580,PAIR_ORIG_524_ORIG_580,,,580
FFPP_0006581,FaceForensics++,original/581.mp4,0,382,1920,1080,h264,4.37,Original,,,ORIG_581,ORIG_581,PAIR_ORIG_581_ORIG_697,,,581
FFPP_0006582,FaceForensics++,original/582.mp4,0,431,654,480,h264,1.81,Original,,,ORIG_582,ORIG_582,PAIR_ORIG_172_ORIG_582,,,582
FFPP_0006583,FaceForensics++,original/583.mp4,0,475,1280,720,h264,1.68,Original,,,ORIG_583,ORIG_583,PAIR_ORIG_558_ORIG_583,,,583
FFPP_0006584,FaceForensics++,original/584.mp4,0,475,1280,720,h264,1.89,Original,,,ORIG_584,ORIG_584,PAIR_ORIG_584_ORIG_823,,,584
FFPP_0006585,FaceForensics++,original/585.mp4,0,359,1280,720,h264,1.55,Original,,,ORIG_585,ORIG_585,PAIR_ORIG_585_ORIG_599,,,585
FFPP_0006586,FaceForensics++,original/586.mp4,0,379,1920,1080,h264,3.61,Original,,,ORIG_586,ORIG_586,PAIR_ORIG_223_ORIG_586,,,586
FFPP_0006587,FaceForensics++,original/587.mp4,0,626,640,480,h264,0.92,Original,,,ORIG_587,ORIG_587,PAIR_ORIG_535_ORIG_587,,,587
FFPP_0006588,FaceForensics++,original/588.mp4,0,544,854,480,h264,1.0,Original,,,ORIG_588,ORIG_588,PAIR_ORIG_556_ORIG_588,,,588
FFPP_0006589,FaceForensics++,original/589.mp4,0,686,640,480,h264,1.52,Original,,,ORIG_589,ORIG_589,PAIR_ORIG_565_ORIG_589,,,589
FFPP_0006590,FaceForensics++,original/590.mp4,0,600,1920,1080,h264,6.3,Original,,,ORIG_590,ORIG_590,PAIR_ORIG_034_ORIG_590,,,590
FFPP_0006591,FaceForensics++,original/591.mp4,0,541,1280,720,h264,2.73,Original,,,ORIG_591,ORIG_591,PAIR_ORIG_591_ORIG_605,,,591
FFPP_0006592,FaceForensics++,original/592.mp4,0,383,854,480,h264,0.52,Original,,,ORIG_592,ORIG_592,PAIR_ORIG_500_ORIG_592,,,592
FFPP_0006593,FaceForensics++,original/593.mp4,0,535,1920,1080,h264,4.08,Original,,,ORIG_593,ORIG_593,PAIR_ORIG_577_ORIG_593,,,593
FFPP_0006594,FaceForensics++,original/594.mp4,0,294,1280,720,h264,1.1,Original,,,ORIG_594,ORIG_594,PAIR_ORIG_530_ORIG_594,,,594
FFPP_0006595,FaceForensics++,original/595.mp4,0,565,1280,720,h264,2.06,Original,,,ORIG_595,ORIG_595,PAIR_ORIG_595_ORIG_597,,,595
FFPP_0006596,FaceForensics++,original/596.mp4,0,557,600,480,h264,1.16,Original,,,ORIG_596,ORIG_596,PAIR_ORIG_596_ORIG_609,,,596
FFPP_0006597,FaceForensics++,original/597.mp4,0,297,640,480,h264,0.48,Original,,,ORIG_597,ORIG_597,PAIR_ORIG_595_ORIG_597,,,597
FFPP_0006598,FaceForensics++,original/598.mp4,0,686,640,480,h264,0.65,Original,,,ORIG_598,ORIG_598,PAIR_ORIG_178_ORIG_598,,,598
FFPP_0006599,FaceForensics++,original/599.mp4,0,398,1280,720,h264,2.01,Original,,,ORIG_599,ORIG_599,PAIR_ORIG_585_ORIG_599,,,599
FFPP_0006600,FaceForensics++,original/600.mp4,0,388,640,480,h264,0.92,Original,,,ORIG_600,ORIG_600,PAIR_ORIG_505_ORIG_600,,,600
FFPP_0006601,FaceForensics++,original/601.mp4,0,364,654,480,h264,0.54,Original,,,ORIG_601,ORIG_601,PAIR_ORIG_601_ORIG_653,,,601
FFPP_0006602,FaceForensics++,original/602.mp4,0,667,1920,1080,h264,6.37,Original,,,ORIG_602,ORIG_602,PAIR_ORIG_397_ORIG_602,,,602
FFPP_0006603,FaceForensics++,original/603.mp4,0,296,1280,720,h264,1.3,Original,,,ORIG_603,ORIG_603,PAIR_ORIG_575_ORIG_603,,,603
FFPP_0006604,FaceForensics++,original/604.mp4,0,825,1280,720,h264,2.69,Original,,,ORIG_604,ORIG_604,PAIR_ORIG_604_ORIG_703,,,604
FFPP_0006605,FaceForensics++,original/605.mp4,0,664,848,480,h264,1.12,Original,,,ORIG_605,ORIG_605,PAIR_ORIG_591_ORIG_605,,,605
FFPP_0006606,FaceForensics++,original/606.mp4,0,387,848,480,h264,0.53,Original,,,ORIG_606,ORIG_606,PAIR_ORIG_567_ORIG_606,,,606
FFPP_0006607,FaceForensics++,original/607.mp4,0,454,1920,1080,h264,4.04,Original,,,ORIG_607,ORIG_607,PAIR_ORIG_607_ORIG_683,,,607
FFPP_0006608,FaceForensics++,original/608.mp4,0,1205,600,480,h264,1.74,Original,,,ORIG_608,ORIG_608,PAIR_ORIG_608_ORIG_675,,,608
FFPP_0006609,FaceForensics++,original/609.mp4,0,489,600,480,h264,1.62,Original,,,ORIG_609,ORIG_609,PAIR_ORIG_596_ORIG_609,,,609
FFPP_0006610,FaceForensics++,original/610.mp4,0,394,1280,720,h264,1.93,Original,,,ORIG_610,ORIG_610,PAIR_ORIG_610_ORIG_692,,,610
FFPP_0006611,FaceForensics++,original/611.mp4,0,645,640,480,h264,0.75,Original,,,ORIG_611,ORIG_611,PAIR_ORIG_611_ORIG_760,,,611
FFPP_0006612,FaceForensics++,original/612.mp4,0,420,1280,720,h264,2.05,Original,,,ORIG_612,ORIG_612,PAIR_ORIG_612_ORIG_702,,,612
FFPP_0006613,FaceForensics++,original/613.mp4,0,415,1280,720,h264,1.22,Original,,,ORIG_613,ORIG_613,PAIR_ORIG_613_ORIG_685,,,613
FFPP_0006614,FaceForensics++,original/614.mp4,0,507,1280,720,h264,2.04,Original,,,ORIG_614,ORIG_614,PAIR_ORIG_614_ORIG_616,,,614
FFPP_0006615,FaceForensics++,original/615.mp4,0,452,1280,720,h264,1.77,Original,,,ORIG_615,ORIG_615,PAIR_ORIG_615_ORIG_687,,,615
FFPP_0006616,FaceForensics++,original/616.mp4,0,663,640,480,h264,1.46,Original,,,ORIG_616,ORIG_616,PAIR_ORIG_614_ORIG_616,,,616
FFPP_0006617,FaceForensics++,original/617.mp4,0,312,854,480,h264,0.62,Original,,,ORIG_617,ORIG_617,PAIR_ORIG_566_ORIG_617,,,617
FFPP_0006618,FaceForensics++,original/618.mp4,0,382,1280,720,h264,2.0,Original,,,ORIG_618,ORIG_618,PAIR_ORIG_618_ORIG_629,,,618
FFPP_0006619,FaceForensics++,original/619.mp4,0,305,1280,720,h264,1.03,Original,,,ORIG_619,ORIG_619,PAIR_ORIG_619_ORIG_620,,,619
FFPP_0006620,FaceForensics++,original/620.mp4,0,628,1920,1080,h264,4.62,Original,,,ORIG_620,ORIG_620,PAIR_ORIG_619_ORIG_620,,,620
FFPP_0006621,FaceForensics++,original/621.mp4,0,370,1280,720,h264,1.66,Original,,,ORIG_621,ORIG_621,PAIR_ORIG_546_ORIG_621,,,621
FFPP_0006622,FaceForensics++,original/622.mp4,0,371,1280,720,h264,1.1,Original,,,ORIG_622,ORIG_622,PAIR_ORIG_622_ORIG_647,,,622
FFPP_0006623,FaceForensics++,original/623.mp4,0,352,640,480,h264,0.67,Original,,,ORIG_623,ORIG_623,PAIR_ORIG_623_ORIG_630,,,623
FFPP_0006624,FaceForensics++,original/624.mp4,0,350,854,480,h264,1.39,Original,,,ORIG_624,ORIG_624,PAIR_ORIG_570_ORIG_624,,,624
FFPP_0006625,FaceForensics++,original/625.mp4,0,332,640,480,h264,0.62,Original,,,ORIG_625,ORIG_625,PAIR_ORIG_625_ORIG_650,,,625
FFPP_0006626,FaceForensics++,original/626.mp4,0,975,854,480,h264,1.69,Original,,,ORIG_626,ORIG_626,PAIR_ORIG_562_ORIG_626,,,626
FFPP_0006627,FaceForensics++,original/627.mp4,0,374,600,480,h264,0.86,Original,,,ORIG_627,ORIG_627,PAIR_ORIG_627_ORIG_658,,,627
FFPP_0006628,FaceForensics++,original/628.mp4,0,895,640,480,h264,1.33,Original,,,ORIG_628,ORIG_628,PAIR_ORIG_568_ORIG_628,,,628
FFPP_0006629,FaceForensics++,original/629.mp4,0,990,1280,720,h264,3.4,Original,,,ORIG_629,ORIG_629,PAIR_ORIG_618_ORIG_629,,,629
FFPP_0006630,FaceForensics++,original/630.mp4,0,423,640,480,h264,1.28,Original,,,ORIG_630,ORIG_630,PAIR_ORIG_623_ORIG_630,,,630
FFPP_0006631,FaceForensics++,original/631.mp4,0,424,656,480,h264,1.07,Original,,,ORIG_631,ORIG_631,PAIR_ORIG_551_ORIG_631,,,631
FFPP_0006632,FaceForensics++,original/632.mp4,0,427,1920,1080,h264,4.03,Original,,,ORIG_632,ORIG_632,PAIR_ORIG_548_ORIG_632,,,632
FFPP_0006633,FaceForensics++,original/633.mp4,0,512,1280,720,h264,2.16,Original,,,ORIG_633,ORIG_633,PAIR_ORIG_529_ORIG_633,,,633
FFPP_0006634,FaceForensics++,original/634.mp4,0,338,1280,720,h264,1.47,Original,,,ORIG_634,ORIG_634,PAIR_ORIG_634_ORIG_660,,,634
FFPP_0006635,FaceForensics++,original/635.mp4,0,764,854,480,h264,1.59,Original,,,ORIG_635,ORIG_635,PAIR_ORIG_635_ORIG_642,,,635
FFPP_0006636,FaceForensics++,original/636.mp4,0,335,640,480,h264,0.56,Original,,,ORIG_636,ORIG_636,PAIR_ORIG_578_ORIG_636,,,636
FFPP_0006637,FaceForensics++,original/637.mp4,0,510,1280,720,h264,1.1,Original,,,ORIG_637,ORIG_637,PAIR_ORIG_427_ORIG_637,,,637
FFPP_0006638,FaceForensics++,original/638.mp4,0,698,1280,720,h264,2.77,Original,,,ORIG_638,ORIG_638,PAIR_ORIG_638_ORIG_640,,,638
FFPP_0006639,FaceForensics++,original/639.mp4,0,662,1280,720,h264,2.53,Original,,,ORIG_639,ORIG_639,PAIR_ORIG_639_ORIG_841,,,639
FFPP_0006640,FaceForensics++,original/640.mp4,0,306,1280,720,h264,1.35,Original,,,ORIG_640,ORIG_640,PAIR_ORIG_638_ORIG_640,,,640
FFPP_0006641,FaceForensics++,original/641.mp4,0,350,1280,720,h264,2.43,Original,,,ORIG_641,ORIG_641,PAIR_ORIG_641_ORIG_662,,,641
FFPP_0006642,FaceForensics++,original/642.mp4,0,573,656,480,h264,1.54,Original,,,ORIG_642,ORIG_642,PAIR_ORIG_635_ORIG_642,,,642
FFPP_0006643,FaceForensics++,original/643.mp4,0,364,1280,720,h264,1.46,Original,,,ORIG_643,ORIG_643,PAIR_ORIG_643_ORIG_646,,,643
FFPP_0006644,FaceForensics++,original/644.mp4,0,413,854,480,h264,0.87,Original,,,ORIG_644,ORIG_644,PAIR_ORIG_644_ORIG_657,,,644
FFPP_0006645,FaceForensics++,original/645.mp4,0,554,1920,1080,h264,6.35,Original,,,ORIG_645,ORIG_645,PAIR_ORIG_645_ORIG_688,,,645
FFPP_0006646,FaceForensics++,original/646.mp4,0,440,640,480,h264,0.58,Original,,,ORIG_646,ORIG_646,PAIR_ORIG_643_ORIG_646,,,646
FFPP_0006647,FaceForensics++,original/647.mp4,0,699,1920,1080,h264,4.75,Original,,,ORIG_647,ORIG_647,PAIR_ORIG_622_ORIG_647,,,647
FFPP_0006648,FaceForensics++,original/648.mp4,0,471,1280,720,h264,1.39,Original,,,ORIG_648,ORIG_648,PAIR_ORIG_648_ORIG_654,,,648
FFPP_0006649,FaceForensics++,original/649.mp4,0,930,1280,720,h264,3.54,Original,,,ORIG_649,ORIG_649,PAIR_ORIG_649_ORIG_816,,,649
FFPP_0006650,FaceForensics++,original/650.mp4,0,693,656,480,h264,0.88,Original,,,ORIG_650,ORIG_650,PAIR_ORIG_625_ORIG_650,,,650
FFPP_0006651,FaceForensics++,original/651.mp4,0,380,1280,720,h264,2.34,Original,,,ORIG_651,ORIG_651,PAIR_ORIG_651_ORIG_835,,,651
FFPP_0006652,FaceForensics++,original/652.mp4,0,456,1280,720,h264,1.84,Original,,,ORIG_652,ORIG_652,PAIR_ORIG_652_ORIG_773,,,652
FFPP_0006653,FaceForensics++,original/653.mp4,0,731,654,480,h264,1.19,Original,,,ORIG_653,ORIG_653,PAIR_ORIG_601_ORIG_653,,,653
FFPP_0006654,FaceForensics++,original/654.mp4,0,410,640,480,h264,0.73,Original,,,ORIG_654,ORIG_654,PAIR_ORIG_648_ORIG_654,,,654
FFPP_0006655,FaceForensics++,original/655.mp4,0,678,640,480,h264,1.82,Original,,,ORIG_655,ORIG_655,PAIR_ORIG_444_ORIG_655,,,655
FFPP_0006656,FaceForensics++,original/656.mp4,0,505,640,480,h264,0.74,Original,,,ORIG_656,ORIG_656,PAIR_ORIG_656_ORIG_666,,,656
FFPP_0006657,FaceForensics++,original/657.mp4,0,546,656,480,h264,1.56,Original,,,ORIG_657,ORIG_657,PAIR_ORIG_644_ORIG_657,,,657
FFPP_0006658,FaceForensics++,original/658.mp4,0,404,656,480,h264,0.59,Original,,,ORIG_658,ORIG_658,PAIR_ORIG_627_ORIG_658,,,658
FFPP_0006659,FaceForensics++,original/659.mp4,0,1001,640,480,h264,1.43,Original,,,ORIG_659,ORIG_659,PAIR_ORIG_659_ORIG_749,,,659
FFPP_0006660,FaceForensics++,original/660.mp4,0,340,1280,720,h264,3.74,Original,,,ORIG_660,ORIG_660,PAIR_ORIG_634_ORIG_660,,,660
FFPP_0006661,FaceForensics++,original/661.mp4,0,513,1280,720,h264,3.17,Original,,,ORIG_661,ORIG_661,PAIR_ORIG_661_ORIG_670,,,661
FFPP_0006662,FaceForensics++,original/662.mp4,0,496,1280,720,h264,2.92,Original,,,ORIG_662,ORIG_662,PAIR_ORIG_641_ORIG_662,,,662
FFPP_0006663,FaceForensics++,original/663.mp4,0,316,640,480,h264,0.5,Original,,,ORIG_663,ORIG_663,PAIR_ORIG_231_ORIG_663,,,663
FFPP_0006664,FaceForensics++,original/664.mp4,0,293,1280,720,h264,1.22,Original,,,ORIG_664,ORIG_664,PAIR_ORIG_664_ORIG_668,,,664
FFPP_0006665,FaceForensics++,original/665.mp4,0,324,640,480,h264,0.36,Original,,,ORIG_665,ORIG_665,PAIR_ORIG_665_ORIG_679,,,665
FFPP_0006666,FaceForensics++,original/666.mp4,0,383,640,480,h264,0.59,Original,,,ORIG_666,ORIG_666,PAIR_ORIG_656_ORIG_666,,,666
FFPP_0006667,FaceForensics++,original/667.mp4,0,469,1920,1080,h264,6.46,Original,,,ORIG_667,ORIG_667,PAIR_ORIG_446_ORIG_667,,,667
FFPP_0006668,FaceForensics++,original/668.mp4,0,398,654,480,h264,0.92,Original,,,ORIG_668,ORIG_668,PAIR_ORIG_664_ORIG_668,,,668
FFPP_0006669,FaceForensics++,original/669.mp4,0,489,640,480,h264,0.4,Original,,,ORIG_669,ORIG_669,PAIR_ORIG_669_ORIG_682,,,669
FFPP_0006670,FaceForensics++,original/670.mp4,0,481,640,480,h264,0.87,Original,,,ORIG_670,ORIG_670,PAIR_ORIG_661_ORIG_670,,,670
FFPP_0006671,FaceForensics++,original/671.mp4,0,343,1280,720,h264,1.57,Original,,,ORIG_671,ORIG_671,PAIR_ORIG_671_ORIG_677,,,671
FFPP_0006672,FaceForensics++,original/672.mp4,0,541,1280,720,h264,1.79,Original,,,ORIG_672,ORIG_672,PAIR_ORIG_672_ORIG_720,,,672
FFPP_0006673,FaceForensics++,original/673.mp4,0,592,640,480,h264,1.11,Original,,,ORIG_673,ORIG_673,PAIR_ORIG_673_ORIG_728,,,673
FFPP_0006674,FaceForensics++,original/674.mp4,0,367,640,480,h264,0.84,Original,,,ORIG_674,ORIG_674,PAIR_ORIG_674_ORIG_744,,,674
FFPP_0006675,FaceForensics++,original/675.mp4,0,421,600,480,h264,1.21,Original,,,ORIG_675,ORIG_675,PAIR_ORIG_608_ORIG_675,,,675
FFPP_0006676,FaceForensics++,original/676.mp4,0,515,1280,720,h264,1.94,Original,,,ORIG_676,ORIG_676,PAIR_ORIG_676_ORIG_776,,,676
FFPP_0006677,FaceForensics++,original/677.mp4,0,314,1280,720,h264,1.65,Original,,,ORIG_677,ORIG_677,PAIR_ORIG_671_ORIG_677,,,677
FFPP_0006678,FaceForensics++,original/678.mp4,0,400,1920,1080,h264,4.61,Original,,,ORIG_678,ORIG_678,PAIR_ORIG_460_ORIG_678,,,678
FFPP_0006679,FaceForensics++,original/679.mp4,0,416,656,480,h264,0.63,Original,,,ORIG_679,ORIG_679,PAIR_ORIG_665_ORIG_679,,,679
FFPP_0006680,FaceForensics++,original/680.mp4,0,300,656,480,h264,0.48,Original,,,ORIG_680,ORIG_680,PAIR_ORIG_486_ORIG_680,,,680
FFPP_0006681,FaceForensics++,original/681.mp4,0,840,1280,720,h264,3.14,Original,,,ORIG_681,ORIG_681,PAIR_ORIG_681_ORIG_711,,,681
FFPP_0006682,FaceForensics++,original/682.mp4,0,965,600,480,h264,1.5,Original,,,ORIG_682,ORIG_682,PAIR_ORIG_669_ORIG_682,,,682
FFPP_0006683,FaceForensics++,original/683.mp4,0,302,1920,1080,h264,2.28,Original,,,ORIG_683,ORIG_683,PAIR_ORIG_607_ORIG_683,,,683
FFPP_0006684,FaceForensics++,original/684.mp4,0,497,1920,1080,h264,4.38,Original,,,ORIG_684,ORIG_684,PAIR_ORIG_684_ORIG_717,,,684
FFPP_0006685,FaceForensics++,original/685.mp4,0,522,1280,720,h264,1.99,Original,,,ORIG_685,ORIG_685,PAIR_ORIG_613_ORIG_685,,,685
FFPP_0006686,FaceForensics++,original/686.mp4,0,342,1280,720,h264,1.06,Original,,,ORIG_686,ORIG_686,PAIR_ORIG_686_ORIG_696,,,686
FFPP_0006687,FaceForensics++,original/687.mp4,0,469,1280,720,h264,1.47,Original,,,ORIG_687,ORIG_687,PAIR_ORIG_615_ORIG_687,,,687
FFPP_0006688,FaceForensics++,original/688.mp4,0,571,1280,720,h264,2.95,Original,,,ORIG_688,ORIG_688,PAIR_ORIG_645_ORIG_688,,,688
FFPP_0006689,FaceForensics++,original/689.mp4,0,455,640,480,h264,0.72,Original,,,ORIG_689,ORIG_689,PAIR_ORIG_689_ORIG_690,,,689
FFPP_0006690,FaceForensics++,original/690.mp4,0,331,854,480,h264,0.69,Original,,,ORIG_690,ORIG_690,PAIR_ORIG_689_ORIG_690,,,690
FFPP_0006691,FaceForensics++,original/691.mp4,0,540,1280,720,h264,1.91,Original,,,ORIG_691,ORIG_691,PAIR_ORIG_691_ORIG_732,,,691
FFPP_0006692,FaceForensics++,original/692.mp4,0,354,1280,720,h264,2.34,Original,,,ORIG_692,ORIG_692,PAIR_ORIG_610_ORIG_692,,,692
FFPP_0006693,FaceForensics++,original/693.mp4,0,595,656,480,h264,1.54,Original,,,ORIG_693,ORIG_693,PAIR_ORIG_693_ORIG_698,,,693
FFPP_0006694,FaceForensics++,original/694.mp4,0,299,854,480,h264,0.82,Original,,,ORIG_694,ORIG_694,PAIR_ORIG_694_ORIG_767,,,694
FFPP_0006695,FaceForensics++,original/695.mp4,0,310,1920,1080,h264,2.76,Original,,,ORIG_695,ORIG_695,PAIR_ORIG_422_ORIG_695,,,695
FFPP_0006696,FaceForensics++,original/696.mp4,0,405,656,480,h264,0.67,Original,,,ORIG_696,ORIG_696,PAIR_ORIG_686_ORIG_696,,,696
FFPP_0006697,FaceForensics++,original/697.mp4,0,465,1280,720,h264,2.16,Original,,,ORIG_697,ORIG_697,PAIR_ORIG_581_ORIG_697,,,697
FFPP_0006698,FaceForensics++,original/698.mp4,0,304,656,480,h264,0.44,Original,,,ORIG_698,ORIG_698,PAIR_ORIG_693_ORIG_698,,,698
FFPP_0006699,FaceForensics++,original/699.mp4,0,524,600,480,h264,0.67,Original,,,ORIG_699,ORIG_699,PAIR_ORIG_699_ORIG_734,,,699
