sample_id,dataset,video_path,label,frame_count,width,height,codec,file_size_mb,manipulation,generator,subject_id,source_id,original_video_id,split_group_id,audio_path,split
DFD_0000016,DeepFakeDetection (DFD),raw/DFD/DFD_original sequences/02__exit_phone_room.mp4,0,364,1920,1080,h264,2.44,Original,None,DFD_SOURCE_02,DFD_SOURCE_02,,DFD_SOURCE_02,,train
DFD_0000017,DeepFakeDetection (DFD),raw/DFD/DFD_original sequences/02__hugging_happy.mp4,0,805,1920,1080,h264,8.47,Original,None,DFD_SOURCE_02,DFD_SOURCE_02,,DFD_SOURCE_02,,train
DFD_0000018,DeepFakeDetection (DFD),raw/DFD/DFD_original sequences/02__kitchen_pan.mp4,0,591,1920,1080,h264,6.33,Original,None,DFD_SOURCE_02,DFD_SOURCE_02,,DFD_SOURCE_02,,train
DFD_0000019,DeepFakeDetection (DFD),raw/DFD/DFD_original sequences/02__kitchen_still.mp4,0,855,1920,1080,h264,7.66,Original,None,DFD_SOURCE_02,DFD_SOURCE_02,,DFD_SOURCE_02,,train
DFD_0000020,DeepFakeDetection (DFD),raw/DFD/DFD_original sequences/02__meeting_serious.mp4,0,985,1920,1080,h264,6.03,Original,None,DFD_SOURCE_02,DFD_SOURCE_02,,DFD_SOURCE_02,,train
DFD_0000021,DeepFakeDetection (DFD),raw/DFD/DFD_original sequences/02__outside_talking_pan_laughing.mp4,0,661,1920,1080,h264,5.98,Original,None,DFD_SOURCE_02,DFD_SOURCE_02,,DFD_SOURCE_02,,train
DFD_0000022,DeepFakeDetection (DFD),raw/DFD/DFD_original sequences/02__outside_talking_still_laughing.mp4,0,820,1920,1080,h264,6.23,Original,None,DFD_SOURCE_02,DFD_SOURCE_02,,DFD_SOURCE_02,,train
DFD_0000023,DeepFakeDetection (DFD),raw/DFD/DFD_original sequences/02__podium_speech_happy.mp4,0,1076,1920,1080,h264,7.97,Original,None,DFD_SOURCE_02,DFD_SOURCE_02,,DFD_SOURCE_02,,train
DFD_0000024,DeepFakeDetection (DFD),raw/DFD/DFD_original sequences/02__secret_conversation.mp4,0,1020,1920,1080,h264,8.16,Original,None,DFD_SOURCE_02,DFD_SOURCE_02,,DFD_SOURCE_02,,train
DFD_0000025,DeepFakeDetection (DFD),raw/DFD/DFD_original sequences/02__talking_against_wall.mp4,0,990,1920,1080,h264,5.12,Original,None,DFD_SOURCE_02,DFD_SOURCE_02,,DFD_SOURCE_02,,train
DFD_0000026,DeepFakeDetection (DFD),raw/DFD/DFD_original sequences/02__talking_angry_couch.mp4,0,1300,1920,1080,h264,16.73,Original,None,DFD_SOURCE_02,DFD_SOURCE_02,,DFD_SOURCE_02,,train
DFD_0000027,DeepFakeDetection (DFD),raw/DFD/DFD_original sequences/02__walk_down_hall_angry.mp4,0,405,1920,1080,h264,2.22,Original,None,DFD_SOURCE_02,DFD_SOURCE_02,,DFD_SOURCE_02,,train
DFD_0000028,DeepFakeDetection (DFD),raw/DFD/DFD_original sequences/02__walking_and_outside_surprised.mp4,0,1085,1920,1080,h264,27.59,Original,None,DFD_SOURCE_02,DFD_SOURCE_02,,DFD_SOURCE_02,,train
DFD_0000029,DeepFakeDetection (DFD),raw/DFD/DFD_original sequences/02__walking_down_indoor_hall_disgust.mp4,0,823,1920,1080,h264,12.78,Original,None,DFD_SOURCE_02,DFD_SOURCE_02,,DFD_SOURCE_02,,train
DFD_0000030,DeepFakeDetection (DFD),raw/DFD/DFD_original sequences/02__walking_down_street_outside_angry.mp4,0,744,1920,1080,h264,4.71,Original,None,DFD_SOURCE_02,DFD_SOURCE_02,,DFD_SOURCE_02,,train
DFD_0000031,DeepFakeDetection (DFD),raw/DFD/DFD_original sequences/02__walking_outside_cafe_disgusted.mp4,0,577,1920,1080,h264,3.09,Original,None,DFD_SOURCE_02,DFD_SOURCE_02,,DFD_SOURCE_02,,train
DFD_0000032,DeepFakeDetection (DFD),raw/DFD/DFD_original sequences/03__exit_phone_room.mp4,0,620,1920,1080,h264,4.45,Original,None,DFD_SOURCE_03,DFD_SOURCE_03,,DFD_SOURCE_03,,train
DFD_0000033,DeepFakeDetection (DFD),raw/DFD/DFD_original sequences/03__hugging_happy.mp4,0,816,1920,1080,h264,15.48,Original,None,DFD_SOURCE_03,DFD_SOURCE_03,,DFD_SOURCE_03,,train
DFD_0000034,DeepFakeDetection (DFD),raw/DFD/DFD_original sequences/03__kitchen_pan.mp4,0,549,1920,1080,h264,5.58,Original,None,DFD_SOURCE_03,DFD_SOURCE_03,,DFD_SOURCE_03,,train
DFD_0000035,DeepFakeDetection (DFD),raw/DFD/DFD_original sequences/03__kitchen_still.mp4,0,955,1920,1080,h264,8.76,Original,None,DFD_SOURCE_03,DFD_SOURCE_03,,DFD_SOURCE_03,,train
DFD_0000036,DeepFakeDetection (DFD),raw/DFD/DFD_original sequences/03__meeting_serious.mp4,0,960,1920,1080,h264,5.57,Original,None,DFD_SOURCE_03,DFD_SOURCE_03,,DFD_SOURCE_03,,train
DFD_0000037,DeepFakeDetection (DFD),raw/DFD/DFD_original sequences/03__outside_talking_pan_laughing.mp4,0,731,1920,1080,h264,6.53,Original,None,DFD_SOURCE_03,DFD_SOURCE_03,,DFD_SOURCE_03,,train
DFD_0000038,DeepFakeDetection (DFD),raw/DFD/DFD_original sequences/03__outside_talking_still_laughing.mp4,0,949,1920,1080,h264,6.38,Original,None,DFD_SOURCE_03,DFD_SOURCE_03,,DFD_SOURCE_03,,train
DFD_0000039,DeepFakeDetection (DFD),raw/DFD/DFD_original sequences/03__podium_speech_happy.mp4,0,839,1920,1080,h264,7.15,Original,None,DFD_SOURCE_03,DFD_SOURCE_03,,DFD_SOURCE_03,,train
DFD_0000040,DeepFakeDetection (DFD),raw/DFD/DFD_original sequences/03__secret_conversation.mp4,0,854,1920,1080,h264,6.97,Original,None,DFD_SOURCE_03,DFD_SOURCE_03,,DFD_SOURCE_03,,train
DFD_0000041,DeepFakeDetection (DFD),raw/DFD/DFD_original sequences/03__talking_against_wall.mp4,0,910,1920,1080,h264,5.0,Original,None,DFD_SOURCE_03,DFD_SOURCE_03,,DFD_SOURCE_03,,train
DFD_0000042,DeepFakeDetection (DFD),raw/DFD/DFD_original sequences/03__talking_angry_couch.mp4,0,1456,1920,1080,h264,19.06,Original,None,DFD_SOURCE_03,DFD_SOURCE_03,,DFD_SOURCE_03,,train
DFD_0000043,DeepFakeDetection (DFD),raw/DFD/DFD_original sequences/03__walk_down_hall_angry.mp4,0,585,1920,1080,h264,3.26,Original,None,DFD_SOURCE_03,DFD_SOURCE_03,,DFD_SOURCE_03,,train
DFD_0000044,DeepFakeDetection (DFD),raw/DFD/DFD_original sequences/03__walking_and_outside_surprised.mp4,0,1148,1920,1080,h264,25.84,Original,None,DFD_SOURCE_03,DFD_SOURCE_03,,DFD_SOURCE_03,,train
DFD_0000045,DeepFakeDetection (DFD),raw/DFD/DFD_original sequences/03__walking_down_indoor_hall_disgust.mp4,0,1465,1920,1080,h264,24.06,Original,None,DFD_SOURCE_03,DFD_SOURCE_03,,DFD_SOURCE_03,,train
DFD_0000046,DeepFakeDetection (DFD),raw/DFD/DFD_original sequences/03__walking_down_street_outside_angry.mp4,0,1217,1920,1080,h264,9.74,Original,None,DFD_SOURCE_03,DFD_SOURCE_03,,DFD_SOURCE_03,,train
DFD_0000047,DeepFakeDetection (DFD),raw/DFD/DFD_original sequences/03__walking_outside_cafe_disgusted.mp4,0,717,1920,1080,h264,4.82,Original,None,DFD_SOURCE_03,DFD_SOURCE_03,,DFD_SOURCE_03,,train
DFD_0000048,DeepFakeDetection (DFD),raw/DFD/DFD_original sequences/04__exit_phone_room.mp4,0,387,1920,1080,h264,2.89,Original,None,DFD_SOURCE_04,DFD_SOURCE_04,,DFD_SOURCE_04,,train
DFD_0000049,DeepFakeDetection (DFD),raw/DFD/DFD_original sequences/04__kitchen_pan.mp4,0,499,1920,1080,h264,4.51,Original,None,DFD_SOURCE_04,DFD_SOURCE_04,,DFD_SOURCE_04,,train
DFD_0000050,DeepFakeDetection (DFD),raw/DFD/DFD_original sequences/04__kitchen_still.mp4,0,840,1920,1080,h264,7.74,Original,None,DFD_SOURCE_04,DFD_SOURCE_04,,DFD_SOURCE_04,,train
DFD_0000051,DeepFakeDetection (DFD),raw/DFD/DFD_original sequences/04__outside_talking_pan_laughing.mp4,0,803,1920,1080,h264,7.73,Original,None,DFD_SOURCE_04,DFD_SOURCE_04,,DFD_SOURCE_04,,train
DFD_0000052,DeepFakeDetection (DFD),raw/DFD/DFD_original sequences/04__outside_talking_still_laughing.mp4,0,810,1920,1080,h264,6.13,Original,None,DFD_SOURCE_04,DFD_SOURCE_04,,DFD_SOURCE_04,,train
DFD_0000053,DeepFakeDetection (DFD),raw/DFD/DFD_original sequences/04__podium_speech_happy.mp4,0,932,1920,1080,h264,6.65,Original,None,DFD_SOURCE_04,DFD_SOURCE_04,,DFD_SOURCE_04,,train
DFD_0000054,DeepFakeDetection (DFD),raw/DFD/DFD_original sequences/04__secret_conversation.mp4,0,915,1920,1080,h264,6.36,Original,None,DFD_SOURCE_04,DFD_SOURCE_04,,DFD_SOURCE_04,,train
DFD_0000055,DeepFakeDetection (DFD),raw/DFD/DFD_original sequences/04__talking_against_wall.mp4,0,900,1920,1080,h264,7.42,Original,None,DFD_SOURCE_04,DFD_SOURCE_04,,DFD_SOURCE_04,,train
DFD_0000056,DeepFakeDetection (DFD),raw/DFD/DFD_original sequences/04__talking_angry_couch.mp4,0,1380,1920,1080,h264,19.78,Original,None,DFD_SOURCE_04,DFD_SOURCE_04,,DFD_SOURCE_04,,train
DFD_0000057,DeepFakeDetection (DFD),raw/DFD/DFD_original sequences/04__walk_down_hall_angry.mp4,0,341,1920,1080,h264,2.38,Original,None,DFD_SOURCE_04,DFD_SOURCE_04,,DFD_SOURCE_04,,train
DFD_0000058,DeepFakeDetection (DFD),raw/DFD/DFD_original sequences/04__walking_down_street_outside_angry.mp4,0,577,1920,1080,h264,3.53,Original,None,DFD_SOURCE_04,DFD_SOURCE_04,,DFD_SOURCE_04,,train
DFD_0000059,DeepFakeDetection (DFD),raw/DFD/DFD_original sequences/04__walking_outside_cafe_disgusted.mp4,0,405,1920,1080,h264,3.03,Original,None,DFD_SOURCE_04,DFD_SOURCE_04,,DFD_SOURCE_04,,train
DFD_0000060,DeepFakeDetection (DFD),raw/DFD/DFD_original sequences/05__exit_phone_room.mp4,0,518,1920,1080,h264,3.23,Original,None,DFD_SOURCE_05,DFD_SOURCE_05,,DFD_SOURCE_05,,train
DFD_0000061,DeepFakeDetection (DFD),raw/DFD/DFD_original sequences/05__hugging_happy.mp4,0,820,1920,1080,h264,10.56,Original,None,DFD_SOURCE_05,DFD_SOURCE_05,,DFD_SOURCE_05,,train
DFD_0000062,DeepFakeDetection (DFD),raw/DFD/DFD_original sequences/05__kitchen_pan.mp4,0,677,1920,1080,h264,4.89,Original,None,DFD_SOURCE_05,DFD_SOURCE_05,,DFD_SOURCE_05,,train
DFD_0000063,DeepFakeDetection (DFD),raw/DFD/DFD_original sequences/05__kitchen_still.mp4,0,875,1920,1080,h264,5.77,Original,None,DFD_SOURCE_05,DFD_SOURCE_05,,DFD_SOURCE_05,,train
DFD_0000064,DeepFakeDetection (DFD),raw/DFD/DFD_original sequences/05__outside_talking_pan_laughing.mp4,0,755,1920,1080,h264,5.72,Original,None,DFD_SOURCE_05,DFD_SOURCE_05,,DFD_SOURCE_05,,train
DFD_0000065,DeepFakeDetection (DFD),raw/DFD/DFD_original sequences/05__outside_talking_still_laughing.mp4,0,960,1920,1080,h264,5.36,Original,None,DFD_SOURCE_05,DFD_SOURCE_05,,DFD_SOURCE_05,,train
DFD_0000066,DeepFakeDetection (DFD),raw/DFD/DFD_original sequences/05__podium_speech_happy.mp4,0,1080,1920,1080,h264,7.77,Original,None,DFD_SOURCE_05,DFD_SOURCE_05,,DFD_SOURCE_05,,train
DFD_0000067,DeepFakeDetection (DFD),raw/DFD/DFD_original sequences/05__talking_against_wall.mp4,0,835,1920,1080,h264,4.56,Original,None,DFD_SOURCE_05,DFD_SOURCE_05,,DFD_SOURCE_05,,train
DFD_0000068,DeepFakeDetection (DFD),raw/DFD/DFD_original sequences/05__walk_down_hall_angry.mp4,0,590,1920,1080,h264,3.35,Original,None,DFD_SOURCE_05,DFD_SOURCE_05,,DFD_SOURCE_05,,train
DFD_0000069,DeepFakeDetection (DFD),raw/DFD/DFD_original sequences/05__walking_down_street_outside_angry.mp4,0,847,1920,1080,h264,7.11,Original,None,DFD_SOURCE_05,DFD_SOURCE_05,,DFD_SOURCE_05,,train
DFD_0000070,DeepFakeDetection (DFD),raw/DFD/DFD_original sequences/05__walking_outside_cafe_disgusted.mp4,0,632,1920,1080,h264,4.56,Original,None,DFD_SOURCE_05,DFD_SOURCE_05,,DFD_SOURCE_05,,train
DFD_0000071,DeepFakeDetection (DFD),raw/DFD/DFD_original sequences/06__exit_phone_room.mp4,0,297,1920,1080,h264,2.15,Original,None,DFD_SOURCE_06,DFD_SOURCE_06,,DFD_SOURCE_06,,train
DFD_0000072,DeepFakeDetection (DFD),raw/DFD/DFD_original sequences/06__hugging_happy.mp4,0,880,1920,1080,h264,10.4,Original,None,DFD_SOURCE_06,DFD_SOURCE_06,,DFD_SOURCE_06,,train
DFD_0000073,DeepFakeDetection (DFD),raw/DFD/DFD_original sequences/06__kitchen_pan.mp4,0,723,1920,1080,h264,5.61,Original,None,DFD_SOURCE_06,DFD_SOURCE_06,,DFD_SOURCE_06,,train
DFD_0000074,DeepFakeDetection (DFD),raw/DFD/DFD_original sequences/06__kitchen_still.mp4,0,915,1920,1080,h264,6.78,Original,None,DFD_SOURCE_06,DFD_SOURCE_06,,DFD_SOURCE_06,,train
DFD_0000075,DeepFakeDetection (DFD),raw/DFD/DFD_original sequences/06__outside_talking_pan_laughing.mp4,0,678,1920,1080,h264,5.02,Original,None,DFD_SOURCE_06,DFD_SOURCE_06,,DFD_SOURCE_06,,train
DFD_0000076,DeepFakeDetection (DFD),raw/DFD/DFD_original sequences/06__outside_talking_still_laughing.mp4,0,845,1920,1080,h264,5.22,Original,None,DFD_SOURCE_06,DFD_SOURCE_06,,DFD_SOURCE_06,,train
DFD_0000077,DeepFakeDetection (DFD),raw/DFD/DFD_original sequences/06__podium_speech_happy.mp4,0,1255,1920,1080,h264,8.53,Original,None,DFD_SOURCE_06,DFD_SOURCE_06,,DFD_SOURCE_06,,train
DFD_0000078,DeepFakeDetection (DFD),raw/DFD/DFD_original sequences/06__talking_against_wall.mp4,0,845,1920,1080,h264,4.01,Original,None,DFD_SOURCE_06,DFD_SOURCE_06,,DFD_SOURCE_06,,train
DFD_0000079,DeepFakeDetection (DFD),raw/DFD/DFD_original sequences/06__talking_angry_couch.mp4,0,1185,1920,1080,h264,13.38,Original,None,DFD_SOURCE_06,DFD_SOURCE_06,,DFD_SOURCE_06,,train
DFD_0000080,DeepFakeDetection (DFD),raw/DFD/DFD_original sequences/06__walk_down_hall_angry.mp4,0,447,1920,1080,h264,2.5,Original,None,DFD_SOURCE_06,DFD_SOURCE_06,,DFD_SOURCE_06,,train
DFD_0000081,DeepFakeDetection (DFD),raw/DFD/DFD_original sequences/06__walking_and_outside_surprised.mp4,0,1015,1920,1080,h264,16.09,Original,None,DFD_SOURCE_06,DFD_SOURCE_06,,DFD_SOURCE_06,,train
DFD_0000082,DeepFakeDetection (DFD),raw/DFD/DFD_original sequences/06__walking_down_indoor_hall_disgust.mp4,0,1373,1920,1080,h264,20.67,Original,None,DFD_SOURCE_06,DFD_SOURCE_06,,DFD_SOURCE_06,,train
DFD_0000083,DeepFakeDetection (DFD),raw/DFD/DFD_original sequences/06__walking_down_street_outside_angry.mp4,0,751,1920,1080,h264,5.12,Original,None,DFD_SOURCE_06,DFD_SOURCE_06,,DFD_SOURCE_06,,train
DFD_0000084,DeepFakeDetection (DFD),raw/DFD/DFD_original sequences/06__walking_outside_cafe_disgusted.mp4,0,356,1920,1080,h264,3.48,Original,None,DFD_SOURCE_06,DFD_SOURCE_06,,DFD_SOURCE_06,,train
DFD_0000085,DeepFakeDetection (DFD),raw/DFD/DFD_original sequences/07__exit_phone_room.mp4,0,487,1920,1080,h264,2.51,Original,None,DFD_SOURCE_07,DFD_SOURCE_07,,DFD_SOURCE_07,,train
DFD_0000086,DeepFakeDetection (DFD),raw/DFD/DFD_original sequences/07__hugging_happy.mp4,0,875,1920,1080,h264,11.25,Original,None,DFD_SOURCE_07,DFD_SOURCE_07,,DFD_SOURCE_07,,train
DFD_0000087,DeepFakeDetection (DFD),raw/DFD/DFD_original sequences/07__kitchen_pan.mp4,0,578,1920,1080,h264,5.09,Original,None,DFD_SOURCE_07,DFD_SOURCE_07,,DFD_SOURCE_07,,train
DFD_0000088,DeepFakeDetection (DFD),raw/DFD/DFD_original sequences/07__kitchen_still.mp4,0,840,1920,1080,h264,5.92,Original,None,DFD_SOURCE_07,DFD_SOURCE_07,,DFD_SOURCE_07,,train
DFD_0000089,DeepFakeDetection (DFD),raw/DFD/DFD_original sequences/07__outside_talking_pan_laughing.mp4,0,718,1920,1080,h264,5.86,Original,None,DFD_SOURCE_07,DFD_SOURCE_07,,DFD_SOURCE_07,,train
DFD_0000090,DeepFakeDetection (DFD),raw/DFD/DFD_original sequences/07__outside_talking_still_laughing.mp4,0,860,1920,1080,h264,5.47,Original,None,DFD_SOURCE_07,DFD_SOURCE_07,,DFD_SOURCE_07,,train
DFD_0000091,DeepFakeDetection (DFD),raw/DFD/DFD_original sequences/07__podium_speech_happy.mp4,0,1111,1920,1080,h264,7.56,Original,None,DFD_SOURCE_07,DFD_SOURCE_07,,DFD_SOURCE_07,,train
DFD_0000092,DeepFakeDetection (DFD),raw/DFD/DFD_original sequences/07__secret_conversation.mp4,0,995,1920,1080,h264,6.04,Original,None,DFD_SOURCE_07,DFD_SOURCE_07,,DFD_SOURCE_07,,train
DFD_0000093,DeepFakeDetection (DFD),raw/DFD/DFD_original sequences/07__talking_against_wall.mp4,0,830,1920,1080,h264,6.38,Original,None,DFD_SOURCE_07,DFD_SOURCE_07,,DFD_SOURCE_07,,train
DFD_0000094,DeepFakeDetection (DFD),raw/DFD/DFD_original sequences/07__talking_angry_couch.mp4,0,1620,1920,1080,h264,13.85,Original,None,DFD_SOURCE_07,DFD_SOURCE_07,,DFD_SOURCE_07,,train
DFD_0000095,DeepFakeDetection (DFD),raw/DFD/DFD_original sequences/07__walk_down_hall_angry.mp4,0,724,1920,1080,h264,3.22,Original,None,DFD_SOURCE_07,DFD_SOURCE_07,,DFD_SOURCE_07,,train
DFD_0000096,DeepFakeDetection (DFD),raw/DFD/DFD_original sequences/07__walking_down_street_outside_angry.mp4,0,786,1920,1080,h264,3.86,Original,None,DFD_SOURCE_07,DFD_SOURCE_07,,DFD_SOURCE_07,,train
DFD_0000097,DeepFakeDetection (DFD),raw/DFD/DFD_original sequences/07__walking_outside_cafe_disgusted.mp4,0,568,1920,1080,h264,3.13,Original,None,DFD_SOURCE_07,DFD_SOURCE_07,,DFD_SOURCE_07,,train
DFD_0000098,DeepFakeDetection (DFD),raw/DFD/DFD_original sequences/08__exit_phone_room.mp4,0,383,1920,1080,h264,2.32,Original,None,DFD_SOURCE_08,DFD_SOURCE_08,,DFD_SOURCE_08,,train
DFD_0000099,DeepFakeDetection (DFD),raw/DFD/DFD_original sequences/08__kitchen_pan.mp4,0,642,1920,1080,h264,5.44,Original,None,DFD_SOURCE_08,DFD_SOURCE_08,,DFD_SOURCE_08,,train
DFD_0000100,DeepFakeDetection (DFD),raw/DFD/DFD_original sequences/08__kitchen_still.mp4,0,1015,1920,1080,h264,6.72,Original,None,DFD_SOURCE_08,DFD_SOURCE_08,,DFD_SOURCE_08,,train
DFD_0000101,DeepFakeDetection (DFD),raw/DFD/DFD_original sequences/08__outside_talking_pan_laughing.mp4,0,698,1920,1080,h264,8.76,Original,None,DFD_SOURCE_08,DFD_SOURCE_08,,DFD_SOURCE_08,,train
DFD_0000102,DeepFakeDetection (DFD),raw/DFD/DFD_original sequences/08__outside_talking_still_laughing.mp4,0,885,1920,1080,h264,7.88,Original,None,DFD_SOURCE_08,DFD_SOURCE_08,,DFD_SOURCE_08,,train
DFD_0000103,DeepFakeDetection (DFD),raw/DFD/DFD_original sequences/08__podium_speech_happy.mp4,0,1094,1920,1080,h264,9.14,Original,None,DFD_SOURCE_08,DFD_SOURCE_08,,DFD_SOURCE_08,,train
DFD_0000104,DeepFakeDetection (DFD),raw/DFD/DFD_original sequences/08__talking_against_wall.mp4,0,1100,1920,1080,h264,5.83,Original,None,DFD_SOURCE_08,DFD_SOURCE_08,,DFD_SOURCE_08,,train
DFD_0000105,DeepFakeDetection (DFD),raw/DFD/DFD_original sequences/08__walk_down_hall_angry.mp4,0,456,1920,1080,h264,2.8,Original,None,DFD_SOURCE_08,DFD_SOURCE_08,,DFD_SOURCE_08,,train
DFD_0000106,DeepFakeDetection (DFD),raw/DFD/DFD_original sequences/08__walking_down_street_outside_angry.mp4,0,694,1920,1080,h264,4.62,Original,None,DFD_SOURCE_08,DFD_SOURCE_08,,DFD_SOURCE_08,,train
DFD_0000107,DeepFakeDetection (DFD),raw/DFD/DFD_original sequences/08__walking_outside_cafe_disgusted.mp4,0,419,1920,1080,h264,3.34,Original,None,DFD_SOURCE_08,DFD_SOURCE_08,,DFD_SOURCE_08,,train
DFD_0000128,DeepFakeDetection (DFD),raw/DFD/DFD_original sequences/11__exit_phone_room.mp4,0,819,1920,1080,h264,4.17,Original,None,DFD_SOURCE_11,DFD_SOURCE_11,,DFD_SOURCE_11,,train
DFD_0000129,DeepFakeDetection (DFD),raw/DFD/DFD_original sequences/11__kitchen_pan.mp4,0,718,1920,1080,h264,6.67,Original,None,DFD_SOURCE_11,DFD_SOURCE_11,,DFD_SOURCE_11,,train
DFD_0000130,DeepFakeDetection (DFD),raw/DFD/DFD_original sequences/11__kitchen_still.mp4,0,800,1920,1080,h264,6.37,Original,None,DFD_SOURCE_11,DFD_SOURCE_11,,DFD_SOURCE_11,,train
DFD_0000131,DeepFakeDetection (DFD),raw/DFD/DFD_original sequences/11__outside_talking_pan_laughing.mp4,0,744,1920,1080,h264,8.42,Original,None,DFD_SOURCE_11,DFD_SOURCE_11,,DFD_SOURCE_11,,train
DFD_0000132,DeepFakeDetection (DFD),raw/DFD/DFD_original sequences/11__outside_talking_still_laughing.mp4,0,795,1920,1080,h264,7.35,Original,None,DFD_SOURCE_11,DFD_SOURCE_11,,DFD_SOURCE_11,,train
DFD_0000133,DeepFakeDetection (DFD),raw/DFD/DFD_original sequences/11__podium_speech_happy.mp4,0,1193,1920,1080,h264,8.49,Original,None,DFD_SOURCE_11,DFD_SOURCE_11,,DFD_SOURCE_11,,train
DFD_0000134,DeepFakeDetection (DFD),raw/DFD/DFD_original sequences/11__secret_conversation.mp4,0,960,1920,1080,h264,6.65,Original,None,DFD_SOURCE_11,DFD_SOURCE_11,,DFD_SOURCE_11,,train
DFD_0000135,DeepFakeDetection (DFD),raw/DFD/DFD_original sequences/11__talking_against_wall.mp4,0,880,1920,1080,h264,3.61,Original,None,DFD_SOURCE_11,DFD_SOURCE_11,,DFD_SOURCE_11,,train
DFD_0000136,DeepFakeDetection (DFD),raw/DFD/DFD_original sequences/11__talking_angry_couch.mp4,0,1620,1920,1080,h264,14.73,Original,None,DFD_SOURCE_11,DFD_SOURCE_11,,DFD_SOURCE_11,,train
DFD_0000137,DeepFakeDetection (DFD),raw/DFD/DFD_original sequences/11__walk_down_hall_angry.mp4,0,855,1920,1080,h264,3.79,Original,None,DFD_SOURCE_11,DFD_SOURCE_11,,DFD_SOURCE_11,,train
DFD_0000138,DeepFakeDetection (DFD),raw/DFD/DFD_original sequences/11__walking_down_street_outside_angry.mp4,0,1110,1920,1080,h264,6.96,Original,None,DFD_SOURCE_11,DFD_SOURCE_11,,DFD_SOURCE_11,,train
DFD_0000139,DeepFakeDetection (DFD),raw/DFD/DFD_original sequences/11__walking_outside_cafe_disgusted.mp4,0,748,1920,1080,h264,6.4,Original,None,DFD_SOURCE_11,DFD_SOURCE_11,,DFD_SOURCE_11,,train
DFD_0000170,DeepFakeDetection (DFD),raw/DFD/DFD_original sequences/14__exit_phone_room.mp4,0,655,1920,1080,h264,3.63,Original,None,DFD_SOURCE_14,DFD_SOURCE_14,,DFD_SOURCE_14,,train
DFD_0000171,DeepFakeDetection (DFD),raw/DFD/DFD_original sequences/14__hugging_happy.mp4,0,159,1920,1080,h264,2.72,Original,None,DFD_SOURCE_14,DFD_SOURCE_14,,DFD_SOURCE_14,,train
DFD_0000172,DeepFakeDetection (DFD),raw/DFD/DFD_original sequences/14__kitchen_pan.mp4,0,672,1920,1080,h264,5.35,Original,None,DFD_SOURCE_14,DFD_SOURCE_14,,DFD_SOURCE_14,,train
DFD_0000173,DeepFakeDetection (DFD),raw/DFD/DFD_original sequences/14__kitchen_still.mp4,0,890,1920,1080,h264,5.88,Original,None,DFD_SOURCE_14,DFD_SOURCE_14,,DFD_SOURCE_14,,train
DFD_0000174,DeepFakeDetection (DFD),raw/DFD/DFD_original sequences/14__outside_talking_pan_laughing.mp4,0,733,1920,1080,h264,6.63,Original,None,DFD_SOURCE_14,DFD_SOURCE_14,,DFD_SOURCE_14,,train
DFD_0000175,DeepFakeDetection (DFD),raw/DFD/DFD_original sequences/14__outside_talking_still_laughing.mp4,0,925,1920,1080,h264,8.84,Original,None,DFD_SOURCE_14,DFD_SOURCE_14,,DFD_SOURCE_14,,train
DFD_0000176,DeepFakeDetection (DFD),raw/DFD/DFD_original sequences/14__podium_speech_happy.mp4,0,1326,1920,1080,h264,10.06,Original,None,DFD_SOURCE_14,DFD_SOURCE_14,,DFD_SOURCE_14,,train
DFD_0000177,DeepFakeDetection (DFD),raw/DFD/DFD_original sequences/14__secret_conversation.mp4,0,1050,1920,1080,h264,6.46,Original,None,DFD_SOURCE_14,DFD_SOURCE_14,,DFD_SOURCE_14,,train
DFD_0000178,DeepFakeDetection (DFD),raw/DFD/DFD_original sequences/14__talking_against_wall.mp4,0,970,1920,1080,h264,3.53,Original,None,DFD_SOURCE_14,DFD_SOURCE_14,,DFD_SOURCE_14,,train
DFD_0000179,DeepFakeDetection (DFD),raw/DFD/DFD_original sequences/14__talking_angry_couch.mp4,0,1620,1920,1080,h264,16.83,Original,None,DFD_SOURCE_14,DFD_SOURCE_14,,DFD_SOURCE_14,,train
DFD_0000180,DeepFakeDetection (DFD),raw/DFD/DFD_original sequences/14__walk_down_hall_angry.mp4,0,771,1920,1080,h264,3.44,Original,None,DFD_SOURCE_14,DFD_SOURCE_14,,DFD_SOURCE_14,,train
DFD_0000181,DeepFakeDetection (DFD),raw/DFD/DFD_original sequences/14__walking_and_outside_surprised.mp4,0,869,1920,1080,h264,11.96,Original,None,DFD_SOURCE_14,DFD_SOURCE_14,,DFD_SOURCE_14,,train
DFD_0000182,DeepFakeDetection (DFD),raw/DFD/DFD_original sequences/14__walking_down_indoor_hall_disgust.mp4,0,1465,1920,1080,h264,21.48,Original,None,DFD_SOURCE_14,DFD_SOURCE_14,,DFD_SOURCE_14,,train
DFD_0000183,DeepFakeDetection (DFD),raw/DFD/DFD_original sequences/14__walking_down_street_outside_angry.mp4,0,1457,1920,1080,h264,13.75,Original,None,DFD_SOURCE_14,DFD_SOURCE_14,,DFD_SOURCE_14,,train
DFD_0000184,DeepFakeDetection (DFD),raw/DFD/DFD_original sequences/14__walking_outside_cafe_disgusted.mp4,0,722,1920,1080,h264,5.73,Original,None,DFD_SOURCE_14,DFD_SOURCE_14,,DFD_SOURCE_14,,train
DFD_0000185,DeepFakeDetection (DFD),raw/DFD/DFD_original sequences/15__exit_phone_room.mp4,0,429,1920,1080,h264,1.98,Original,None,DFD_SOURCE_15,DFD_SOURCE_15,,DFD_SOURCE_15,,train
DFD_0000186,DeepFakeDetection (DFD),raw/DFD/DFD_original sequences/15__hugging_happy.mp4,0,800,1920,1080,h264,15.7,Original,None,DFD_SOURCE_15,DFD_SOURCE_15,,DFD_SOURCE_15,,train
DFD_0000187,DeepFakeDetection (DFD),raw/DFD/DFD_original sequences/15__kitchen_pan.mp4,0,629,1920,1080,h264,4.71,Original,None,DFD_SOURCE_15,DFD_SOURCE_15,,DFD_SOURCE_15,,train
DFD_0000188,DeepFakeDetection (DFD),raw/DFD/DFD_original sequences/15__kitchen_still.mp4,0,865,1920,1080,h264,4.97,Original,None,DFD_SOURCE_15,DFD_SOURCE_15,,DFD_SOURCE_15,,train
DFD_0000189,DeepFakeDetection (DFD),raw/DFD/DFD_original sequences/15__outside_talking_pan_laughing.mp4,0,706,1920,1080,h264,7.36,Original,None,DFD_SOURCE_15,DFD_SOURCE_15,,DFD_SOURCE_15,,train
DFD_0000190,DeepFakeDetection (DFD),raw/DFD/DFD_original sequences/15__outside_talking_still_laughing.mp4,0,870,1920,1080,h264,6.67,Original,None,DFD_SOURCE_15,DFD_SOURCE_15,,DFD_SOURCE_15,,train
DFD_0000191,DeepFakeDetection (DFD),raw/DFD/DFD_original sequences/15__podium_speech_happy.mp4,0,1430,1920,1080,h264,8.9,Original,None,DFD_SOURCE_15,DFD_SOURCE_15,,DFD_SOURCE_15,,train
DFD_0000192,DeepFakeDetection (DFD),raw/DFD/DFD_original sequences/15__talking_against_wall.mp4,0,865,1920,1080,h264,5.72,Original,None,DFD_SOURCE_15,DFD_SOURCE_15,,DFD_SOURCE_15,,train
DFD_0000193,DeepFakeDetection (DFD),raw/DFD/DFD_original sequences/15__talking_angry_couch.mp4,0,1330,1920,1080,h264,13.94,Original,None,DFD_SOURCE_15,DFD_SOURCE_15,,DFD_SOURCE_15,,train
DFD_0000194,DeepFakeDetection (DFD),raw/DFD/DFD_original sequences/15__walk_down_hall_angry.mp4,0,549,1920,1080,h264,3.07,Original,None,DFD_SOURCE_15,DFD_SOURCE_15,,DFD_SOURCE_15,,train
DFD_0000195,DeepFakeDetection (DFD),raw/DFD/DFD_original sequences/15__walking_and_outside_surprised.mp4,0,880,1920,1080,h264,12.22,Original,None,DFD_SOURCE_15,DFD_SOURCE_15,,DFD_SOURCE_15,,train
DFD_0000196,DeepFakeDetection (DFD),raw/DFD/DFD_original sequences/15__walking_down_indoor_hall_disgust.mp4,0,1391,1920,1080,h264,20.47,Original,None,DFD_SOURCE_15,DFD_SOURCE_15,,DFD_SOURCE_15,,train
DFD_0000197,DeepFakeDetection (DFD),raw/DFD/DFD_original sequences/15__walking_down_street_outside_angry.mp4,0,529,1920,1080,h264,3.86,Original,None,DFD_SOURCE_15,DFD_SOURCE_15,,DFD_SOURCE_15,,train
DFD_0000198,DeepFakeDetection (DFD),raw/DFD/DFD_original sequences/15__walking_outside_cafe_disgusted.mp4,0,558,1920,1080,h264,3.05,Original,None,DFD_SOURCE_15,DFD_SOURCE_15,,DFD_SOURCE_15,,train
DFD_0000199,DeepFakeDetection (DFD),raw/DFD/DFD_original sequences/16__exit_phone_room.mp4,0,572,1920,1080,h264,2.97,Original,None,DFD_SOURCE_16,DFD_SOURCE_16,,DFD_SOURCE_16,,train
DFD_0000200,DeepFakeDetection (DFD),raw/DFD/DFD_original sequences/16__hugging_happy.mp4,0,750,1920,1080,h264,9.6,Original,None,DFD_SOURCE_16,DFD_SOURCE_16,,DFD_SOURCE_16,,train
DFD_0000201,DeepFakeDetection (DFD),raw/DFD/DFD_original sequences/16__kitchen_pan.mp4,0,707,1920,1080,h264,5.25,Original,None,DFD_SOURCE_16,DFD_SOURCE_16,,DFD_SOURCE_16,,train
DFD_0000202,DeepFakeDetection (DFD),raw/DFD/DFD_original sequences/16__kitchen_still.mp4,0,825,1920,1080,h264,5.18,Original,None,DFD_SOURCE_16,DFD_SOURCE_16,,DFD_SOURCE_16,,train
DFD_0000203,DeepFakeDetection (DFD),raw/DFD/DFD_original sequences/16__outside_talking_pan_laughing.mp4,0,726,1920,1080,h264,7.67,Original,None,DFD_SOURCE_16,DFD_SOURCE_16,,DFD_SOURCE_16,,train
DFD_0000204,DeepFakeDetection (DFD),raw/DFD/DFD_original sequences/16__podium_speech_happy.mp4,0,1245,1920,1080,h264,10.08,Original,None,DFD_SOURCE_16,DFD_SOURCE_16,,DFD_SOURCE_16,,train
DFD_0000205,DeepFakeDetection (DFD),raw/DFD/DFD_original sequences/16__talking_against_wall.mp4,0,940,1920,1080,h264,7.51,Original,None,DFD_SOURCE_16,DFD_SOURCE_16,,DFD_SOURCE_16,,train
DFD_0000206,DeepFakeDetection (DFD),raw/DFD/DFD_original sequences/16__walk_down_hall_angry.mp4,0,477,1920,1080,h264,2.38,Original,None,DFD_SOURCE_16,DFD_SOURCE_16,,DFD_SOURCE_16,,train
DFD_0000207,DeepFakeDetection (DFD),raw/DFD/DFD_original sequences/16__walking_and_outside_surprised.mp4,0,1370,1920,1080,h264,24.67,Original,None,DFD_SOURCE_16,DFD_SOURCE_16,,DFD_SOURCE_16,,train
DFD_0000208,DeepFakeDetection (DFD),raw/DFD/DFD_original sequences/16__walking_down_indoor_hall_disgust.mp4,0,1130,1920,1080,h264,19.02,Original,None,DFD_SOURCE_16,DFD_SOURCE_16,,DFD_SOURCE_16,,train
DFD_0000209,DeepFakeDetection (DFD),raw/DFD/DFD_original sequences/16__walking_down_street_outside_angry.mp4,0,844,1920,1080,h264,7.47,Original,None,DFD_SOURCE_16,DFD_SOURCE_16,,DFD_SOURCE_16,,train
DFD_0000210,DeepFakeDetection (DFD),raw/DFD/DFD_original sequences/16__walking_outside_cafe_disgusted.mp4,0,1213,1920,1080,h264,8.16,Original,None,DFD_SOURCE_16,DFD_SOURCE_16,,DFD_SOURCE_16,,train
DFD_0000211,DeepFakeDetection (DFD),raw/DFD/DFD_original sequences/17__exit_phone_room.mp4,0,769,1920,1080,h264,3.81,Original,None,DFD_SOURCE_17,DFD_SOURCE_17,,DFD_SOURCE_17,,train
DFD_0000212,DeepFakeDetection (DFD),raw/DFD/DFD_original sequences/17__hugging_happy.mp4,0,745,1920,1080,h264,8.81,Original,None,DFD_SOURCE_17,DFD_SOURCE_17,,DFD_SOURCE_17,,train
DFD_0000213,DeepFakeDetection (DFD),raw/DFD/DFD_original sequences/17__kitchen_pan.mp4,0,710,1920,1080,h264,6.0,Original,None,DFD_SOURCE_17,DFD_SOURCE_17,,DFD_SOURCE_17,,train
DFD_0000214,DeepFakeDetection (DFD),raw/DFD/DFD_original sequences/17__kitchen_still.mp4,0,915,1920,1080,h264,7.05,Original,None,DFD_SOURCE_17,DFD_SOURCE_17,,DFD_SOURCE_17,,train
DFD_0000215,DeepFakeDetection (DFD),raw/DFD/DFD_original sequences/17__outside_talking_pan_laughing.mp4,0,768,1920,1080,h264,7.03,Original,None,DFD_SOURCE_17,DFD_SOURCE_17,,DFD_SOURCE_17,,train
DFD_0000216,DeepFakeDetection (DFD),raw/DFD/DFD_original sequences/17__outside_talking_still_laughing.mp4,0,795,1920,1080,h264,3.98,Original,None,DFD_SOURCE_17,DFD_SOURCE_17,,DFD_SOURCE_17,,train
DFD_0000217,DeepFakeDetection (DFD),raw/DFD/DFD_original sequences/17__podium_speech_happy.mp4,0,1130,1920,1080,h264,9.53,Original,None,DFD_SOURCE_17,DFD_SOURCE_17,,DFD_SOURCE_17,,train
DFD_0000218,DeepFakeDetection (DFD),raw/DFD/DFD_original sequences/17__talking_against_wall.mp4,0,940,1920,1080,h264,6.54,Original,None,DFD_SOURCE_17,DFD_SOURCE_17,,DFD_SOURCE_17,,train
DFD_0000219,DeepFakeDetection (DFD),raw/DFD/DFD_original sequences/17__talking_angry_couch.mp4,0,1310,1920,1080,h264,17.45,Original,None,DFD_SOURCE_17,DFD_SOURCE_17,,DFD_SOURCE_17,,train
DFD_0000220,DeepFakeDetection (DFD),raw/DFD/DFD_original sequences/17__walk_down_hall_angry.mp4,0,572,1920,1080,h264,3.65,Original,None,DFD_SOURCE_17,DFD_SOURCE_17,,DFD_SOURCE_17,,train
DFD_0000221,DeepFakeDetection (DFD),raw/DFD/DFD_original sequences/17__walking_and_outside_surprised.mp4,0,1354,1920,1080,h264,24.44,Original,None,DFD_SOURCE_17,DFD_SOURCE_17,,DFD_SOURCE_17,,train
DFD_0000222,DeepFakeDetection (DFD),raw/DFD/DFD_original sequences/17__walking_down_indoor_hall_disgust.mp4,0,1127,1920,1080,h264,18.98,Original,None,DFD_SOURCE_17,DFD_SOURCE_17,,DFD_SOURCE_17,,train
DFD_0000223,DeepFakeDetection (DFD),raw/DFD/DFD_original sequences/17__walking_down_street_outside_angry.mp4,0,1047,1920,1080,h264,7.35,Original,None,DFD_SOURCE_17,DFD_SOURCE_17,,DFD_SOURCE_17,,train
DFD_0000235,DeepFakeDetection (DFD),raw/DFD/DFD_original sequences/19__exit_phone_room.mp4,0,410,1920,1080,h264,2.02,Original,None,DFD_SOURCE_19,DFD_SOURCE_19,,DFD_SOURCE_19,,train
DFD_0000236,DeepFakeDetection (DFD),raw/DFD/DFD_original sequences/19__kitchen_pan.mp4,0,804,1920,1080,h264,6.38,Original,None,DFD_SOURCE_19,DFD_SOURCE_19,,DFD_SOURCE_19,,train
DFD_0000237,DeepFakeDetection (DFD),raw/DFD/DFD_original sequences/19__kitchen_still.mp4,0,895,1920,1080,h264,5.55,Original,None,DFD_SOURCE_19,DFD_SOURCE_19,,DFD_SOURCE_19,,train
DFD_0000238,DeepFakeDetection (DFD),raw/DFD/DFD_original sequences/19__outside_talking_pan_laughing.mp4,0,755,1920,1080,h264,7.64,Original,None,DFD_SOURCE_19,DFD_SOURCE_19,,DFD_SOURCE_19,,train
DFD_0000239,DeepFakeDetection (DFD),raw/DFD/DFD_original sequences/19__outside_talking_still_laughing.mp4,0,880,1920,1080,h264,6.41,Original,None,DFD_SOURCE_19,DFD_SOURCE_19,,DFD_SOURCE_19,,train
DFD_0000240,DeepFakeDetection (DFD),raw/DFD/DFD_original sequences/19__podium_speech_happy.mp4,0,923,1920,1080,h264,7.17,Original,None,DFD_SOURCE_19,DFD_SOURCE_19,,DFD_SOURCE_19,,train
DFD_0000241,DeepFakeDetection (DFD),raw/DFD/DFD_original sequences/19__secret_conversation.mp4,0,975,1920,1080,h264,6.64,Original,None,DFD_SOURCE_19,DFD_SOURCE_19,,DFD_SOURCE_19,,train
DFD_0000242,DeepFakeDetection (DFD),raw/DFD/DFD_original sequences/19__talking_against_wall.mp4,0,1105,1920,1080,h264,7.51,Original,None,DFD_SOURCE_19,DFD_SOURCE_19,,DFD_SOURCE_19,,train
DFD_0000243,DeepFakeDetection (DFD),raw/DFD/DFD_original sequences/19__talking_angry_couch.mp4,0,1620,1920,1080,h264,16.79,Original,None,DFD_SOURCE_19,DFD_SOURCE_19,,DFD_SOURCE_19,,train
DFD_0000244,DeepFakeDetection (DFD),raw/DFD/DFD_original sequences/19__walk_down_hall_angry.mp4,0,695,1920,1080,h264,3.55,Original,None,DFD_SOURCE_19,DFD_SOURCE_19,,DFD_SOURCE_19,,train
DFD_0000245,DeepFakeDetection (DFD),raw/DFD/DFD_original sequences/19__walking_down_street_outside_angry.mp4,0,686,1920,1080,h264,4.3,Original,None,DFD_SOURCE_19,DFD_SOURCE_19,,DFD_SOURCE_19,,train
DFD_0000246,DeepFakeDetection (DFD),raw/DFD/DFD_original sequences/19__walking_outside_cafe_disgusted.mp4,0,548,1920,1080,h264,4.03,Original,None,DFD_SOURCE_19,DFD_SOURCE_19,,DFD_SOURCE_19,,train
DFD_0000247,DeepFakeDetection (DFD),raw/DFD/DFD_original sequences/20__exit_phone_room.mp4,0,730,1920,1080,h264,3.64,Original,None,DFD_SOURCE_20,DFD_SOURCE_20,,DFD_SOURCE_20,,train
DFD_0000248,DeepFakeDetection (DFD),raw/DFD/DFD_original sequences/20__hugging_happy.mp4,0,825,1920,1080,h264,10.76,Original,None,DFD_SOURCE_20,DFD_SOURCE_20,,DFD_SOURCE_20,,train
DFD_0000249,DeepFakeDetection (DFD),raw/DFD/DFD_original sequences/20__kitchen_pan.mp4,0,692,1920,1080,h264,4.52,Original,None,DFD_SOURCE_20,DFD_SOURCE_20,,DFD_SOURCE_20,,train
DFD_0000250,DeepFakeDetection (DFD),raw/DFD/DFD_original sequences/20__kitchen_still.mp4,0,920,1920,1080,h264,5.32,Original,None,DFD_SOURCE_20,DFD_SOURCE_20,,DFD_SOURCE_20,,train
DFD_0000251,DeepFakeDetection (DFD),raw/DFD/DFD_original sequences/20__outside_talking_pan_laughing.mp4,0,740,1920,1080,h264,6.88,Original,None,DFD_SOURCE_20,DFD_SOURCE_20,,DFD_SOURCE_20,,train
DFD_0000252,DeepFakeDetection (DFD),raw/DFD/DFD_original sequences/20__outside_talking_still_laughing.mp4,0,845,1920,1080,h264,5.55,Original,None,DFD_SOURCE_20,DFD_SOURCE_20,,DFD_SOURCE_20,,train
DFD_0000253,DeepFakeDetection (DFD),raw/DFD/DFD_original sequences/20__podium_speech_happy.mp4,0,1120,1920,1080,h264,6.54,Original,None,DFD_SOURCE_20,DFD_SOURCE_20,,DFD_SOURCE_20,,train
DFD_0000254,DeepFakeDetection (DFD),raw/DFD/DFD_original sequences/20__secret_conversation.mp4,0,1045,1920,1080,h264,5.99,Original,None,DFD_SOURCE_20,DFD_SOURCE_20,,DFD_SOURCE_20,,train
DFD_0000255,DeepFakeDetection (DFD),raw/DFD/DFD_original sequences/20__talking_against_wall.mp4,0,1145,1920,1080,h264,5.29,Original,None,DFD_SOURCE_20,DFD_SOURCE_20,,DFD_SOURCE_20,,train
DFD_0000256,DeepFakeDetection (DFD),raw/DFD/DFD_original sequences/20__talking_angry_couch.mp4,0,1620,1920,1080,h264,17.12,Original,None,DFD_SOURCE_20,DFD_SOURCE_20,,DFD_SOURCE_20,,train
DFD_0000257,DeepFakeDetection (DFD),raw/DFD/DFD_original sequences/20__walk_down_hall_angry.mp4,0,599,1920,1080,h264,3.25,Original,None,DFD_SOURCE_20,DFD_SOURCE_20,,DFD_SOURCE_20,,train
DFD_0000258,DeepFakeDetection (DFD),raw/DFD/DFD_original sequences/20__walking_and_outside_surprised.mp4,0,1170,1920,1080,h264,19.43,Original,None,DFD_SOURCE_20,DFD_SOURCE_20,,DFD_SOURCE_20,,train
DFD_0000259,DeepFakeDetection (DFD),raw/DFD/DFD_original sequences/20__walking_down_indoor_hall_disgust.mp4,0,1375,1920,1080,h264,17.76,Original,None,DFD_SOURCE_20,DFD_SOURCE_20,,DFD_SOURCE_20,,train
DFD_0000260,DeepFakeDetection (DFD),raw/DFD/DFD_original sequences/20__walking_down_street_outside_angry.mp4,0,1086,1920,1080,h264,8.33,Original,None,DFD_SOURCE_20,DFD_SOURCE_20,,DFD_SOURCE_20,,train
DFD_0000261,DeepFakeDetection (DFD),raw/DFD/DFD_original sequences/20__walking_outside_cafe_disgusted.mp4,0,1034,1920,1080,h264,6.78,Original,None,DFD_SOURCE_20,DFD_SOURCE_20,,DFD_SOURCE_20,,train
DFD_0000262,DeepFakeDetection (DFD),raw/DFD/DFD_original sequences/21__exit_phone_room.mp4,0,603,1920,1080,h264,3.44,Original,None,DFD_SOURCE_21,DFD_SOURCE_21,,DFD_SOURCE_21,,train
DFD_0000263,DeepFakeDetection (DFD),raw/DFD/DFD_original sequences/21__hugging_happy.mp4,0,1180,1920,1080,h264,11.01,Original,None,DFD_SOURCE_21,DFD_SOURCE_21,,DFD_SOURCE_21,,train
DFD_0000264,DeepFakeDetection (DFD),raw/DFD/DFD_original sequences/21__kitchen_pan.mp4,0,735,1920,1080,h264,4.91,Original,None,DFD_SOURCE_21,DFD_SOURCE_21,,DFD_SOURCE_21,,train
DFD_0000265,DeepFakeDetection (DFD),raw/DFD/DFD_original sequences/21__kitchen_still.mp4,0,850,1920,1080,h264,5.11,Original,None,DFD_SOURCE_21,DFD_SOURCE_21,,DFD_SOURCE_21,,train
DFD_0000266,DeepFakeDetection (DFD),raw/DFD/DFD_original sequences/21__outside_talking_pan_laughing.mp4,0,649,1920,1080,h264,5.81,Original,None,DFD_SOURCE_21,DFD_SOURCE_21,,DFD_SOURCE_21,,train
DFD_0000267,DeepFakeDetection (DFD),raw/DFD/DFD_original sequences/21__outside_talking_still_laughing.mp4,0,895,1920,1080,h264,7.12,Original,None,DFD_SOURCE_21,DFD_SOURCE_21,,DFD_SOURCE_21,,train
DFD_0000268,DeepFakeDetection (DFD),raw/DFD/DFD_original sequences/21__podium_speech_happy.mp4,0,1600,1920,1080,h264,9.8,Original,None,DFD_SOURCE_21,DFD_SOURCE_21,,DFD_SOURCE_21,,train
DFD_0000269,DeepFakeDetection (DFD),raw/DFD/DFD_original sequences/21__talking_against_wall.mp4,0,920,1920,1080,h264,3.91,Original,None,DFD_SOURCE_21,DFD_SOURCE_21,,DFD_SOURCE_21,,train
DFD_0000270,DeepFakeDetection (DFD),raw/DFD/DFD_original sequences/21__talking_angry_couch.mp4,0,1314,1920,1080,h264,11.01,Original,None,DFD_SOURCE_21,DFD_SOURCE_21,,DFD_SOURCE_21,,train
DFD_0000271,DeepFakeDetection (DFD),raw/DFD/DFD_original sequences/21__walk_down_hall_angry.mp4,0,538,1920,1080,h264,2.8,Original,None,DFD_SOURCE_21,DFD_SOURCE_21,,DFD_SOURCE_21,,train
DFD_0000272,DeepFakeDetection (DFD),raw/DFD/DFD_original sequences/21__walking_and_outside_surprised.mp4,0,1170,1920,1080,h264,19.43,Original,None,DFD_SOURCE_21,DFD_SOURCE_21,,DFD_SOURCE_21,,train
DFD_0000273,DeepFakeDetection (DFD),raw/DFD/DFD_original sequences/21__walking_down_indoor_hall_disgust.mp4,0,1375,1920,1080,h264,17.76,Original,None,DFD_SOURCE_21,DFD_SOURCE_21,,DFD_SOURCE_21,,train
DFD_0000274,DeepFakeDetection (DFD),raw/DFD/DFD_original sequences/21__walking_down_street_outside_angry.mp4,0,662,1920,1080,h264,4.86,Original,None,DFD_SOURCE_21,DFD_SOURCE_21,,DFD_SOURCE_21,,train
DFD_0000275,DeepFakeDetection (DFD),raw/DFD/DFD_original sequences/21__walking_outside_cafe_disgusted.mp4,0,450,1920,1080,h264,2.87,Original,None,DFD_SOURCE_21,DFD_SOURCE_21,,DFD_SOURCE_21,,train
DFD_0000304,DeepFakeDetection (DFD),raw/DFD/DFD_original sequences/24__exit_phone_room.mp4,0,588,1920,1080,h264,3.56,Original,None,DFD_SOURCE_24,DFD_SOURCE_24,,DFD_SOURCE_24,,train
DFD_0000305,DeepFakeDetection (DFD),raw/DFD/DFD_original sequences/24__kitchen_pan.mp4,0,812,1920,1080,h264,5.58,Original,None,DFD_SOURCE_24,DFD_SOURCE_24,,DFD_SOURCE_24,,train
DFD_0000306,DeepFakeDetection (DFD),raw/DFD/DFD_original sequences/24__kitchen_still.mp4,0,820,1920,1080,h264,6.2,Original,None,DFD_SOURCE_24,DFD_SOURCE_24,,DFD_SOURCE_24,,train
DFD_0000307,DeepFakeDetection (DFD),raw/DFD/DFD_original sequences/24__outside_talking_pan_laughing.mp4,0,702,1920,1080,h264,6.18,Original,None,DFD_SOURCE_24,DFD_SOURCE_24,,DFD_SOURCE_24,,train
DFD_0000308,DeepFakeDetection (DFD),raw/DFD/DFD_original sequences/24__outside_talking_still_laughing.mp4,0,870,1920,1080,h264,5.27,Original,None,DFD_SOURCE_24,DFD_SOURCE_24,,DFD_SOURCE_24,,train
DFD_0000309,DeepFakeDetection (DFD),raw/DFD/DFD_original sequences/24__podium_speech_happy.mp4,0,1145,1920,1080,h264,8.58,Original,None,DFD_SOURCE_24,DFD_SOURCE_24,,DFD_SOURCE_24,,train
DFD_0000310,DeepFakeDetection (DFD),raw/DFD/DFD_original sequences/24__secret_conversation.mp4,0,515,1920,1080,h264,3.28,Original,None,DFD_SOURCE_24,DFD_SOURCE_24,,DFD_SOURCE_24,,train
DFD_0000311,DeepFakeDetection (DFD),raw/DFD/DFD_original sequences/24__talking_against_wall.mp4,0,1110,1920,1080,h264,5.01,Original,None,DFD_SOURCE_24,DFD_SOURCE_24,,DFD_SOURCE_24,,train
DFD_0000312,DeepFakeDetection (DFD),raw/DFD/DFD_original sequences/24__talking_angry_couch.mp4,0,1245,1920,1080,h264,12.75,Original,None,DFD_SOURCE_24,DFD_SOURCE_24,,DFD_SOURCE_24,,train
DFD_0000313,DeepFakeDetection (DFD),raw/DFD/DFD_original sequences/24__walk_down_hall_angry.mp4,0,530,1920,1080,h264,2.69,Original,None,DFD_SOURCE_24,DFD_SOURCE_24,,DFD_SOURCE_24,,train
DFD_0000314,DeepFakeDetection (DFD),raw/DFD/DFD_original sequences/24__walking_down_street_outside_angry.mp4,0,1099,1920,1080,h264,8.86,Original,None,DFD_SOURCE_24,DFD_SOURCE_24,,DFD_SOURCE_24,,train
DFD_0000315,DeepFakeDetection (DFD),raw/DFD/DFD_original sequences/24__walking_outside_cafe_disgusted.mp4,0,827,1920,1080,h264,5.56,Original,None,DFD_SOURCE_24,DFD_SOURCE_24,,DFD_SOURCE_24,,train
DFD_0000316,DeepFakeDetection (DFD),raw/DFD/DFD_original sequences/25__exit_phone_room.mp4,0,616,1920,1080,h264,3.69,Original,None,DFD_SOURCE_25,DFD_SOURCE_25,,DFD_SOURCE_25,,train
DFD_0000317,DeepFakeDetection (DFD),raw/DFD/DFD_original sequences/25__outside_talking_pan_laughing.mp4,0,673,1920,1080,h264,6.76,Original,None,DFD_SOURCE_25,DFD_SOURCE_25,,DFD_SOURCE_25,,train
DFD_0000318,DeepFakeDetection (DFD),raw/DFD/DFD_original sequences/25__outside_talking_still_laughing.mp4,0,875,1920,1080,h264,6.77,Original,None,DFD_SOURCE_25,DFD_SOURCE_25,,DFD_SOURCE_25,,train
DFD_0000319,DeepFakeDetection (DFD),raw/DFD/DFD_original sequences/25__podium_speech_happy.mp4,0,1620,1920,1080,h264,11.53,Original,None,DFD_SOURCE_25,DFD_SOURCE_25,,DFD_SOURCE_25,,train
DFD_0000320,DeepFakeDetection (DFD),raw/DFD/DFD_original sequences/25__secret_conversation.mp4,0,1080,1920,1080,h264,8.19,Original,None,DFD_SOURCE_25,DFD_SOURCE_25,,DFD_SOURCE_25,,train
DFD_0000321,DeepFakeDetection (DFD),raw/DFD/DFD_original sequences/25__talking_against_wall.mp4,0,1170,1920,1080,h264,7.32,Original,None,DFD_SOURCE_25,DFD_SOURCE_25,,DFD_SOURCE_25,,train
DFD_0000322,DeepFakeDetection (DFD),raw/DFD/DFD_original sequences/25__walk_down_hall_angry.mp4,0,724,1920,1080,h264,3.81,Original,None,DFD_SOURCE_25,DFD_SOURCE_25,,DFD_SOURCE_25,,train
DFD_0000323,DeepFakeDetection (DFD),raw/DFD/DFD_original sequences/25__walking_down_street_outside_angry.mp4,0,634,1920,1080,h264,4.13,Original,None,DFD_SOURCE_25,DFD_SOURCE_25,,DFD_SOURCE_25,,train
DFD_0000324,DeepFakeDetection (DFD),raw/DFD/DFD_original sequences/25__walking_outside_cafe_disgusted.mp4,0,401,1920,1080,h264,2.77,Original,None,DFD_SOURCE_25,DFD_SOURCE_25,,DFD_SOURCE_25,,train
DFD_0000337,DeepFakeDetection (DFD),raw/DFD/DFD_original sequences/27__exit_phone_room.mp4,0,478,1920,1080,h264,3.18,Original,None,DFD_SOURCE_27,DFD_SOURCE_27,,DFD_SOURCE_27,,train
DFD_0000338,DeepFakeDetection (DFD),raw/DFD/DFD_original sequences/27__hugging_happy.mp4,0,874,1920,1080,h264,15.7,Original,None,DFD_SOURCE_27,DFD_SOURCE_27,,DFD_SOURCE_27,,train
DFD_0000339,DeepFakeDetection (DFD),raw/DFD/DFD_original sequences/27__kitchen_pan.mp4,0,536,1920,1080,h264,4.59,Original,None,DFD_SOURCE_27,DFD_SOURCE_27,,DFD_SOURCE_27,,train
DFD_0000340,DeepFakeDetection (DFD),raw/DFD/DFD_original sequences/27__kitchen_still.mp4,0,905,1920,1080,h264,6.17,Original,None,DFD_SOURCE_27,DFD_SOURCE_27,,DFD_SOURCE_27,,train
DFD_0000341,DeepFakeDetection (DFD),raw/DFD/DFD_original sequences/27__meeting_serious.mp4,0,910,1920,1080,h264,6.07,Original,None,DFD_SOURCE_27,DFD_SOURCE_27,,DFD_SOURCE_27,,train
DFD_0000342,DeepFakeDetection (DFD),raw/DFD/DFD_original sequences/27__outside_talking_pan_laughing.mp4,0,706,1920,1080,h264,6.68,Original,None,DFD_SOURCE_27,DFD_SOURCE_27,,DFD_SOURCE_27,,train
DFD_0000343,DeepFakeDetection (DFD),raw/DFD/DFD_original sequences/27__outside_talking_still_laughing.mp4,0,863,1920,1080,h264,5.75,Original,None,DFD_SOURCE_27,DFD_SOURCE_27,,DFD_SOURCE_27,,train
DFD_0000344,DeepFakeDetection (DFD),raw/DFD/DFD_original sequences/27__podium_speech_happy.mp4,0,1071,1920,1080,h264,6.15,Original,None,DFD_SOURCE_27,DFD_SOURCE_27,,DFD_SOURCE_27,,train
DFD_0000345,DeepFakeDetection (DFD),raw/DFD/DFD_original sequences/27__talking_against_wall.mp4,0,940,1920,1080,h264,5.68,Original,None,DFD_SOURCE_27,DFD_SOURCE_27,,DFD_SOURCE_27,,train
DFD_0000346,DeepFakeDetection (DFD),raw/DFD/DFD_original sequences/27__talking_angry_couch.mp4,0,1486,1920,1080,h264,15.79,Original,None,DFD_SOURCE_27,DFD_SOURCE_27,,DFD_SOURCE_27,,train
DFD_0000347,DeepFakeDetection (DFD),raw/DFD/DFD_original sequences/27__walk_down_hall_angry.mp4,0,418,1920,1080,h264,2.34,Original,None,DFD_SOURCE_27,DFD_SOURCE_27,,DFD_SOURCE_27,,train
DFD_0000348,DeepFakeDetection (DFD),raw/DFD/DFD_original sequences/27__walking_and_outside_surprised.mp4,0,1150,1920,1080,h264,25.9,Original,None,DFD_SOURCE_27,DFD_SOURCE_27,,DFD_SOURCE_27,,train
DFD_0000349,DeepFakeDetection (DFD),raw/DFD/DFD_original sequences/27__walking_down_indoor_hall_disgust.mp4,0,1465,1920,1080,h264,24.06,Original,None,DFD_SOURCE_27,DFD_SOURCE_27,,DFD_SOURCE_27,,train
DFD_0000350,DeepFakeDetection (DFD),raw/DFD/DFD_original sequences/27__walking_down_street_outside_angry.mp4,0,728,1920,1080,h264,3.11,Original,None,DFD_SOURCE_27,DFD_SOURCE_27,,DFD_SOURCE_27,,train
DFD_0000351,DeepFakeDetection (DFD),raw/DFD/DFD_original sequences/27__walking_outside_cafe_disgusted.mp4,0,273,1920,1080,h264,1.88,Original,None,DFD_SOURCE_27,DFD_SOURCE_27,,DFD_SOURCE_27,,train
DFD_0000352,DeepFakeDetection (DFD),raw/DFD/DFD_original sequences/28__exit_phone_room.mp4,0,474,1920,1080,h264,3.13,Original,None,DFD_SOURCE_28,DFD_SOURCE_28,,DFD_SOURCE_28,,train
DFD_0000353,DeepFakeDetection (DFD),raw/DFD/DFD_original sequences/28__kitchen_pan.mp4,0,696,1920,1080,h264,5.91,Original,None,DFD_SOURCE_28,DFD_SOURCE_28,,DFD_SOURCE_28,,train
DFD_0000354,DeepFakeDetection (DFD),raw/DFD/DFD_original sequences/28__kitchen_still.mp4,0,909,1920,1080,h264,7.73,Original,None,DFD_SOURCE_28,DFD_SOURCE_28,,DFD_SOURCE_28,,train
DFD_0000355,DeepFakeDetection (DFD),raw/DFD/DFD_original sequences/28__outside_talking_pan_laughing.mp4,0,703,1920,1080,h264,5.23,Original,None,DFD_SOURCE_28,DFD_SOURCE_28,,DFD_SOURCE_28,,train
DFD_0000356,DeepFakeDetection (DFD),raw/DFD/DFD_original sequences/28__outside_talking_still_laughing.mp4,0,915,1920,1080,h264,5.75,Original,None,DFD_SOURCE_28,DFD_SOURCE_28,,DFD_SOURCE_28,,train
DFD_0000357,DeepFakeDetection (DFD),raw/DFD/DFD_original sequences/28__podium_speech_happy.mp4,0,962,1920,1080,h264,7.37,Original,None,DFD_SOURCE_28,DFD_SOURCE_28,,DFD_SOURCE_28,,train
DFD_0000358,DeepFakeDetection (DFD),raw/DFD/DFD_original sequences/28__secret_conversation.mp4,0,885,1920,1080,h264,6.94,Original,None,DFD_SOURCE_28,DFD_SOURCE_28,,DFD_SOURCE_28,,train
DFD_0000359,DeepFakeDetection (DFD),raw/DFD/DFD_original sequences/28__talking_angry_couch.mp4,0,1328,1920,1080,h264,16.35,Original,None,DFD_SOURCE_28,DFD_SOURCE_28,,DFD_SOURCE_28,,train
DFD_0000360,DeepFakeDetection (DFD),raw/DFD/DFD_original sequences/28__walk_down_hall_angry.mp4,0,677,1920,1080,h264,4.53,Original,None,DFD_SOURCE_28,DFD_SOURCE_28,,DFD_SOURCE_28,,train
DFD_0000361,DeepFakeDetection (DFD),raw/DFD/DFD_original sequences/28__walking_down_street_outside_angry.mp4,0,1311,1920,1080,h264,5.48,Original,None,DFD_SOURCE_28,DFD_SOURCE_28,,DFD_SOURCE_28,,train
DFD_0000362,DeepFakeDetection (DFD),raw/DFD/DFD_original sequences/28__walking_outside_cafe_disgusted.mp4,0,427,1920,1080,h264,2.94,Original,None,DFD_SOURCE_28,DFD_SOURCE_28,,DFD_SOURCE_28,,train
DFD_0000497,DeepFakeDetection (DFD),raw/DFD/DFD_manipulated_sequences/DFD_manipulated_sequences/02_01__exit_phone_room__YVGY8LOK.mp4,1,256,1920,1080,h264,1.62,DeepFake,DeepFakeDetection,DFD_SOURCE_02,DFD_SOURCE_02,,DFD_SOURCE_02,,train
DFD_0000498,DeepFakeDetection (DFD),raw/DFD/DFD_manipulated_sequences/DFD_manipulated_sequences/02_01__hugging_happy__YVGY8LOK.mp4,1,669,1920,1080,h264,7.27,DeepFake,DeepFakeDetection,DFD_SOURCE_02,DFD_SOURCE_02,,DFD_SOURCE_02,,train
DFD_0000499,DeepFakeDetection (DFD),raw/DFD/DFD_manipulated_sequences/DFD_manipulated_sequences/02_01__meeting_serious__YVGY8LOK.mp4,1,985,1920,1080,h264,6.01,DeepFake,DeepFakeDetection,DFD_SOURCE_02,DFD_SOURCE_02,,DFD_SOURCE_02,,train
DFD_0000500,DeepFakeDetection (DFD),raw/DFD/DFD_manipulated_sequences/DFD_manipulated_sequences/02_01__outside_talking_still_laughing__YVGY8LOK.mp4,1,810,1920,1080,h264,6.14,DeepFake,DeepFakeDetection,DFD_SOURCE_02,DFD_SOURCE_02,,DFD_SOURCE_02,,train
DFD_0000501,DeepFakeDetection (DFD),raw/DFD/DFD_manipulated_sequences/DFD_manipulated_sequences/02_01__secret_conversation__YVGY8LOK.mp4,1,641,1920,1080,h264,5.47,DeepFake,DeepFakeDetection,DFD_SOURCE_02,DFD_SOURCE_02,,DFD_SOURCE_02,,train
DFD_0000502,DeepFakeDetection (DFD),raw/DFD/DFD_manipulated_sequences/DFD_manipulated_sequences/02_01__talking_against_wall__YVGY8LOK.mp4,1,990,1920,1080,h264,5.06,DeepFake,DeepFakeDetection,DFD_SOURCE_02,DFD_SOURCE_02,,DFD_SOURCE_02,,train
DFD_0000503,DeepFakeDetection (DFD),raw/DFD/DFD_manipulated_sequences/DFD_manipulated_sequences/02_01__talking_angry_couch__YVGY8LOK.mp4,1,1076,1920,1080,h264,13.6,DeepFake,DeepFakeDetection,DFD_SOURCE_02,DFD_SOURCE_02,,DFD_SOURCE_02,,train
DFD_0000504,DeepFakeDetection (DFD),raw/DFD/DFD_manipulated_sequences/DFD_manipulated_sequences/02_01__walk_down_hall_angry__YVGY8LOK.mp4,1,208,1920,1080,h264,1.41,DeepFake,DeepFakeDetection,DFD_SOURCE_02,DFD_SOURCE_02,,DFD_SOURCE_02,,train
DFD_0000505,DeepFakeDetection (DFD),raw/DFD/DFD_manipulated_sequences/DFD_manipulated_sequences/02_01__walking_and_outside_surprised__YVGY8LOK.mp4,1,960,1920,1080,h264,25.03,DeepFake,DeepFakeDetection,DFD_SOURCE_02,DFD_SOURCE_02,,DFD_SOURCE_02,,train
DFD_0000506,DeepFakeDetection (DFD),raw/DFD/DFD_manipulated_sequences/DFD_manipulated_sequences/02_01__walking_down_indoor_hall_disgust__YVGY8LOK.mp4,1,821,1920,1080,h264,12.77,DeepFake,DeepFakeDetection,DFD_SOURCE_02,DFD_SOURCE_02,,DFD_SOURCE_02,,train
DFD_0000507,DeepFakeDetection (DFD),raw/DFD/DFD_manipulated_sequences/DFD_manipulated_sequences/02_01__walking_outside_cafe_disgusted__YVGY8LOK.mp4,1,499,1920,1080,h264,2.73,DeepFake,DeepFakeDetection,DFD_SOURCE_02,DFD_SOURCE_02,,DFD_SOURCE_02,,train
DFD_0000508,DeepFakeDetection (DFD),raw/DFD/DFD_manipulated_sequences/DFD_manipulated_sequences/02_03__kitchen_still__ZESUJMM7.mp4,1,855,1920,1080,h264,7.66,DeepFake,DeepFakeDetection,DFD_SOURCE_02,DFD_SOURCE_02,,DFD_SOURCE_02,,train
DFD_0000509,DeepFakeDetection (DFD),raw/DFD/DFD_manipulated_sequences/DFD_manipulated_sequences/02_03__podium_speech_happy__QH3Y0IG0.mp4,1,1076,1920,1080,h264,7.97,DeepFake,DeepFakeDetection,DFD_SOURCE_02,DFD_SOURCE_02,,DFD_SOURCE_02,,train
DFD_0000510,DeepFakeDetection (DFD),raw/DFD/DFD_manipulated_sequences/DFD_manipulated_sequences/02_03__walking_and_outside_surprised__GYX5OFTD.mp4,1,792,1920,1080,h264,20.17,DeepFake,DeepFakeDetection,DFD_SOURCE_02,DFD_SOURCE_02,,DFD_SOURCE_02,,train
DFD_0000511,DeepFakeDetection (DFD),raw/DFD/DFD_manipulated_sequences/DFD_manipulated_sequences/02_03__walking_down_street_outside_angry__QH3Y0IG0.mp4,1,458,1920,1080,h264,3.03,DeepFake,DeepFakeDetection,DFD_SOURCE_02,DFD_SOURCE_02,,DFD_SOURCE_02,,train
DFD_0000512,DeepFakeDetection (DFD),raw/DFD/DFD_manipulated_sequences/DFD_manipulated_sequences/02_03__walking_outside_cafe_disgusted__GYX5OFTD.mp4,1,498,1920,1080,h264,2.71,DeepFake,DeepFakeDetection,DFD_SOURCE_02,DFD_SOURCE_02,,DFD_SOURCE_02,,train
DFD_0000513,DeepFakeDetection (DFD),raw/DFD/DFD_manipulated_sequences/DFD_manipulated_sequences/02_03__walking_outside_cafe_disgusted__QH3Y0IG0.mp4,1,499,1920,1080,h264,2.72,DeepFake,DeepFakeDetection,DFD_SOURCE_02,DFD_SOURCE_02,,DFD_SOURCE_02,,train
DFD_0000514,DeepFakeDetection (DFD),raw/DFD/DFD_manipulated_sequences/DFD_manipulated_sequences/02_04__exit_phone_room__SUIZOXAJ.mp4,1,252,1920,1080,h264,1.58,DeepFake,DeepFakeDetection,DFD_SOURCE_02,DFD_SOURCE_02,,DFD_SOURCE_02,,train
DFD_0000515,DeepFakeDetection (DFD),raw/DFD/DFD_manipulated_sequences/DFD_manipulated_sequences/02_04__hugging_happy__SUIZOXAJ.mp4,1,670,1920,1080,h264,7.31,DeepFake,DeepFakeDetection,DFD_SOURCE_02,DFD_SOURCE_02,,DFD_SOURCE_02,,train
DFD_0000516,DeepFakeDetection (DFD),raw/DFD/DFD_manipulated_sequences/DFD_manipulated_sequences/02_04__outside_talking_pan_laughing__8CH7R4LW.mp4,1,620,1920,1080,h264,5.67,DeepFake,DeepFakeDetection,DFD_SOURCE_02,DFD_SOURCE_02,,DFD_SOURCE_02,,train
DFD_0000517,DeepFakeDetection (DFD),raw/DFD/DFD_manipulated_sequences/DFD_manipulated_sequences/02_04__outside_talking_still_laughing__8CH7R4LW.mp4,1,810,1920,1080,h264,6.14,DeepFake,DeepFakeDetection,DFD_SOURCE_02,DFD_SOURCE_02,,DFD_SOURCE_02,,train
DFD_0000518,DeepFakeDetection (DFD),raw/DFD/DFD_manipulated_sequences/DFD_manipulated_sequences/02_04__podium_speech_happy__8CH7R4LW.mp4,1,1075,1920,1080,h264,7.91,DeepFake,DeepFakeDetection,DFD_SOURCE_02,DFD_SOURCE_02,,DFD_SOURCE_02,,train
DFD_0000519,DeepFakeDetection (DFD),raw/DFD/DFD_manipulated_sequences/DFD_manipulated_sequences/02_04__secret_conversation__8CH7R4LW.mp4,1,508,1920,1080,h264,4.59,DeepFake,DeepFakeDetection,DFD_SOURCE_02,DFD_SOURCE_02,,DFD_SOURCE_02,,train
DFD_0000520,DeepFakeDetection (DFD),raw/DFD/DFD_manipulated_sequences/DFD_manipulated_sequences/02_04__walk_down_hall_angry__8CH7R4LW.mp4,1,227,1920,1080,h264,1.5,DeepFake,DeepFakeDetection,DFD_SOURCE_02,DFD_SOURCE_02,,DFD_SOURCE_02,,train
DFD_0000521,DeepFakeDetection (DFD),raw/DFD/DFD_manipulated_sequences/DFD_manipulated_sequences/02_04__walk_down_hall_angry__SUIZOXAJ.mp4,1,208,1920,1080,h264,1.4,DeepFake,DeepFakeDetection,DFD_SOURCE_02,DFD_SOURCE_02,,DFD_SOURCE_02,,train
DFD_0000522,DeepFakeDetection (DFD),raw/DFD/DFD_manipulated_sequences/DFD_manipulated_sequences/02_04__walking_and_outside_surprised__SUIZOXAJ.mp4,1,796,1920,1080,h264,20.32,DeepFake,DeepFakeDetection,DFD_SOURCE_02,DFD_SOURCE_02,,DFD_SOURCE_02,,train
DFD_0000523,DeepFakeDetection (DFD),raw/DFD/DFD_manipulated_sequences/DFD_manipulated_sequences/02_06__exit_phone_room__3J3BHSHI.mp4,1,258,1920,1080,h264,1.56,DeepFake,DeepFakeDetection,DFD_SOURCE_02,DFD_SOURCE_02,,DFD_SOURCE_02,,train
DFD_0000524,DeepFakeDetection (DFD),raw/DFD/DFD_manipulated_sequences/DFD_manipulated_sequences/02_06__exit_phone_room__HZAXM70B.mp4,1,261,1920,1080,h264,1.59,DeepFake,DeepFakeDetection,DFD_SOURCE_02,DFD_SOURCE_02,,DFD_SOURCE_02,,train
DFD_0000525,DeepFakeDetection (DFD),raw/DFD/DFD_manipulated_sequences/DFD_manipulated_sequences/02_06__kitchen_pan__0M6JNS5D.mp4,1,577,1920,1080,h264,6.19,DeepFake,DeepFakeDetection,DFD_SOURCE_02,DFD_SOURCE_02,,DFD_SOURCE_02,,train
DFD_0000526,DeepFakeDetection (DFD),raw/DFD/DFD_manipulated_sequences/DFD_manipulated_sequences/02_06__kitchen_pan__3J3BHSHI.mp4,1,576,1920,1080,h264,6.24,DeepFake,DeepFakeDetection,DFD_SOURCE_02,DFD_SOURCE_02,,DFD_SOURCE_02,,train
DFD_0000527,DeepFakeDetection (DFD),raw/DFD/DFD_manipulated_sequences/DFD_manipulated_sequences/02_06__kitchen_pan__O9WOC1KJ.mp4,1,577,1920,1080,h264,6.3,DeepFake,DeepFakeDetection,DFD_SOURCE_02,DFD_SOURCE_02,,DFD_SOURCE_02,,train
DFD_0000528,DeepFakeDetection (DFD),raw/DFD/DFD_manipulated_sequences/DFD_manipulated_sequences/02_06__kitchen_still__HZAXM70B.mp4,1,854,1920,1080,h264,7.69,DeepFake,DeepFakeDetection,DFD_SOURCE_02,DFD_SOURCE_02,,DFD_SOURCE_02,,train
DFD_0000529,DeepFakeDetection (DFD),raw/DFD/DFD_manipulated_sequences/DFD_manipulated_sequences/02_06__meeting_serious__0M6JNS5D.mp4,1,985,1920,1080,h264,6.02,DeepFake,DeepFakeDetection,DFD_SOURCE_02,DFD_SOURCE_02,,DFD_SOURCE_02,,train
DFD_0000530,DeepFakeDetection (DFD),raw/DFD/DFD_manipulated_sequences/DFD_manipulated_sequences/02_06__outside_talking_pan_laughing__N8OSN8P6.mp4,1,637,1920,1080,h264,5.8,DeepFake,DeepFakeDetection,DFD_SOURCE_02,DFD_SOURCE_02,,DFD_SOURCE_02,,train
DFD_0000531,DeepFakeDetection (DFD),raw/DFD/DFD_manipulated_sequences/DFD_manipulated_sequences/02_06__podium_speech_happy__N8OSN8P6.mp4,1,1076,1920,1080,h264,7.95,DeepFake,DeepFakeDetection,DFD_SOURCE_02,DFD_SOURCE_02,,DFD_SOURCE_02,,train
DFD_0000532,DeepFakeDetection (DFD),raw/DFD/DFD_manipulated_sequences/DFD_manipulated_sequences/02_06__podium_speech_happy__SU4OQCS9.mp4,1,1076,1920,1080,h264,7.99,DeepFake,DeepFakeDetection,DFD_SOURCE_02,DFD_SOURCE_02,,DFD_SOURCE_02,,train
DFD_0000533,DeepFakeDetection (DFD),raw/DFD/DFD_manipulated_sequences/DFD_manipulated_sequences/02_06__secret_conversation__O9WOC1KJ.mp4,1,655,1920,1080,h264,5.59,DeepFake,DeepFakeDetection,DFD_SOURCE_02,DFD_SOURCE_02,,DFD_SOURCE_02,,train
DFD_0000534,DeepFakeDetection (DFD),raw/DFD/DFD_manipulated_sequences/DFD_manipulated_sequences/02_06__talking_angry_couch__GH8TGTBS.mp4,1,1278,1920,1080,h264,16.42,DeepFake,DeepFakeDetection,DFD_SOURCE_02,DFD_SOURCE_02,,DFD_SOURCE_02,,train
DFD_0000535,DeepFakeDetection (DFD),raw/DFD/DFD_manipulated_sequences/DFD_manipulated_sequences/02_06__talking_angry_couch__J1W9R0NG.mp4,1,1269,1920,1080,h264,16.41,DeepFake,DeepFakeDetection,DFD_SOURCE_02,DFD_SOURCE_02,,DFD_SOURCE_02,,train
DFD_0000536,DeepFakeDetection (DFD),raw/DFD/DFD_manipulated_sequences/DFD_manipulated_sequences/02_06__talking_angry_couch__MKZTXQ2T.mp4,1,1279,1920,1080,h264,16.49,DeepFake,DeepFakeDetection,DFD_SOURCE_02,DFD_SOURCE_02,,DFD_SOURCE_02,,train
DFD_0000537,DeepFakeDetection (DFD),raw/DFD/DFD_manipulated_sequences/DFD_manipulated_sequences/02_06__walk_down_hall_angry__0M6JNS5D.mp4,1,227,1920,1080,h264,1.49,DeepFake,DeepFakeDetection,DFD_SOURCE_02,DFD_SOURCE_02,,DFD_SOURCE_02,,train
DFD_0000538,DeepFakeDetection (DFD),raw/DFD/DFD_manipulated_sequences/DFD_manipulated_sequences/02_06__walk_down_hall_angry__MKZTXQ2T.mp4,1,227,1920,1080,h264,1.49,DeepFake,DeepFakeDetection,DFD_SOURCE_02,DFD_SOURCE_02,,DFD_SOURCE_02,,train
DFD_0000539,DeepFakeDetection (DFD),raw/DFD/DFD_manipulated_sequences/DFD_manipulated_sequences/02_06__walking_and_outside_surprised__N8OSN8P6.mp4,1,792,1920,1080,h264,20.23,DeepFake,DeepFakeDetection,DFD_SOURCE_02,DFD_SOURCE_02,,DFD_SOURCE_02,,train
DFD_0000540,DeepFakeDetection (DFD),raw/DFD/DFD_manipulated_sequences/DFD_manipulated_sequences/02_06__walking_and_outside_surprised__O9WOC1KJ.mp4,1,990,1920,1080,h264,25.49,DeepFake,DeepFakeDetection,DFD_SOURCE_02,DFD_SOURCE_02,,DFD_SOURCE_02,,train
DFD_0000541,DeepFakeDetection (DFD),raw/DFD/DFD_manipulated_sequences/DFD_manipulated_sequences/02_06__walking_down_indoor_hall_disgust__GH8TGTBS.mp4,1,724,1920,1080,h264,11.39,DeepFake,DeepFakeDetection,DFD_SOURCE_02,DFD_SOURCE_02,,DFD_SOURCE_02,,train
DFD_0000542,DeepFakeDetection (DFD),raw/DFD/DFD_manipulated_sequences/DFD_manipulated_sequences/02_06__walking_down_indoor_hall_disgust__HZAXM70B.mp4,1,820,1920,1080,h264,12.78,DeepFake,DeepFakeDetection,DFD_SOURCE_02,DFD_SOURCE_02,,DFD_SOURCE_02,,train
DFD_0000543,DeepFakeDetection (DFD),raw/DFD/DFD_manipulated_sequences/DFD_manipulated_sequences/02_06__walking_down_indoor_hall_disgust__SU4OQCS9.mp4,1,821,1920,1080,h264,12.78,DeepFake,DeepFakeDetection,DFD_SOURCE_02,DFD_SOURCE_02,,DFD_SOURCE_02,,train
DFD_0000544,DeepFakeDetection (DFD),raw/DFD/DFD_manipulated_sequences/DFD_manipulated_sequences/02_06__walking_down_indoor_hall_disgust__U6MDWIHG.mp4,1,821,1920,1080,h264,12.74,DeepFake,DeepFakeDetection,DFD_SOURCE_02,DFD_SOURCE_02,,DFD_SOURCE_02,,train
DFD_0000545,DeepFakeDetection (DFD),raw/DFD/DFD_manipulated_sequences/DFD_manipulated_sequences/02_06__walking_down_street_outside_angry__MKZTXQ2T.mp4,1,514,1920,1080,h264,3.5,DeepFake,DeepFakeDetection,DFD_SOURCE_02,DFD_SOURCE_02,,DFD_SOURCE_02,,train
DFD_0000546,DeepFakeDetection (DFD),raw/DFD/DFD_manipulated_sequences/DFD_manipulated_sequences/02_06__walking_outside_cafe_disgusted__37DH75GQ.mp4,1,560,1920,1080,h264,3.06,DeepFake,DeepFakeDetection,DFD_SOURCE_02,DFD_SOURCE_02,,DFD_SOURCE_02,,train
DFD_0000547,DeepFakeDetection (DFD),raw/DFD/DFD_manipulated_sequences/DFD_manipulated_sequences/02_06__walking_outside_cafe_disgusted__GH8TGTBS.mp4,1,517,1920,1080,h264,2.89,DeepFake,DeepFakeDetection,DFD_SOURCE_02,DFD_SOURCE_02,,DFD_SOURCE_02,,train
DFD_0000548,DeepFakeDetection (DFD),raw/DFD/DFD_manipulated_sequences/DFD_manipulated_sequences/02_07__exit_phone_room__1JCLEEBQ.mp4,1,274,1920,1080,h264,1.82,DeepFake,DeepFakeDetection,DFD_SOURCE_02,DFD_SOURCE_02,,DFD_SOURCE_02,,train
DFD_0000549,DeepFakeDetection (DFD),raw/DFD/DFD_manipulated_sequences/DFD_manipulated_sequences/02_07__exit_phone_room__9NVRE2KQ.mp4,1,273,1920,1080,h264,1.82,DeepFake,DeepFakeDetection,DFD_SOURCE_02,DFD_SOURCE_02,,DFD_SOURCE_02,,train
DFD_0000550,DeepFakeDetection (DFD),raw/DFD/DFD_manipulated_sequences/DFD_manipulated_sequences/02_07__hugging_happy__1JCLEEBQ.mp4,1,678,1920,1080,h264,7.36,DeepFake,DeepFakeDetection,DFD_SOURCE_02,DFD_SOURCE_02,,DFD_SOURCE_02,,train
DFD_0000551,DeepFakeDetection (DFD),raw/DFD/DFD_manipulated_sequences/DFD_manipulated_sequences/02_07__hugging_happy__O4SXNLRL.mp4,1,659,1920,1080,h264,7.21,DeepFake,DeepFakeDetection,DFD_SOURCE_02,DFD_SOURCE_02,,DFD_SOURCE_02,,train
DFD_0000552,DeepFakeDetection (DFD),raw/DFD/DFD_manipulated_sequences/DFD_manipulated_sequences/02_07__kitchen_pan__34PVT42V.mp4,1,578,1920,1080,h264,6.31,DeepFake,DeepFakeDetection,DFD_SOURCE_02,DFD_SOURCE_02,,DFD_SOURCE_02,,train
DFD_0000553,DeepFakeDetection (DFD),raw/DFD/DFD_manipulated_sequences/DFD_manipulated_sequences/02_07__kitchen_pan__O4SXNLRL.mp4,1,575,1920,1080,h264,6.15,DeepFake,DeepFakeDetection,DFD_SOURCE_02,DFD_SOURCE_02,,DFD_SOURCE_02,,train
DFD_0000554,DeepFakeDetection (DFD),raw/DFD/DFD_manipulated_sequences/DFD_manipulated_sequences/02_07__kitchen_still__1ZE4HC06.mp4,1,855,1920,1080,h264,7.61,DeepFake,DeepFakeDetection,DFD_SOURCE_02,DFD_SOURCE_02,,DFD_SOURCE_02,,train
DFD_0000555,DeepFakeDetection (DFD),raw/DFD/DFD_manipulated_sequences/DFD_manipulated_sequences/02_07__kitchen_still__TBLYQBIY.mp4,1,855,1920,1080,h264,7.6,DeepFake,DeepFakeDetection,DFD_SOURCE_02,DFD_SOURCE_02,,DFD_SOURCE_02,,train
DFD_0000556,DeepFakeDetection (DFD),raw/DFD/DFD_manipulated_sequences/DFD_manipulated_sequences/02_07__meeting_serious__1H07DFQJ.mp4,1,985,1920,1080,h264,6.03,DeepFake,DeepFakeDetection,DFD_SOURCE_02,DFD_SOURCE_02,,DFD_SOURCE_02,,train
DFD_0000557,DeepFakeDetection (DFD),raw/DFD/DFD_manipulated_sequences/DFD_manipulated_sequences/02_07__meeting_serious__1JCLEEBQ.mp4,1,985,1920,1080,h264,6.02,DeepFake,DeepFakeDetection,DFD_SOURCE_02,DFD_SOURCE_02,,DFD_SOURCE_02,,train
DFD_0000558,DeepFakeDetection (DFD),raw/DFD/DFD_manipulated_sequences/DFD_manipulated_sequences/02_07__meeting_serious__O4SXNLRL.mp4,1,985,1920,1080,h264,6.02,DeepFake,DeepFakeDetection,DFD_SOURCE_02,DFD_SOURCE_02,,DFD_SOURCE_02,,train
DFD_0000559,DeepFakeDetection (DFD),raw/DFD/DFD_manipulated_sequences/DFD_manipulated_sequences/02_07__outside_talking_pan_laughing__34PVT42V.mp4,1,630,1920,1080,h264,5.76,DeepFake,DeepFakeDetection,DFD_SOURCE_02,DFD_SOURCE_02,,DFD_SOURCE_02,,train
DFD_0000560,DeepFakeDetection (DFD),raw/DFD/DFD_manipulated_sequences/DFD_manipulated_sequences/02_07__outside_talking_pan_laughing__O4SXNLRL.mp4,1,633,1920,1080,h264,5.76,DeepFake,DeepFakeDetection,DFD_SOURCE_02,DFD_SOURCE_02,,DFD_SOURCE_02,,train
DFD_0000561,DeepFakeDetection (DFD),raw/DFD/DFD_manipulated_sequences/DFD_manipulated_sequences/02_07__podium_speech_happy__0IYV5DQ5.mp4,1,1075,1920,1080,h264,7.92,DeepFake,DeepFakeDetection,DFD_SOURCE_02,DFD_SOURCE_02,,DFD_SOURCE_02,,train
DFD_0000562,DeepFakeDetection (DFD),raw/DFD/DFD_manipulated_sequences/DFD_manipulated_sequences/02_07__podium_speech_happy__1KPVZAAP.mp4,1,1076,1920,1080,h264,8.0,DeepFake,DeepFakeDetection,DFD_SOURCE_02,DFD_SOURCE_02,,DFD_SOURCE_02,,train
DFD_0000563,DeepFakeDetection (DFD),raw/DFD/DFD_manipulated_sequences/DFD_manipulated_sequences/02_07__podium_speech_happy__UH60ROEK.mp4,1,1076,1920,1080,h264,7.99,DeepFake,DeepFakeDetection,DFD_SOURCE_02,DFD_SOURCE_02,,DFD_SOURCE_02,,train
DFD_0000564,DeepFakeDetection (DFD),raw/DFD/DFD_manipulated_sequences/DFD_manipulated_sequences/02_07__secret_conversation__0IYV5DQ5.mp4,1,648,1920,1080,h264,5.54,DeepFake,DeepFakeDetection,DFD_SOURCE_02,DFD_SOURCE_02,,DFD_SOURCE_02,,train
DFD_0000565,DeepFakeDetection (DFD),raw/DFD/DFD_manipulated_sequences/DFD_manipulated_sequences/02_07__secret_conversation__1JCLEEBQ.mp4,1,632,1920,1080,h264,5.42,DeepFake,DeepFakeDetection,DFD_SOURCE_02,DFD_SOURCE_02,,DFD_SOURCE_02,,train
DFD_0000566,DeepFakeDetection (DFD),raw/DFD/DFD_manipulated_sequences/DFD_manipulated_sequences/02_07__secret_conversation__1VMZUH1W.mp4,1,641,1920,1080,h264,5.49,DeepFake,DeepFakeDetection,DFD_SOURCE_02,DFD_SOURCE_02,,DFD_SOURCE_02,,train
DFD_0000567,DeepFakeDetection (DFD),raw/DFD/DFD_manipulated_sequences/DFD_manipulated_sequences/02_07__talking_against_wall__1ZE4HC06.mp4,1,990,1920,1080,h264,5.06,DeepFake,DeepFakeDetection,DFD_SOURCE_02,DFD_SOURCE_02,,DFD_SOURCE_02,,train
DFD_0000568,DeepFakeDetection (DFD),raw/DFD/DFD_manipulated_sequences/DFD_manipulated_sequences/02_07__talking_against_wall__O4SXNLRL.mp4,1,990,1920,1080,h264,5.05,DeepFake,DeepFakeDetection,DFD_SOURCE_02,DFD_SOURCE_02,,DFD_SOURCE_02,,train
DFD_0000569,DeepFakeDetection (DFD),raw/DFD/DFD_manipulated_sequences/DFD_manipulated_sequences/02_07__talking_angry_couch__1VMZUH1W.mp4,1,1275,1920,1080,h264,16.43,DeepFake,DeepFakeDetection,DFD_SOURCE_02,DFD_SOURCE_02,,DFD_SOURCE_02,,train
DFD_0000570,DeepFakeDetection (DFD),raw/DFD/DFD_manipulated_sequences/DFD_manipulated_sequences/02_07__walk_down_hall_angry__1JCLEEBQ.mp4,1,227,1920,1080,h264,1.49,DeepFake,DeepFakeDetection,DFD_SOURCE_02,DFD_SOURCE_02,,DFD_SOURCE_02,,train
DFD_0000571,DeepFakeDetection (DFD),raw/DFD/DFD_manipulated_sequences/DFD_manipulated_sequences/02_07__walk_down_hall_angry__O4SXNLRL.mp4,1,216,1920,1080,h264,1.47,DeepFake,DeepFakeDetection,DFD_SOURCE_02,DFD_SOURCE_02,,DFD_SOURCE_02,,train
DFD_0000572,DeepFakeDetection (DFD),raw/DFD/DFD_manipulated_sequences/DFD_manipulated_sequences/02_07__walk_down_hall_angry__U7DEOZNV.mp4,1,208,1920,1080,h264,1.4,DeepFake,DeepFakeDetection,DFD_SOURCE_02,DFD_SOURCE_02,,DFD_SOURCE_02,,train
DFD_0000573,DeepFakeDetection (DFD),raw/DFD/DFD_manipulated_sequences/DFD_manipulated_sequences/02_07__walking_and_outside_surprised__1VMZUH1W.mp4,1,991,1920,1080,h264,25.47,DeepFake,DeepFakeDetection,DFD_SOURCE_02,DFD_SOURCE_02,,DFD_SOURCE_02,,train
DFD_0000574,DeepFakeDetection (DFD),raw/DFD/DFD_manipulated_sequences/DFD_manipulated_sequences/02_07__walking_and_outside_surprised__UH60ROEK.mp4,1,991,1920,1080,h264,25.52,DeepFake,DeepFakeDetection,DFD_SOURCE_02,DFD_SOURCE_02,,DFD_SOURCE_02,,train
DFD_0000575,DeepFakeDetection (DFD),raw/DFD/DFD_manipulated_sequences/DFD_manipulated_sequences/02_07__walking_down_street_outside_angry__O4SXNLRL.mp4,1,484,1920,1080,h264,3.1,DeepFake,DeepFakeDetection,DFD_SOURCE_02,DFD_SOURCE_02,,DFD_SOURCE_02,,train
DFD_0000576,DeepFakeDetection (DFD),raw/DFD/DFD_manipulated_sequences/DFD_manipulated_sequences/02_07__walking_outside_cafe_disgusted__1H07DFQJ.mp4,1,499,1920,1080,h264,2.73,DeepFake,DeepFakeDetection,DFD_SOURCE_02,DFD_SOURCE_02,,DFD_SOURCE_02,,train
DFD_0000577,DeepFakeDetection (DFD),raw/DFD/DFD_manipulated_sequences/DFD_manipulated_sequences/02_09__exit_phone_room__6KUOFMZW.mp4,1,254,1920,1080,h264,1.6,DeepFake,DeepFakeDetection,DFD_SOURCE_02,DFD_SOURCE_02,,DFD_SOURCE_02,,train
DFD_0000578,DeepFakeDetection (DFD),raw/DFD/DFD_manipulated_sequences/DFD_manipulated_sequences/02_09__exit_phone_room__HIH8YA82.mp4,1,265,1920,1080,h264,1.64,DeepFake,DeepFakeDetection,DFD_SOURCE_02,DFD_SOURCE_02,,DFD_SOURCE_02,,train
DFD_0000579,DeepFakeDetection (DFD),raw/DFD/DFD_manipulated_sequences/DFD_manipulated_sequences/02_09__hugging_happy__9TDCEK1Q.mp4,1,659,1920,1080,h264,7.25,DeepFake,DeepFakeDetection,DFD_SOURCE_02,DFD_SOURCE_02,,DFD_SOURCE_02,,train
DFD_0000580,DeepFakeDetection (DFD),raw/DFD/DFD_manipulated_sequences/DFD_manipulated_sequences/02_09__hugging_happy__HIH8YA82.mp4,1,666,1920,1080,h264,7.28,DeepFake,DeepFakeDetection,DFD_SOURCE_02,DFD_SOURCE_02,,DFD_SOURCE_02,,train
DFD_0000581,DeepFakeDetection (DFD),raw/DFD/DFD_manipulated_sequences/DFD_manipulated_sequences/02_09__kitchen_pan__6KUOFMZW.mp4,1,576,1920,1080,h264,6.18,DeepFake,DeepFakeDetection,DFD_SOURCE_02,DFD_SOURCE_02,,DFD_SOURCE_02,,train
DFD_0000582,DeepFakeDetection (DFD),raw/DFD/DFD_manipulated_sequences/DFD_manipulated_sequences/02_09__kitchen_pan__9TDCEK1Q.mp4,1,573,1920,1080,h264,6.24,DeepFake,DeepFakeDetection,DFD_SOURCE_02,DFD_SOURCE_02,,DFD_SOURCE_02,,train
DFD_0000583,DeepFakeDetection (DFD),raw/DFD/DFD_manipulated_sequences/DFD_manipulated_sequences/02_09__kitchen_pan__HIH8YA82.mp4,1,576,1920,1080,h264,6.27,DeepFake,DeepFakeDetection,DFD_SOURCE_02,DFD_SOURCE_02,,DFD_SOURCE_02,,train
DFD_0000584,DeepFakeDetection (DFD),raw/DFD/DFD_manipulated_sequences/DFD_manipulated_sequences/02_09__kitchen_still__6KUOFMZW.mp4,1,855,1920,1080,h264,7.65,DeepFake,DeepFakeDetection,DFD_SOURCE_02,DFD_SOURCE_02,,DFD_SOURCE_02,,train
DFD_0000585,DeepFakeDetection (DFD),raw/DFD/DFD_manipulated_sequences/DFD_manipulated_sequences/02_09__meeting_serious__6KUOFMZW.mp4,1,985,1920,1080,h264,6.05,DeepFake,DeepFakeDetection,DFD_SOURCE_02,DFD_SOURCE_02,,DFD_SOURCE_02,,train
DFD_0000586,DeepFakeDetection (DFD),raw/DFD/DFD_manipulated_sequences/DFD_manipulated_sequences/02_09__meeting_serious__9TDCEK1Q.mp4,1,985,1920,1080,h264,6.08,DeepFake,DeepFakeDetection,DFD_SOURCE_02,DFD_SOURCE_02,,DFD_SOURCE_02,,train
DFD_0000587,DeepFakeDetection (DFD),raw/DFD/DFD_manipulated_sequences/DFD_manipulated_sequences/02_09__outside_talking_pan_laughing__6KUOFMZW.mp4,1,621,1920,1080,h264,5.68,DeepFake,DeepFakeDetection,DFD_SOURCE_02,DFD_SOURCE_02,,DFD_SOURCE_02,,train
DFD_0000588,DeepFakeDetection (DFD),raw/DFD/DFD_manipulated_sequences/DFD_manipulated_sequences/02_09__outside_talking_pan_laughing__HIH8YA82.mp4,1,630,1920,1080,h264,5.77,DeepFake,DeepFakeDetection,DFD_SOURCE_02,DFD_SOURCE_02,,DFD_SOURCE_02,,train
DFD_0000589,DeepFakeDetection (DFD),raw/DFD/DFD_manipulated_sequences/DFD_manipulated_sequences/02_09__outside_talking_still_laughing__9TDCEK1Q.mp4,1,806,1920,1080,h264,6.12,DeepFake,DeepFakeDetection,DFD_SOURCE_02,DFD_SOURCE_02,,DFD_SOURCE_02,,train
DFD_0000590,DeepFakeDetection (DFD),raw/DFD/DFD_manipulated_sequences/DFD_manipulated_sequences/02_09__podium_speech_happy__9TDCEK1Q.mp4,1,1075,1920,1080,h264,7.65,DeepFake,DeepFakeDetection,DFD_SOURCE_02,DFD_SOURCE_02,,DFD_SOURCE_02,,train
DFD_0000591,DeepFakeDetection (DFD),raw/DFD/DFD_manipulated_sequences/DFD_manipulated_sequences/02_09__podium_speech_happy__HIH8YA82.mp4,1,1074,1920,1080,h264,7.69,DeepFake,DeepFakeDetection,DFD_SOURCE_02,DFD_SOURCE_02,,DFD_SOURCE_02,,train
DFD_0000592,DeepFakeDetection (DFD),raw/DFD/DFD_manipulated_sequences/DFD_manipulated_sequences/02_09__secret_conversation__6KUOFMZW.mp4,1,561,1920,1080,h264,4.96,DeepFake,DeepFakeDetection,DFD_SOURCE_02,DFD_SOURCE_02,,DFD_SOURCE_02,,train
DFD_0000593,DeepFakeDetection (DFD),raw/DFD/DFD_manipulated_sequences/DFD_manipulated_sequences/02_09__talking_angry_couch__6KUOFMZW.mp4,1,1277,1920,1080,h264,16.43,DeepFake,DeepFakeDetection,DFD_SOURCE_02,DFD_SOURCE_02,,DFD_SOURCE_02,,train
DFD_0000594,DeepFakeDetection (DFD),raw/DFD/DFD_manipulated_sequences/DFD_manipulated_sequences/02_09__walk_down_hall_angry__6KUOFMZW.mp4,1,208,1920,1080,h264,1.4,DeepFake,DeepFakeDetection,DFD_SOURCE_02,DFD_SOURCE_02,,DFD_SOURCE_02,,train
DFD_0000595,DeepFakeDetection (DFD),raw/DFD/DFD_manipulated_sequences/DFD_manipulated_sequences/02_09__walk_down_hall_angry__9TDCEK1Q.mp4,1,227,1920,1080,h264,1.49,DeepFake,DeepFakeDetection,DFD_SOURCE_02,DFD_SOURCE_02,,DFD_SOURCE_02,,train
DFD_0000596,DeepFakeDetection (DFD),raw/DFD/DFD_manipulated_sequences/DFD_manipulated_sequences/02_09__walking_down_street_outside_angry__6KUOFMZW.mp4,1,457,1920,1080,h264,3.03,DeepFake,DeepFakeDetection,DFD_SOURCE_02,DFD_SOURCE_02,,DFD_SOURCE_02,,train
DFD_0000597,DeepFakeDetection (DFD),raw/DFD/DFD_manipulated_sequences/DFD_manipulated_sequences/02_09__walking_down_street_outside_angry__9TDCEK1Q.mp4,1,514,1920,1080,h264,3.5,DeepFake,DeepFakeDetection,DFD_SOURCE_02,DFD_SOURCE_02,,DFD_SOURCE_02,,train
DFD_0000598,DeepFakeDetection (DFD),raw/DFD/DFD_manipulated_sequences/DFD_manipulated_sequences/02_09__walking_down_street_outside_angry__HIH8YA82.mp4,1,484,1920,1080,h264,3.1,DeepFake,DeepFakeDetection,DFD_SOURCE_02,DFD_SOURCE_02,,DFD_SOURCE_02,,train
DFD_0000599,DeepFakeDetection (DFD),raw/DFD/DFD_manipulated_sequences/DFD_manipulated_sequences/02_11__meeting_serious__NZJ1YEWE.mp4,1,985,1920,1080,h264,6.04,DeepFake,DeepFakeDetection,DFD_SOURCE_02,DFD_SOURCE_02,,DFD_SOURCE_02,,train
DFD_0000600,DeepFakeDetection (DFD),raw/DFD/DFD_manipulated_sequences/DFD_manipulated_sequences/02_12__hugging_happy__9D2ZHEKW.mp4,1,633,1920,1080,h264,7.12,DeepFake,DeepFakeDetection,DFD_SOURCE_02,DFD_SOURCE_02,,DFD_SOURCE_02,,train
DFD_0000601,DeepFakeDetection (DFD),raw/DFD/DFD_manipulated_sequences/DFD_manipulated_sequences/02_12__outside_talking_pan_laughing__9D2ZHEKW.mp4,1,573,1920,1080,h264,5.32,DeepFake,DeepFakeDetection,DFD_SOURCE_02,DFD_SOURCE_02,,DFD_SOURCE_02,,train
DFD_0000602,DeepFakeDetection (DFD),raw/DFD/DFD_manipulated_sequences/DFD_manipulated_sequences/02_12__podium_speech_happy__9D2ZHEKW.mp4,1,1058,1920,1080,h264,7.64,DeepFake,DeepFakeDetection,DFD_SOURCE_02,DFD_SOURCE_02,,DFD_SOURCE_02,,train
DFD_0000603,DeepFakeDetection (DFD),raw/DFD/DFD_manipulated_sequences/DFD_manipulated_sequences/02_12__walking_and_outside_surprised__9D2ZHEKW.mp4,1,918,1920,1080,h264,24.15,DeepFake,DeepFakeDetection,DFD_SOURCE_02,DFD_SOURCE_02,,DFD_SOURCE_02,,train
DFD_0000604,DeepFakeDetection (DFD),raw/DFD/DFD_manipulated_sequences/DFD_manipulated_sequences/02_13__exit_phone_room__CP5HFV3K.mp4,1,258,1920,1080,h264,1.66,DeepFake,DeepFakeDetection,DFD_SOURCE_02,DFD_SOURCE_02,,DFD_SOURCE_02,,train
DFD_0000605,DeepFakeDetection (DFD),raw/DFD/DFD_manipulated_sequences/DFD_manipulated_sequences/02_13__exit_phone_room__PLNVLO74.mp4,1,259,1920,1080,h264,1.57,DeepFake,DeepFakeDetection,DFD_SOURCE_02,DFD_SOURCE_02,,DFD_SOURCE_02,,train
DFD_0000606,DeepFakeDetection (DFD),raw/DFD/DFD_manipulated_sequences/DFD_manipulated_sequences/02_13__hugging_happy__PLNVLO74.mp4,1,677,1920,1080,h264,7.44,DeepFake,DeepFakeDetection,DFD_SOURCE_02,DFD_SOURCE_02,,DFD_SOURCE_02,,train
DFD_0000607,DeepFakeDetection (DFD),raw/DFD/DFD_manipulated_sequences/DFD_manipulated_sequences/02_13__kitchen_pan__0RKOCC6A.mp4,1,574,1920,1080,h264,6.23,DeepFake,DeepFakeDetection,DFD_SOURCE_02,DFD_SOURCE_02,,DFD_SOURCE_02,,train
DFD_0000608,DeepFakeDetection (DFD),raw/DFD/DFD_manipulated_sequences/DFD_manipulated_sequences/02_13__kitchen_pan__2YSYT2N3.mp4,1,567,1920,1080,h264,6.25,DeepFake,DeepFakeDetection,DFD_SOURCE_02,DFD_SOURCE_02,,DFD_SOURCE_02,,train
DFD_0000609,DeepFakeDetection (DFD),raw/DFD/DFD_manipulated_sequences/DFD_manipulated_sequences/02_13__kitchen_pan__CP5HFV3K.mp4,1,574,1920,1080,h264,6.31,DeepFake,DeepFakeDetection,DFD_SOURCE_02,DFD_SOURCE_02,,DFD_SOURCE_02,,train
DFD_0000610,DeepFakeDetection (DFD),raw/DFD/DFD_manipulated_sequences/DFD_manipulated_sequences/02_13__kitchen_still__2YSYT2N3.mp4,1,855,1920,1080,h264,7.66,DeepFake,DeepFakeDetection,DFD_SOURCE_02,DFD_SOURCE_02,,DFD_SOURCE_02,,train
DFD_0000611,DeepFakeDetection (DFD),raw/DFD/DFD_manipulated_sequences/DFD_manipulated_sequences/02_13__meeting_serious__CP5HFV3K.mp4,1,985,1920,1080,h264,6.09,DeepFake,DeepFakeDetection,DFD_SOURCE_02,DFD_SOURCE_02,,DFD_SOURCE_02,,train
DFD_0000612,DeepFakeDetection (DFD),raw/DFD/DFD_manipulated_sequences/DFD_manipulated_sequences/02_13__outside_talking_pan_laughing__0RKOCC6A.mp4,1,629,1920,1080,h264,5.76,DeepFake,DeepFakeDetection,DFD_SOURCE_02,DFD_SOURCE_02,,DFD_SOURCE_02,,train
DFD_0000613,DeepFakeDetection (DFD),raw/DFD/DFD_manipulated_sequences/DFD_manipulated_sequences/02_13__outside_talking_pan_laughing__2YSYT2N3.mp4,1,633,1920,1080,h264,5.79,DeepFake,DeepFakeDetection,DFD_SOURCE_02,DFD_SOURCE_02,,DFD_SOURCE_02,,train
DFD_0000614,DeepFakeDetection (DFD),raw/DFD/DFD_manipulated_sequences/DFD_manipulated_sequences/02_13__outside_talking_still_laughing__2YSYT2N3.mp4,1,810,1920,1080,h264,6.18,DeepFake,DeepFakeDetection,DFD_SOURCE_02,DFD_SOURCE_02,,DFD_SOURCE_02,,train
DFD_0000615,DeepFakeDetection (DFD),raw/DFD/DFD_manipulated_sequences/DFD_manipulated_sequences/02_13__outside_talking_still_laughing__CP5HFV3K.mp4,1,812,1920,1080,h264,6.23,DeepFake,DeepFakeDetection,DFD_SOURCE_02,DFD_SOURCE_02,,DFD_SOURCE_02,,train
DFD_0000616,DeepFakeDetection (DFD),raw/DFD/DFD_manipulated_sequences/DFD_manipulated_sequences/02_13__podium_speech_happy__2YSYT2N3.mp4,1,1075,1920,1080,h264,7.44,DeepFake,DeepFakeDetection,DFD_SOURCE_02,DFD_SOURCE_02,,DFD_SOURCE_02,,train
DFD_0000617,DeepFakeDetection (DFD),raw/DFD/DFD_manipulated_sequences/DFD_manipulated_sequences/02_13__secret_conversation__CP5HFV3K.mp4,1,33,1920,1080,h264,0.46,DeepFake,DeepFakeDetection,DFD_SOURCE_02,DFD_SOURCE_02,,DFD_SOURCE_02,,train
DFD_0000618,DeepFakeDetection (DFD),raw/DFD/DFD_manipulated_sequences/DFD_manipulated_sequences/02_13__secret_conversation__PLNVLO74.mp4,1,640,1920,1080,h264,5.49,DeepFake,DeepFakeDetection,DFD_SOURCE_02,DFD_SOURCE_02,,DFD_SOURCE_02,,train
DFD_0000619,DeepFakeDetection (DFD),raw/DFD/DFD_manipulated_sequences/DFD_manipulated_sequences/02_13__talking_angry_couch__AROBAY8R.mp4,1,1270,1920,1080,h264,16.48,DeepFake,DeepFakeDetection,DFD_SOURCE_02,DFD_SOURCE_02,,DFD_SOURCE_02,,train
DFD_0000620,DeepFakeDetection (DFD),raw/DFD/DFD_manipulated_sequences/DFD_manipulated_sequences/02_13__talking_angry_couch__CP5HFV3K.mp4,1,1254,1920,1080,h264,16.6,DeepFake,DeepFakeDetection,DFD_SOURCE_02,DFD_SOURCE_02,,DFD_SOURCE_02,,train
DFD_0000621,DeepFakeDetection (DFD),raw/DFD/DFD_manipulated_sequences/DFD_manipulated_sequences/02_13__walking_and_outside_surprised__CP5HFV3K.mp4,1,788,1920,1080,h264,20.15,DeepFake,DeepFakeDetection,DFD_SOURCE_02,DFD_SOURCE_02,,DFD_SOURCE_02,,train
DFD_0000622,DeepFakeDetection (DFD),raw/DFD/DFD_manipulated_sequences/DFD_manipulated_sequences/02_13__walking_down_indoor_hall_disgust__CP5HFV3K.mp4,1,726,1920,1080,h264,11.41,DeepFake,DeepFakeDetection,DFD_SOURCE_02,DFD_SOURCE_02,,DFD_SOURCE_02,,train
DFD_0000623,DeepFakeDetection (DFD),raw/DFD/DFD_manipulated_sequences/DFD_manipulated_sequences/02_13__walking_down_street_outside_angry__2YSYT2N3.mp4,1,432,1920,1080,h264,2.63,DeepFake,DeepFakeDetection,DFD_SOURCE_02,DFD_SOURCE_02,,DFD_SOURCE_02,,train
DFD_0000624,DeepFakeDetection (DFD),raw/DFD/DFD_manipulated_sequences/DFD_manipulated_sequences/02_13__walking_outside_cafe_disgusted__AROBAY8R.mp4,1,559,1920,1080,h264,3.15,DeepFake,DeepFakeDetection,DFD_SOURCE_02,DFD_SOURCE_02,,DFD_SOURCE_02,,train
DFD_0000625,DeepFakeDetection (DFD),raw/DFD/DFD_manipulated_sequences/DFD_manipulated_sequences/02_13__walking_outside_cafe_disgusted__CP5HFV3K.mp4,1,517,1920,1080,h264,2.88,DeepFake,DeepFakeDetection,DFD_SOURCE_02,DFD_SOURCE_02,,DFD_SOURCE_02,,train
DFD_0000626,DeepFakeDetection (DFD),raw/DFD/DFD_manipulated_sequences/DFD_manipulated_sequences/02_14__exit_phone_room__3IUBEKCT.mp4,1,258,1920,1080,h264,1.56,DeepFake,DeepFakeDetection,DFD_SOURCE_02,DFD_SOURCE_02,,DFD_SOURCE_02,,train
DFD_0000627,DeepFakeDetection (DFD),raw/DFD/DFD_manipulated_sequences/DFD_manipulated_sequences/02_14__kitchen_pan__3IUBEKCT.mp4,1,577,1920,1080,h264,6.3,DeepFake,DeepFakeDetection,DFD_SOURCE_02,DFD_SOURCE_02,,DFD_SOURCE_02,,train
DFD_0000628,DeepFakeDetection (DFD),raw/DFD/DFD_manipulated_sequences/DFD_manipulated_sequences/02_14__meeting_serious__3IUBEKCT.mp4,1,985,1920,1080,h264,6.03,DeepFake,DeepFakeDetection,DFD_SOURCE_02,DFD_SOURCE_02,,DFD_SOURCE_02,,train
DFD_0000629,DeepFakeDetection (DFD),raw/DFD/DFD_manipulated_sequences/DFD_manipulated_sequences/02_14__outside_talking_pan_laughing__3IUBEKCT.mp4,1,634,1920,1080,h264,5.81,DeepFake,DeepFakeDetection,DFD_SOURCE_02,DFD_SOURCE_02,,DFD_SOURCE_02,,train
DFD_0000630,DeepFakeDetection (DFD),raw/DFD/DFD_manipulated_sequences/DFD_manipulated_sequences/02_14__podium_speech_happy__3IUBEKCT.mp4,1,1074,1920,1080,h264,7.69,DeepFake,DeepFakeDetection,DFD_SOURCE_02,DFD_SOURCE_02,,DFD_SOURCE_02,,train
DFD_0000631,DeepFakeDetection (DFD),raw/DFD/DFD_manipulated_sequences/DFD_manipulated_sequences/02_14__secret_conversation__3IUBEKCT.mp4,1,36,1920,1080,h264,0.46,DeepFake,DeepFakeDetection,DFD_SOURCE_02,DFD_SOURCE_02,,DFD_SOURCE_02,,train
DFD_0000632,DeepFakeDetection (DFD),raw/DFD/DFD_manipulated_sequences/DFD_manipulated_sequences/02_14__walking_and_outside_surprised__3IUBEKCT.mp4,1,778,1920,1080,h264,19.87,DeepFake,DeepFakeDetection,DFD_SOURCE_02,DFD_SOURCE_02,,DFD_SOURCE_02,,train
DFD_0000633,DeepFakeDetection (DFD),raw/DFD/DFD_manipulated_sequences/DFD_manipulated_sequences/02_14__walking_outside_cafe_disgusted__3IUBEKCT.mp4,1,517,1920,1080,h264,2.88,DeepFake,DeepFakeDetection,DFD_SOURCE_02,DFD_SOURCE_02,,DFD_SOURCE_02,,train
DFD_0000634,DeepFakeDetection (DFD),raw/DFD/DFD_manipulated_sequences/DFD_manipulated_sequences/02_15__exit_phone_room__HTG660F8.mp4,1,259,1920,1080,h264,1.57,DeepFake,DeepFakeDetection,DFD_SOURCE_02,DFD_SOURCE_02,,DFD_SOURCE_02,,train
DFD_0000635,DeepFakeDetection (DFD),raw/DFD/DFD_manipulated_sequences/DFD_manipulated_sequences/02_15__exit_phone_room__I8G2LWD1.mp4,1,262,1920,1080,h264,1.6,DeepFake,DeepFakeDetection,DFD_SOURCE_02,DFD_SOURCE_02,,DFD_SOURCE_02,,train
DFD_0000636,DeepFakeDetection (DFD),raw/DFD/DFD_manipulated_sequences/DFD_manipulated_sequences/02_15__exit_phone_room__MCRFMYAE.mp4,1,263,1920,1080,h264,1.61,DeepFake,DeepFakeDetection,DFD_SOURCE_02,DFD_SOURCE_02,,DFD_SOURCE_02,,train
DFD_0000637,DeepFakeDetection (DFD),raw/DFD/DFD_manipulated_sequences/DFD_manipulated_sequences/02_15__exit_phone_room__MZWH8ATN.mp4,1,259,1920,1080,h264,1.57,DeepFake,DeepFakeDetection,DFD_SOURCE_02,DFD_SOURCE_02,,DFD_SOURCE_02,,train
DFD_0000638,DeepFakeDetection (DFD),raw/DFD/DFD_manipulated_sequences/DFD_manipulated_sequences/02_15__hugging_happy__HTG660F8.mp4,1,668,1920,1080,h264,7.29,DeepFake,DeepFakeDetection,DFD_SOURCE_02,DFD_SOURCE_02,,DFD_SOURCE_02,,train
DFD_0000639,DeepFakeDetection (DFD),raw/DFD/DFD_manipulated_sequences/DFD_manipulated_sequences/02_15__hugging_happy__MZWH8ATN.mp4,1,679,1920,1080,h264,7.35,DeepFake,DeepFakeDetection,DFD_SOURCE_02,DFD_SOURCE_02,,DFD_SOURCE_02,,train
DFD_0000640,DeepFakeDetection (DFD),raw/DFD/DFD_manipulated_sequences/DFD_manipulated_sequences/02_15__hugging_happy__XNJIS4S3.mp4,1,678,1920,1080,h264,7.38,DeepFake,DeepFakeDetection,DFD_SOURCE_02,DFD_SOURCE_02,,DFD_SOURCE_02,,train
DFD_0000641,DeepFakeDetection (DFD),raw/DFD/DFD_manipulated_sequences/DFD_manipulated_sequences/02_15__kitchen_pan__SB6PMCO0.mp4,1,574,1920,1080,h264,6.22,DeepFake,DeepFakeDetection,DFD_SOURCE_02,DFD_SOURCE_02,,DFD_SOURCE_02,,train
DFD_0000642,DeepFakeDetection (DFD),raw/DFD/DFD_manipulated_sequences/DFD_manipulated_sequences/02_15__kitchen_still__HTG660F8.mp4,1,855,1920,1080,h264,7.7,DeepFake,DeepFakeDetection,DFD_SOURCE_02,DFD_SOURCE_02,,DFD_SOURCE_02,,train
DFD_0000643,DeepFakeDetection (DFD),raw/DFD/DFD_manipulated_sequences/DFD_manipulated_sequences/02_15__kitchen_still__I8G2LWD1.mp4,1,855,1920,1080,h264,7.65,DeepFake,DeepFakeDetection,DFD_SOURCE_02,DFD_SOURCE_02,,DFD_SOURCE_02,,train
DFD_0000644,DeepFakeDetection (DFD),raw/DFD/DFD_manipulated_sequences/DFD_manipulated_sequences/02_15__kitchen_still__XNJIS4S3.mp4,1,855,1920,1080,h264,7.61,DeepFake,DeepFakeDetection,DFD_SOURCE_02,DFD_SOURCE_02,,DFD_SOURCE_02,,train
DFD_0000645,DeepFakeDetection (DFD),raw/DFD/DFD_manipulated_sequences/DFD_manipulated_sequences/02_15__meeting_serious__HTG660F8.mp4,1,985,1920,1080,h264,6.03,DeepFake,DeepFakeDetection,DFD_SOURCE_02,DFD_SOURCE_02,,DFD_SOURCE_02,,train
DFD_0000646,DeepFakeDetection (DFD),raw/DFD/DFD_manipulated_sequences/DFD_manipulated_sequences/02_15__meeting_serious__MZWH8ATN.mp4,1,985,1920,1080,h264,6.04,DeepFake,DeepFakeDetection,DFD_SOURCE_02,DFD_SOURCE_02,,DFD_SOURCE_02,,train
DFD_0000647,DeepFakeDetection (DFD),raw/DFD/DFD_manipulated_sequences/DFD_manipulated_sequences/02_15__meeting_serious__N864L40U.mp4,1,985,1920,1080,h264,6.04,DeepFake,DeepFakeDetection,DFD_SOURCE_02,DFD_SOURCE_02,,DFD_SOURCE_02,,train
DFD_0000648,DeepFakeDetection (DFD),raw/DFD/DFD_manipulated_sequences/DFD_manipulated_sequences/02_15__meeting_serious__TSRK8QS4.mp4,1,985,1920,1080,h264,6.06,DeepFake,DeepFakeDetection,DFD_SOURCE_02,DFD_SOURCE_02,,DFD_SOURCE_02,,train
DFD_0000649,DeepFakeDetection (DFD),raw/DFD/DFD_manipulated_sequences/DFD_manipulated_sequences/02_15__outside_talking_pan_laughing__I8G2LWD1.mp4,1,632,1920,1080,h264,5.77,DeepFake,DeepFakeDetection,DFD_SOURCE_02,DFD_SOURCE_02,,DFD_SOURCE_02,,train
DFD_0000650,DeepFakeDetection (DFD),raw/DFD/DFD_manipulated_sequences/DFD_manipulated_sequences/02_15__outside_talking_pan_laughing__SB6PMCO0.mp4,1,627,1920,1080,h264,5.75,DeepFake,DeepFakeDetection,DFD_SOURCE_02,DFD_SOURCE_02,,DFD_SOURCE_02,,train
DFD_0000651,DeepFakeDetection (DFD),raw/DFD/DFD_manipulated_sequences/DFD_manipulated_sequences/02_15__outside_talking_pan_laughing__TN2CWM3K.mp4,1,631,1920,1080,h264,5.79,DeepFake,DeepFakeDetection,DFD_SOURCE_02,DFD_SOURCE_02,,DFD_SOURCE_02,,train
DFD_0000652,DeepFakeDetection (DFD),raw/DFD/DFD_manipulated_sequences/DFD_manipulated_sequences/02_15__outside_talking_still_laughing__HTG660F8.mp4,1,811,1920,1080,h264,6.15,DeepFake,DeepFakeDetection,DFD_SOURCE_02,DFD_SOURCE_02,,DFD_SOURCE_02,,train
DFD_0000653,DeepFakeDetection (DFD),raw/DFD/DFD_manipulated_sequences/DFD_manipulated_sequences/02_15__outside_talking_still_laughing__SB6PMCO0.mp4,1,809,1920,1080,h264,6.13,DeepFake,DeepFakeDetection,DFD_SOURCE_02,DFD_SOURCE_02,,DFD_SOURCE_02,,train
DFD_0000654,DeepFakeDetection (DFD),raw/DFD/DFD_manipulated_sequences/DFD_manipulated_sequences/02_15__podium_speech_happy__I8G2LWD1.mp4,1,1076,1920,1080,h264,8.01,DeepFake,DeepFakeDetection,DFD_SOURCE_02,DFD_SOURCE_02,,DFD_SOURCE_02,,train
DFD_0000655,DeepFakeDetection (DFD),raw/DFD/DFD_manipulated_sequences/DFD_manipulated_sequences/02_15__podium_speech_happy__MZWH8ATN.mp4,1,1076,1920,1080,h264,7.97,DeepFake,DeepFakeDetection,DFD_SOURCE_02,DFD_SOURCE_02,,DFD_SOURCE_02,,train
DFD_0000656,DeepFakeDetection (DFD),raw/DFD/DFD_manipulated_sequences/DFD_manipulated_sequences/02_15__podium_speech_happy__N864L40U.mp4,1,1076,1920,1080,h264,7.97,DeepFake,DeepFakeDetection,DFD_SOURCE_02,DFD_SOURCE_02,,DFD_SOURCE_02,,train
DFD_0000657,DeepFakeDetection (DFD),raw/DFD/DFD_manipulated_sequences/DFD_manipulated_sequences/02_15__secret_conversation__MZWH8ATN.mp4,1,38,1920,1080,h264,0.49,DeepFake,DeepFakeDetection,DFD_SOURCE_02,DFD_SOURCE_02,,DFD_SOURCE_02,,train
DFD_0000658,DeepFakeDetection (DFD),raw/DFD/DFD_manipulated_sequences/DFD_manipulated_sequences/02_15__secret_conversation__N864L40U.mp4,1,634,1920,1080,h264,5.46,DeepFake,DeepFakeDetection,DFD_SOURCE_02,DFD_SOURCE_02,,DFD_SOURCE_02,,train
DFD_0000659,DeepFakeDetection (DFD),raw/DFD/DFD_manipulated_sequences/DFD_manipulated_sequences/02_15__talking_against_wall__HTG660F8.mp4,1,990,1920,1080,h264,5.1,DeepFake,DeepFakeDetection,DFD_SOURCE_02,DFD_SOURCE_02,,DFD_SOURCE_02,,train
DFD_0000660,DeepFakeDetection (DFD),raw/DFD/DFD_manipulated_sequences/DFD_manipulated_sequences/02_15__talking_against_wall__I8G2LWD1.mp4,1,990,1920,1080,h264,5.08,DeepFake,DeepFakeDetection,DFD_SOURCE_02,DFD_SOURCE_02,,DFD_SOURCE_02,,train
DFD_0000661,DeepFakeDetection (DFD),raw/DFD/DFD_manipulated_sequences/DFD_manipulated_sequences/02_15__talking_against_wall__MZWH8ATN.mp4,1,990,1920,1080,h264,5.06,DeepFake,DeepFakeDetection,DFD_SOURCE_02,DFD_SOURCE_02,,DFD_SOURCE_02,,train
DFD_0000662,DeepFakeDetection (DFD),raw/DFD/DFD_manipulated_sequences/DFD_manipulated_sequences/02_15__talking_against_wall__P2FAY3DR.mp4,1,990,1920,1080,h264,5.2,DeepFake,DeepFakeDetection,DFD_SOURCE_02,DFD_SOURCE_02,,DFD_SOURCE_02,,train
DFD_0000663,DeepFakeDetection (DFD),raw/DFD/DFD_manipulated_sequences/DFD_manipulated_sequences/02_15__talking_against_wall__QYSDT9SO.mp4,1,990,1920,1080,h264,5.08,DeepFake,DeepFakeDetection,DFD_SOURCE_02,DFD_SOURCE_02,,DFD_SOURCE_02,,train
DFD_0000664,DeepFakeDetection (DFD),raw/DFD/DFD_manipulated_sequences/DFD_manipulated_sequences/02_15__talking_angry_couch__HTG660F8.mp4,1,1280,1920,1080,h264,16.49,DeepFake,DeepFakeDetection,DFD_SOURCE_02,DFD_SOURCE_02,,DFD_SOURCE_02,,train
DFD_0000665,DeepFakeDetection (DFD),raw/DFD/DFD_manipulated_sequences/DFD_manipulated_sequences/02_15__talking_angry_couch__I8G2LWD1.mp4,1,1278,1920,1080,h264,16.52,DeepFake,DeepFakeDetection,DFD_SOURCE_02,DFD_SOURCE_02,,DFD_SOURCE_02,,train
DFD_0000666,DeepFakeDetection (DFD),raw/DFD/DFD_manipulated_sequences/DFD_manipulated_sequences/02_15__walk_down_hall_angry__HTG660F8.mp4,1,216,1920,1080,h264,1.47,DeepFake,DeepFakeDetection,DFD_SOURCE_02,DFD_SOURCE_02,,DFD_SOURCE_02,,train
DFD_0000667,DeepFakeDetection (DFD),raw/DFD/DFD_manipulated_sequences/DFD_manipulated_sequences/02_15__walk_down_hall_angry__TN2CWM3K.mp4,1,208,1920,1080,h264,1.41,DeepFake,DeepFakeDetection,DFD_SOURCE_02,DFD_SOURCE_02,,DFD_SOURCE_02,,train
DFD_0000668,DeepFakeDetection (DFD),raw/DFD/DFD_manipulated_sequences/DFD_manipulated_sequences/02_15__walking_and_outside_surprised__HTG660F8.mp4,1,995,1920,1080,h264,25.69,DeepFake,DeepFakeDetection,DFD_SOURCE_02,DFD_SOURCE_02,,DFD_SOURCE_02,,train
DFD_0000669,DeepFakeDetection (DFD),raw/DFD/DFD_manipulated_sequences/DFD_manipulated_sequences/02_15__walking_and_outside_surprised__I8G2LWD1.mp4,1,982,1920,1080,h264,25.45,DeepFake,DeepFakeDetection,DFD_SOURCE_02,DFD_SOURCE_02,,DFD_SOURCE_02,,train
DFD_0000670,DeepFakeDetection (DFD),raw/DFD/DFD_manipulated_sequences/DFD_manipulated_sequences/02_15__walking_and_outside_surprised__MZWH8ATN.mp4,1,776,1920,1080,h264,19.8,DeepFake,DeepFakeDetection,DFD_SOURCE_02,DFD_SOURCE_02,,DFD_SOURCE_02,,train
DFD_0000671,DeepFakeDetection (DFD),raw/DFD/DFD_manipulated_sequences/DFD_manipulated_sequences/02_15__walking_down_indoor_hall_disgust__HTG660F8.mp4,1,822,1920,1080,h264,12.78,DeepFake,DeepFakeDetection,DFD_SOURCE_02,DFD_SOURCE_02,,DFD_SOURCE_02,,train
DFD_0000672,DeepFakeDetection (DFD),raw/DFD/DFD_manipulated_sequences/DFD_manipulated_sequences/02_15__walking_down_street_outside_angry__I8G2LWD1.mp4,1,485,1920,1080,h264,3.1,DeepFake,DeepFakeDetection,DFD_SOURCE_02,DFD_SOURCE_02,,DFD_SOURCE_02,,train
DFD_0000673,DeepFakeDetection (DFD),raw/DFD/DFD_manipulated_sequences/DFD_manipulated_sequences/02_15__walking_down_street_outside_angry__MZWH8ATN.mp4,1,485,1920,1080,h264,3.11,DeepFake,DeepFakeDetection,DFD_SOURCE_02,DFD_SOURCE_02,,DFD_SOURCE_02,,train
DFD_0000674,DeepFakeDetection (DFD),raw/DFD/DFD_manipulated_sequences/DFD_manipulated_sequences/02_15__walking_outside_cafe_disgusted__HTG660F8.mp4,1,517,1920,1080,h264,2.89,DeepFake,DeepFakeDetection,DFD_SOURCE_02,DFD_SOURCE_02,,DFD_SOURCE_02,,train
DFD_0000675,DeepFakeDetection (DFD),raw/DFD/DFD_manipulated_sequences/DFD_manipulated_sequences/02_15__walking_outside_cafe_disgusted__MZWH8ATN.mp4,1,517,1920,1080,h264,2.87,DeepFake,DeepFakeDetection,DFD_SOURCE_02,DFD_SOURCE_02,,DFD_SOURCE_02,,train
DFD_0000676,DeepFakeDetection (DFD),raw/DFD/DFD_manipulated_sequences/DFD_manipulated_sequences/02_18__exit_phone_room__B95S4G6F.mp4,1,276,1920,1080,h264,1.85,DeepFake,DeepFakeDetection,DFD_SOURCE_02,DFD_SOURCE_02,,DFD_SOURCE_02,,train
DFD_0000677,DeepFakeDetection (DFD),raw/DFD/DFD_manipulated_sequences/DFD_manipulated_sequences/02_18__exit_phone_room__OXMEEFUQ.mp4,1,259,1920,1080,h264,1.57,DeepFake,DeepFakeDetection,DFD_SOURCE_02,DFD_SOURCE_02,,DFD_SOURCE_02,,train
DFD_0000678,DeepFakeDetection (DFD),raw/DFD/DFD_manipulated_sequences/DFD_manipulated_sequences/02_18__kitchen_still__B95S4G6F.mp4,1,855,1920,1080,h264,7.64,DeepFake,DeepFakeDetection,DFD_SOURCE_02,DFD_SOURCE_02,,DFD_SOURCE_02,,train
DFD_0000679,DeepFakeDetection (DFD),raw/DFD/DFD_manipulated_sequences/DFD_manipulated_sequences/02_18__kitchen_still__OXMEEFUQ.mp4,1,855,1920,1080,h264,7.63,DeepFake,DeepFakeDetection,DFD_SOURCE_02,DFD_SOURCE_02,,DFD_SOURCE_02,,train
DFD_0000680,DeepFakeDetection (DFD),raw/DFD/DFD_manipulated_sequences/DFD_manipulated_sequences/02_18__meeting_serious__B95S4G6F.mp4,1,985,1920,1080,h264,6.03,DeepFake,DeepFakeDetection,DFD_SOURCE_02,DFD_SOURCE_02,,DFD_SOURCE_02,,train
DFD_0000681,DeepFakeDetection (DFD),raw/DFD/DFD_manipulated_sequences/DFD_manipulated_sequences/02_18__outside_talking_pan_laughing__OXMEEFUQ.mp4,1,637,1920,1080,h264,5.83,DeepFake,DeepFakeDetection,DFD_SOURCE_02,DFD_SOURCE_02,,DFD_SOURCE_02,,train
DFD_0000682,DeepFakeDetection (DFD),raw/DFD/DFD_manipulated_sequences/DFD_manipulated_sequences/02_18__outside_talking_still_laughing__OXMEEFUQ.mp4,1,813,1920,1080,h264,6.18,DeepFake,DeepFakeDetection,DFD_SOURCE_02,DFD_SOURCE_02,,DFD_SOURCE_02,,train
DFD_0000683,DeepFakeDetection (DFD),raw/DFD/DFD_manipulated_sequences/DFD_manipulated_sequences/02_18__secret_conversation__B95S4G6F.mp4,1,632,1920,1080,h264,5.41,DeepFake,DeepFakeDetection,DFD_SOURCE_02,DFD_SOURCE_02,,DFD_SOURCE_02,,train
DFD_0000684,DeepFakeDetection (DFD),raw/DFD/DFD_manipulated_sequences/DFD_manipulated_sequences/02_18__walk_down_hall_angry__B95S4G6F.mp4,1,227,1920,1080,h264,1.49,DeepFake,DeepFakeDetection,DFD_SOURCE_02,DFD_SOURCE_02,,DFD_SOURCE_02,,train
DFD_0000685,DeepFakeDetection (DFD),raw/DFD/DFD_manipulated_sequences/DFD_manipulated_sequences/02_18__walking_and_outside_surprised__B95S4G6F.mp4,1,969,1920,1080,h264,25.07,DeepFake,DeepFakeDetection,DFD_SOURCE_02,DFD_SOURCE_02,,DFD_SOURCE_02,,train
DFD_0000686,DeepFakeDetection (DFD),raw/DFD/DFD_manipulated_sequences/DFD_manipulated_sequences/02_18__walking_down_street_outside_angry__21JTDDEL.mp4,1,458,1920,1080,h264,3.04,DeepFake,DeepFakeDetection,DFD_SOURCE_02,DFD_SOURCE_02,,DFD_SOURCE_02,,train
DFD_0000687,DeepFakeDetection (DFD),raw/DFD/DFD_manipulated_sequences/DFD_manipulated_sequences/02_21__kitchen_pan__Z0XHPQAR.mp4,1,574,1920,1080,h264,6.18,DeepFake,DeepFakeDetection,DFD_SOURCE_02,DFD_SOURCE_02,,DFD_SOURCE_02,,train
DFD_0000688,DeepFakeDetection (DFD),raw/DFD/DFD_manipulated_sequences/DFD_manipulated_sequences/02_21__outside_talking_still_laughing__Z0XHPQAR.mp4,1,811,1920,1080,h264,6.23,DeepFake,DeepFakeDetection,DFD_SOURCE_02,DFD_SOURCE_02,,DFD_SOURCE_02,,train
DFD_0000689,DeepFakeDetection (DFD),raw/DFD/DFD_manipulated_sequences/DFD_manipulated_sequences/02_21__talking_angry_couch__Z0XHPQAR.mp4,1,1269,1920,1080,h264,16.43,DeepFake,DeepFakeDetection,DFD_SOURCE_02,DFD_SOURCE_02,,DFD_SOURCE_02,,train
DFD_0000690,DeepFakeDetection (DFD),raw/DFD/DFD_manipulated_sequences/DFD_manipulated_sequences/02_25__exit_phone_room__Z7FQ69VP.mp4,1,271,1920,1080,h264,1.72,DeepFake,DeepFakeDetection,DFD_SOURCE_02,DFD_SOURCE_02,,DFD_SOURCE_02,,train
DFD_0000691,DeepFakeDetection (DFD),raw/DFD/DFD_manipulated_sequences/DFD_manipulated_sequences/02_25__hugging_happy__Z7FQ69VP.mp4,1,651,1920,1080,h264,7.2,DeepFake,DeepFakeDetection,DFD_SOURCE_02,DFD_SOURCE_02,,DFD_SOURCE_02,,train
DFD_0000692,DeepFakeDetection (DFD),raw/DFD/DFD_manipulated_sequences/DFD_manipulated_sequences/02_25__outside_talking_pan_laughing__Z7FQ69VP.mp4,1,629,1920,1080,h264,5.76,DeepFake,DeepFakeDetection,DFD_SOURCE_02,DFD_SOURCE_02,,DFD_SOURCE_02,,train
DFD_0000693,DeepFakeDetection (DFD),raw/DFD/DFD_manipulated_sequences/DFD_manipulated_sequences/02_25__outside_talking_still_laughing__Z7FQ69VP.mp4,1,799,1920,1080,h264,6.1,DeepFake,DeepFakeDetection,DFD_SOURCE_02,DFD_SOURCE_02,,DFD_SOURCE_02,,train
DFD_0000694,DeepFakeDetection (DFD),raw/DFD/DFD_manipulated_sequences/DFD_manipulated_sequences/02_25__secret_conversation__Z7FQ69VP.mp4,1,38,1920,1080,h264,0.49,DeepFake,DeepFakeDetection,DFD_SOURCE_02,DFD_SOURCE_02,,DFD_SOURCE_02,,train
DFD_0000695,DeepFakeDetection (DFD),raw/DFD/DFD_manipulated_sequences/DFD_manipulated_sequences/02_25__talking_against_wall__Z7FQ69VP.mp4,1,990,1920,1080,h264,5.15,DeepFake,DeepFakeDetection,DFD_SOURCE_02,DFD_SOURCE_02,,DFD_SOURCE_02,,train
DFD_0000696,DeepFakeDetection (DFD),raw/DFD/DFD_manipulated_sequences/DFD_manipulated_sequences/02_25__talking_angry_couch__Z7FQ69VP.mp4,1,1257,1920,1080,h264,16.33,DeepFake,DeepFakeDetection,DFD_SOURCE_02,DFD_SOURCE_02,,DFD_SOURCE_02,,train
DFD_0000697,DeepFakeDetection (DFD),raw/DFD/DFD_manipulated_sequences/DFD_manipulated_sequences/02_25__walking_and_outside_surprised__Z7FQ69VP.mp4,1,778,1920,1080,h264,20.0,DeepFake,DeepFakeDetection,DFD_SOURCE_02,DFD_SOURCE_02,,DFD_SOURCE_02,,train
DFD_0000698,DeepFakeDetection (DFD),raw/DFD/DFD_manipulated_sequences/DFD_manipulated_sequences/02_25__walking_down_street_outside_angry__Z7FQ69VP.mp4,1,514,1920,1080,h264,3.51,DeepFake,DeepFakeDetection,DFD_SOURCE_02,DFD_SOURCE_02,,DFD_SOURCE_02,,train
DFD_0000699,DeepFakeDetection (DFD),raw/DFD/DFD_manipulated_sequences/DFD_manipulated_sequences/02_25__walking_outside_cafe_disgusted__Z7FQ69VP.mp4,1,559,1920,1080,h264,3.17,DeepFake,DeepFakeDetection,DFD_SOURCE_02,DFD_SOURCE_02,,DFD_SOURCE_02,,train
DFD_0000700,DeepFakeDetection (DFD),raw/DFD/DFD_manipulated_sequences/DFD_manipulated_sequences/02_27__hugging_happy__6GC9HY9J.mp4,1,685,1920,1080,h264,7.41,DeepFake,DeepFakeDetection,DFD_SOURCE_02,DFD_SOURCE_02,,DFD_SOURCE_02,,train
DFD_0000701,DeepFakeDetection (DFD),raw/DFD/DFD_manipulated_sequences/DFD_manipulated_sequences/02_27__hugging_happy__GVFLSZD5.mp4,1,685,1920,1080,h264,7.43,DeepFake,DeepFakeDetection,DFD_SOURCE_02,DFD_SOURCE_02,,DFD_SOURCE_02,,train
DFD_0000702,DeepFakeDetection (DFD),raw/DFD/DFD_manipulated_sequences/DFD_manipulated_sequences/02_27__kitchen_pan__3L1MLH3D.mp4,1,578,1920,1080,h264,6.31,DeepFake,DeepFakeDetection,DFD_SOURCE_02,DFD_SOURCE_02,,DFD_SOURCE_02,,train
DFD_0000703,DeepFakeDetection (DFD),raw/DFD/DFD_manipulated_sequences/DFD_manipulated_sequences/02_27__kitchen_pan__B3XHKO27.mp4,1,578,1920,1080,h264,6.34,DeepFake,DeepFakeDetection,DFD_SOURCE_02,DFD_SOURCE_02,,DFD_SOURCE_02,,train
DFD_0000704,DeepFakeDetection (DFD),raw/DFD/DFD_manipulated_sequences/DFD_manipulated_sequences/02_27__kitchen_pan__UGO2181S.mp4,1,577,1920,1080,h264,6.31,DeepFake,DeepFakeDetection,DFD_SOURCE_02,DFD_SOURCE_02,,DFD_SOURCE_02,,train
DFD_0000705,DeepFakeDetection (DFD),raw/DFD/DFD_manipulated_sequences/DFD_manipulated_sequences/02_27__meeting_serious__QW05XUUZ.mp4,1,985,1920,1080,h264,6.04,DeepFake,DeepFakeDetection,DFD_SOURCE_02,DFD_SOURCE_02,,DFD_SOURCE_02,,train
DFD_0000706,DeepFakeDetection (DFD),raw/DFD/DFD_manipulated_sequences/DFD_manipulated_sequences/02_27__outside_talking_pan_laughing__QW05XUUZ.mp4,1,634,1920,1080,h264,5.8,DeepFake,DeepFakeDetection,DFD_SOURCE_02,DFD_SOURCE_02,,DFD_SOURCE_02,,train
DFD_0000707,DeepFakeDetection (DFD),raw/DFD/DFD_manipulated_sequences/DFD_manipulated_sequences/02_27__outside_talking_pan_laughing__XFSH3BW7.mp4,1,635,1920,1080,h264,5.78,DeepFake,DeepFakeDetection,DFD_SOURCE_02,DFD_SOURCE_02,,DFD_SOURCE_02,,train
DFD_0000708,DeepFakeDetection (DFD),raw/DFD/DFD_manipulated_sequences/DFD_manipulated_sequences/02_27__outside_talking_still_laughing__FV8M8O2C.mp4,1,812,1920,1080,h264,6.15,DeepFake,DeepFakeDetection,DFD_SOURCE_02,DFD_SOURCE_02,,DFD_SOURCE_02,,train
DFD_0000709,DeepFakeDetection (DFD),raw/DFD/DFD_manipulated_sequences/DFD_manipulated_sequences/02_27__outside_talking_still_laughing__YQX5Z8GN.mp4,1,812,1920,1080,h264,6.15,DeepFake,DeepFakeDetection,DFD_SOURCE_02,DFD_SOURCE_02,,DFD_SOURCE_02,,train
DFD_0000710,DeepFakeDetection (DFD),raw/DFD/DFD_manipulated_sequences/DFD_manipulated_sequences/02_27__podium_speech_happy__UGO2181S.mp4,1,1075,1920,1080,h264,7.6,DeepFake,DeepFakeDetection,DFD_SOURCE_02,DFD_SOURCE_02,,DFD_SOURCE_02,,train
DFD_0000711,DeepFakeDetection (DFD),raw/DFD/DFD_manipulated_sequences/DFD_manipulated_sequences/02_27__walk_down_hall_angry__78M8S6M6.mp4,1,208,1920,1080,h264,1.41,DeepFake,DeepFakeDetection,DFD_SOURCE_02,DFD_SOURCE_02,,DFD_SOURCE_02,,train
DFD_0000712,DeepFakeDetection (DFD),raw/DFD/DFD_manipulated_sequences/DFD_manipulated_sequences/02_27__walking_and_outside_surprised__QW05XUUZ.mp4,1,1000,1920,1080,h264,25.77,DeepFake,DeepFakeDetection,DFD_SOURCE_02,DFD_SOURCE_02,,DFD_SOURCE_02,,train
DFD_0000713,DeepFakeDetection (DFD),raw/DFD/DFD_manipulated_sequences/DFD_manipulated_sequences/02_27__walking_and_outside_surprised__UGO2181S.mp4,1,988,1920,1080,h264,25.53,DeepFake,DeepFakeDetection,DFD_SOURCE_02,DFD_SOURCE_02,,DFD_SOURCE_02,,train
DFD_0000714,DeepFakeDetection (DFD),raw/DFD/DFD_manipulated_sequences/DFD_manipulated_sequences/02_27__walking_down_indoor_hall_disgust__YQX5Z8GN.mp4,1,821,1920,1080,h264,12.76,DeepFake,DeepFakeDetection,DFD_SOURCE_02,DFD_SOURCE_02,,DFD_SOURCE_02,,train
DFD_0000715,DeepFakeDetection (DFD),raw/DFD/DFD_manipulated_sequences/DFD_manipulated_sequences/02_27__walking_down_street_outside_angry__3L1MLH3D.mp4,1,514,1920,1080,h264,3.49,DeepFake,DeepFakeDetection,DFD_SOURCE_02,DFD_SOURCE_02,,DFD_SOURCE_02,,train
DFD_0000716,DeepFakeDetection (DFD),raw/DFD/DFD_manipulated_sequences/DFD_manipulated_sequences/02_27__walking_outside_cafe_disgusted__3L1MLH3D.mp4,1,559,1920,1080,h264,3.05,DeepFake,DeepFakeDetection,DFD_SOURCE_02,DFD_SOURCE_02,,DFD_SOURCE_02,,train
DFD_0000717,DeepFakeDetection (DFD),raw/DFD/DFD_manipulated_sequences/DFD_manipulated_sequences/02_27__walking_outside_cafe_disgusted__78M8S6M6.mp4,1,499,1920,1080,h264,2.72,DeepFake,DeepFakeDetection,DFD_SOURCE_02,DFD_SOURCE_02,,DFD_SOURCE_02,,train
DFD_0000718,DeepFakeDetection (DFD),raw/DFD/DFD_manipulated_sequences/DFD_manipulated_sequences/03_01__exit_phone_room__480LQD1C.mp4,1,532,1920,1080,h264,3.77,DeepFake,DeepFakeDetection,DFD_SOURCE_03,DFD_SOURCE_03,,DFD_SOURCE_03,,train
DFD_0000719,DeepFakeDetection (DFD),raw/DFD/DFD_manipulated_sequences/DFD_manipulated_sequences/03_01__hugging_happy__ISF9SP4G.mp4,1,815,1920,1080,h264,15.48,DeepFake,DeepFakeDetection,DFD_SOURCE_03,DFD_SOURCE_03,,DFD_SOURCE_03,,train
DFD_0000720,DeepFakeDetection (DFD),raw/DFD/DFD_manipulated_sequences/DFD_manipulated_sequences/03_01__kitchen_pan__JZUXXFRB.mp4,1,533,1920,1080,h264,5.37,DeepFake,DeepFakeDetection,DFD_SOURCE_03,DFD_SOURCE_03,,DFD_SOURCE_03,,train
DFD_0000721,DeepFakeDetection (DFD),raw/DFD/DFD_manipulated_sequences/DFD_manipulated_sequences/03_01__kitchen_still__JZUXXFRB.mp4,1,955,1920,1080,h264,8.73,DeepFake,DeepFakeDetection,DFD_SOURCE_03,DFD_SOURCE_03,,DFD_SOURCE_03,,train
DFD_0000722,DeepFakeDetection (DFD),raw/DFD/DFD_manipulated_sequences/DFD_manipulated_sequences/03_01__meeting_serious__ISF9SP4G.mp4,1,960,1920,1080,h264,5.6,DeepFake,DeepFakeDetection,DFD_SOURCE_03,DFD_SOURCE_03,,DFD_SOURCE_03,,train
DFD_0000723,DeepFakeDetection (DFD),raw/DFD/DFD_manipulated_sequences/DFD_manipulated_sequences/03_01__meeting_serious__JZUXXFRB.mp4,1,959,1920,1080,h264,5.77,DeepFake,DeepFakeDetection,DFD_SOURCE_03,DFD_SOURCE_03,,DFD_SOURCE_03,,train
DFD_0000724,DeepFakeDetection (DFD),raw/DFD/DFD_manipulated_sequences/DFD_manipulated_sequences/03_01__outside_talking_still_laughing__JZUXXFRB.mp4,1,939,1920,1080,h264,6.36,DeepFake,DeepFakeDetection,DFD_SOURCE_03,DFD_SOURCE_03,,DFD_SOURCE_03,,train
DFD_0000725,DeepFakeDetection (DFD),raw/DFD/DFD_manipulated_sequences/DFD_manipulated_sequences/03_01__podium_speech_happy__480LQD1C.mp4,1,839,1920,1080,h264,7.33,DeepFake,DeepFakeDetection,DFD_SOURCE_03,DFD_SOURCE_03,,DFD_SOURCE_03,,train
DFD_0000726,DeepFakeDetection (DFD),raw/DFD/DFD_manipulated_sequences/DFD_manipulated_sequences/03_01__podium_speech_happy__ISF9SP4G.mp4,1,839,1920,1080,h264,7.17,DeepFake,DeepFakeDetection,DFD_SOURCE_03,DFD_SOURCE_03,,DFD_SOURCE_03,,train
DFD_0000727,DeepFakeDetection (DFD),raw/DFD/DFD_manipulated_sequences/DFD_manipulated_sequences/03_01__podium_speech_happy__JZUXXFRB.mp4,1,839,1920,1080,h264,7.16,DeepFake,DeepFakeDetection,DFD_SOURCE_03,DFD_SOURCE_03,,DFD_SOURCE_03,,train
DFD_0000728,DeepFakeDetection (DFD),raw/DFD/DFD_manipulated_sequences/DFD_manipulated_sequences/03_01__secret_conversation__480LQD1C.mp4,1,779,1920,1080,h264,6.45,DeepFake,DeepFakeDetection,DFD_SOURCE_03,DFD_SOURCE_03,,DFD_SOURCE_03,,train
DFD_0000729,DeepFakeDetection (DFD),raw/DFD/DFD_manipulated_sequences/DFD_manipulated_sequences/03_01__talking_against_wall__JZUXXFRB.mp4,1,910,1920,1080,h264,4.97,DeepFake,DeepFakeDetection,DFD_SOURCE_03,DFD_SOURCE_03,,DFD_SOURCE_03,,train
DFD_0000730,DeepFakeDetection (DFD),raw/DFD/DFD_manipulated_sequences/DFD_manipulated_sequences/03_01__talking_angry_couch__JZUXXFRB.mp4,1,1416,1920,1080,h264,18.41,DeepFake,DeepFakeDetection,DFD_SOURCE_03,DFD_SOURCE_03,,DFD_SOURCE_03,,train
DFD_0000731,DeepFakeDetection (DFD),raw/DFD/DFD_manipulated_sequences/DFD_manipulated_sequences/03_01__walking_and_outside_surprised__JZUXXFRB.mp4,1,1082,1920,1080,h264,24.63,DeepFake,DeepFakeDetection,DFD_SOURCE_03,DFD_SOURCE_03,,DFD_SOURCE_03,,train
DFD_0000732,DeepFakeDetection (DFD),raw/DFD/DFD_manipulated_sequences/DFD_manipulated_sequences/03_02__meeting_serious__ZESUJMM7.mp4,1,960,1920,1080,h264,5.62,DeepFake,DeepFakeDetection,DFD_SOURCE_03,DFD_SOURCE_03,,DFD_SOURCE_03,,train
DFD_0000733,DeepFakeDetection (DFD),raw/DFD/DFD_manipulated_sequences/DFD_manipulated_sequences/03_02__secret_conversation__GYX5OFTD.mp4,1,18,1920,1080,h264,0.31,DeepFake,DeepFakeDetection,DFD_SOURCE_03,DFD_SOURCE_03,,DFD_SOURCE_03,,train
DFD_0000734,DeepFakeDetection (DFD),raw/DFD/DFD_manipulated_sequences/DFD_manipulated_sequences/03_02__secret_conversation__QH3Y0IG0.mp4,1,812,1920,1080,h264,6.71,DeepFake,DeepFakeDetection,DFD_SOURCE_03,DFD_SOURCE_03,,DFD_SOURCE_03,,train
DFD_0000735,DeepFakeDetection (DFD),raw/DFD/DFD_manipulated_sequences/DFD_manipulated_sequences/03_02__walking_and_outside_surprised__GYX5OFTD.mp4,1,764,1920,1080,h264,16.97,DeepFake,DeepFakeDetection,DFD_SOURCE_03,DFD_SOURCE_03,,DFD_SOURCE_03,,train
DFD_0000736,DeepFakeDetection (DFD),raw/DFD/DFD_manipulated_sequences/DFD_manipulated_sequences/03_02__walking_down_street_outside_angry__QH3Y0IG0.mp4,1,943,1920,1080,h264,8.21,DeepFake,DeepFakeDetection,DFD_SOURCE_03,DFD_SOURCE_03,,DFD_SOURCE_03,,train
DFD_0000737,DeepFakeDetection (DFD),raw/DFD/DFD_manipulated_sequences/DFD_manipulated_sequences/03_04__kitchen_pan__T04P6ELC.mp4,1,532,1920,1080,h264,5.39,DeepFake,DeepFakeDetection,DFD_SOURCE_03,DFD_SOURCE_03,,DFD_SOURCE_03,,train
DFD_0000738,DeepFakeDetection (DFD),raw/DFD/DFD_manipulated_sequences/DFD_manipulated_sequences/03_04__outside_talking_pan_laughing__T04P6ELC.mp4,1,713,1920,1080,h264,6.45,DeepFake,DeepFakeDetection,DFD_SOURCE_03,DFD_SOURCE_03,,DFD_SOURCE_03,,train
DFD_0000739,DeepFakeDetection (DFD),raw/DFD/DFD_manipulated_sequences/DFD_manipulated_sequences/03_04__talking_angry_couch__T04P6ELC.mp4,1,1453,1920,1080,h264,18.78,DeepFake,DeepFakeDetection,DFD_SOURCE_03,DFD_SOURCE_03,,DFD_SOURCE_03,,train
DFD_0000740,DeepFakeDetection (DFD),raw/DFD/DFD_manipulated_sequences/DFD_manipulated_sequences/03_06__exit_phone_room__1IXGY2FK.mp4,1,530,1920,1080,h264,3.7,DeepFake,DeepFakeDetection,DFD_SOURCE_03,DFD_SOURCE_03,,DFD_SOURCE_03,,train
DFD_0000741,DeepFakeDetection (DFD),raw/DFD/DFD_manipulated_sequences/DFD_manipulated_sequences/03_06__hugging_happy__1IXGY2FK.mp4,1,814,1920,1080,h264,15.46,DeepFake,DeepFakeDetection,DFD_SOURCE_03,DFD_SOURCE_03,,DFD_SOURCE_03,,train
DFD_0000742,DeepFakeDetection (DFD),raw/DFD/DFD_manipulated_sequences/DFD_manipulated_sequences/03_06__hugging_happy__2XWC5JED.mp4,1,814,1920,1080,h264,15.45,DeepFake,DeepFakeDetection,DFD_SOURCE_03,DFD_SOURCE_03,,DFD_SOURCE_03,,train
DFD_0000743,DeepFakeDetection (DFD),raw/DFD/DFD_manipulated_sequences/DFD_manipulated_sequences/03_06__hugging_happy__4I8LRXWF.mp4,1,813,1920,1080,h264,15.45,DeepFake,DeepFakeDetection,DFD_SOURCE_03,DFD_SOURCE_03,,DFD_SOURCE_03,,train
DFD_0000744,DeepFakeDetection (DFD),raw/DFD/DFD_manipulated_sequences/DFD_manipulated_sequences/03_06__kitchen_pan__1IXGY2FK.mp4,1,533,1920,1080,h264,5.35,DeepFake,DeepFakeDetection,DFD_SOURCE_03,DFD_SOURCE_03,,DFD_SOURCE_03,,train
DFD_0000745,DeepFakeDetection (DFD),raw/DFD/DFD_manipulated_sequences/DFD_manipulated_sequences/03_06__kitchen_pan__2XWC5JED.mp4,1,533,1920,1080,h264,5.37,DeepFake,DeepFakeDetection,DFD_SOURCE_03,DFD_SOURCE_03,,DFD_SOURCE_03,,train
DFD_0000746,DeepFakeDetection (DFD),raw/DFD/DFD_manipulated_sequences/DFD_manipulated_sequences/03_06__kitchen_still__1IXGY2FK.mp4,1,955,1920,1080,h264,8.71,DeepFake,DeepFakeDetection,DFD_SOURCE_03,DFD_SOURCE_03,,DFD_SOURCE_03,,train
DFD_0000747,DeepFakeDetection (DFD),raw/DFD/DFD_manipulated_sequences/DFD_manipulated_sequences/03_06__kitchen_still__ZFRX9RKW.mp4,1,955,1920,1080,h264,8.72,DeepFake,DeepFakeDetection,DFD_SOURCE_03,DFD_SOURCE_03,,DFD_SOURCE_03,,train
DFD_0000748,DeepFakeDetection (DFD),raw/DFD/DFD_manipulated_sequences/DFD_manipulated_sequences/03_06__meeting_serious__1IXGY2FK.mp4,1,960,1920,1080,h264,5.57,DeepFake,DeepFakeDetection,DFD_SOURCE_03,DFD_SOURCE_03,,DFD_SOURCE_03,,train
DFD_0000749,DeepFakeDetection (DFD),raw/DFD/DFD_manipulated_sequences/DFD_manipulated_sequences/03_06__meeting_serious__83ABVHC3.mp4,1,960,1920,1080,h264,5.57,DeepFake,DeepFakeDetection,DFD_SOURCE_03,DFD_SOURCE_03,,DFD_SOURCE_03,,train
DFD_0000750,DeepFakeDetection (DFD),raw/DFD/DFD_manipulated_sequences/DFD_manipulated_sequences/03_06__podium_speech_happy__1IXGY2FK.mp4,1,839,1920,1080,h264,7.13,DeepFake,DeepFakeDetection,DFD_SOURCE_03,DFD_SOURCE_03,,DFD_SOURCE_03,,train
DFD_0000751,DeepFakeDetection (DFD),raw/DFD/DFD_manipulated_sequences/DFD_manipulated_sequences/03_06__podium_speech_happy__2XWC5JED.mp4,1,839,1920,1080,h264,7.14,DeepFake,DeepFakeDetection,DFD_SOURCE_03,DFD_SOURCE_03,,DFD_SOURCE_03,,train
DFD_0000752,DeepFakeDetection (DFD),raw/DFD/DFD_manipulated_sequences/DFD_manipulated_sequences/03_06__podium_speech_happy__83ABVHC3.mp4,1,839,1920,1080,h264,7.15,DeepFake,DeepFakeDetection,DFD_SOURCE_03,DFD_SOURCE_03,,DFD_SOURCE_03,,train
DFD_0000753,DeepFakeDetection (DFD),raw/DFD/DFD_manipulated_sequences/DFD_manipulated_sequences/03_06__podium_speech_happy__KIWCEATU.mp4,1,839,1920,1080,h264,7.15,DeepFake,DeepFakeDetection,DFD_SOURCE_03,DFD_SOURCE_03,,DFD_SOURCE_03,,train
DFD_0000754,DeepFakeDetection (DFD),raw/DFD/DFD_manipulated_sequences/DFD_manipulated_sequences/03_06__podium_speech_happy__ZFRX9RKW.mp4,1,839,1920,1080,h264,7.13,DeepFake,DeepFakeDetection,DFD_SOURCE_03,DFD_SOURCE_03,,DFD_SOURCE_03,,train
DFD_0000755,DeepFakeDetection (DFD),raw/DFD/DFD_manipulated_sequences/DFD_manipulated_sequences/03_06__secret_conversation__1IXGY2FK.mp4,1,784,1920,1080,h264,6.47,DeepFake,DeepFakeDetection,DFD_SOURCE_03,DFD_SOURCE_03,,DFD_SOURCE_03,,train
DFD_0000756,DeepFakeDetection (DFD),raw/DFD/DFD_manipulated_sequences/DFD_manipulated_sequences/03_06__talking_against_wall__1IXGY2FK.mp4,1,910,1920,1080,h264,4.95,DeepFake,DeepFakeDetection,DFD_SOURCE_03,DFD_SOURCE_03,,DFD_SOURCE_03,,train
DFD_0000757,DeepFakeDetection (DFD),raw/DFD/DFD_manipulated_sequences/DFD_manipulated_sequences/03_06__talking_against_wall__OPTNKNYK.mp4,1,910,1920,1080,h264,4.99,DeepFake,DeepFakeDetection,DFD_SOURCE_03,DFD_SOURCE_03,,DFD_SOURCE_03,,train
DFD_0000758,DeepFakeDetection (DFD),raw/DFD/DFD_manipulated_sequences/DFD_manipulated_sequences/03_06__walk_down_hall_angry__1IXGY2FK.mp4,1,438,1920,1080,h264,2.49,DeepFake,DeepFakeDetection,DFD_SOURCE_03,DFD_SOURCE_03,,DFD_SOURCE_03,,train
DFD_0000759,DeepFakeDetection (DFD),raw/DFD/DFD_manipulated_sequences/DFD_manipulated_sequences/03_06__walking_down_indoor_hall_disgust__1IXGY2FK.mp4,1,1143,1920,1080,h264,18.45,DeepFake,DeepFakeDetection,DFD_SOURCE_03,DFD_SOURCE_03,,DFD_SOURCE_03,,train
DFD_0000760,DeepFakeDetection (DFD),raw/DFD/DFD_manipulated_sequences/DFD_manipulated_sequences/03_06__walking_down_street_outside_angry__1IXGY2FK.mp4,1,943,1920,1080,h264,8.21,DeepFake,DeepFakeDetection,DFD_SOURCE_03,DFD_SOURCE_03,,DFD_SOURCE_03,,train
DFD_0000761,DeepFakeDetection (DFD),raw/DFD/DFD_manipulated_sequences/DFD_manipulated_sequences/03_07__exit_phone_room__6PHZRQ4H.mp4,1,543,1920,1080,h264,3.73,DeepFake,DeepFakeDetection,DFD_SOURCE_03,DFD_SOURCE_03,,DFD_SOURCE_03,,train
DFD_0000762,DeepFakeDetection (DFD),raw/DFD/DFD_manipulated_sequences/DFD_manipulated_sequences/03_07__exit_phone_room__WPT3Z2KN.mp4,1,530,1920,1080,h264,3.78,DeepFake,DeepFakeDetection,DFD_SOURCE_03,DFD_SOURCE_03,,DFD_SOURCE_03,,train
DFD_0000763,DeepFakeDetection (DFD),raw/DFD/DFD_manipulated_sequences/DFD_manipulated_sequences/03_07__hugging_happy__BKLOCI1M.mp4,1,815,1920,1080,h264,15.47,DeepFake,DeepFakeDetection,DFD_SOURCE_03,DFD_SOURCE_03,,DFD_SOURCE_03,,train
DFD_0000764,DeepFakeDetection (DFD),raw/DFD/DFD_manipulated_sequences/DFD_manipulated_sequences/03_07__hugging_happy__IFSURI9X.mp4,1,815,1920,1080,h264,15.43,DeepFake,DeepFakeDetection,DFD_SOURCE_03,DFD_SOURCE_03,,DFD_SOURCE_03,,train
DFD_0000765,DeepFakeDetection (DFD),raw/DFD/DFD_manipulated_sequences/DFD_manipulated_sequences/03_07__hugging_happy__WPT3Z2KN.mp4,1,815,1920,1080,h264,15.47,DeepFake,DeepFakeDetection,DFD_SOURCE_03,DFD_SOURCE_03,,DFD_SOURCE_03,,train
DFD_0000766,DeepFakeDetection (DFD),raw/DFD/DFD_manipulated_sequences/DFD_manipulated_sequences/03_07__kitchen_pan__WPT3Z2KN.mp4,1,533,1920,1080,h264,5.39,DeepFake,DeepFakeDetection,DFD_SOURCE_03,DFD_SOURCE_03,,DFD_SOURCE_03,,train
DFD_0000767,DeepFakeDetection (DFD),raw/DFD/DFD_manipulated_sequences/DFD_manipulated_sequences/03_07__kitchen_still__WPT3Z2KN.mp4,1,955,1920,1080,h264,8.71,DeepFake,DeepFakeDetection,DFD_SOURCE_03,DFD_SOURCE_03,,DFD_SOURCE_03,,train
DFD_0000768,DeepFakeDetection (DFD),raw/DFD/DFD_manipulated_sequences/DFD_manipulated_sequences/03_07__meeting_serious__W3MXGEU9.mp4,1,960,1920,1080,h264,5.56,DeepFake,DeepFakeDetection,DFD_SOURCE_03,DFD_SOURCE_03,,DFD_SOURCE_03,,train
DFD_0000769,DeepFakeDetection (DFD),raw/DFD/DFD_manipulated_sequences/DFD_manipulated_sequences/03_07__outside_talking_pan_laughing__6PHZRQ4H.mp4,1,713,1920,1080,h264,6.39,DeepFake,DeepFakeDetection,DFD_SOURCE_03,DFD_SOURCE_03,,DFD_SOURCE_03,,train
DFD_0000770,DeepFakeDetection (DFD),raw/DFD/DFD_manipulated_sequences/DFD_manipulated_sequences/03_07__outside_talking_pan_laughing__IFSURI9X.mp4,1,713,1920,1080,h264,6.45,DeepFake,DeepFakeDetection,DFD_SOURCE_03,DFD_SOURCE_03,,DFD_SOURCE_03,,train
DFD_0000771,DeepFakeDetection (DFD),raw/DFD/DFD_manipulated_sequences/DFD_manipulated_sequences/03_07__outside_talking_still_laughing__IFSURI9X.mp4,1,943,1920,1080,h264,6.37,DeepFake,DeepFakeDetection,DFD_SOURCE_03,DFD_SOURCE_03,,DFD_SOURCE_03,,train
DFD_0000772,DeepFakeDetection (DFD),raw/DFD/DFD_manipulated_sequences/DFD_manipulated_sequences/03_07__outside_talking_still_laughing__W3MXGEU9.mp4,1,944,1920,1080,h264,6.35,DeepFake,DeepFakeDetection,DFD_SOURCE_03,DFD_SOURCE_03,,DFD_SOURCE_03,,train
DFD_0000773,DeepFakeDetection (DFD),raw/DFD/DFD_manipulated_sequences/DFD_manipulated_sequences/03_07__podium_speech_happy__6PHZRQ4H.mp4,1,839,1920,1080,h264,7.13,DeepFake,DeepFakeDetection,DFD_SOURCE_03,DFD_SOURCE_03,,DFD_SOURCE_03,,train
DFD_0000774,DeepFakeDetection (DFD),raw/DFD/DFD_manipulated_sequences/DFD_manipulated_sequences/03_07__podium_speech_happy__IFSURI9X.mp4,1,839,1920,1080,h264,7.16,DeepFake,DeepFakeDetection,DFD_SOURCE_03,DFD_SOURCE_03,,DFD_SOURCE_03,,train
DFD_0000775,DeepFakeDetection (DFD),raw/DFD/DFD_manipulated_sequences/DFD_manipulated_sequences/03_07__secret_conversation__9NVYPOMN.mp4,1,777,1920,1080,h264,6.45,DeepFake,DeepFakeDetection,DFD_SOURCE_03,DFD_SOURCE_03,,DFD_SOURCE_03,,train
DFD_0000776,DeepFakeDetection (DFD),raw/DFD/DFD_manipulated_sequences/DFD_manipulated_sequences/03_07__secret_conversation__IFSURI9X.mp4,1,780,1920,1080,h264,6.45,DeepFake,DeepFakeDetection,DFD_SOURCE_03,DFD_SOURCE_03,,DFD_SOURCE_03,,train
DFD_0000777,DeepFakeDetection (DFD),raw/DFD/DFD_manipulated_sequences/DFD_manipulated_sequences/03_07__talking_against_wall__9NVYPOMN.mp4,1,910,1920,1080,h264,4.93,DeepFake,DeepFakeDetection,DFD_SOURCE_03,DFD_SOURCE_03,,DFD_SOURCE_03,,train
DFD_0000778,DeepFakeDetection (DFD),raw/DFD/DFD_manipulated_sequences/DFD_manipulated_sequences/03_07__talking_against_wall__BKLOCI1M.mp4,1,910,1920,1080,h264,4.89,DeepFake,DeepFakeDetection,DFD_SOURCE_03,DFD_SOURCE_03,,DFD_SOURCE_03,,train
DFD_0000779,DeepFakeDetection (DFD),raw/DFD/DFD_manipulated_sequences/DFD_manipulated_sequences/03_07__talking_against_wall__F0YYEA5W.mp4,1,910,1920,1080,h264,4.96,DeepFake,DeepFakeDetection,DFD_SOURCE_03,DFD_SOURCE_03,,DFD_SOURCE_03,,train
DFD_0000780,DeepFakeDetection (DFD),raw/DFD/DFD_manipulated_sequences/DFD_manipulated_sequences/03_07__talking_against_wall__IFSURI9X.mp4,1,910,1920,1080,h264,4.92,DeepFake,DeepFakeDetection,DFD_SOURCE_03,DFD_SOURCE_03,,DFD_SOURCE_03,,train
DFD_0000781,DeepFakeDetection (DFD),raw/DFD/DFD_manipulated_sequences/DFD_manipulated_sequences/03_07__talking_against_wall__PWXXULHR.mp4,1,910,1920,1080,h264,4.93,DeepFake,DeepFakeDetection,DFD_SOURCE_03,DFD_SOURCE_03,,DFD_SOURCE_03,,train
DFD_0000782,DeepFakeDetection (DFD),raw/DFD/DFD_manipulated_sequences/DFD_manipulated_sequences/03_07__talking_against_wall__WPT3Z2KN.mp4,1,910,1920,1080,h264,5.04,DeepFake,DeepFakeDetection,DFD_SOURCE_03,DFD_SOURCE_03,,DFD_SOURCE_03,,train
DFD_0000783,DeepFakeDetection (DFD),raw/DFD/DFD_manipulated_sequences/DFD_manipulated_sequences/03_07__talking_angry_couch__7NGMD8FT.mp4,1,1446,1920,1080,h264,18.82,DeepFake,DeepFakeDetection,DFD_SOURCE_03,DFD_SOURCE_03,,DFD_SOURCE_03,,train
DFD_0000784,DeepFakeDetection (DFD),raw/DFD/DFD_manipulated_sequences/DFD_manipulated_sequences/03_07__talking_angry_couch__WPT3Z2KN.mp4,1,1453,1920,1080,h264,18.76,DeepFake,DeepFakeDetection,DFD_SOURCE_03,DFD_SOURCE_03,,DFD_SOURCE_03,,train
DFD_0000785,DeepFakeDetection (DFD),raw/DFD/DFD_manipulated_sequences/DFD_manipulated_sequences/03_07__walk_down_hall_angry__6PHZRQ4H.mp4,1,446,1920,1080,h264,2.51,DeepFake,DeepFakeDetection,DFD_SOURCE_03,DFD_SOURCE_03,,DFD_SOURCE_03,,train
DFD_0000786,DeepFakeDetection (DFD),raw/DFD/DFD_manipulated_sequences/DFD_manipulated_sequences/03_07__walk_down_hall_angry__IFSURI9X.mp4,1,446,1920,1080,h264,2.51,DeepFake,DeepFakeDetection,DFD_SOURCE_03,DFD_SOURCE_03,,DFD_SOURCE_03,,train
DFD_0000787,DeepFakeDetection (DFD),raw/DFD/DFD_manipulated_sequences/DFD_manipulated_sequences/03_07__walking_and_outside_surprised__IFSURI9X.mp4,1,1065,1920,1080,h264,24.42,DeepFake,DeepFakeDetection,DFD_SOURCE_03,DFD_SOURCE_03,,DFD_SOURCE_03,,train
DFD_0000788,DeepFakeDetection (DFD),raw/DFD/DFD_manipulated_sequences/DFD_manipulated_sequences/03_07__walking_down_indoor_hall_disgust__CDSNLDQ8.mp4,1,1455,1920,1080,h264,23.96,DeepFake,DeepFakeDetection,DFD_SOURCE_03,DFD_SOURCE_03,,DFD_SOURCE_03,,train
DFD_0000789,DeepFakeDetection (DFD),raw/DFD/DFD_manipulated_sequences/DFD_manipulated_sequences/03_07__walking_down_indoor_hall_disgust__F0YYEA5W.mp4,1,1447,1920,1080,h264,23.86,DeepFake,DeepFakeDetection,DFD_SOURCE_03,DFD_SOURCE_03,,DFD_SOURCE_03,,train
DFD_0000790,DeepFakeDetection (DFD),raw/DFD/DFD_manipulated_sequences/DFD_manipulated_sequences/03_07__walking_down_indoor_hall_disgust__PWXXULHR.mp4,1,974,1920,1080,h264,17.49,DeepFake,DeepFakeDetection,DFD_SOURCE_03,DFD_SOURCE_03,,DFD_SOURCE_03,,train
DFD_0000791,DeepFakeDetection (DFD),raw/DFD/DFD_manipulated_sequences/DFD_manipulated_sequences/03_07__walking_down_indoor_hall_disgust__WPT3Z2KN.mp4,1,1453,1920,1080,h264,23.93,DeepFake,DeepFakeDetection,DFD_SOURCE_03,DFD_SOURCE_03,,DFD_SOURCE_03,,train
DFD_0000792,DeepFakeDetection (DFD),raw/DFD/DFD_manipulated_sequences/DFD_manipulated_sequences/03_07__walking_down_street_outside_angry__W3MXGEU9.mp4,1,964,1920,1080,h264,8.19,DeepFake,DeepFakeDetection,DFD_SOURCE_03,DFD_SOURCE_03,,DFD_SOURCE_03,,train
DFD_0000793,DeepFakeDetection (DFD),raw/DFD/DFD_manipulated_sequences/DFD_manipulated_sequences/03_07__walking_outside_cafe_disgusted__6PHZRQ4H.mp4,1,663,1920,1080,h264,4.55,DeepFake,DeepFakeDetection,DFD_SOURCE_03,DFD_SOURCE_03,,DFD_SOURCE_03,,train
DFD_0000794,DeepFakeDetection (DFD),raw/DFD/DFD_manipulated_sequences/DFD_manipulated_sequences/03_07__walking_outside_cafe_disgusted__CDSNLDQ8.mp4,1,650,1920,1080,h264,4.6,DeepFake,DeepFakeDetection,DFD_SOURCE_03,DFD_SOURCE_03,,DFD_SOURCE_03,,train
DFD_0000795,DeepFakeDetection (DFD),raw/DFD/DFD_manipulated_sequences/DFD_manipulated_sequences/03_07__walking_outside_cafe_disgusted__F0YYEA5W.mp4,1,710,1920,1080,h264,4.92,DeepFake,DeepFakeDetection,DFD_SOURCE_03,DFD_SOURCE_03,,DFD_SOURCE_03,,train
DFD_0000796,DeepFakeDetection (DFD),raw/DFD/DFD_manipulated_sequences/DFD_manipulated_sequences/03_07__walking_outside_cafe_disgusted__IFSURI9X.mp4,1,664,1920,1080,h264,4.57,DeepFake,DeepFakeDetection,DFD_SOURCE_03,DFD_SOURCE_03,,DFD_SOURCE_03,,train
DFD_0000797,DeepFakeDetection (DFD),raw/DFD/DFD_manipulated_sequences/DFD_manipulated_sequences/03_07__walking_outside_cafe_disgusted__PWXXULHR.mp4,1,711,1920,1080,h264,4.78,DeepFake,DeepFakeDetection,DFD_SOURCE_03,DFD_SOURCE_03,,DFD_SOURCE_03,,train
DFD_0000798,DeepFakeDetection (DFD),raw/DFD/DFD_manipulated_sequences/DFD_manipulated_sequences/03_07__walking_outside_cafe_disgusted__WPT3Z2KN.mp4,1,650,1920,1080,h264,4.62,DeepFake,DeepFakeDetection,DFD_SOURCE_03,DFD_SOURCE_03,,DFD_SOURCE_03,,train
DFD_0000799,DeepFakeDetection (DFD),raw/DFD/DFD_manipulated_sequences/DFD_manipulated_sequences/03_09__hugging_happy__RCETIXYL.mp4,1,812,1920,1080,h264,15.55,DeepFake,DeepFakeDetection,DFD_SOURCE_03,DFD_SOURCE_03,,DFD_SOURCE_03,,train
DFD_0000800,DeepFakeDetection (DFD),raw/DFD/DFD_manipulated_sequences/DFD_manipulated_sequences/03_09__kitchen_pan__8DTEGQ54.mp4,1,533,1920,1080,h264,5.43,DeepFake,DeepFakeDetection,DFD_SOURCE_03,DFD_SOURCE_03,,DFD_SOURCE_03,,train
DFD_0000801,DeepFakeDetection (DFD),raw/DFD/DFD_manipulated_sequences/DFD_manipulated_sequences/03_09__outside_talking_pan_laughing__8DTEGQ54.mp4,1,712,1920,1080,h264,6.44,DeepFake,DeepFakeDetection,DFD_SOURCE_03,DFD_SOURCE_03,,DFD_SOURCE_03,,train
DFD_0000802,DeepFakeDetection (DFD),raw/DFD/DFD_manipulated_sequences/DFD_manipulated_sequences/03_09__outside_talking_still_laughing__8DTEGQ54.mp4,1,938,1920,1080,h264,6.43,DeepFake,DeepFakeDetection,DFD_SOURCE_03,DFD_SOURCE_03,,DFD_SOURCE_03,,train
DFD_0000803,DeepFakeDetection (DFD),raw/DFD/DFD_manipulated_sequences/DFD_manipulated_sequences/03_09__outside_talking_still_laughing__RCETIXYL.mp4,1,940,1920,1080,h264,6.35,DeepFake,DeepFakeDetection,DFD_SOURCE_03,DFD_SOURCE_03,,DFD_SOURCE_03,,train
DFD_0000804,DeepFakeDetection (DFD),raw/DFD/DFD_manipulated_sequences/DFD_manipulated_sequences/03_09__secret_conversation__8DTEGQ54.mp4,1,19,1920,1080,h264,0.32,DeepFake,DeepFakeDetection,DFD_SOURCE_03,DFD_SOURCE_03,,DFD_SOURCE_03,,train
DFD_0000805,DeepFakeDetection (DFD),raw/DFD/DFD_manipulated_sequences/DFD_manipulated_sequences/03_09__secret_conversation__RCETIXYL.mp4,1,795,1920,1080,h264,6.61,DeepFake,DeepFakeDetection,DFD_SOURCE_03,DFD_SOURCE_03,,DFD_SOURCE_03,,train
DFD_0000806,DeepFakeDetection (DFD),raw/DFD/DFD_manipulated_sequences/DFD_manipulated_sequences/03_09__talking_against_wall__8DTEGQ54.mp4,1,910,1920,1080,h264,5.04,DeepFake,DeepFakeDetection,DFD_SOURCE_03,DFD_SOURCE_03,,DFD_SOURCE_03,,train
DFD_0000807,DeepFakeDetection (DFD),raw/DFD/DFD_manipulated_sequences/DFD_manipulated_sequences/03_09__talking_angry_couch__RCETIXYL.mp4,1,1453,1920,1080,h264,18.81,DeepFake,DeepFakeDetection,DFD_SOURCE_03,DFD_SOURCE_03,,DFD_SOURCE_03,,train
DFD_0000808,DeepFakeDetection (DFD),raw/DFD/DFD_manipulated_sequences/DFD_manipulated_sequences/03_09__walk_down_hall_angry__8DTEGQ54.mp4,1,438,1920,1080,h264,2.5,DeepFake,DeepFakeDetection,DFD_SOURCE_03,DFD_SOURCE_03,,DFD_SOURCE_03,,train
DFD_0000809,DeepFakeDetection (DFD),raw/DFD/DFD_manipulated_sequences/DFD_manipulated_sequences/03_11__exit_phone_room__P08VGHTA.mp4,1,532,1920,1080,h264,3.77,DeepFake,DeepFakeDetection,DFD_SOURCE_03,DFD_SOURCE_03,,DFD_SOURCE_03,,train
DFD_0000810,DeepFakeDetection (DFD),raw/DFD/DFD_manipulated_sequences/DFD_manipulated_sequences/03_11__kitchen_pan__P08VGHTA.mp4,1,534,1920,1080,h264,5.39,DeepFake,DeepFakeDetection,DFD_SOURCE_03,DFD_SOURCE_03,,DFD_SOURCE_03,,train
DFD_0000811,DeepFakeDetection (DFD),raw/DFD/DFD_manipulated_sequences/DFD_manipulated_sequences/03_11__kitchen_still__P08VGHTA.mp4,1,955,1920,1080,h264,8.83,DeepFake,DeepFakeDetection,DFD_SOURCE_03,DFD_SOURCE_03,,DFD_SOURCE_03,,train
DFD_0000812,DeepFakeDetection (DFD),raw/DFD/DFD_manipulated_sequences/DFD_manipulated_sequences/03_11__outside_talking_pan_laughing__P08VGHTA.mp4,1,713,1920,1080,h264,6.41,DeepFake,DeepFakeDetection,DFD_SOURCE_03,DFD_SOURCE_03,,DFD_SOURCE_03,,train
DFD_0000813,DeepFakeDetection (DFD),raw/DFD/DFD_manipulated_sequences/DFD_manipulated_sequences/03_11__outside_talking_still_laughing__P08VGHTA.mp4,1,943,1920,1080,h264,6.37,DeepFake,DeepFakeDetection,DFD_SOURCE_03,DFD_SOURCE_03,,DFD_SOURCE_03,,train
DFD_0000814,DeepFakeDetection (DFD),raw/DFD/DFD_manipulated_sequences/DFD_manipulated_sequences/03_11__podium_speech_happy__P08VGHTA.mp4,1,839,1920,1080,h264,7.16,DeepFake,DeepFakeDetection,DFD_SOURCE_03,DFD_SOURCE_03,,DFD_SOURCE_03,,train
DFD_0000815,DeepFakeDetection (DFD),raw/DFD/DFD_manipulated_sequences/DFD_manipulated_sequences/03_11__talking_against_wall__P08VGHTA.mp4,1,910,1920,1080,h264,5.04,DeepFake,DeepFakeDetection,DFD_SOURCE_03,DFD_SOURCE_03,,DFD_SOURCE_03,,train
DFD_0000816,DeepFakeDetection (DFD),raw/DFD/DFD_manipulated_sequences/DFD_manipulated_sequences/03_11__talking_against_wall__VLCLB0AU.mp4,1,910,1920,1080,h264,4.98,DeepFake,DeepFakeDetection,DFD_SOURCE_03,DFD_SOURCE_03,,DFD_SOURCE_03,,train
DFD_0000817,DeepFakeDetection (DFD),raw/DFD/DFD_manipulated_sequences/DFD_manipulated_sequences/03_11__walk_down_hall_angry__P08VGHTA.mp4,1,437,1920,1080,h264,2.52,DeepFake,DeepFakeDetection,DFD_SOURCE_03,DFD_SOURCE_03,,DFD_SOURCE_03,,train
DFD_0000818,DeepFakeDetection (DFD),raw/DFD/DFD_manipulated_sequences/DFD_manipulated_sequences/03_11__walking_and_outside_surprised__P08VGHTA.mp4,1,763,1920,1080,h264,17.04,DeepFake,DeepFakeDetection,DFD_SOURCE_03,DFD_SOURCE_03,,DFD_SOURCE_03,,train
DFD_0000819,DeepFakeDetection (DFD),raw/DFD/DFD_manipulated_sequences/DFD_manipulated_sequences/03_11__walking_down_indoor_hall_disgust__P08VGHTA.mp4,1,970,1920,1080,h264,17.46,DeepFake,DeepFakeDetection,DFD_SOURCE_03,DFD_SOURCE_03,,DFD_SOURCE_03,,train
DFD_0000820,DeepFakeDetection (DFD),raw/DFD/DFD_manipulated_sequences/DFD_manipulated_sequences/03_11__walking_outside_cafe_disgusted__P08VGHTA.mp4,1,650,1920,1080,h264,4.62,DeepFake,DeepFakeDetection,DFD_SOURCE_03,DFD_SOURCE_03,,DFD_SOURCE_03,,train
DFD_0000821,DeepFakeDetection (DFD),raw/DFD/DFD_manipulated_sequences/DFD_manipulated_sequences/03_11__walking_outside_cafe_disgusted__VLCLB0AU.mp4,1,663,1920,1080,h264,4.6,DeepFake,DeepFakeDetection,DFD_SOURCE_03,DFD_SOURCE_03,,DFD_SOURCE_03,,train
DFD_0000822,DeepFakeDetection (DFD),raw/DFD/DFD_manipulated_sequences/DFD_manipulated_sequences/03_12__exit_phone_room__D7G6YJON.mp4,1,529,1920,1080,h264,3.68,DeepFake,DeepFakeDetection,DFD_SOURCE_03,DFD_SOURCE_03,,DFD_SOURCE_03,,train
DFD_0000823,DeepFakeDetection (DFD),raw/DFD/DFD_manipulated_sequences/DFD_manipulated_sequences/03_12__kitchen_pan__D7G6YJON.mp4,1,532,1920,1080,h264,5.39,DeepFake,DeepFakeDetection,DFD_SOURCE_03,DFD_SOURCE_03,,DFD_SOURCE_03,,train
DFD_0000824,DeepFakeDetection (DFD),raw/DFD/DFD_manipulated_sequences/DFD_manipulated_sequences/03_12__outside_talking_still_laughing__D7G6YJON.mp4,1,935,1920,1080,h264,6.42,DeepFake,DeepFakeDetection,DFD_SOURCE_03,DFD_SOURCE_03,,DFD_SOURCE_03,,train
DFD_0000825,DeepFakeDetection (DFD),raw/DFD/DFD_manipulated_sequences/DFD_manipulated_sequences/03_12__walk_down_hall_angry__D7G6YJON.mp4,1,438,1920,1080,h264,2.48,DeepFake,DeepFakeDetection,DFD_SOURCE_03,DFD_SOURCE_03,,DFD_SOURCE_03,,train
DFD_0000826,DeepFakeDetection (DFD),raw/DFD/DFD_manipulated_sequences/DFD_manipulated_sequences/03_12__walking_outside_cafe_disgusted__D7G6YJON.mp4,1,650,1920,1080,h264,4.67,DeepFake,DeepFakeDetection,DFD_SOURCE_03,DFD_SOURCE_03,,DFD_SOURCE_03,,train
DFD_0000827,DeepFakeDetection (DFD),raw/DFD/DFD_manipulated_sequences/DFD_manipulated_sequences/03_13__exit_phone_room__GBYWJW06.mp4,1,532,1920,1080,h264,3.77,DeepFake,DeepFakeDetection,DFD_SOURCE_03,DFD_SOURCE_03,,DFD_SOURCE_03,,train
DFD_0000828,DeepFakeDetection (DFD),raw/DFD/DFD_manipulated_sequences/DFD_manipulated_sequences/03_13__hugging_happy__GBYWJW06.mp4,1,813,1920,1080,h264,15.45,DeepFake,DeepFakeDetection,DFD_SOURCE_03,DFD_SOURCE_03,,DFD_SOURCE_03,,train
DFD_0000829,DeepFakeDetection (DFD),raw/DFD/DFD_manipulated_sequences/DFD_manipulated_sequences/03_13__kitchen_pan__GBYWJW06.mp4,1,533,1920,1080,h264,5.38,DeepFake,DeepFakeDetection,DFD_SOURCE_03,DFD_SOURCE_03,,DFD_SOURCE_03,,train
DFD_0000830,DeepFakeDetection (DFD),raw/DFD/DFD_manipulated_sequences/DFD_manipulated_sequences/03_13__kitchen_still__T3MZOI8X.mp4,1,955,1920,1080,h264,8.74,DeepFake,DeepFakeDetection,DFD_SOURCE_03,DFD_SOURCE_03,,DFD_SOURCE_03,,train
DFD_0000831,DeepFakeDetection (DFD),raw/DFD/DFD_manipulated_sequences/DFD_manipulated_sequences/03_13__meeting_serious__GBYWJW06.mp4,1,958,1920,1080,h264,5.72,DeepFake,DeepFakeDetection,DFD_SOURCE_03,DFD_SOURCE_03,,DFD_SOURCE_03,,train
DFD_0000832,DeepFakeDetection (DFD),raw/DFD/DFD_manipulated_sequences/DFD_manipulated_sequences/03_13__meeting_serious__T3MZOI8X.mp4,1,960,1920,1080,h264,5.58,DeepFake,DeepFakeDetection,DFD_SOURCE_03,DFD_SOURCE_03,,DFD_SOURCE_03,,train
DFD_0000833,DeepFakeDetection (DFD),raw/DFD/DFD_manipulated_sequences/DFD_manipulated_sequences/03_13__outside_talking_still_laughing__GBYWJW06.mp4,1,940,1920,1080,h264,6.37,DeepFake,DeepFakeDetection,DFD_SOURCE_03,DFD_SOURCE_03,,DFD_SOURCE_03,,train
DFD_0000834,DeepFakeDetection (DFD),raw/DFD/DFD_manipulated_sequences/DFD_manipulated_sequences/03_13__secret_conversation__GBYWJW06.mp4,1,812,1920,1080,h264,6.71,DeepFake,DeepFakeDetection,DFD_SOURCE_03,DFD_SOURCE_03,,DFD_SOURCE_03,,train
DFD_0000835,DeepFakeDetection (DFD),raw/DFD/DFD_manipulated_sequences/DFD_manipulated_sequences/03_13__talking_against_wall__GBYWJW06.mp4,1,910,1920,1080,h264,4.96,DeepFake,DeepFakeDetection,DFD_SOURCE_03,DFD_SOURCE_03,,DFD_SOURCE_03,,train
DFD_0000836,DeepFakeDetection (DFD),raw/DFD/DFD_manipulated_sequences/DFD_manipulated_sequences/03_13__talking_angry_couch__GBYWJW06.mp4,1,1452,1920,1080,h264,18.95,DeepFake,DeepFakeDetection,DFD_SOURCE_03,DFD_SOURCE_03,,DFD_SOURCE_03,,train
DFD_0000837,DeepFakeDetection (DFD),raw/DFD/DFD_manipulated_sequences/DFD_manipulated_sequences/03_13__walking_down_indoor_hall_disgust__GBYWJW06.mp4,1,1454,1920,1080,h264,24.19,DeepFake,DeepFakeDetection,DFD_SOURCE_03,DFD_SOURCE_03,,DFD_SOURCE_03,,train
DFD_0000838,DeepFakeDetection (DFD),raw/DFD/DFD_manipulated_sequences/DFD_manipulated_sequences/03_13__walking_outside_cafe_disgusted__GBYWJW06.mp4,1,650,1920,1080,h264,4.63,DeepFake,DeepFakeDetection,DFD_SOURCE_03,DFD_SOURCE_03,,DFD_SOURCE_03,,train
DFD_0000839,DeepFakeDetection (DFD),raw/DFD/DFD_manipulated_sequences/DFD_manipulated_sequences/03_14__exit_phone_room__0O9TTCJT.mp4,1,557,1920,1080,h264,3.86,DeepFake,DeepFakeDetection,DFD_SOURCE_03,DFD_SOURCE_03,,DFD_SOURCE_03,,train
DFD_0000840,DeepFakeDetection (DFD),raw/DFD/DFD_manipulated_sequences/DFD_manipulated_sequences/03_14__exit_phone_room__H0VQHGS3.mp4,1,529,1920,1080,h264,3.74,DeepFake,DeepFakeDetection,DFD_SOURCE_03,DFD_SOURCE_03,,DFD_SOURCE_03,,train
DFD_0000841,DeepFakeDetection (DFD),raw/DFD/DFD_manipulated_sequences/DFD_manipulated_sequences/03_14__exit_phone_room__KJ221YN0.mp4,1,557,1920,1080,h264,3.85,DeepFake,DeepFakeDetection,DFD_SOURCE_03,DFD_SOURCE_03,,DFD_SOURCE_03,,train
DFD_0000842,DeepFakeDetection (DFD),raw/DFD/DFD_manipulated_sequences/DFD_manipulated_sequences/03_14__kitchen_pan__38OVCK3X.mp4,1,533,1920,1080,h264,5.36,DeepFake,DeepFakeDetection,DFD_SOURCE_03,DFD_SOURCE_03,,DFD_SOURCE_03,,train
DFD_0000843,DeepFakeDetection (DFD),raw/DFD/DFD_manipulated_sequences/DFD_manipulated_sequences/03_14__kitchen_pan__B1CG25H1.mp4,1,534,1920,1080,h264,5.36,DeepFake,DeepFakeDetection,DFD_SOURCE_03,DFD_SOURCE_03,,DFD_SOURCE_03,,train
DFD_0000844,DeepFakeDetection (DFD),raw/DFD/DFD_manipulated_sequences/DFD_manipulated_sequences/03_14__kitchen_pan__ZC2KYASW.mp4,1,534,1920,1080,h264,5.38,DeepFake,DeepFakeDetection,DFD_SOURCE_03,DFD_SOURCE_03,,DFD_SOURCE_03,,train
DFD_0000845,DeepFakeDetection (DFD),raw/DFD/DFD_manipulated_sequences/DFD_manipulated_sequences/03_14__kitchen_still__Q9NSXM88.mp4,1,955,1920,1080,h264,8.75,DeepFake,DeepFakeDetection,DFD_SOURCE_03,DFD_SOURCE_03,,DFD_SOURCE_03,,train
DFD_0000846,DeepFakeDetection (DFD),raw/DFD/DFD_manipulated_sequences/DFD_manipulated_sequences/03_14__meeting_serious__KJ221YN0.mp4,1,960,1920,1080,h264,5.58,DeepFake,DeepFakeDetection,DFD_SOURCE_03,DFD_SOURCE_03,,DFD_SOURCE_03,,train
DFD_0000847,DeepFakeDetection (DFD),raw/DFD/DFD_manipulated_sequences/DFD_manipulated_sequences/03_14__meeting_serious__L0GHYIFS.mp4,1,960,1920,1080,h264,5.6,DeepFake,DeepFakeDetection,DFD_SOURCE_03,DFD_SOURCE_03,,DFD_SOURCE_03,,train
DFD_0000848,DeepFakeDetection (DFD),raw/DFD/DFD_manipulated_sequences/DFD_manipulated_sequences/03_14__meeting_serious__PLCQJM81.mp4,1,960,1920,1080,h264,5.57,DeepFake,DeepFakeDetection,DFD_SOURCE_03,DFD_SOURCE_03,,DFD_SOURCE_03,,train
DFD_0000849,DeepFakeDetection (DFD),raw/DFD/DFD_manipulated_sequences/DFD_manipulated_sequences/03_14__outside_talking_pan_laughing__0O9TTCJT.mp4,1,713,1920,1080,h264,6.46,DeepFake,DeepFakeDetection,DFD_SOURCE_03,DFD_SOURCE_03,,DFD_SOURCE_03,,train
DFD_0000850,DeepFakeDetection (DFD),raw/DFD/DFD_manipulated_sequences/DFD_manipulated_sequences/03_14__outside_talking_still_laughing__KJ221YN0.mp4,1,943,1920,1080,h264,6.38,DeepFake,DeepFakeDetection,DFD_SOURCE_03,DFD_SOURCE_03,,DFD_SOURCE_03,,train
DFD_0000851,DeepFakeDetection (DFD),raw/DFD/DFD_manipulated_sequences/DFD_manipulated_sequences/03_14__podium_speech_happy__7JPPCV50.mp4,1,839,1920,1080,h264,7.18,DeepFake,DeepFakeDetection,DFD_SOURCE_03,DFD_SOURCE_03,,DFD_SOURCE_03,,train
DFD_0000852,DeepFakeDetection (DFD),raw/DFD/DFD_manipulated_sequences/DFD_manipulated_sequences/03_14__podium_speech_happy__Q9NSXM88.mp4,1,839,1920,1080,h264,7.13,DeepFake,DeepFakeDetection,DFD_SOURCE_03,DFD_SOURCE_03,,DFD_SOURCE_03,,train
DFD_0000853,DeepFakeDetection (DFD),raw/DFD/DFD_manipulated_sequences/DFD_manipulated_sequences/03_14__secret_conversation__0O9TTCJT.mp4,1,20,1920,1080,h264,0.33,DeepFake,DeepFakeDetection,DFD_SOURCE_03,DFD_SOURCE_03,,DFD_SOURCE_03,,train
DFD_0000854,DeepFakeDetection (DFD),raw/DFD/DFD_manipulated_sequences/DFD_manipulated_sequences/03_14__secret_conversation__KJ221YN0.mp4,1,817,1920,1080,h264,6.77,DeepFake,DeepFakeDetection,DFD_SOURCE_03,DFD_SOURCE_03,,DFD_SOURCE_03,,train
DFD_0000855,DeepFakeDetection (DFD),raw/DFD/DFD_manipulated_sequences/DFD_manipulated_sequences/03_14__talking_against_wall__ZC2KYASW.mp4,1,910,1920,1080,h264,4.92,DeepFake,DeepFakeDetection,DFD_SOURCE_03,DFD_SOURCE_03,,DFD_SOURCE_03,,train
DFD_0000856,DeepFakeDetection (DFD),raw/DFD/DFD_manipulated_sequences/DFD_manipulated_sequences/03_14__walk_down_hall_angry__P1L5PF4I.mp4,1,456,1920,1080,h264,2.57,DeepFake,DeepFakeDetection,DFD_SOURCE_03,DFD_SOURCE_03,,DFD_SOURCE_03,,train
DFD_0000857,DeepFakeDetection (DFD),raw/DFD/DFD_manipulated_sequences/DFD_manipulated_sequences/03_14__walk_down_hall_angry__PLCQJM81.mp4,1,446,1920,1080,h264,2.51,DeepFake,DeepFakeDetection,DFD_SOURCE_03,DFD_SOURCE_03,,DFD_SOURCE_03,,train
DFD_0000858,DeepFakeDetection (DFD),raw/DFD/DFD_manipulated_sequences/DFD_manipulated_sequences/03_14__walking_and_outside_surprised__H0VQHGS3.mp4,1,1103,1920,1080,h264,25.04,DeepFake,DeepFakeDetection,DFD_SOURCE_03,DFD_SOURCE_03,,DFD_SOURCE_03,,train
DFD_0000859,DeepFakeDetection (DFD),raw/DFD/DFD_manipulated_sequences/DFD_manipulated_sequences/03_14__walking_and_outside_surprised__P1L5PF4I.mp4,1,1080,1920,1080,h264,24.62,DeepFake,DeepFakeDetection,DFD_SOURCE_03,DFD_SOURCE_03,,DFD_SOURCE_03,,train
DFD_0000860,DeepFakeDetection (DFD),raw/DFD/DFD_manipulated_sequences/DFD_manipulated_sequences/03_14__walking_down_indoor_hall_disgust__KJ221YN0.mp4,1,1455,1920,1080,h264,23.93,DeepFake,DeepFakeDetection,DFD_SOURCE_03,DFD_SOURCE_03,,DFD_SOURCE_03,,train
DFD_0000861,DeepFakeDetection (DFD),raw/DFD/DFD_manipulated_sequences/DFD_manipulated_sequences/03_14__walking_down_street_outside_angry__H0VQHGS3.mp4,1,943,1920,1080,h264,8.22,DeepFake,DeepFakeDetection,DFD_SOURCE_03,DFD_SOURCE_03,,DFD_SOURCE_03,,train
DFD_0000862,DeepFakeDetection (DFD),raw/DFD/DFD_manipulated_sequences/DFD_manipulated_sequences/03_14__walking_down_street_outside_angry__Q9NSXM88.mp4,1,1000,1920,1080,h264,8.41,DeepFake,DeepFakeDetection,DFD_SOURCE_03,DFD_SOURCE_03,,DFD_SOURCE_03,,train
DFD_0000863,DeepFakeDetection (DFD),raw/DFD/DFD_manipulated_sequences/DFD_manipulated_sequences/03_14__walking_outside_cafe_disgusted__PLCQJM81.mp4,1,663,1920,1080,h264,4.55,DeepFake,DeepFakeDetection,DFD_SOURCE_03,DFD_SOURCE_03,,DFD_SOURCE_03,,train
DFD_0000864,DeepFakeDetection (DFD),raw/DFD/DFD_manipulated_sequences/DFD_manipulated_sequences/03_14__walking_outside_cafe_disgusted__ZC2KYASW.mp4,1,650,1920,1080,h264,4.6,DeepFake,DeepFakeDetection,DFD_SOURCE_03,DFD_SOURCE_03,,DFD_SOURCE_03,,train
DFD_0000865,DeepFakeDetection (DFD),raw/DFD/DFD_manipulated_sequences/DFD_manipulated_sequences/03_15__exit_phone_room__5C1OMK8W.mp4,1,555,1920,1080,h264,3.96,DeepFake,DeepFakeDetection,DFD_SOURCE_03,DFD_SOURCE_03,,DFD_SOURCE_03,,train
DFD_0000866,DeepFakeDetection (DFD),raw/DFD/DFD_manipulated_sequences/DFD_manipulated_sequences/03_15__exit_phone_room__GZNLO4X9.mp4,1,531,1920,1080,h264,3.65,DeepFake,DeepFakeDetection,DFD_SOURCE_03,DFD_SOURCE_03,,DFD_SOURCE_03,,train
DFD_0000867,DeepFakeDetection (DFD),raw/DFD/DFD_manipulated_sequences/DFD_manipulated_sequences/03_15__exit_phone_room__OY4I7ZU8.mp4,1,543,1920,1080,h264,3.73,DeepFake,DeepFakeDetection,DFD_SOURCE_03,DFD_SOURCE_03,,DFD_SOURCE_03,,train
DFD_0000868,DeepFakeDetection (DFD),raw/DFD/DFD_manipulated_sequences/DFD_manipulated_sequences/03_15__kitchen_pan__5C1OMK8W.mp4,1,533,1920,1080,h264,5.39,DeepFake,DeepFakeDetection,DFD_SOURCE_03,DFD_SOURCE_03,,DFD_SOURCE_03,,train
DFD_0000869,DeepFakeDetection (DFD),raw/DFD/DFD_manipulated_sequences/DFD_manipulated_sequences/03_15__kitchen_pan__AIOM1U5V.mp4,1,534,1920,1080,h264,5.4,DeepFake,DeepFakeDetection,DFD_SOURCE_03,DFD_SOURCE_03,,DFD_SOURCE_03,,train
DFD_0000870,DeepFakeDetection (DFD),raw/DFD/DFD_manipulated_sequences/DFD_manipulated_sequences/03_15__kitchen_pan__DNUJD8M2.mp4,1,533,1920,1080,h264,5.36,DeepFake,DeepFakeDetection,DFD_SOURCE_03,DFD_SOURCE_03,,DFD_SOURCE_03,,train
DFD_0000871,DeepFakeDetection (DFD),raw/DFD/DFD_manipulated_sequences/DFD_manipulated_sequences/03_15__kitchen_still__AIOM1U5V.mp4,1,955,1920,1080,h264,8.77,DeepFake,DeepFakeDetection,DFD_SOURCE_03,DFD_SOURCE_03,,DFD_SOURCE_03,,train
DFD_0000872,DeepFakeDetection (DFD),raw/DFD/DFD_manipulated_sequences/DFD_manipulated_sequences/03_15__kitchen_still__OY4I7ZU8.mp4,1,955,1920,1080,h264,8.78,DeepFake,DeepFakeDetection,DFD_SOURCE_03,DFD_SOURCE_03,,DFD_SOURCE_03,,train
DFD_0000873,DeepFakeDetection (DFD),raw/DFD/DFD_manipulated_sequences/DFD_manipulated_sequences/03_15__meeting_serious__DNUJD8M2.mp4,1,960,1920,1080,h264,5.58,DeepFake,DeepFakeDetection,DFD_SOURCE_03,DFD_SOURCE_03,,DFD_SOURCE_03,,train
DFD_0000874,DeepFakeDetection (DFD),raw/DFD/DFD_manipulated_sequences/DFD_manipulated_sequences/03_15__meeting_serious__OY4I7ZU8.mp4,1,960,1920,1080,h264,5.59,DeepFake,DeepFakeDetection,DFD_SOURCE_03,DFD_SOURCE_03,,DFD_SOURCE_03,,train
DFD_0000875,DeepFakeDetection (DFD),raw/DFD/DFD_manipulated_sequences/DFD_manipulated_sequences/03_15__meeting_serious__Q14RO7M7.mp4,1,960,1920,1080,h264,5.62,DeepFake,DeepFakeDetection,DFD_SOURCE_03,DFD_SOURCE_03,,DFD_SOURCE_03,,train
DFD_0000876,DeepFakeDetection (DFD),raw/DFD/DFD_manipulated_sequences/DFD_manipulated_sequences/03_15__outside_talking_pan_laughing__AIOM1U5V.mp4,1,713,1920,1080,h264,6.42,DeepFake,DeepFakeDetection,DFD_SOURCE_03,DFD_SOURCE_03,,DFD_SOURCE_03,,train
DFD_0000877,DeepFakeDetection (DFD),raw/DFD/DFD_manipulated_sequences/DFD_manipulated_sequences/03_15__outside_talking_pan_laughing__GZNLO4X9.mp4,1,713,1920,1080,h264,6.41,DeepFake,DeepFakeDetection,DFD_SOURCE_03,DFD_SOURCE_03,,DFD_SOURCE_03,,train
DFD_0000878,DeepFakeDetection (DFD),raw/DFD/DFD_manipulated_sequences/DFD_manipulated_sequences/03_15__outside_talking_pan_laughing__Y11NT1YX.mp4,1,713,1920,1080,h264,6.44,DeepFake,DeepFakeDetection,DFD_SOURCE_03,DFD_SOURCE_03,,DFD_SOURCE_03,,train
DFD_0000879,DeepFakeDetection (DFD),raw/DFD/DFD_manipulated_sequences/DFD_manipulated_sequences/03_15__outside_talking_still_laughing__DNUJD8M2.mp4,1,943,1920,1080,h264,6.41,DeepFake,DeepFakeDetection,DFD_SOURCE_03,DFD_SOURCE_03,,DFD_SOURCE_03,,train
DFD_0000880,DeepFakeDetection (DFD),raw/DFD/DFD_manipulated_sequences/DFD_manipulated_sequences/03_15__podium_speech_happy__DG8ITQO3.mp4,1,839,1920,1080,h264,7.16,DeepFake,DeepFakeDetection,DFD_SOURCE_03,DFD_SOURCE_03,,DFD_SOURCE_03,,train
DFD_0000881,DeepFakeDetection (DFD),raw/DFD/DFD_manipulated_sequences/DFD_manipulated_sequences/03_15__podium_speech_happy__OY4I7ZU8.mp4,1,839,1920,1080,h264,7.16,DeepFake,DeepFakeDetection,DFD_SOURCE_03,DFD_SOURCE_03,,DFD_SOURCE_03,,train
DFD_0000882,DeepFakeDetection (DFD),raw/DFD/DFD_manipulated_sequences/DFD_manipulated_sequences/03_15__secret_conversation__DG8ITQO3.mp4,1,19,1920,1080,h264,0.32,DeepFake,DeepFakeDetection,DFD_SOURCE_03,DFD_SOURCE_03,,DFD_SOURCE_03,,train
DFD_0000883,DeepFakeDetection (DFD),raw/DFD/DFD_manipulated_sequences/DFD_manipulated_sequences/03_15__talking_angry_couch__5C1OMK8W.mp4,1,1452,1920,1080,h264,18.92,DeepFake,DeepFakeDetection,DFD_SOURCE_03,DFD_SOURCE_03,,DFD_SOURCE_03,,train
DFD_0000884,DeepFakeDetection (DFD),raw/DFD/DFD_manipulated_sequences/DFD_manipulated_sequences/03_15__walk_down_hall_angry__5C1OMK8W.mp4,1,456,1920,1080,h264,2.58,DeepFake,DeepFakeDetection,DFD_SOURCE_03,DFD_SOURCE_03,,DFD_SOURCE_03,,train
DFD_0000885,DeepFakeDetection (DFD),raw/DFD/DFD_manipulated_sequences/DFD_manipulated_sequences/03_15__walk_down_hall_angry__T5SHH2UL.mp4,1,433,1920,1080,h264,2.51,DeepFake,DeepFakeDetection,DFD_SOURCE_03,DFD_SOURCE_03,,DFD_SOURCE_03,,train
DFD_0000886,DeepFakeDetection (DFD),raw/DFD/DFD_manipulated_sequences/DFD_manipulated_sequences/03_15__walking_and_outside_surprised__OY4I7ZU8.mp4,1,764,1920,1080,h264,16.98,DeepFake,DeepFakeDetection,DFD_SOURCE_03,DFD_SOURCE_03,,DFD_SOURCE_03,,train
DFD_0000887,DeepFakeDetection (DFD),raw/DFD/DFD_manipulated_sequences/DFD_manipulated_sequences/03_15__walking_down_indoor_hall_disgust__OY4I7ZU8.mp4,1,972,1920,1080,h264,17.39,DeepFake,DeepFakeDetection,DFD_SOURCE_03,DFD_SOURCE_03,,DFD_SOURCE_03,,train
DFD_0000888,DeepFakeDetection (DFD),raw/DFD/DFD_manipulated_sequences/DFD_manipulated_sequences/03_15__walking_outside_cafe_disgusted__Y11NT1YX.mp4,1,650,1920,1080,h264,4.6,DeepFake,DeepFakeDetection,DFD_SOURCE_03,DFD_SOURCE_03,,DFD_SOURCE_03,,train
DFD_0000889,DeepFakeDetection (DFD),raw/DFD/DFD_manipulated_sequences/DFD_manipulated_sequences/03_18__exit_phone_room__22UBC0BS.mp4,1,557,1920,1080,h264,3.84,DeepFake,DeepFakeDetection,DFD_SOURCE_03,DFD_SOURCE_03,,DFD_SOURCE_03,,train
DFD_0000890,DeepFakeDetection (DFD),raw/DFD/DFD_manipulated_sequences/DFD_manipulated_sequences/03_18__exit_phone_room__32DBR8L4.mp4,1,531,1920,1080,h264,3.78,DeepFake,DeepFakeDetection,DFD_SOURCE_03,DFD_SOURCE_03,,DFD_SOURCE_03,,train
DFD_0000891,DeepFakeDetection (DFD),raw/DFD/DFD_manipulated_sequences/DFD_manipulated_sequences/03_18__exit_phone_room__N72YE748.mp4,1,531,1920,1080,h264,3.77,DeepFake,DeepFakeDetection,DFD_SOURCE_03,DFD_SOURCE_03,,DFD_SOURCE_03,,train
DFD_0000892,DeepFakeDetection (DFD),raw/DFD/DFD_manipulated_sequences/DFD_manipulated_sequences/03_18__kitchen_pan__22UBC0BS.mp4,1,533,1920,1080,h264,5.35,DeepFake,DeepFakeDetection,DFD_SOURCE_03,DFD_SOURCE_03,,DFD_SOURCE_03,,train
DFD_0000893,DeepFakeDetection (DFD),raw/DFD/DFD_manipulated_sequences/DFD_manipulated_sequences/03_18__kitchen_still__22UBC0BS.mp4,1,955,1920,1080,h264,8.7,DeepFake,DeepFakeDetection,DFD_SOURCE_03,DFD_SOURCE_03,,DFD_SOURCE_03,,train
DFD_0000894,DeepFakeDetection (DFD),raw/DFD/DFD_manipulated_sequences/DFD_manipulated_sequences/03_18__meeting_serious__N72YE748.mp4,1,960,1920,1080,h264,5.57,DeepFake,DeepFakeDetection,DFD_SOURCE_03,DFD_SOURCE_03,,DFD_SOURCE_03,,train
DFD_0000895,DeepFakeDetection (DFD),raw/DFD/DFD_manipulated_sequences/DFD_manipulated_sequences/03_18__outside_talking_pan_laughing__22UBC0BS.mp4,1,712,1920,1080,h264,6.38,DeepFake,DeepFakeDetection,DFD_SOURCE_03,DFD_SOURCE_03,,DFD_SOURCE_03,,train
DFD_0000896,DeepFakeDetection (DFD),raw/DFD/DFD_manipulated_sequences/DFD_manipulated_sequences/03_18__outside_talking_pan_laughing__32DBR8L4.mp4,1,713,1920,1080,h264,6.4,DeepFake,DeepFakeDetection,DFD_SOURCE_03,DFD_SOURCE_03,,DFD_SOURCE_03,,train
DFD_0000897,DeepFakeDetection (DFD),raw/DFD/DFD_manipulated_sequences/DFD_manipulated_sequences/03_18__outside_talking_still_laughing__N72YE748.mp4,1,937,1920,1080,h264,6.34,DeepFake,DeepFakeDetection,DFD_SOURCE_03,DFD_SOURCE_03,,DFD_SOURCE_03,,train
DFD_0000898,DeepFakeDetection (DFD),raw/DFD/DFD_manipulated_sequences/DFD_manipulated_sequences/03_18__podium_speech_happy__22UBC0BS.mp4,1,839,1920,1080,h264,7.12,DeepFake,DeepFakeDetection,DFD_SOURCE_03,DFD_SOURCE_03,,DFD_SOURCE_03,,train
DFD_0000899,DeepFakeDetection (DFD),raw/DFD/DFD_manipulated_sequences/DFD_manipulated_sequences/03_18__secret_conversation__32DBR8L4.mp4,1,20,1920,1080,h264,0.33,DeepFake,DeepFakeDetection,DFD_SOURCE_03,DFD_SOURCE_03,,DFD_SOURCE_03,,train
DFD_0000900,DeepFakeDetection (DFD),raw/DFD/DFD_manipulated_sequences/DFD_manipulated_sequences/03_18__secret_conversation__N72YE748.mp4,1,20,1920,1080,h264,0.33,DeepFake,DeepFakeDetection,DFD_SOURCE_03,DFD_SOURCE_03,,DFD_SOURCE_03,,train
DFD_0000901,DeepFakeDetection (DFD),raw/DFD/DFD_manipulated_sequences/DFD_manipulated_sequences/03_18__talking_angry_couch__22UBC0BS.mp4,1,1451,1920,1080,h264,18.67,DeepFake,DeepFakeDetection,DFD_SOURCE_03,DFD_SOURCE_03,,DFD_SOURCE_03,,train
DFD_0000902,DeepFakeDetection (DFD),raw/DFD/DFD_manipulated_sequences/DFD_manipulated_sequences/03_18__walk_down_hall_angry__22UBC0BS.mp4,1,456,1920,1080,h264,2.58,DeepFake,DeepFakeDetection,DFD_SOURCE_03,DFD_SOURCE_03,,DFD_SOURCE_03,,train
DFD_0000903,DeepFakeDetection (DFD),raw/DFD/DFD_manipulated_sequences/DFD_manipulated_sequences/03_18__walking_and_outside_surprised__22UBC0BS.mp4,1,1073,1920,1080,h264,24.46,DeepFake,DeepFakeDetection,DFD_SOURCE_03,DFD_SOURCE_03,,DFD_SOURCE_03,,train
DFD_0000904,DeepFakeDetection (DFD),raw/DFD/DFD_manipulated_sequences/DFD_manipulated_sequences/03_18__walking_and_outside_surprised__8HNSXOBW.mp4,1,764,1920,1080,h264,16.97,DeepFake,DeepFakeDetection,DFD_SOURCE_03,DFD_SOURCE_03,,DFD_SOURCE_03,,train
DFD_0000905,DeepFakeDetection (DFD),raw/DFD/DFD_manipulated_sequences/DFD_manipulated_sequences/03_18__walking_down_indoor_hall_disgust__UEC1BI8E.mp4,1,1452,1920,1080,h264,23.87,DeepFake,DeepFakeDetection,DFD_SOURCE_03,DFD_SOURCE_03,,DFD_SOURCE_03,,train
DFD_0000906,DeepFakeDetection (DFD),raw/DFD/DFD_manipulated_sequences/DFD_manipulated_sequences/03_18__walking_down_street_outside_angry__22UBC0BS.mp4,1,1000,1920,1080,h264,8.37,DeepFake,DeepFakeDetection,DFD_SOURCE_03,DFD_SOURCE_03,,DFD_SOURCE_03,,train
DFD_0000907,DeepFakeDetection (DFD),raw/DFD/DFD_manipulated_sequences/DFD_manipulated_sequences/03_18__walking_outside_cafe_disgusted__22UBC0BS.mp4,1,710,1920,1080,h264,4.92,DeepFake,DeepFakeDetection,DFD_SOURCE_03,DFD_SOURCE_03,,DFD_SOURCE_03,,train
DFD_0000908,DeepFakeDetection (DFD),raw/DFD/DFD_manipulated_sequences/DFD_manipulated_sequences/03_18__walking_outside_cafe_disgusted__UEC1BI8E.mp4,1,663,1920,1080,h264,4.54,DeepFake,DeepFakeDetection,DFD_SOURCE_03,DFD_SOURCE_03,,DFD_SOURCE_03,,train
DFD_0000909,DeepFakeDetection (DFD),raw/DFD/DFD_manipulated_sequences/DFD_manipulated_sequences/03_20__kitchen_still__Z6V05FXO.mp4,1,955,1920,1080,h264,8.74,DeepFake,DeepFakeDetection,DFD_SOURCE_03,DFD_SOURCE_03,,DFD_SOURCE_03,,train
DFD_0000910,DeepFakeDetection (DFD),raw/DFD/DFD_manipulated_sequences/DFD_manipulated_sequences/03_20__meeting_serious__61SVZ2J7.mp4,1,960,1920,1080,h264,5.63,DeepFake,DeepFakeDetection,DFD_SOURCE_03,DFD_SOURCE_03,,DFD_SOURCE_03,,train
DFD_0000911,DeepFakeDetection (DFD),raw/DFD/DFD_manipulated_sequences/DFD_manipulated_sequences/03_20__outside_talking_pan_laughing__61SVZ2J7.mp4,1,713,1920,1080,h264,6.45,DeepFake,DeepFakeDetection,DFD_SOURCE_03,DFD_SOURCE_03,,DFD_SOURCE_03,,train
DFD_0000912,DeepFakeDetection (DFD),raw/DFD/DFD_manipulated_sequences/DFD_manipulated_sequences/03_20__secret_conversation__61SVZ2J7.mp4,1,771,1920,1080,h264,6.45,DeepFake,DeepFakeDetection,DFD_SOURCE_03,DFD_SOURCE_03,,DFD_SOURCE_03,,train
DFD_0000913,DeepFakeDetection (DFD),raw/DFD/DFD_manipulated_sequences/DFD_manipulated_sequences/03_20__talking_against_wall__9NFWR304.mp4,1,910,1920,1080,h264,5.03,DeepFake,DeepFakeDetection,DFD_SOURCE_03,DFD_SOURCE_03,,DFD_SOURCE_03,,train
DFD_0000914,DeepFakeDetection (DFD),raw/DFD/DFD_manipulated_sequences/DFD_manipulated_sequences/03_20__talking_angry_couch__61SVZ2J7.mp4,1,1452,1920,1080,h264,19.04,DeepFake,DeepFakeDetection,DFD_SOURCE_03,DFD_SOURCE_03,,DFD_SOURCE_03,,train
DFD_0000915,DeepFakeDetection (DFD),raw/DFD/DFD_manipulated_sequences/DFD_manipulated_sequences/03_20__talking_angry_couch__9NFWR304.mp4,1,1452,1920,1080,h264,18.96,DeepFake,DeepFakeDetection,DFD_SOURCE_03,DFD_SOURCE_03,,DFD_SOURCE_03,,train
DFD_0000916,DeepFakeDetection (DFD),raw/DFD/DFD_manipulated_sequences/DFD_manipulated_sequences/03_20__walk_down_hall_angry__61SVZ2J7.mp4,1,456,1920,1080,h264,2.58,DeepFake,DeepFakeDetection,DFD_SOURCE_03,DFD_SOURCE_03,,DFD_SOURCE_03,,train
DFD_0000917,DeepFakeDetection (DFD),raw/DFD/DFD_manipulated_sequences/DFD_manipulated_sequences/03_21__exit_phone_room__V53E3RVB.mp4,1,543,1920,1080,h264,3.87,DeepFake,DeepFakeDetection,DFD_SOURCE_03,DFD_SOURCE_03,,DFD_SOURCE_03,,train
DFD_0000918,DeepFakeDetection (DFD),raw/DFD/DFD_manipulated_sequences/DFD_manipulated_sequences/03_21__exit_phone_room__YCSEBZO4.mp4,1,543,1920,1080,h264,3.73,DeepFake,DeepFakeDetection,DFD_SOURCE_03,DFD_SOURCE_03,,DFD_SOURCE_03,,train
DFD_0000919,DeepFakeDetection (DFD),raw/DFD/DFD_manipulated_sequences/DFD_manipulated_sequences/03_21__hugging_happy__TEV3HIHZ.mp4,1,815,1920,1080,h264,15.53,DeepFake,DeepFakeDetection,DFD_SOURCE_03,DFD_SOURCE_03,,DFD_SOURCE_03,,train
DFD_0000920,DeepFakeDetection (DFD),raw/DFD/DFD_manipulated_sequences/DFD_manipulated_sequences/03_21__kitchen_pan__YCSEBZO4.mp4,1,533,1920,1080,h264,5.42,DeepFake,DeepFakeDetection,DFD_SOURCE_03,DFD_SOURCE_03,,DFD_SOURCE_03,,train
DFD_0000921,DeepFakeDetection (DFD),raw/DFD/DFD_manipulated_sequences/DFD_manipulated_sequences/03_21__kitchen_still__V53E3RVB.mp4,1,955,1920,1080,h264,8.79,DeepFake,DeepFakeDetection,DFD_SOURCE_03,DFD_SOURCE_03,,DFD_SOURCE_03,,train
DFD_0000922,DeepFakeDetection (DFD),raw/DFD/DFD_manipulated_sequences/DFD_manipulated_sequences/03_21__kitchen_still__YCSEBZO4.mp4,1,955,1920,1080,h264,8.82,DeepFake,DeepFakeDetection,DFD_SOURCE_03,DFD_SOURCE_03,,DFD_SOURCE_03,,train
DFD_0000923,DeepFakeDetection (DFD),raw/DFD/DFD_manipulated_sequences/DFD_manipulated_sequences/03_21__meeting_serious__V53E3RVB.mp4,1,960,1920,1080,h264,5.61,DeepFake,DeepFakeDetection,DFD_SOURCE_03,DFD_SOURCE_03,,DFD_SOURCE_03,,train
DFD_0000924,DeepFakeDetection (DFD),raw/DFD/DFD_manipulated_sequences/DFD_manipulated_sequences/03_21__outside_talking_pan_laughing__YCSEBZO4.mp4,1,712,1920,1080,h264,6.53,DeepFake,DeepFakeDetection,DFD_SOURCE_03,DFD_SOURCE_03,,DFD_SOURCE_03,,train
DFD_0000925,DeepFakeDetection (DFD),raw/DFD/DFD_manipulated_sequences/DFD_manipulated_sequences/03_21__outside_talking_still_laughing__V53E3RVB.mp4,1,941,1920,1080,h264,6.42,DeepFake,DeepFakeDetection,DFD_SOURCE_03,DFD_SOURCE_03,,DFD_SOURCE_03,,train
DFD_0000926,DeepFakeDetection (DFD),raw/DFD/DFD_manipulated_sequences/DFD_manipulated_sequences/03_21__outside_talking_still_laughing__YCSEBZO4.mp4,1,943,1920,1080,h264,6.42,DeepFake,DeepFakeDetection,DFD_SOURCE_03,DFD_SOURCE_03,,DFD_SOURCE_03,,train
DFD_0000927,DeepFakeDetection (DFD),raw/DFD/DFD_manipulated_sequences/DFD_manipulated_sequences/03_21__secret_conversation__YCSEBZO4.mp4,1,796,1920,1080,h264,6.65,DeepFake,DeepFakeDetection,DFD_SOURCE_03,DFD_SOURCE_03,,DFD_SOURCE_03,,train
DFD_0000928,DeepFakeDetection (DFD),raw/DFD/DFD_manipulated_sequences/DFD_manipulated_sequences/03_21__talking_against_wall__YCSEBZO4.mp4,1,910,1920,1080,h264,5.09,DeepFake,DeepFakeDetection,DFD_SOURCE_03,DFD_SOURCE_03,,DFD_SOURCE_03,,train
DFD_0000929,DeepFakeDetection (DFD),raw/DFD/DFD_manipulated_sequences/DFD_manipulated_sequences/03_21__walking_down_street_outside_angry__YCSEBZO4.mp4,1,964,1920,1080,h264,8.25,DeepFake,DeepFakeDetection,DFD_SOURCE_03,DFD_SOURCE_03,,DFD_SOURCE_03,,train
DFD_0000930,DeepFakeDetection (DFD),raw/DFD/DFD_manipulated_sequences/DFD_manipulated_sequences/03_26__kitchen_pan__WBSXBL82.mp4,1,531,1920,1080,h264,5.36,DeepFake,DeepFakeDetection,DFD_SOURCE_03,DFD_SOURCE_03,,DFD_SOURCE_03,,train
DFD_0000931,DeepFakeDetection (DFD),raw/DFD/DFD_manipulated_sequences/DFD_manipulated_sequences/03_26__kitchen_still__WBSXBL82.mp4,1,955,1920,1080,h264,8.73,DeepFake,DeepFakeDetection,DFD_SOURCE_03,DFD_SOURCE_03,,DFD_SOURCE_03,,train
DFD_0000932,DeepFakeDetection (DFD),raw/DFD/DFD_manipulated_sequences/DFD_manipulated_sequences/03_26__meeting_serious__WBSXBL82.mp4,1,957,1920,1080,h264,5.67,DeepFake,DeepFakeDetection,DFD_SOURCE_03,DFD_SOURCE_03,,DFD_SOURCE_03,,train
DFD_0000933,DeepFakeDetection (DFD),raw/DFD/DFD_manipulated_sequences/DFD_manipulated_sequences/03_26__outside_talking_pan_laughing__WBSXBL82.mp4,1,713,1920,1080,h264,6.45,DeepFake,DeepFakeDetection,DFD_SOURCE_03,DFD_SOURCE_03,,DFD_SOURCE_03,,train
DFD_0000934,DeepFakeDetection (DFD),raw/DFD/DFD_manipulated_sequences/DFD_manipulated_sequences/03_26__podium_speech_happy__WBSXBL82.mp4,1,839,1920,1080,h264,7.22,DeepFake,DeepFakeDetection,DFD_SOURCE_03,DFD_SOURCE_03,,DFD_SOURCE_03,,train
DFD_0000935,DeepFakeDetection (DFD),raw/DFD/DFD_manipulated_sequences/DFD_manipulated_sequences/03_26__talking_against_wall__WBSXBL82.mp4,1,910,1920,1080,h264,4.95,DeepFake,DeepFakeDetection,DFD_SOURCE_03,DFD_SOURCE_03,,DFD_SOURCE_03,,train
DFD_0000936,DeepFakeDetection (DFD),raw/DFD/DFD_manipulated_sequences/DFD_manipulated_sequences/03_26__talking_angry_couch__WBSXBL82.mp4,1,1451,1920,1080,h264,18.78,DeepFake,DeepFakeDetection,DFD_SOURCE_03,DFD_SOURCE_03,,DFD_SOURCE_03,,train
DFD_0000937,DeepFakeDetection (DFD),raw/DFD/DFD_manipulated_sequences/DFD_manipulated_sequences/03_26__walk_down_hall_angry__WBSXBL82.mp4,1,438,1920,1080,h264,2.49,DeepFake,DeepFakeDetection,DFD_SOURCE_03,DFD_SOURCE_03,,DFD_SOURCE_03,,train
DFD_0000938,DeepFakeDetection (DFD),raw/DFD/DFD_manipulated_sequences/DFD_manipulated_sequences/03_26__walking_outside_cafe_disgusted__WBSXBL82.mp4,1,648,1920,1080,h264,4.6,DeepFake,DeepFakeDetection,DFD_SOURCE_03,DFD_SOURCE_03,,DFD_SOURCE_03,,train
DFD_0000939,DeepFakeDetection (DFD),raw/DFD/DFD_manipulated_sequences/DFD_manipulated_sequences/03_27__hugging_happy__72BPN7A1.mp4,1,815,1920,1080,h264,15.45,DeepFake,DeepFakeDetection,DFD_SOURCE_03,DFD_SOURCE_03,,DFD_SOURCE_03,,train
DFD_0000940,DeepFakeDetection (DFD),raw/DFD/DFD_manipulated_sequences/DFD_manipulated_sequences/03_27__walk_down_hall_angry__IL675GCI.mp4,1,446,1920,1080,h264,2.53,DeepFake,DeepFakeDetection,DFD_SOURCE_03,DFD_SOURCE_03,,DFD_SOURCE_03,,train
DFD_0000941,DeepFakeDetection (DFD),raw/DFD/DFD_manipulated_sequences/DFD_manipulated_sequences/03_27__walk_down_hall_angry__KWGI1LSZ.mp4,1,446,1920,1080,h264,2.5,DeepFake,DeepFakeDetection,DFD_SOURCE_03,DFD_SOURCE_03,,DFD_SOURCE_03,,train
DFD_0000942,DeepFakeDetection (DFD),raw/DFD/DFD_manipulated_sequences/DFD_manipulated_sequences/03_27__walking_and_outside_surprised__KWGI1LSZ.mp4,1,1108,1920,1080,h264,25.08,DeepFake,DeepFakeDetection,DFD_SOURCE_03,DFD_SOURCE_03,,DFD_SOURCE_03,,train
DFD_0000943,DeepFakeDetection (DFD),raw/DFD/DFD_manipulated_sequences/DFD_manipulated_sequences/03_27__walking_down_indoor_hall_disgust__IL675GCI.mp4,1,1447,1920,1080,h264,23.99,DeepFake,DeepFakeDetection,DFD_SOURCE_03,DFD_SOURCE_03,,DFD_SOURCE_03,,train
DFD_0000944,DeepFakeDetection (DFD),raw/DFD/DFD_manipulated_sequences/DFD_manipulated_sequences/04_01__exit_phone_room__0XUW13RW.mp4,1,382,1920,1080,h264,2.7,DeepFake,DeepFakeDetection,DFD_SOURCE_04,DFD_SOURCE_04,,DFD_SOURCE_04,,train
DFD_0000945,DeepFakeDetection (DFD),raw/DFD/DFD_manipulated_sequences/DFD_manipulated_sequences/04_01__kitchen_pan__GBC7ZGDP.mp4,1,481,1920,1080,h264,4.36,DeepFake,DeepFakeDetection,DFD_SOURCE_04,DFD_SOURCE_04,,DFD_SOURCE_04,,train
DFD_0000946,DeepFakeDetection (DFD),raw/DFD/DFD_manipulated_sequences/DFD_manipulated_sequences/04_01__kitchen_still__6I623VU9.mp4,1,840,1920,1080,h264,7.69,DeepFake,DeepFakeDetection,DFD_SOURCE_04,DFD_SOURCE_04,,DFD_SOURCE_04,,train
DFD_0000947,DeepFakeDetection (DFD),raw/DFD/DFD_manipulated_sequences/DFD_manipulated_sequences/04_01__kitchen_still__GBC7ZGDP.mp4,1,840,1920,1080,h264,7.7,DeepFake,DeepFakeDetection,DFD_SOURCE_04,DFD_SOURCE_04,,DFD_SOURCE_04,,train
DFD_0000948,DeepFakeDetection (DFD),raw/DFD/DFD_manipulated_sequences/DFD_manipulated_sequences/04_01__outside_talking_still_laughing__0XUW13RW.mp4,1,810,1920,1080,h264,6.11,DeepFake,DeepFakeDetection,DFD_SOURCE_04,DFD_SOURCE_04,,DFD_SOURCE_04,,train
DFD_0000949,DeepFakeDetection (DFD),raw/DFD/DFD_manipulated_sequences/DFD_manipulated_sequences/04_01__outside_talking_still_laughing__6I623VU9.mp4,1,810,1920,1080,h264,6.13,DeepFake,DeepFakeDetection,DFD_SOURCE_04,DFD_SOURCE_04,,DFD_SOURCE_04,,train
DFD_0000950,DeepFakeDetection (DFD),raw/DFD/DFD_manipulated_sequences/DFD_manipulated_sequences/04_01__podium_speech_happy__0XUW13RW.mp4,1,932,1920,1080,h264,6.6,DeepFake,DeepFakeDetection,DFD_SOURCE_04,DFD_SOURCE_04,,DFD_SOURCE_04,,train
DFD_0000951,DeepFakeDetection (DFD),raw/DFD/DFD_manipulated_sequences/DFD_manipulated_sequences/04_01__podium_speech_happy__6I623VU9.mp4,1,932,1920,1080,h264,6.63,DeepFake,DeepFakeDetection,DFD_SOURCE_04,DFD_SOURCE_04,,DFD_SOURCE_04,,train
DFD_0000952,DeepFakeDetection (DFD),raw/DFD/DFD_manipulated_sequences/DFD_manipulated_sequences/04_01__podium_speech_happy__GBC7ZGDP.mp4,1,932,1920,1080,h264,6.66,DeepFake,DeepFakeDetection,DFD_SOURCE_04,DFD_SOURCE_04,,DFD_SOURCE_04,,train
DFD_0000953,DeepFakeDetection (DFD),raw/DFD/DFD_manipulated_sequences/DFD_manipulated_sequences/04_01__secret_conversation__6I623VU9.mp4,1,862,1920,1080,h264,6.07,DeepFake,DeepFakeDetection,DFD_SOURCE_04,DFD_SOURCE_04,,DFD_SOURCE_04,,train
DFD_0000954,DeepFakeDetection (DFD),raw/DFD/DFD_manipulated_sequences/DFD_manipulated_sequences/04_01__talking_angry_couch__0XUW13RW.mp4,1,1380,1920,1080,h264,19.73,DeepFake,DeepFakeDetection,DFD_SOURCE_04,DFD_SOURCE_04,,DFD_SOURCE_04,,train
DFD_0000955,DeepFakeDetection (DFD),raw/DFD/DFD_manipulated_sequences/DFD_manipulated_sequences/04_01__walk_down_hall_angry__0XUW13RW.mp4,1,193,1920,1080,h264,1.39,DeepFake,DeepFakeDetection,DFD_SOURCE_04,DFD_SOURCE_04,,DFD_SOURCE_04,,train
DFD_0000956,DeepFakeDetection (DFD),raw/DFD/DFD_manipulated_sequences/DFD_manipulated_sequences/04_01__walk_down_hall_angry__GBC7ZGDP.mp4,1,182,1920,1080,h264,1.37,DeepFake,DeepFakeDetection,DFD_SOURCE_04,DFD_SOURCE_04,,DFD_SOURCE_04,,train
DFD_0000957,DeepFakeDetection (DFD),raw/DFD/DFD_manipulated_sequences/DFD_manipulated_sequences/04_01__walking_down_street_outside_angry__0XUW13RW.mp4,1,471,1920,1080,h264,3.06,DeepFake,DeepFakeDetection,DFD_SOURCE_04,DFD_SOURCE_04,,DFD_SOURCE_04,,train
DFD_0000958,DeepFakeDetection (DFD),raw/DFD/DFD_manipulated_sequences/DFD_manipulated_sequences/04_01__walking_down_street_outside_angry__GBC7ZGDP.mp4,1,453,1920,1080,h264,2.99,DeepFake,DeepFakeDetection,DFD_SOURCE_04,DFD_SOURCE_04,,DFD_SOURCE_04,,train
DFD_0000959,DeepFakeDetection (DFD),raw/DFD/DFD_manipulated_sequences/DFD_manipulated_sequences/04_01__walking_outside_cafe_disgusted__0XUW13RW.mp4,1,403,1920,1080,h264,3.13,DeepFake,DeepFakeDetection,DFD_SOURCE_04,DFD_SOURCE_04,,DFD_SOURCE_04,,train
DFD_0000960,DeepFakeDetection (DFD),raw/DFD/DFD_manipulated_sequences/DFD_manipulated_sequences/04_02__exit_phone_room__SUIZOXAJ.mp4,1,328,1920,1080,h264,2.35,DeepFake,DeepFakeDetection,DFD_SOURCE_04,DFD_SOURCE_04,,DFD_SOURCE_04,,train
DFD_0000961,DeepFakeDetection (DFD),raw/DFD/DFD_manipulated_sequences/DFD_manipulated_sequences/04_02__outside_talking_pan_laughing__8CH7R4LW.mp4,1,791,1920,1080,h264,7.65,DeepFake,DeepFakeDetection,DFD_SOURCE_04,DFD_SOURCE_04,,DFD_SOURCE_04,,train
DFD_0000962,DeepFakeDetection (DFD),raw/DFD/DFD_manipulated_sequences/DFD_manipulated_sequences/04_02__outside_talking_still_laughing__8CH7R4LW.mp4,1,810,1920,1080,h264,6.12,DeepFake,DeepFakeDetection,DFD_SOURCE_04,DFD_SOURCE_04,,DFD_SOURCE_04,,train
DFD_0000963,DeepFakeDetection (DFD),raw/DFD/DFD_manipulated_sequences/DFD_manipulated_sequences/04_02__podium_speech_happy__8CH7R4LW.mp4,1,932,1920,1080,h264,6.67,DeepFake,DeepFakeDetection,DFD_SOURCE_04,DFD_SOURCE_04,,DFD_SOURCE_04,,train
DFD_0000964,DeepFakeDetection (DFD),raw/DFD/DFD_manipulated_sequences/DFD_manipulated_sequences/04_02__secret_conversation__8CH7R4LW.mp4,1,862,1920,1080,h264,6.08,DeepFake,DeepFakeDetection,DFD_SOURCE_04,DFD_SOURCE_04,,DFD_SOURCE_04,,train
DFD_0000965,DeepFakeDetection (DFD),raw/DFD/DFD_manipulated_sequences/DFD_manipulated_sequences/04_02__walk_down_hall_angry__8CH7R4LW.mp4,1,193,1920,1080,h264,1.4,DeepFake,DeepFakeDetection,DFD_SOURCE_04,DFD_SOURCE_04,,DFD_SOURCE_04,,train
DFD_0000966,DeepFakeDetection (DFD),raw/DFD/DFD_manipulated_sequences/DFD_manipulated_sequences/04_02__walk_down_hall_angry__SUIZOXAJ.mp4,1,169,1920,1080,h264,1.21,DeepFake,DeepFakeDetection,DFD_SOURCE_04,DFD_SOURCE_04,,DFD_SOURCE_04,,train
DFD_0000967,DeepFakeDetection (DFD),raw/DFD/DFD_manipulated_sequences/DFD_manipulated_sequences/04_03__outside_talking_pan_laughing__T04P6ELC.mp4,1,791,1920,1080,h264,7.65,DeepFake,DeepFakeDetection,DFD_SOURCE_04,DFD_SOURCE_04,,DFD_SOURCE_04,,train
DFD_0000968,DeepFakeDetection (DFD),raw/DFD/DFD_manipulated_sequences/DFD_manipulated_sequences/04_03__talking_angry_couch__T04P6ELC.mp4,1,1380,1920,1080,h264,19.74,DeepFake,DeepFakeDetection,DFD_SOURCE_04,DFD_SOURCE_04,,DFD_SOURCE_04,,train
DFD_0000969,DeepFakeDetection (DFD),raw/DFD/DFD_manipulated_sequences/DFD_manipulated_sequences/04_06__kitchen_still__ZK95PQDE.mp4,1,840,1920,1080,h264,7.66,DeepFake,DeepFakeDetection,DFD_SOURCE_04,DFD_SOURCE_04,,DFD_SOURCE_04,,train
DFD_0000970,DeepFakeDetection (DFD),raw/DFD/DFD_manipulated_sequences/DFD_manipulated_sequences/04_06__outside_talking_still_laughing__ZK95PQDE.mp4,1,810,1920,1080,h264,6.13,DeepFake,DeepFakeDetection,DFD_SOURCE_04,DFD_SOURCE_04,,DFD_SOURCE_04,,train
DFD_0000971,DeepFakeDetection (DFD),raw/DFD/DFD_manipulated_sequences/DFD_manipulated_sequences/04_06__talking_against_wall__ZK95PQDE.mp4,1,900,1920,1080,h264,7.36,DeepFake,DeepFakeDetection,DFD_SOURCE_04,DFD_SOURCE_04,,DFD_SOURCE_04,,train
DFD_0000972,DeepFakeDetection (DFD),raw/DFD/DFD_manipulated_sequences/DFD_manipulated_sequences/04_06__walking_outside_cafe_disgusted__ZK95PQDE.mp4,1,367,1920,1080,h264,2.88,DeepFake,DeepFakeDetection,DFD_SOURCE_04,DFD_SOURCE_04,,DFD_SOURCE_04,,train
DFD_0000973,DeepFakeDetection (DFD),raw/DFD/DFD_manipulated_sequences/DFD_manipulated_sequences/04_07__exit_phone_room__ITC0C48B.mp4,1,328,1920,1080,h264,2.35,DeepFake,DeepFakeDetection,DFD_SOURCE_04,DFD_SOURCE_04,,DFD_SOURCE_04,,train
DFD_0000974,DeepFakeDetection (DFD),raw/DFD/DFD_manipulated_sequences/DFD_manipulated_sequences/04_07__exit_phone_room__M2NBCLFR.mp4,1,352,1920,1080,h264,2.51,DeepFake,DeepFakeDetection,DFD_SOURCE_04,DFD_SOURCE_04,,DFD_SOURCE_04,,train
DFD_0000975,DeepFakeDetection (DFD),raw/DFD/DFD_manipulated_sequences/DFD_manipulated_sequences/04_07__kitchen_pan__XRK7FGZX.mp4,1,481,1920,1080,h264,4.33,DeepFake,DeepFakeDetection,DFD_SOURCE_04,DFD_SOURCE_04,,DFD_SOURCE_04,,train
DFD_0000976,DeepFakeDetection (DFD),raw/DFD/DFD_manipulated_sequences/DFD_manipulated_sequences/04_07__kitchen_still__M2NBCLFR.mp4,1,840,1920,1080,h264,7.68,DeepFake,DeepFakeDetection,DFD_SOURCE_04,DFD_SOURCE_04,,DFD_SOURCE_04,,train
DFD_0000977,DeepFakeDetection (DFD),raw/DFD/DFD_manipulated_sequences/DFD_manipulated_sequences/04_07__outside_talking_still_laughing__QKCCFKBT.mp4,1,810,1920,1080,h264,6.18,DeepFake,DeepFakeDetection,DFD_SOURCE_04,DFD_SOURCE_04,,DFD_SOURCE_04,,train
DFD_0000978,DeepFakeDetection (DFD),raw/DFD/DFD_manipulated_sequences/DFD_manipulated_sequences/04_07__outside_talking_still_laughing__XRK7FGZX.mp4,1,810,1920,1080,h264,6.13,DeepFake,DeepFakeDetection,DFD_SOURCE_04,DFD_SOURCE_04,,DFD_SOURCE_04,,train
DFD_0000979,DeepFakeDetection (DFD),raw/DFD/DFD_manipulated_sequences/DFD_manipulated_sequences/04_07__podium_speech_happy__ITC0C48B.mp4,1,932,1920,1080,h264,6.63,DeepFake,DeepFakeDetection,DFD_SOURCE_04,DFD_SOURCE_04,,DFD_SOURCE_04,,train
DFD_0000980,DeepFakeDetection (DFD),raw/DFD/DFD_manipulated_sequences/DFD_manipulated_sequences/04_07__podium_speech_happy__M2NBCLFR.mp4,1,932,1920,1080,h264,6.61,DeepFake,DeepFakeDetection,DFD_SOURCE_04,DFD_SOURCE_04,,DFD_SOURCE_04,,train
DFD_0000981,DeepFakeDetection (DFD),raw/DFD/DFD_manipulated_sequences/DFD_manipulated_sequences/04_07__podium_speech_happy__XRK7FGZX.mp4,1,932,1920,1080,h264,6.62,DeepFake,DeepFakeDetection,DFD_SOURCE_04,DFD_SOURCE_04,,DFD_SOURCE_04,,train
DFD_0000982,DeepFakeDetection (DFD),raw/DFD/DFD_manipulated_sequences/DFD_manipulated_sequences/04_11__exit_phone_room__60BU0X0I.mp4,1,352,1920,1080,h264,2.52,DeepFake,DeepFakeDetection,DFD_SOURCE_04,DFD_SOURCE_04,,DFD_SOURCE_04,,train
DFD_0000983,DeepFakeDetection (DFD),raw/DFD/DFD_manipulated_sequences/DFD_manipulated_sequences/04_11__outside_talking_still_laughing__8FD8U22M.mp4,1,810,1920,1080,h264,6.17,DeepFake,DeepFakeDetection,DFD_SOURCE_04,DFD_SOURCE_04,,DFD_SOURCE_04,,train
DFD_0000984,DeepFakeDetection (DFD),raw/DFD/DFD_manipulated_sequences/DFD_manipulated_sequences/04_11__outside_talking_still_laughing__JRQWOV1G.mp4,1,810,1920,1080,h264,6.19,DeepFake,DeepFakeDetection,DFD_SOURCE_04,DFD_SOURCE_04,,DFD_SOURCE_04,,train
DFD_0000985,DeepFakeDetection (DFD),raw/DFD/DFD_manipulated_sequences/DFD_manipulated_sequences/04_11__walking_outside_cafe_disgusted__8FD8U22M.mp4,1,367,1920,1080,h264,2.88,DeepFake,DeepFakeDetection,DFD_SOURCE_04,DFD_SOURCE_04,,DFD_SOURCE_04,,train
DFD_0000986,DeepFakeDetection (DFD),raw/DFD/DFD_manipulated_sequences/DFD_manipulated_sequences/04_11__walking_outside_cafe_disgusted__SXI772ZL.mp4,1,367,1920,1080,h264,2.88,DeepFake,DeepFakeDetection,DFD_SOURCE_04,DFD_SOURCE_04,,DFD_SOURCE_04,,train
DFD_0000987,DeepFakeDetection (DFD),raw/DFD/DFD_manipulated_sequences/DFD_manipulated_sequences/04_12__kitchen_pan__B6YJ9IW1.mp4,1,479,1920,1080,h264,4.49,DeepFake,DeepFakeDetection,DFD_SOURCE_04,DFD_SOURCE_04,,DFD_SOURCE_04,,train
DFD_0000988,DeepFakeDetection (DFD),raw/DFD/DFD_manipulated_sequences/DFD_manipulated_sequences/04_12__kitchen_still__B6YJ9IW1.mp4,1,840,1920,1080,h264,7.78,DeepFake,DeepFakeDetection,DFD_SOURCE_04,DFD_SOURCE_04,,DFD_SOURCE_04,,train
DFD_0000989,DeepFakeDetection (DFD),raw/DFD/DFD_manipulated_sequences/DFD_manipulated_sequences/04_12__walking_down_street_outside_angry__96TQKDFJ.mp4,1,453,1920,1080,h264,3.0,DeepFake,DeepFakeDetection,DFD_SOURCE_04,DFD_SOURCE_04,,DFD_SOURCE_04,,train
DFD_0000990,DeepFakeDetection (DFD),raw/DFD/DFD_manipulated_sequences/DFD_manipulated_sequences/04_12__walking_down_street_outside_angry__B6YJ9IW1.mp4,1,453,1920,1080,h264,3.0,DeepFake,DeepFakeDetection,DFD_SOURCE_04,DFD_SOURCE_04,,DFD_SOURCE_04,,train
DFD_0000991,DeepFakeDetection (DFD),raw/DFD/DFD_manipulated_sequences/DFD_manipulated_sequences/04_13__kitchen_pan__00T3UYOR.mp4,1,481,1920,1080,h264,4.41,DeepFake,DeepFakeDetection,DFD_SOURCE_04,DFD_SOURCE_04,,DFD_SOURCE_04,,train
DFD_0000992,DeepFakeDetection (DFD),raw/DFD/DFD_manipulated_sequences/DFD_manipulated_sequences/04_13__kitchen_still__00T3UYOR.mp4,1,840,1920,1080,h264,7.76,DeepFake,DeepFakeDetection,DFD_SOURCE_04,DFD_SOURCE_04,,DFD_SOURCE_04,,train
DFD_0000993,DeepFakeDetection (DFD),raw/DFD/DFD_manipulated_sequences/DFD_manipulated_sequences/04_13__podium_speech_happy__00T3UYOR.mp4,1,932,1920,1080,h264,6.7,DeepFake,DeepFakeDetection,DFD_SOURCE_04,DFD_SOURCE_04,,DFD_SOURCE_04,,train
DFD_0000994,DeepFakeDetection (DFD),raw/DFD/DFD_manipulated_sequences/DFD_manipulated_sequences/04_13__secret_conversation__00T3UYOR.mp4,1,861,1920,1080,h264,6.07,DeepFake,DeepFakeDetection,DFD_SOURCE_04,DFD_SOURCE_04,,DFD_SOURCE_04,,train
DFD_0000995,DeepFakeDetection (DFD),raw/DFD/DFD_manipulated_sequences/DFD_manipulated_sequences/04_13__talking_against_wall__00T3UYOR.mp4,1,900,1920,1080,h264,7.43,DeepFake,DeepFakeDetection,DFD_SOURCE_04,DFD_SOURCE_04,,DFD_SOURCE_04,,train
DFD_0000996,DeepFakeDetection (DFD),raw/DFD/DFD_manipulated_sequences/DFD_manipulated_sequences/04_13__talking_angry_couch__00T3UYOR.mp4,1,1379,1920,1080,h264,19.76,DeepFake,DeepFakeDetection,DFD_SOURCE_04,DFD_SOURCE_04,,DFD_SOURCE_04,,train
DFD_0000997,DeepFakeDetection (DFD),raw/DFD/DFD_manipulated_sequences/DFD_manipulated_sequences/04_13__walking_down_street_outside_angry__00T3UYOR.mp4,1,434,1920,1080,h264,2.97,DeepFake,DeepFakeDetection,DFD_SOURCE_04,DFD_SOURCE_04,,DFD_SOURCE_04,,train
DFD_0000998,DeepFakeDetection (DFD),raw/DFD/DFD_manipulated_sequences/DFD_manipulated_sequences/04_13__walking_outside_cafe_disgusted__00T3UYOR.mp4,1,367,1920,1080,h264,2.89,DeepFake,DeepFakeDetection,DFD_SOURCE_04,DFD_SOURCE_04,,DFD_SOURCE_04,,train
DFD_0000999,DeepFakeDetection (DFD),raw/DFD/DFD_manipulated_sequences/DFD_manipulated_sequences/04_15__kitchen_pan__46TJ9IOJ.mp4,1,481,1920,1080,h264,4.35,DeepFake,DeepFakeDetection,DFD_SOURCE_04,DFD_SOURCE_04,,DFD_SOURCE_04,,train
DFD_0001000,DeepFakeDetection (DFD),raw/DFD/DFD_manipulated_sequences/DFD_manipulated_sequences/04_15__kitchen_still__46TJ9IOJ.mp4,1,840,1920,1080,h264,7.7,DeepFake,DeepFakeDetection,DFD_SOURCE_04,DFD_SOURCE_04,,DFD_SOURCE_04,,train
DFD_0001001,DeepFakeDetection (DFD),raw/DFD/DFD_manipulated_sequences/DFD_manipulated_sequences/04_15__outside_talking_pan_laughing__46TJ9IOJ.mp4,1,791,1920,1080,h264,7.63,DeepFake,DeepFakeDetection,DFD_SOURCE_04,DFD_SOURCE_04,,DFD_SOURCE_04,,train
DFD_0001002,DeepFakeDetection (DFD),raw/DFD/DFD_manipulated_sequences/DFD_manipulated_sequences/04_15__outside_talking_pan_laughing__7NW4Z6WZ.mp4,1,791,1920,1080,h264,7.68,DeepFake,DeepFakeDetection,DFD_SOURCE_04,DFD_SOURCE_04,,DFD_SOURCE_04,,train
DFD_0001003,DeepFakeDetection (DFD),raw/DFD/DFD_manipulated_sequences/DFD_manipulated_sequences/04_15__secret_conversation__46TJ9IOJ.mp4,1,602,1920,1080,h264,4.37,DeepFake,DeepFakeDetection,DFD_SOURCE_04,DFD_SOURCE_04,,DFD_SOURCE_04,,train
DFD_0001004,DeepFakeDetection (DFD),raw/DFD/DFD_manipulated_sequences/DFD_manipulated_sequences/04_15__talking_against_wall__46TJ9IOJ.mp4,1,900,1920,1080,h264,7.35,DeepFake,DeepFakeDetection,DFD_SOURCE_04,DFD_SOURCE_04,,DFD_SOURCE_04,,train
DFD_0001005,DeepFakeDetection (DFD),raw/DFD/DFD_manipulated_sequences/DFD_manipulated_sequences/04_15__talking_against_wall__7NW4Z6WZ.mp4,1,900,1920,1080,h264,7.37,DeepFake,DeepFakeDetection,DFD_SOURCE_04,DFD_SOURCE_04,,DFD_SOURCE_04,,train
DFD_0001006,DeepFakeDetection (DFD),raw/DFD/DFD_manipulated_sequences/DFD_manipulated_sequences/04_15__talking_angry_couch__46TJ9IOJ.mp4,1,1380,1920,1080,h264,19.67,DeepFake,DeepFakeDetection,DFD_SOURCE_04,DFD_SOURCE_04,,DFD_SOURCE_04,,train
DFD_0001007,DeepFakeDetection (DFD),raw/DFD/DFD_manipulated_sequences/DFD_manipulated_sequences/04_15__walk_down_hall_angry__7NW4Z6WZ.mp4,1,169,1920,1080,h264,1.21,DeepFake,DeepFakeDetection,DFD_SOURCE_04,DFD_SOURCE_04,,DFD_SOURCE_04,,train
DFD_0001008,DeepFakeDetection (DFD),raw/DFD/DFD_manipulated_sequences/DFD_manipulated_sequences/04_15__walking_down_street_outside_angry__46TJ9IOJ.mp4,1,453,1920,1080,h264,2.98,DeepFake,DeepFakeDetection,DFD_SOURCE_04,DFD_SOURCE_04,,DFD_SOURCE_04,,train
DFD_0001009,DeepFakeDetection (DFD),raw/DFD/DFD_manipulated_sequences/DFD_manipulated_sequences/04_15__walking_outside_cafe_disgusted__46TJ9IOJ.mp4,1,378,1920,1080,h264,2.91,DeepFake,DeepFakeDetection,DFD_SOURCE_04,DFD_SOURCE_04,,DFD_SOURCE_04,,train
DFD_0001010,DeepFakeDetection (DFD),raw/DFD/DFD_manipulated_sequences/DFD_manipulated_sequences/04_18__exit_phone_room__6J3ZFEJQ.mp4,1,383,1920,1080,h264,2.87,DeepFake,DeepFakeDetection,DFD_SOURCE_04,DFD_SOURCE_04,,DFD_SOURCE_04,,train
DFD_0001011,DeepFakeDetection (DFD),raw/DFD/DFD_manipulated_sequences/DFD_manipulated_sequences/04_18__exit_phone_room__NAXINA1N.mp4,1,380,1920,1080,h264,2.74,DeepFake,DeepFakeDetection,DFD_SOURCE_04,DFD_SOURCE_04,,DFD_SOURCE_04,,train
DFD_0001012,DeepFakeDetection (DFD),raw/DFD/DFD_manipulated_sequences/DFD_manipulated_sequences/04_18__kitchen_pan__6J3ZFEJQ.mp4,1,480,1920,1080,h264,4.34,DeepFake,DeepFakeDetection,DFD_SOURCE_04,DFD_SOURCE_04,,DFD_SOURCE_04,,train
DFD_0001013,DeepFakeDetection (DFD),raw/DFD/DFD_manipulated_sequences/DFD_manipulated_sequences/04_18__kitchen_still__NAXINA1N.mp4,1,840,1920,1080,h264,7.7,DeepFake,DeepFakeDetection,DFD_SOURCE_04,DFD_SOURCE_04,,DFD_SOURCE_04,,train
DFD_0001014,DeepFakeDetection (DFD),raw/DFD/DFD_manipulated_sequences/DFD_manipulated_sequences/04_18__secret_conversation__6J3ZFEJQ.mp4,1,879,1920,1080,h264,6.14,DeepFake,DeepFakeDetection,DFD_SOURCE_04,DFD_SOURCE_04,,DFD_SOURCE_04,,train
DFD_0001015,DeepFakeDetection (DFD),raw/DFD/DFD_manipulated_sequences/DFD_manipulated_sequences/04_18__talking_against_wall__6J3ZFEJQ.mp4,1,900,1920,1080,h264,7.36,DeepFake,DeepFakeDetection,DFD_SOURCE_04,DFD_SOURCE_04,,DFD_SOURCE_04,,train
DFD_0001016,DeepFakeDetection (DFD),raw/DFD/DFD_manipulated_sequences/DFD_manipulated_sequences/04_18__talking_angry_couch__6J3ZFEJQ.mp4,1,1380,1920,1080,h264,19.66,DeepFake,DeepFakeDetection,DFD_SOURCE_04,DFD_SOURCE_04,,DFD_SOURCE_04,,train
DFD_0001017,DeepFakeDetection (DFD),raw/DFD/DFD_manipulated_sequences/DFD_manipulated_sequences/04_18__walking_outside_cafe_disgusted__6J3ZFEJQ.mp4,1,403,1920,1080,h264,3.11,DeepFake,DeepFakeDetection,DFD_SOURCE_04,DFD_SOURCE_04,,DFD_SOURCE_04,,train
DFD_0001018,DeepFakeDetection (DFD),raw/DFD/DFD_manipulated_sequences/DFD_manipulated_sequences/04_21__kitchen_still__HY1VWEJK.mp4,1,840,1920,1080,h264,7.79,DeepFake,DeepFakeDetection,DFD_SOURCE_04,DFD_SOURCE_04,,DFD_SOURCE_04,,train
DFD_0001019,DeepFakeDetection (DFD),raw/DFD/DFD_manipulated_sequences/DFD_manipulated_sequences/04_21__outside_talking_pan_laughing__NRI4PHWP.mp4,1,791,1920,1080,h264,7.72,DeepFake,DeepFakeDetection,DFD_SOURCE_04,DFD_SOURCE_04,,DFD_SOURCE_04,,train
DFD_0001020,DeepFakeDetection (DFD),raw/DFD/DFD_manipulated_sequences/DFD_manipulated_sequences/04_21__outside_talking_pan_laughing__PRCQUMY8.mp4,1,791,1920,1080,h264,7.67,DeepFake,DeepFakeDetection,DFD_SOURCE_04,DFD_SOURCE_04,,DFD_SOURCE_04,,train
DFD_0001021,DeepFakeDetection (DFD),raw/DFD/DFD_manipulated_sequences/DFD_manipulated_sequences/04_21__outside_talking_still_laughing__5Y31RZP8.mp4,1,810,1920,1080,h264,6.15,DeepFake,DeepFakeDetection,DFD_SOURCE_04,DFD_SOURCE_04,,DFD_SOURCE_04,,train
DFD_0001022,DeepFakeDetection (DFD),raw/DFD/DFD_manipulated_sequences/DFD_manipulated_sequences/04_21__secret_conversation__PRCQUMY8.mp4,1,897,1920,1080,h264,6.28,DeepFake,DeepFakeDetection,DFD_SOURCE_04,DFD_SOURCE_04,,DFD_SOURCE_04,,train
DFD_0001023,DeepFakeDetection (DFD),raw/DFD/DFD_manipulated_sequences/DFD_manipulated_sequences/04_21__talking_against_wall__NRI4PHWP.mp4,1,900,1920,1080,h264,7.44,DeepFake,DeepFakeDetection,DFD_SOURCE_04,DFD_SOURCE_04,,DFD_SOURCE_04,,train
DFD_0001024,DeepFakeDetection (DFD),raw/DFD/DFD_manipulated_sequences/DFD_manipulated_sequences/04_21__talking_angry_couch__5Y31RZP8.mp4,1,1380,1920,1080,h264,19.75,DeepFake,DeepFakeDetection,DFD_SOURCE_04,DFD_SOURCE_04,,DFD_SOURCE_04,,train
DFD_0001025,DeepFakeDetection (DFD),raw/DFD/DFD_manipulated_sequences/DFD_manipulated_sequences/04_21__walking_down_street_outside_angry__5Y31RZP8.mp4,1,471,1920,1080,h264,3.06,DeepFake,DeepFakeDetection,DFD_SOURCE_04,DFD_SOURCE_04,,DFD_SOURCE_04,,train
DFD_0001026,DeepFakeDetection (DFD),raw/DFD/DFD_manipulated_sequences/DFD_manipulated_sequences/04_26__exit_phone_room__MS2MLJP1.mp4,1,184,1920,1080,h264,1.36,DeepFake,DeepFakeDetection,DFD_SOURCE_04,DFD_SOURCE_04,,DFD_SOURCE_04,,train
DFD_0001027,DeepFakeDetection (DFD),raw/DFD/DFD_manipulated_sequences/DFD_manipulated_sequences/04_26__kitchen_pan__MS2MLJP1.mp4,1,480,1920,1080,h264,4.4,DeepFake,DeepFakeDetection,DFD_SOURCE_04,DFD_SOURCE_04,,DFD_SOURCE_04,,train
DFD_0001028,DeepFakeDetection (DFD),raw/DFD/DFD_manipulated_sequences/DFD_manipulated_sequences/04_26__kitchen_pan__WX836VLY.mp4,1,481,1920,1080,h264,4.37,DeepFake,DeepFakeDetection,DFD_SOURCE_04,DFD_SOURCE_04,,DFD_SOURCE_04,,train
DFD_0001029,DeepFakeDetection (DFD),raw/DFD/DFD_manipulated_sequences/DFD_manipulated_sequences/04_26__kitchen_still__WX836VLY.mp4,1,840,1920,1080,h264,7.68,DeepFake,DeepFakeDetection,DFD_SOURCE_04,DFD_SOURCE_04,,DFD_SOURCE_04,,train
DFD_0001030,DeepFakeDetection (DFD),raw/DFD/DFD_manipulated_sequences/DFD_manipulated_sequences/04_26__outside_talking_pan_laughing__MS2MLJP1.mp4,1,791,1920,1080,h264,7.66,DeepFake,DeepFakeDetection,DFD_SOURCE_04,DFD_SOURCE_04,,DFD_SOURCE_04,,train
DFD_0001031,DeepFakeDetection (DFD),raw/DFD/DFD_manipulated_sequences/DFD_manipulated_sequences/04_26__outside_talking_pan_laughing__WX836VLY.mp4,1,787,1920,1080,h264,7.66,DeepFake,DeepFakeDetection,DFD_SOURCE_04,DFD_SOURCE_04,,DFD_SOURCE_04,,train
DFD_0001032,DeepFakeDetection (DFD),raw/DFD/DFD_manipulated_sequences/DFD_manipulated_sequences/04_26__outside_talking_still_laughing__WX836VLY.mp4,1,810,1920,1080,h264,6.13,DeepFake,DeepFakeDetection,DFD_SOURCE_04,DFD_SOURCE_04,,DFD_SOURCE_04,,train
DFD_0001033,DeepFakeDetection (DFD),raw/DFD/DFD_manipulated_sequences/DFD_manipulated_sequences/04_26__secret_conversation__WX836VLY.mp4,1,886,1920,1080,h264,6.19,DeepFake,DeepFakeDetection,DFD_SOURCE_04,DFD_SOURCE_04,,DFD_SOURCE_04,,train
DFD_0001034,DeepFakeDetection (DFD),raw/DFD/DFD_manipulated_sequences/DFD_manipulated_sequences/04_26__talking_against_wall__WX836VLY.mp4,1,900,1920,1080,h264,7.36,DeepFake,DeepFakeDetection,DFD_SOURCE_04,DFD_SOURCE_04,,DFD_SOURCE_04,,train
DFD_0001035,DeepFakeDetection (DFD),raw/DFD/DFD_manipulated_sequences/DFD_manipulated_sequences/04_26__talking_angry_couch__MS2MLJP1.mp4,1,1380,1920,1080,h264,19.74,DeepFake,DeepFakeDetection,DFD_SOURCE_04,DFD_SOURCE_04,,DFD_SOURCE_04,,train
DFD_0001036,DeepFakeDetection (DFD),raw/DFD/DFD_manipulated_sequences/DFD_manipulated_sequences/04_26__talking_angry_couch__WX836VLY.mp4,1,1380,1920,1080,h264,19.7,DeepFake,DeepFakeDetection,DFD_SOURCE_04,DFD_SOURCE_04,,DFD_SOURCE_04,,train
DFD_0001037,DeepFakeDetection (DFD),raw/DFD/DFD_manipulated_sequences/DFD_manipulated_sequences/04_26__walk_down_hall_angry__WX836VLY.mp4,1,182,1920,1080,h264,1.37,DeepFake,DeepFakeDetection,DFD_SOURCE_04,DFD_SOURCE_04,,DFD_SOURCE_04,,train
DFD_0001038,DeepFakeDetection (DFD),raw/DFD/DFD_manipulated_sequences/DFD_manipulated_sequences/04_26__walking_down_street_outside_angry__WX836VLY.mp4,1,453,1920,1080,h264,2.98,DeepFake,DeepFakeDetection,DFD_SOURCE_04,DFD_SOURCE_04,,DFD_SOURCE_04,,train
DFD_0001039,DeepFakeDetection (DFD),raw/DFD/DFD_manipulated_sequences/DFD_manipulated_sequences/04_26__walking_outside_cafe_disgusted__MS2MLJP1.mp4,1,378,1920,1080,h264,2.93,DeepFake,DeepFakeDetection,DFD_SOURCE_04,DFD_SOURCE_04,,DFD_SOURCE_04,,train
DFD_0001040,DeepFakeDetection (DFD),raw/DFD/DFD_manipulated_sequences/DFD_manipulated_sequences/04_27__podium_speech_happy__2CCI2ND1.mp4,1,932,1920,1080,h264,6.62,DeepFake,DeepFakeDetection,DFD_SOURCE_04,DFD_SOURCE_04,,DFD_SOURCE_04,,train
DFD_0001041,DeepFakeDetection (DFD),raw/DFD/DFD_manipulated_sequences/DFD_manipulated_sequences/04_27__walking_outside_cafe_disgusted__2CCI2ND1.mp4,1,379,1920,1080,h264,2.91,DeepFake,DeepFakeDetection,DFD_SOURCE_04,DFD_SOURCE_04,,DFD_SOURCE_04,,train
DFD_0001042,DeepFakeDetection (DFD),raw/DFD/DFD_manipulated_sequences/DFD_manipulated_sequences/05_08__exit_phone_room__YN1Q9TER.mp4,1,417,1920,1080,h264,2.78,DeepFake,DeepFakeDetection,DFD_SOURCE_05,DFD_SOURCE_05,,DFD_SOURCE_05,,train
DFD_0001043,DeepFakeDetection (DFD),raw/DFD/DFD_manipulated_sequences/DFD_manipulated_sequences/05_08__hugging_happy__FBICSP2C.mp4,1,787,1920,1080,h264,10.29,DeepFake,DeepFakeDetection,DFD_SOURCE_05,DFD_SOURCE_05,,DFD_SOURCE_05,,train
DFD_0001044,DeepFakeDetection (DFD),raw/DFD/DFD_manipulated_sequences/DFD_manipulated_sequences/05_08__kitchen_pan__BGI70HJ5.mp4,1,656,1920,1080,h264,4.77,DeepFake,DeepFakeDetection,DFD_SOURCE_05,DFD_SOURCE_05,,DFD_SOURCE_05,,train
DFD_0001045,DeepFakeDetection (DFD),raw/DFD/DFD_manipulated_sequences/DFD_manipulated_sequences/05_08__kitchen_still__LVIZ2X8P.mp4,1,875,1920,1080,h264,5.8,DeepFake,DeepFakeDetection,DFD_SOURCE_05,DFD_SOURCE_05,,DFD_SOURCE_05,,train
DFD_0001046,DeepFakeDetection (DFD),raw/DFD/DFD_manipulated_sequences/DFD_manipulated_sequences/05_08__outside_talking_pan_laughing__FBICSP2C.mp4,1,748,1920,1080,h264,5.68,DeepFake,DeepFakeDetection,DFD_SOURCE_05,DFD_SOURCE_05,,DFD_SOURCE_05,,train
DFD_0001047,DeepFakeDetection (DFD),raw/DFD/DFD_manipulated_sequences/DFD_manipulated_sequences/05_08__talking_against_wall__BGI70HJ5.mp4,1,835,1920,1080,h264,4.5,DeepFake,DeepFakeDetection,DFD_SOURCE_05,DFD_SOURCE_05,,DFD_SOURCE_05,,train
DFD_0001048,DeepFakeDetection (DFD),raw/DFD/DFD_manipulated_sequences/DFD_manipulated_sequences/05_08__talking_against_wall__PRBCE28Z.mp4,1,835,1920,1080,h264,4.49,DeepFake,DeepFakeDetection,DFD_SOURCE_05,DFD_SOURCE_05,,DFD_SOURCE_05,,train
DFD_0001049,DeepFakeDetection (DFD),raw/DFD/DFD_manipulated_sequences/DFD_manipulated_sequences/05_08__walk_down_hall_angry__PRBCE28Z.mp4,1,437,1920,1080,h264,2.56,DeepFake,DeepFakeDetection,DFD_SOURCE_05,DFD_SOURCE_05,,DFD_SOURCE_05,,train
DFD_0001050,DeepFakeDetection (DFD),raw/DFD/DFD_manipulated_sequences/DFD_manipulated_sequences/05_08__walk_down_hall_angry__UNN7ZGKO.mp4,1,437,1920,1080,h264,2.55,DeepFake,DeepFakeDetection,DFD_SOURCE_05,DFD_SOURCE_05,,DFD_SOURCE_05,,train
DFD_0001051,DeepFakeDetection (DFD),raw/DFD/DFD_manipulated_sequences/DFD_manipulated_sequences/05_16__exit_phone_room__B62WCGUN.mp4,1,405,1920,1080,h264,2.68,DeepFake,DeepFakeDetection,DFD_SOURCE_05,DFD_SOURCE_05,,DFD_SOURCE_05,,train
DFD_0001052,DeepFakeDetection (DFD),raw/DFD/DFD_manipulated_sequences/DFD_manipulated_sequences/05_16__hugging_happy__053HPS1G.mp4,1,816,1920,1080,h264,10.54,DeepFake,DeepFakeDetection,DFD_SOURCE_05,DFD_SOURCE_05,,DFD_SOURCE_05,,train
DFD_0001053,DeepFakeDetection (DFD),raw/DFD/DFD_manipulated_sequences/DFD_manipulated_sequences/05_16__hugging_happy__4MEM6YNQ.mp4,1,819,1920,1080,h264,10.51,DeepFake,DeepFakeDetection,DFD_SOURCE_05,DFD_SOURCE_05,,DFD_SOURCE_05,,train
DFD_0001054,DeepFakeDetection (DFD),raw/DFD/DFD_manipulated_sequences/DFD_manipulated_sequences/05_16__kitchen_pan__94435UY3.mp4,1,656,1920,1080,h264,4.79,DeepFake,DeepFakeDetection,DFD_SOURCE_05,DFD_SOURCE_05,,DFD_SOURCE_05,,train
DFD_0001055,DeepFakeDetection (DFD),raw/DFD/DFD_manipulated_sequences/DFD_manipulated_sequences/05_16__kitchen_still__053HPS1G.mp4,1,875,1920,1080,h264,5.75,DeepFake,DeepFakeDetection,DFD_SOURCE_05,DFD_SOURCE_05,,DFD_SOURCE_05,,train
DFD_0001056,DeepFakeDetection (DFD),raw/DFD/DFD_manipulated_sequences/DFD_manipulated_sequences/05_16__kitchen_still__B62WCGUN.mp4,1,875,1920,1080,h264,5.81,DeepFake,DeepFakeDetection,DFD_SOURCE_05,DFD_SOURCE_05,,DFD_SOURCE_05,,train
DFD_0001057,DeepFakeDetection (DFD),raw/DFD/DFD_manipulated_sequences/DFD_manipulated_sequences/05_16__kitchen_still__O56DDU3S.mp4,1,875,1920,1080,h264,5.78,DeepFake,DeepFakeDetection,DFD_SOURCE_05,DFD_SOURCE_05,,DFD_SOURCE_05,,train
DFD_0001058,DeepFakeDetection (DFD),raw/DFD/DFD_manipulated_sequences/DFD_manipulated_sequences/05_16__outside_talking_pan_laughing__053HPS1G.mp4,1,748,1920,1080,h264,5.65,DeepFake,DeepFakeDetection,DFD_SOURCE_05,DFD_SOURCE_05,,DFD_SOURCE_05,,train
DFD_0001059,DeepFakeDetection (DFD),raw/DFD/DFD_manipulated_sequences/DFD_manipulated_sequences/05_16__podium_speech_happy__053HPS1G.mp4,1,1080,1920,1080,h264,7.77,DeepFake,DeepFakeDetection,DFD_SOURCE_05,DFD_SOURCE_05,,DFD_SOURCE_05,,train
DFD_0001060,DeepFakeDetection (DFD),raw/DFD/DFD_manipulated_sequences/DFD_manipulated_sequences/05_16__podium_speech_happy__BY646B4R.mp4,1,1080,1920,1080,h264,7.8,DeepFake,DeepFakeDetection,DFD_SOURCE_05,DFD_SOURCE_05,,DFD_SOURCE_05,,train
DFD_0001061,DeepFakeDetection (DFD),raw/DFD/DFD_manipulated_sequences/DFD_manipulated_sequences/05_16__podium_speech_happy__SYY41YGX.mp4,1,1080,1920,1080,h264,7.77,DeepFake,DeepFakeDetection,DFD_SOURCE_05,DFD_SOURCE_05,,DFD_SOURCE_05,,train
DFD_0001062,DeepFakeDetection (DFD),raw/DFD/DFD_manipulated_sequences/DFD_manipulated_sequences/05_16__talking_against_wall__U9WZI5LK.mp4,1,835,1920,1080,h264,4.44,DeepFake,DeepFakeDetection,DFD_SOURCE_05,DFD_SOURCE_05,,DFD_SOURCE_05,,train
DFD_0001063,DeepFakeDetection (DFD),raw/DFD/DFD_manipulated_sequences/DFD_manipulated_sequences/05_16__walk_down_hall_angry__4MEM6YNQ.mp4,1,420,1920,1080,h264,2.52,DeepFake,DeepFakeDetection,DFD_SOURCE_05,DFD_SOURCE_05,,DFD_SOURCE_05,,train
DFD_0001064,DeepFakeDetection (DFD),raw/DFD/DFD_manipulated_sequences/DFD_manipulated_sequences/05_16__walk_down_hall_angry__OSXCUOHX.mp4,1,420,1920,1080,h264,2.53,DeepFake,DeepFakeDetection,DFD_SOURCE_05,DFD_SOURCE_05,,DFD_SOURCE_05,,train
DFD_0001065,DeepFakeDetection (DFD),raw/DFD/DFD_manipulated_sequences/DFD_manipulated_sequences/05_16__walk_down_hall_angry__U9WZI5LK.mp4,1,420,1920,1080,h264,2.52,DeepFake,DeepFakeDetection,DFD_SOURCE_05,DFD_SOURCE_05,,DFD_SOURCE_05,,train
DFD_0001066,DeepFakeDetection (DFD),raw/DFD/DFD_manipulated_sequences/DFD_manipulated_sequences/05_16__walk_down_hall_angry__V7BK27TX.mp4,1,420,1920,1080,h264,2.52,DeepFake,DeepFakeDetection,DFD_SOURCE_05,DFD_SOURCE_05,,DFD_SOURCE_05,,train
DFD_0001067,DeepFakeDetection (DFD),raw/DFD/DFD_manipulated_sequences/DFD_manipulated_sequences/05_16__walking_down_street_outside_angry__94435UY3.mp4,1,655,1920,1080,h264,5.43,DeepFake,DeepFakeDetection,DFD_SOURCE_05,DFD_SOURCE_05,,DFD_SOURCE_05,,train
DFD_0001068,DeepFakeDetection (DFD),raw/DFD/DFD_manipulated_sequences/DFD_manipulated_sequences/05_16__walking_down_street_outside_angry__OSXCUOHX.mp4,1,630,1920,1080,h264,5.33,DeepFake,DeepFakeDetection,DFD_SOURCE_05,DFD_SOURCE_05,,DFD_SOURCE_05,,train
DFD_0001069,DeepFakeDetection (DFD),raw/DFD/DFD_manipulated_sequences/DFD_manipulated_sequences/05_16__walking_outside_cafe_disgusted__053HPS1G.mp4,1,623,1920,1080,h264,4.66,DeepFake,DeepFakeDetection,DFD_SOURCE_05,DFD_SOURCE_05,,DFD_SOURCE_05,,train
DFD_0001070,DeepFakeDetection (DFD),raw/DFD/DFD_manipulated_sequences/DFD_manipulated_sequences/05_16__walking_outside_cafe_disgusted__94435UY3.mp4,1,608,1920,1080,h264,4.47,DeepFake,DeepFakeDetection,DFD_SOURCE_05,DFD_SOURCE_05,,DFD_SOURCE_05,,train
DFD_0001071,DeepFakeDetection (DFD),raw/DFD/DFD_manipulated_sequences/DFD_manipulated_sequences/05_16__walking_outside_cafe_disgusted__O56DDU3S.mp4,1,574,1920,1080,h264,4.19,DeepFake,DeepFakeDetection,DFD_SOURCE_05,DFD_SOURCE_05,,DFD_SOURCE_05,,train
DFD_0001072,DeepFakeDetection (DFD),raw/DFD/DFD_manipulated_sequences/DFD_manipulated_sequences/05_17__hugging_happy__C4VHXZFY.mp4,1,812,1920,1080,h264,10.51,DeepFake,DeepFakeDetection,DFD_SOURCE_05,DFD_SOURCE_05,,DFD_SOURCE_05,,train
DFD_0001073,DeepFakeDetection (DFD),raw/DFD/DFD_manipulated_sequences/DFD_manipulated_sequences/05_17__hugging_happy__YTJYYDO9.mp4,1,816,1920,1080,h264,10.58,DeepFake,DeepFakeDetection,DFD_SOURCE_05,DFD_SOURCE_05,,DFD_SOURCE_05,,train
DFD_0001074,DeepFakeDetection (DFD),raw/DFD/DFD_manipulated_sequences/DFD_manipulated_sequences/05_17__kitchen_pan__M3H96PDQ.mp4,1,656,1920,1080,h264,4.78,DeepFake,DeepFakeDetection,DFD_SOURCE_05,DFD_SOURCE_05,,DFD_SOURCE_05,,train
DFD_0001075,DeepFakeDetection (DFD),raw/DFD/DFD_manipulated_sequences/DFD_manipulated_sequences/05_17__talking_against_wall__M3H96PDQ.mp4,1,835,1920,1080,h264,4.47,DeepFake,DeepFakeDetection,DFD_SOURCE_05,DFD_SOURCE_05,,DFD_SOURCE_05,,train
DFD_0001076,DeepFakeDetection (DFD),raw/DFD/DFD_manipulated_sequences/DFD_manipulated_sequences/05_17__talking_against_wall__YTJYYDO9.mp4,1,835,1920,1080,h264,4.49,DeepFake,DeepFakeDetection,DFD_SOURCE_05,DFD_SOURCE_05,,DFD_SOURCE_05,,train
DFD_0001077,DeepFakeDetection (DFD),raw/DFD/DFD_manipulated_sequences/DFD_manipulated_sequences/05_17__walk_down_hall_angry__YTJYYDO9.mp4,1,450,1920,1080,h264,2.73,DeepFake,DeepFakeDetection,DFD_SOURCE_05,DFD_SOURCE_05,,DFD_SOURCE_05,,train
DFD_0001078,DeepFakeDetection (DFD),raw/DFD/DFD_manipulated_sequences/DFD_manipulated_sequences/05_17__walking_down_street_outside_angry__M3H96PDQ.mp4,1,655,1920,1080,h264,5.45,DeepFake,DeepFakeDetection,DFD_SOURCE_05,DFD_SOURCE_05,,DFD_SOURCE_05,,train
DFD_0001079,DeepFakeDetection (DFD),raw/DFD/DFD_manipulated_sequences/DFD_manipulated_sequences/05_17__walking_outside_cafe_disgusted__C4VHXZFY.mp4,1,609,1920,1080,h264,4.48,DeepFake,DeepFakeDetection,DFD_SOURCE_05,DFD_SOURCE_05,,DFD_SOURCE_05,,train
DFD_0001080,DeepFakeDetection (DFD),raw/DFD/DFD_manipulated_sequences/DFD_manipulated_sequences/05_28__exit_phone_room__U9LRLJ6N.mp4,1,405,1920,1080,h264,2.67,DeepFake,DeepFakeDetection,DFD_SOURCE_05,DFD_SOURCE_05,,DFD_SOURCE_05,,train
DFD_0001081,DeepFakeDetection (DFD),raw/DFD/DFD_manipulated_sequences/DFD_manipulated_sequences/05_28__hugging_happy__VR9127O1.mp4,1,819,1920,1080,h264,10.52,DeepFake,DeepFakeDetection,DFD_SOURCE_05,DFD_SOURCE_05,,DFD_SOURCE_05,,train
DFD_0001082,DeepFakeDetection (DFD),raw/DFD/DFD_manipulated_sequences/DFD_manipulated_sequences/05_28__kitchen_pan__V20UNLJ5.mp4,1,656,1920,1080,h264,4.78,DeepFake,DeepFakeDetection,DFD_SOURCE_05,DFD_SOURCE_05,,DFD_SOURCE_05,,train
DFD_0001083,DeepFakeDetection (DFD),raw/DFD/DFD_manipulated_sequences/DFD_manipulated_sequences/05_28__kitchen_still__W3J028UG.mp4,1,875,1920,1080,h264,5.78,DeepFake,DeepFakeDetection,DFD_SOURCE_05,DFD_SOURCE_05,,DFD_SOURCE_05,,train
DFD_0001084,DeepFakeDetection (DFD),raw/DFD/DFD_manipulated_sequences/DFD_manipulated_sequences/05_28__podium_speech_happy__2DK5X0Y0.mp4,1,1080,1920,1080,h264,7.76,DeepFake,DeepFakeDetection,DFD_SOURCE_05,DFD_SOURCE_05,,DFD_SOURCE_05,,train
DFD_0001085,DeepFakeDetection (DFD),raw/DFD/DFD_manipulated_sequences/DFD_manipulated_sequences/05_28__walking_down_street_outside_angry__U9LRLJ6N.mp4,1,630,1920,1080,h264,5.32,DeepFake,DeepFakeDetection,DFD_SOURCE_05,DFD_SOURCE_05,,DFD_SOURCE_05,,train
DFD_0001086,DeepFakeDetection (DFD),raw/DFD/DFD_manipulated_sequences/DFD_manipulated_sequences/05_28__walking_down_street_outside_angry__V20UNLJ5.mp4,1,655,1920,1080,h264,5.44,DeepFake,DeepFakeDetection,DFD_SOURCE_05,DFD_SOURCE_05,,DFD_SOURCE_05,,train
DFD_0001087,DeepFakeDetection (DFD),raw/DFD/DFD_manipulated_sequences/DFD_manipulated_sequences/05_28__walking_outside_cafe_disgusted__2DK5X0Y0.mp4,1,623,1920,1080,h264,4.66,DeepFake,DeepFakeDetection,DFD_SOURCE_05,DFD_SOURCE_05,,DFD_SOURCE_05,,train
DFD_0001088,DeepFakeDetection (DFD),raw/DFD/DFD_manipulated_sequences/DFD_manipulated_sequences/05_28__walking_outside_cafe_disgusted__U9LRLJ6N.mp4,1,574,1920,1080,h264,4.19,DeepFake,DeepFakeDetection,DFD_SOURCE_05,DFD_SOURCE_05,,DFD_SOURCE_05,,train
DFD_0001089,DeepFakeDetection (DFD),raw/DFD/DFD_manipulated_sequences/DFD_manipulated_sequences/06_02__exit_phone_room__3J3BHSHI.mp4,1,233,1920,1080,h264,1.58,DeepFake,DeepFakeDetection,DFD_SOURCE_06,DFD_SOURCE_06,,DFD_SOURCE_06,,train
DFD_0001090,DeepFakeDetection (DFD),raw/DFD/DFD_manipulated_sequences/DFD_manipulated_sequences/06_02__exit_phone_room__J1W9R0NG.mp4,1,233,1920,1080,h264,1.58,DeepFake,DeepFakeDetection,DFD_SOURCE_06,DFD_SOURCE_06,,DFD_SOURCE_06,,train
DFD_0001091,DeepFakeDetection (DFD),raw/DFD/DFD_manipulated_sequences/DFD_manipulated_sequences/06_02__exit_phone_room__SU4OQCS9.mp4,1,277,1920,1080,h264,1.95,DeepFake,DeepFakeDetection,DFD_SOURCE_06,DFD_SOURCE_06,,DFD_SOURCE_06,,train
DFD_0001092,DeepFakeDetection (DFD),raw/DFD/DFD_manipulated_sequences/DFD_manipulated_sequences/06_02__kitchen_pan__O9WOC1KJ.mp4,1,688,1920,1080,h264,5.51,DeepFake,DeepFakeDetection,DFD_SOURCE_06,DFD_SOURCE_06,,DFD_SOURCE_06,,train
DFD_0001093,DeepFakeDetection (DFD),raw/DFD/DFD_manipulated_sequences/DFD_manipulated_sequences/06_02__outside_talking_still_laughing__HZAXM70B.mp4,1,720,1920,1080,h264,4.56,DeepFake,DeepFakeDetection,DFD_SOURCE_06,DFD_SOURCE_06,,DFD_SOURCE_06,,train
DFD_0001094,DeepFakeDetection (DFD),raw/DFD/DFD_manipulated_sequences/DFD_manipulated_sequences/06_02__podium_speech_happy__N8OSN8P6.mp4,1,1255,1920,1080,h264,8.59,DeepFake,DeepFakeDetection,DFD_SOURCE_06,DFD_SOURCE_06,,DFD_SOURCE_06,,train
DFD_0001095,DeepFakeDetection (DFD),raw/DFD/DFD_manipulated_sequences/DFD_manipulated_sequences/06_02__talking_against_wall__GH8TGTBS.mp4,1,845,1920,1080,h264,3.93,DeepFake,DeepFakeDetection,DFD_SOURCE_06,DFD_SOURCE_06,,DFD_SOURCE_06,,train
DFD_0001096,DeepFakeDetection (DFD),raw/DFD/DFD_manipulated_sequences/DFD_manipulated_sequences/06_02__talking_against_wall__MKZTXQ2T.mp4,1,845,1920,1080,h264,3.86,DeepFake,DeepFakeDetection,DFD_SOURCE_06,DFD_SOURCE_06,,DFD_SOURCE_06,,train
DFD_0001097,DeepFakeDetection (DFD),raw/DFD/DFD_manipulated_sequences/DFD_manipulated_sequences/06_02__talking_against_wall__SU4OQCS9.mp4,1,845,1920,1080,h264,3.95,DeepFake,DeepFakeDetection,DFD_SOURCE_06,DFD_SOURCE_06,,DFD_SOURCE_06,,train
DFD_0001098,DeepFakeDetection (DFD),raw/DFD/DFD_manipulated_sequences/DFD_manipulated_sequences/06_02__talking_angry_couch__J1W9R0NG.mp4,1,1184,1920,1080,h264,13.32,DeepFake,DeepFakeDetection,DFD_SOURCE_06,DFD_SOURCE_06,,DFD_SOURCE_06,,train
DFD_0001099,DeepFakeDetection (DFD),raw/DFD/DFD_manipulated_sequences/DFD_manipulated_sequences/06_02__talking_angry_couch__U6MDWIHG.mp4,1,1184,1920,1080,h264,13.33,DeepFake,DeepFakeDetection,DFD_SOURCE_06,DFD_SOURCE_06,,DFD_SOURCE_06,,train
DFD_0001100,DeepFakeDetection (DFD),raw/DFD/DFD_manipulated_sequences/DFD_manipulated_sequences/06_02__walk_down_hall_angry__37DH75GQ.mp4,1,301,1920,1080,h264,1.88,DeepFake,DeepFakeDetection,DFD_SOURCE_06,DFD_SOURCE_06,,DFD_SOURCE_06,,train
DFD_0001101,DeepFakeDetection (DFD),raw/DFD/DFD_manipulated_sequences/DFD_manipulated_sequences/06_02__walking_and_outside_surprised__MKZTXQ2T.mp4,1,999,1920,1080,h264,15.83,DeepFake,DeepFakeDetection,DFD_SOURCE_06,DFD_SOURCE_06,,DFD_SOURCE_06,,train
DFD_0001102,DeepFakeDetection (DFD),raw/DFD/DFD_manipulated_sequences/DFD_manipulated_sequences/06_02__walking_and_outside_surprised__O9WOC1KJ.mp4,1,1002,1920,1080,h264,16.0,DeepFake,DeepFakeDetection,DFD_SOURCE_06,DFD_SOURCE_06,,DFD_SOURCE_06,,train
DFD_0001103,DeepFakeDetection (DFD),raw/DFD/DFD_manipulated_sequences/DFD_manipulated_sequences/06_02__walking_down_indoor_hall_disgust__GH8TGTBS.mp4,1,1291,1920,1080,h264,19.51,DeepFake,DeepFakeDetection,DFD_SOURCE_06,DFD_SOURCE_06,,DFD_SOURCE_06,,train
DFD_0001104,DeepFakeDetection (DFD),raw/DFD/DFD_manipulated_sequences/DFD_manipulated_sequences/06_02__walking_down_indoor_hall_disgust__U6MDWIHG.mp4,1,1358,1920,1080,h264,20.46,DeepFake,DeepFakeDetection,DFD_SOURCE_06,DFD_SOURCE_06,,DFD_SOURCE_06,,train
DFD_0001105,DeepFakeDetection (DFD),raw/DFD/DFD_manipulated_sequences/DFD_manipulated_sequences/06_02__walking_down_street_outside_angry__0M6JNS5D.mp4,1,576,1920,1080,h264,4.22,DeepFake,DeepFakeDetection,DFD_SOURCE_06,DFD_SOURCE_06,,DFD_SOURCE_06,,train
DFD_0001106,DeepFakeDetection (DFD),raw/DFD/DFD_manipulated_sequences/DFD_manipulated_sequences/06_02__walking_down_street_outside_angry__37DH75GQ.mp4,1,577,1920,1080,h264,4.23,DeepFake,DeepFakeDetection,DFD_SOURCE_06,DFD_SOURCE_06,,DFD_SOURCE_06,,train
DFD_0001107,DeepFakeDetection (DFD),raw/DFD/DFD_manipulated_sequences/DFD_manipulated_sequences/06_03__exit_phone_room__1IXGY2FK.mp4,1,233,1920,1080,h264,1.58,DeepFake,DeepFakeDetection,DFD_SOURCE_06,DFD_SOURCE_06,,DFD_SOURCE_06,,train
DFD_0001108,DeepFakeDetection (DFD),raw/DFD/DFD_manipulated_sequences/DFD_manipulated_sequences/06_03__hugging_happy__1IXGY2FK.mp4,1,861,1920,1080,h264,10.16,DeepFake,DeepFakeDetection,DFD_SOURCE_06,DFD_SOURCE_06,,DFD_SOURCE_06,,train
DFD_0001109,DeepFakeDetection (DFD),raw/DFD/DFD_manipulated_sequences/DFD_manipulated_sequences/06_03__hugging_happy__4I8LRXWF.mp4,1,852,1920,1080,h264,10.1,DeepFake,DeepFakeDetection,DFD_SOURCE_06,DFD_SOURCE_06,,DFD_SOURCE_06,,train
DFD_0001110,DeepFakeDetection (DFD),raw/DFD/DFD_manipulated_sequences/DFD_manipulated_sequences/06_03__kitchen_pan__1IXGY2FK.mp4,1,688,1920,1080,h264,5.49,DeepFake,DeepFakeDetection,DFD_SOURCE_06,DFD_SOURCE_06,,DFD_SOURCE_06,,train
DFD_0001111,DeepFakeDetection (DFD),raw/DFD/DFD_manipulated_sequences/DFD_manipulated_sequences/06_03__kitchen_pan__2XWC5JED.mp4,1,687,1920,1080,h264,5.48,DeepFake,DeepFakeDetection,DFD_SOURCE_06,DFD_SOURCE_06,,DFD_SOURCE_06,,train
DFD_0001112,DeepFakeDetection (DFD),raw/DFD/DFD_manipulated_sequences/DFD_manipulated_sequences/06_03__kitchen_pan__KIWCEATU.mp4,1,688,1920,1080,h264,5.5,DeepFake,DeepFakeDetection,DFD_SOURCE_06,DFD_SOURCE_06,,DFD_SOURCE_06,,train
DFD_0001113,DeepFakeDetection (DFD),raw/DFD/DFD_manipulated_sequences/DFD_manipulated_sequences/06_03__kitchen_still__1IXGY2FK.mp4,1,915,1920,1080,h264,6.75,DeepFake,DeepFakeDetection,DFD_SOURCE_06,DFD_SOURCE_06,,DFD_SOURCE_06,,train
DFD_0001114,DeepFakeDetection (DFD),raw/DFD/DFD_manipulated_sequences/DFD_manipulated_sequences/06_03__outside_talking_still_laughing__ZFRX9RKW.mp4,1,738,1920,1080,h264,4.59,DeepFake,DeepFakeDetection,DFD_SOURCE_06,DFD_SOURCE_06,,DFD_SOURCE_06,,train
DFD_0001115,DeepFakeDetection (DFD),raw/DFD/DFD_manipulated_sequences/DFD_manipulated_sequences/06_03__podium_speech_happy__1IXGY2FK.mp4,1,1255,1920,1080,h264,8.5,DeepFake,DeepFakeDetection,DFD_SOURCE_06,DFD_SOURCE_06,,DFD_SOURCE_06,,train
DFD_0001116,DeepFakeDetection (DFD),raw/DFD/DFD_manipulated_sequences/DFD_manipulated_sequences/06_03__talking_against_wall__1IXGY2FK.mp4,1,845,1920,1080,h264,3.93,DeepFake,DeepFakeDetection,DFD_SOURCE_06,DFD_SOURCE_06,,DFD_SOURCE_06,,train
DFD_0001117,DeepFakeDetection (DFD),raw/DFD/DFD_manipulated_sequences/DFD_manipulated_sequences/06_03__talking_against_wall__4I8LRXWF.mp4,1,845,1920,1080,h264,3.9,DeepFake,DeepFakeDetection,DFD_SOURCE_06,DFD_SOURCE_06,,DFD_SOURCE_06,,train
DFD_0001118,DeepFakeDetection (DFD),raw/DFD/DFD_manipulated_sequences/DFD_manipulated_sequences/06_03__talking_angry_couch__83ABVHC3.mp4,1,1182,1920,1080,h264,13.25,DeepFake,DeepFakeDetection,DFD_SOURCE_06,DFD_SOURCE_06,,DFD_SOURCE_06,,train
DFD_0001119,DeepFakeDetection (DFD),raw/DFD/DFD_manipulated_sequences/DFD_manipulated_sequences/06_03__walk_down_hall_angry__1IXGY2FK.mp4,1,280,1920,1080,h264,1.64,DeepFake,DeepFakeDetection,DFD_SOURCE_06,DFD_SOURCE_06,,DFD_SOURCE_06,,train
DFD_0001120,DeepFakeDetection (DFD),raw/DFD/DFD_manipulated_sequences/DFD_manipulated_sequences/06_03__walking_down_indoor_hall_disgust__1IXGY2FK.mp4,1,1360,1920,1080,h264,20.51,DeepFake,DeepFakeDetection,DFD_SOURCE_06,DFD_SOURCE_06,,DFD_SOURCE_06,,train
DFD_0001121,DeepFakeDetection (DFD),raw/DFD/DFD_manipulated_sequences/DFD_manipulated_sequences/06_03__walking_down_indoor_hall_disgust__KIWCEATU.mp4,1,1358,1920,1080,h264,20.51,DeepFake,DeepFakeDetection,DFD_SOURCE_06,DFD_SOURCE_06,,DFD_SOURCE_06,,train
DFD_0001122,DeepFakeDetection (DFD),raw/DFD/DFD_manipulated_sequences/DFD_manipulated_sequences/06_03__walking_down_indoor_hall_disgust__OPTNKNYK.mp4,1,1288,1920,1080,h264,19.36,DeepFake,DeepFakeDetection,DFD_SOURCE_06,DFD_SOURCE_06,,DFD_SOURCE_06,,train
DFD_0001123,DeepFakeDetection (DFD),raw/DFD/DFD_manipulated_sequences/DFD_manipulated_sequences/06_03__walking_down_street_outside_angry__1IXGY2FK.mp4,1,550,1920,1080,h264,4.05,DeepFake,DeepFakeDetection,DFD_SOURCE_06,DFD_SOURCE_06,,DFD_SOURCE_06,,train
DFD_0001124,DeepFakeDetection (DFD),raw/DFD/DFD_manipulated_sequences/DFD_manipulated_sequences/06_04__kitchen_still__ZK95PQDE.mp4,1,915,1920,1080,h264,6.76,DeepFake,DeepFakeDetection,DFD_SOURCE_06,DFD_SOURCE_06,,DFD_SOURCE_06,,train
DFD_0001125,DeepFakeDetection (DFD),raw/DFD/DFD_manipulated_sequences/DFD_manipulated_sequences/06_04__outside_talking_still_laughing__ZK95PQDE.mp4,1,669,1920,1080,h264,4.28,DeepFake,DeepFakeDetection,DFD_SOURCE_06,DFD_SOURCE_06,,DFD_SOURCE_06,,train
DFD_0001126,DeepFakeDetection (DFD),raw/DFD/DFD_manipulated_sequences/DFD_manipulated_sequences/06_04__talking_against_wall__ZK95PQDE.mp4,1,845,1920,1080,h264,3.87,DeepFake,DeepFakeDetection,DFD_SOURCE_06,DFD_SOURCE_06,,DFD_SOURCE_06,,train
DFD_0001127,DeepFakeDetection (DFD),raw/DFD/DFD_manipulated_sequences/DFD_manipulated_sequences/06_04__walking_down_indoor_hall_disgust__ZK95PQDE.mp4,1,1289,1920,1080,h264,19.4,DeepFake,DeepFakeDetection,DFD_SOURCE_06,DFD_SOURCE_06,,DFD_SOURCE_06,,train
DFD_0001128,DeepFakeDetection (DFD),raw/DFD/DFD_manipulated_sequences/DFD_manipulated_sequences/06_04__walking_outside_cafe_disgusted__ZK95PQDE.mp4,1,315,1920,1080,h264,3.07,DeepFake,DeepFakeDetection,DFD_SOURCE_06,DFD_SOURCE_06,,DFD_SOURCE_06,,train
DFD_0001129,DeepFakeDetection (DFD),raw/DFD/DFD_manipulated_sequences/DFD_manipulated_sequences/06_07__exit_phone_room__NMGYPBXE.mp4,1,260,1920,1080,h264,1.81,DeepFake,DeepFakeDetection,DFD_SOURCE_06,DFD_SOURCE_06,,DFD_SOURCE_06,,train
DFD_0001130,DeepFakeDetection (DFD),raw/DFD/DFD_manipulated_sequences/DFD_manipulated_sequences/06_07__kitchen_pan__NMGYPBXE.mp4,1,689,1920,1080,h264,5.51,DeepFake,DeepFakeDetection,DFD_SOURCE_06,DFD_SOURCE_06,,DFD_SOURCE_06,,train
DFD_0001131,DeepFakeDetection (DFD),raw/DFD/DFD_manipulated_sequences/DFD_manipulated_sequences/06_07__outside_talking_pan_laughing__NMGYPBXE.mp4,1,623,1920,1080,h264,4.66,DeepFake,DeepFakeDetection,DFD_SOURCE_06,DFD_SOURCE_06,,DFD_SOURCE_06,,train
DFD_0001132,DeepFakeDetection (DFD),raw/DFD/DFD_manipulated_sequences/DFD_manipulated_sequences/06_07__outside_talking_still_laughing__NMGYPBXE.mp4,1,733,1920,1080,h264,4.6,DeepFake,DeepFakeDetection,DFD_SOURCE_06,DFD_SOURCE_06,,DFD_SOURCE_06,,train
DFD_0001133,DeepFakeDetection (DFD),raw/DFD/DFD_manipulated_sequences/DFD_manipulated_sequences/06_07__podium_speech_happy__NMGYPBXE.mp4,1,1251,1920,1080,h264,8.61,DeepFake,DeepFakeDetection,DFD_SOURCE_06,DFD_SOURCE_06,,DFD_SOURCE_06,,train
DFD_0001134,DeepFakeDetection (DFD),raw/DFD/DFD_manipulated_sequences/DFD_manipulated_sequences/06_07__talking_against_wall__NMGYPBXE.mp4,1,845,1920,1080,h264,4.0,DeepFake,DeepFakeDetection,DFD_SOURCE_06,DFD_SOURCE_06,,DFD_SOURCE_06,,train
DFD_0001135,DeepFakeDetection (DFD),raw/DFD/DFD_manipulated_sequences/DFD_manipulated_sequences/06_07__walking_down_street_outside_angry__NMGYPBXE.mp4,1,565,1920,1080,h264,4.05,DeepFake,DeepFakeDetection,DFD_SOURCE_06,DFD_SOURCE_06,,DFD_SOURCE_06,,train
DFD_0001136,DeepFakeDetection (DFD),raw/DFD/DFD_manipulated_sequences/DFD_manipulated_sequences/06_07__walking_outside_cafe_disgusted__NMGYPBXE.mp4,1,342,1920,1080,h264,3.37,DeepFake,DeepFakeDetection,DFD_SOURCE_06,DFD_SOURCE_06,,DFD_SOURCE_06,,train
DFD_0001137,DeepFakeDetection (DFD),raw/DFD/DFD_manipulated_sequences/DFD_manipulated_sequences/06_11__exit_phone_room__C8C4FW99.mp4,1,232,1920,1080,h264,1.57,DeepFake,DeepFakeDetection,DFD_SOURCE_06,DFD_SOURCE_06,,DFD_SOURCE_06,,train
DFD_0001138,DeepFakeDetection (DFD),raw/DFD/DFD_manipulated_sequences/DFD_manipulated_sequences/06_11__hugging_happy__C8C4FW99.mp4,1,851,1920,1080,h264,10.17,DeepFake,DeepFakeDetection,DFD_SOURCE_06,DFD_SOURCE_06,,DFD_SOURCE_06,,train
DFD_0001139,DeepFakeDetection (DFD),raw/DFD/DFD_manipulated_sequences/DFD_manipulated_sequences/06_11__kitchen_still__C8C4FW99.mp4,1,915,1920,1080,h264,6.81,DeepFake,DeepFakeDetection,DFD_SOURCE_06,DFD_SOURCE_06,,DFD_SOURCE_06,,train
DFD_0001140,DeepFakeDetection (DFD),raw/DFD/DFD_manipulated_sequences/DFD_manipulated_sequences/06_11__outside_talking_pan_laughing__C8C4FW99.mp4,1,625,1920,1080,h264,4.67,DeepFake,DeepFakeDetection,DFD_SOURCE_06,DFD_SOURCE_06,,DFD_SOURCE_06,,train
DFD_0001141,DeepFakeDetection (DFD),raw/DFD/DFD_manipulated_sequences/DFD_manipulated_sequences/06_11__outside_talking_pan_laughing__MX659QU8.mp4,1,626,1920,1080,h264,4.69,DeepFake,DeepFakeDetection,DFD_SOURCE_06,DFD_SOURCE_06,,DFD_SOURCE_06,,train
DFD_0001142,DeepFakeDetection (DFD),raw/DFD/DFD_manipulated_sequences/DFD_manipulated_sequences/06_11__outside_talking_still_laughing__C8C4FW99.mp4,1,704,1920,1080,h264,4.46,DeepFake,DeepFakeDetection,DFD_SOURCE_06,DFD_SOURCE_06,,DFD_SOURCE_06,,train
DFD_0001143,DeepFakeDetection (DFD),raw/DFD/DFD_manipulated_sequences/DFD_manipulated_sequences/06_11__outside_talking_still_laughing__MX659QU8.mp4,1,603,1920,1080,h264,3.98,DeepFake,DeepFakeDetection,DFD_SOURCE_06,DFD_SOURCE_06,,DFD_SOURCE_06,,train
DFD_0001144,DeepFakeDetection (DFD),raw/DFD/DFD_manipulated_sequences/DFD_manipulated_sequences/06_11__talking_against_wall__C8C4FW99.mp4,1,845,1920,1080,h264,3.9,DeepFake,DeepFakeDetection,DFD_SOURCE_06,DFD_SOURCE_06,,DFD_SOURCE_06,,train
DFD_0001145,DeepFakeDetection (DFD),raw/DFD/DFD_manipulated_sequences/DFD_manipulated_sequences/06_11__walking_and_outside_surprised__C8C4FW99.mp4,1,977,1920,1080,h264,15.6,DeepFake,DeepFakeDetection,DFD_SOURCE_06,DFD_SOURCE_06,,DFD_SOURCE_06,,train
DFD_0001146,DeepFakeDetection (DFD),raw/DFD/DFD_manipulated_sequences/DFD_manipulated_sequences/06_11__walking_outside_cafe_disgusted__MX659QU8.mp4,1,315,1920,1080,h264,3.1,DeepFake,DeepFakeDetection,DFD_SOURCE_06,DFD_SOURCE_06,,DFD_SOURCE_06,,train
DFD_0001147,DeepFakeDetection (DFD),raw/DFD/DFD_manipulated_sequences/DFD_manipulated_sequences/06_12__hugging_happy__3K21NFNM.mp4,1,854,1920,1080,h264,10.18,DeepFake,DeepFakeDetection,DFD_SOURCE_06,DFD_SOURCE_06,,DFD_SOURCE_06,,train
DFD_0001148,DeepFakeDetection (DFD),raw/DFD/DFD_manipulated_sequences/DFD_manipulated_sequences/06_12__hugging_happy__F3I4PDYF.mp4,1,830,1920,1080,h264,10.0,DeepFake,DeepFakeDetection,DFD_SOURCE_06,DFD_SOURCE_06,,DFD_SOURCE_06,,train
DFD_0001149,DeepFakeDetection (DFD),raw/DFD/DFD_manipulated_sequences/DFD_manipulated_sequences/06_12__outside_talking_pan_laughing__0VR4Y891.mp4,1,505,1920,1080,h264,3.95,DeepFake,DeepFakeDetection,DFD_SOURCE_06,DFD_SOURCE_06,,DFD_SOURCE_06,,train
DFD_0001150,DeepFakeDetection (DFD),raw/DFD/DFD_manipulated_sequences/DFD_manipulated_sequences/06_12__outside_talking_pan_laughing__3K21NFNM.mp4,1,586,1920,1080,h264,4.44,DeepFake,DeepFakeDetection,DFD_SOURCE_06,DFD_SOURCE_06,,DFD_SOURCE_06,,train
DFD_0001151,DeepFakeDetection (DFD),raw/DFD/DFD_manipulated_sequences/DFD_manipulated_sequences/06_12__outside_talking_still_laughing__3K21NFNM.mp4,1,680,1920,1080,h264,4.35,DeepFake,DeepFakeDetection,DFD_SOURCE_06,DFD_SOURCE_06,,DFD_SOURCE_06,,train
DFD_0001152,DeepFakeDetection (DFD),raw/DFD/DFD_manipulated_sequences/DFD_manipulated_sequences/06_12__podium_speech_happy__0VR4Y891.mp4,1,1239,1920,1080,h264,8.66,DeepFake,DeepFakeDetection,DFD_SOURCE_06,DFD_SOURCE_06,,DFD_SOURCE_06,,train
DFD_0001153,DeepFakeDetection (DFD),raw/DFD/DFD_manipulated_sequences/DFD_manipulated_sequences/06_12__podium_speech_happy__3K21NFNM.mp4,1,1246,1920,1080,h264,8.49,DeepFake,DeepFakeDetection,DFD_SOURCE_06,DFD_SOURCE_06,,DFD_SOURCE_06,,train
DFD_0001154,DeepFakeDetection (DFD),raw/DFD/DFD_manipulated_sequences/DFD_manipulated_sequences/06_12__talking_against_wall__0VR4Y891.mp4,1,845,1920,1080,h264,3.98,DeepFake,DeepFakeDetection,DFD_SOURCE_06,DFD_SOURCE_06,,DFD_SOURCE_06,,train
DFD_0001155,DeepFakeDetection (DFD),raw/DFD/DFD_manipulated_sequences/DFD_manipulated_sequences/06_12__talking_against_wall__3K21NFNM.mp4,1,845,1920,1080,h264,4.01,DeepFake,DeepFakeDetection,DFD_SOURCE_06,DFD_SOURCE_06,,DFD_SOURCE_06,,train
DFD_0001156,DeepFakeDetection (DFD),raw/DFD/DFD_manipulated_sequences/DFD_manipulated_sequences/06_12__walk_down_hall_angry__3K21NFNM.mp4,1,280,1920,1080,h264,1.64,DeepFake,DeepFakeDetection,DFD_SOURCE_06,DFD_SOURCE_06,,DFD_SOURCE_06,,train
DFD_0001157,DeepFakeDetection (DFD),raw/DFD/DFD_manipulated_sequences/DFD_manipulated_sequences/06_12__walking_and_outside_surprised__3K21NFNM.mp4,1,978,1920,1080,h264,15.72,DeepFake,DeepFakeDetection,DFD_SOURCE_06,DFD_SOURCE_06,,DFD_SOURCE_06,,train
DFD_0001158,DeepFakeDetection (DFD),raw/DFD/DFD_manipulated_sequences/DFD_manipulated_sequences/06_12__walking_down_indoor_hall_disgust__3K21NFNM.mp4,1,1287,1920,1080,h264,19.5,DeepFake,DeepFakeDetection,DFD_SOURCE_06,DFD_SOURCE_06,,DFD_SOURCE_06,,train
DFD_0001159,DeepFakeDetection (DFD),raw/DFD/DFD_manipulated_sequences/DFD_manipulated_sequences/06_12__walking_down_street_outside_angry__3K21NFNM.mp4,1,549,1920,1080,h264,4.03,DeepFake,DeepFakeDetection,DFD_SOURCE_06,DFD_SOURCE_06,,DFD_SOURCE_06,,train
DFD_0001160,DeepFakeDetection (DFD),raw/DFD/DFD_manipulated_sequences/DFD_manipulated_sequences/06_14__hugging_happy__8U9ULZDT.mp4,1,864,1920,1080,h264,10.24,DeepFake,DeepFakeDetection,DFD_SOURCE_06,DFD_SOURCE_06,,DFD_SOURCE_06,,train
DFD_0001161,DeepFakeDetection (DFD),raw/DFD/DFD_manipulated_sequences/DFD_manipulated_sequences/06_14__kitchen_still__8U9ULZDT.mp4,1,915,1920,1080,h264,6.77,DeepFake,DeepFakeDetection,DFD_SOURCE_06,DFD_SOURCE_06,,DFD_SOURCE_06,,train
DFD_0001162,DeepFakeDetection (DFD),raw/DFD/DFD_manipulated_sequences/DFD_manipulated_sequences/06_14__outside_talking_pan_laughing__8U9ULZDT.mp4,1,621,1920,1080,h264,4.67,DeepFake,DeepFakeDetection,DFD_SOURCE_06,DFD_SOURCE_06,,DFD_SOURCE_06,,train
DFD_0001163,DeepFakeDetection (DFD),raw/DFD/DFD_manipulated_sequences/DFD_manipulated_sequences/06_14__outside_talking_still_laughing__8U9ULZDT.mp4,1,723,1920,1080,h264,4.6,DeepFake,DeepFakeDetection,DFD_SOURCE_06,DFD_SOURCE_06,,DFD_SOURCE_06,,train
DFD_0001164,DeepFakeDetection (DFD),raw/DFD/DFD_manipulated_sequences/DFD_manipulated_sequences/06_14__podium_speech_happy__8U9ULZDT.mp4,1,1250,1920,1080,h264,8.65,DeepFake,DeepFakeDetection,DFD_SOURCE_06,DFD_SOURCE_06,,DFD_SOURCE_06,,train
DFD_0001165,DeepFakeDetection (DFD),raw/DFD/DFD_manipulated_sequences/DFD_manipulated_sequences/06_14__talking_angry_couch__8U9ULZDT.mp4,1,1184,1920,1080,h264,13.29,DeepFake,DeepFakeDetection,DFD_SOURCE_06,DFD_SOURCE_06,,DFD_SOURCE_06,,train
DFD_0001166,DeepFakeDetection (DFD),raw/DFD/DFD_manipulated_sequences/DFD_manipulated_sequences/06_14__walking_and_outside_surprised__8U9ULZDT.mp4,1,977,1920,1080,h264,15.55,DeepFake,DeepFakeDetection,DFD_SOURCE_06,DFD_SOURCE_06,,DFD_SOURCE_06,,train
DFD_0001167,DeepFakeDetection (DFD),raw/DFD/DFD_manipulated_sequences/DFD_manipulated_sequences/06_14__walking_down_indoor_hall_disgust__8U9ULZDT.mp4,1,1358,1920,1080,h264,20.46,DeepFake,DeepFakeDetection,DFD_SOURCE_06,DFD_SOURCE_06,,DFD_SOURCE_06,,train
DFD_0001168,DeepFakeDetection (DFD),raw/DFD/DFD_manipulated_sequences/DFD_manipulated_sequences/06_15__exit_phone_room__QRCD27P8.mp4,1,262,1920,1080,h264,1.79,DeepFake,DeepFakeDetection,DFD_SOURCE_06,DFD_SOURCE_06,,DFD_SOURCE_06,,train
DFD_0001169,DeepFakeDetection (DFD),raw/DFD/DFD_manipulated_sequences/DFD_manipulated_sequences/06_15__hugging_happy__QRCD27P8.mp4,1,863,1920,1080,h264,10.16,DeepFake,DeepFakeDetection,DFD_SOURCE_06,DFD_SOURCE_06,,DFD_SOURCE_06,,train
DFD_0001170,DeepFakeDetection (DFD),raw/DFD/DFD_manipulated_sequences/DFD_manipulated_sequences/06_15__kitchen_pan__E98QYYXO.mp4,1,688,1920,1080,h264,5.52,DeepFake,DeepFakeDetection,DFD_SOURCE_06,DFD_SOURCE_06,,DFD_SOURCE_06,,train
DFD_0001171,DeepFakeDetection (DFD),raw/DFD/DFD_manipulated_sequences/DFD_manipulated_sequences/06_15__kitchen_pan__QRCD27P8.mp4,1,688,1920,1080,h264,5.48,DeepFake,DeepFakeDetection,DFD_SOURCE_06,DFD_SOURCE_06,,DFD_SOURCE_06,,train
DFD_0001172,DeepFakeDetection (DFD),raw/DFD/DFD_manipulated_sequences/DFD_manipulated_sequences/06_15__kitchen_still__QRCD27P8.mp4,1,915,1920,1080,h264,6.76,DeepFake,DeepFakeDetection,DFD_SOURCE_06,DFD_SOURCE_06,,DFD_SOURCE_06,,train
DFD_0001173,DeepFakeDetection (DFD),raw/DFD/DFD_manipulated_sequences/DFD_manipulated_sequences/06_15__outside_talking_pan_laughing__QRCD27P8.mp4,1,624,1920,1080,h264,4.67,DeepFake,DeepFakeDetection,DFD_SOURCE_06,DFD_SOURCE_06,,DFD_SOURCE_06,,train
DFD_0001174,DeepFakeDetection (DFD),raw/DFD/DFD_manipulated_sequences/DFD_manipulated_sequences/06_15__outside_talking_still_laughing__E98QYYXO.mp4,1,746,1920,1080,h264,4.64,DeepFake,DeepFakeDetection,DFD_SOURCE_06,DFD_SOURCE_06,,DFD_SOURCE_06,,train
DFD_0001175,DeepFakeDetection (DFD),raw/DFD/DFD_manipulated_sequences/DFD_manipulated_sequences/06_15__outside_talking_still_laughing__QRCD27P8.mp4,1,720,1920,1080,h264,4.54,DeepFake,DeepFakeDetection,DFD_SOURCE_06,DFD_SOURCE_06,,DFD_SOURCE_06,,train
DFD_0001176,DeepFakeDetection (DFD),raw/DFD/DFD_manipulated_sequences/DFD_manipulated_sequences/06_15__podium_speech_happy__QRCD27P8.mp4,1,1255,1920,1080,h264,8.68,DeepFake,DeepFakeDetection,DFD_SOURCE_06,DFD_SOURCE_06,,DFD_SOURCE_06,,train
DFD_0001177,DeepFakeDetection (DFD),raw/DFD/DFD_manipulated_sequences/DFD_manipulated_sequences/06_15__talking_against_wall__QRCD27P8.mp4,1,845,1920,1080,h264,3.84,DeepFake,DeepFakeDetection,DFD_SOURCE_06,DFD_SOURCE_06,,DFD_SOURCE_06,,train
DFD_0001178,DeepFakeDetection (DFD),raw/DFD/DFD_manipulated_sequences/DFD_manipulated_sequences/06_15__walking_and_outside_surprised__QRCD27P8.mp4,1,986,1920,1080,h264,15.67,DeepFake,DeepFakeDetection,DFD_SOURCE_06,DFD_SOURCE_06,,DFD_SOURCE_06,,train
DFD_0001179,DeepFakeDetection (DFD),raw/DFD/DFD_manipulated_sequences/DFD_manipulated_sequences/06_15__walking_down_indoor_hall_disgust__QRCD27P8.mp4,1,1357,1920,1080,h264,20.44,DeepFake,DeepFakeDetection,DFD_SOURCE_06,DFD_SOURCE_06,,DFD_SOURCE_06,,train
DFD_0001180,DeepFakeDetection (DFD),raw/DFD/DFD_manipulated_sequences/DFD_manipulated_sequences/06_15__walking_down_street_outside_angry__YDX3GHFS.mp4,1,549,1920,1080,h264,4.03,DeepFake,DeepFakeDetection,DFD_SOURCE_06,DFD_SOURCE_06,,DFD_SOURCE_06,,train
DFD_0001181,DeepFakeDetection (DFD),raw/DFD/DFD_manipulated_sequences/DFD_manipulated_sequences/06_15__walking_outside_cafe_disgusted__QRCD27P8.mp4,1,343,1920,1080,h264,3.35,DeepFake,DeepFakeDetection,DFD_SOURCE_06,DFD_SOURCE_06,,DFD_SOURCE_06,,train
DFD_0001182,DeepFakeDetection (DFD),raw/DFD/DFD_manipulated_sequences/DFD_manipulated_sequences/06_18__exit_phone_room__H9445M6R.mp4,1,232,1920,1080,h264,1.57,DeepFake,DeepFakeDetection,DFD_SOURCE_06,DFD_SOURCE_06,,DFD_SOURCE_06,,train
DFD_0001183,DeepFakeDetection (DFD),raw/DFD/DFD_manipulated_sequences/DFD_manipulated_sequences/06_18__exit_phone_room__XJ76YU5A.mp4,1,274,1920,1080,h264,1.89,DeepFake,DeepFakeDetection,DFD_SOURCE_06,DFD_SOURCE_06,,DFD_SOURCE_06,,train
DFD_0001184,DeepFakeDetection (DFD),raw/DFD/DFD_manipulated_sequences/DFD_manipulated_sequences/06_18__kitchen_pan__5HNHMK6G.mp4,1,689,1920,1080,h264,5.51,DeepFake,DeepFakeDetection,DFD_SOURCE_06,DFD_SOURCE_06,,DFD_SOURCE_06,,train
DFD_0001185,DeepFakeDetection (DFD),raw/DFD/DFD_manipulated_sequences/DFD_manipulated_sequences/06_18__kitchen_pan__LH0KWJKM.mp4,1,689,1920,1080,h264,5.5,DeepFake,DeepFakeDetection,DFD_SOURCE_06,DFD_SOURCE_06,,DFD_SOURCE_06,,train
DFD_0001186,DeepFakeDetection (DFD),raw/DFD/DFD_manipulated_sequences/DFD_manipulated_sequences/06_18__kitchen_pan__XJ76YU5A.mp4,1,689,1920,1080,h264,5.48,DeepFake,DeepFakeDetection,DFD_SOURCE_06,DFD_SOURCE_06,,DFD_SOURCE_06,,train
DFD_0001187,DeepFakeDetection (DFD),raw/DFD/DFD_manipulated_sequences/DFD_manipulated_sequences/06_18__kitchen_still__XJ76YU5A.mp4,1,915,1920,1080,h264,6.77,DeepFake,DeepFakeDetection,DFD_SOURCE_06,DFD_SOURCE_06,,DFD_SOURCE_06,,train
DFD_0001188,DeepFakeDetection (DFD),raw/DFD/DFD_manipulated_sequences/DFD_manipulated_sequences/06_18__outside_talking_pan_laughing__DEA1TCLN.mp4,1,625,1920,1080,h264,4.68,DeepFake,DeepFakeDetection,DFD_SOURCE_06,DFD_SOURCE_06,,DFD_SOURCE_06,,train
DFD_0001189,DeepFakeDetection (DFD),raw/DFD/DFD_manipulated_sequences/DFD_manipulated_sequences/06_18__outside_talking_pan_laughing__MVXBDKGB.mp4,1,615,1920,1080,h264,4.61,DeepFake,DeepFakeDetection,DFD_SOURCE_06,DFD_SOURCE_06,,DFD_SOURCE_06,,train
DFD_0001190,DeepFakeDetection (DFD),raw/DFD/DFD_manipulated_sequences/DFD_manipulated_sequences/06_18__outside_talking_pan_laughing__UIQG2RF4.mp4,1,614,1920,1080,h264,4.62,DeepFake,DeepFakeDetection,DFD_SOURCE_06,DFD_SOURCE_06,,DFD_SOURCE_06,,train
DFD_0001191,DeepFakeDetection (DFD),raw/DFD/DFD_manipulated_sequences/DFD_manipulated_sequences/06_18__outside_talking_still_laughing__DEA1TCLN.mp4,1,741,1920,1080,h264,4.64,DeepFake,DeepFakeDetection,DFD_SOURCE_06,DFD_SOURCE_06,,DFD_SOURCE_06,,train
DFD_0001192,DeepFakeDetection (DFD),raw/DFD/DFD_manipulated_sequences/DFD_manipulated_sequences/06_18__outside_talking_still_laughing__M36D0OJT.mp4,1,661,1920,1080,h264,4.24,DeepFake,DeepFakeDetection,DFD_SOURCE_06,DFD_SOURCE_06,,DFD_SOURCE_06,,train
DFD_0001193,DeepFakeDetection (DFD),raw/DFD/DFD_manipulated_sequences/DFD_manipulated_sequences/06_18__podium_speech_happy__5HNHMK6G.mp4,1,1255,1920,1080,h264,8.6,DeepFake,DeepFakeDetection,DFD_SOURCE_06,DFD_SOURCE_06,,DFD_SOURCE_06,,train
DFD_0001194,DeepFakeDetection (DFD),raw/DFD/DFD_manipulated_sequences/DFD_manipulated_sequences/06_18__podium_speech_happy__DEA1TCLN.mp4,1,1255,1920,1080,h264,8.7,DeepFake,DeepFakeDetection,DFD_SOURCE_06,DFD_SOURCE_06,,DFD_SOURCE_06,,train
DFD_0001195,DeepFakeDetection (DFD),raw/DFD/DFD_manipulated_sequences/DFD_manipulated_sequences/06_18__talking_against_wall__DEA1TCLN.mp4,1,845,1920,1080,h264,3.95,DeepFake,DeepFakeDetection,DFD_SOURCE_06,DFD_SOURCE_06,,DFD_SOURCE_06,,train
DFD_0001196,DeepFakeDetection (DFD),raw/DFD/DFD_manipulated_sequences/DFD_manipulated_sequences/06_18__talking_angry_couch__DEA1TCLN.mp4,1,1181,1920,1080,h264,13.31,DeepFake,DeepFakeDetection,DFD_SOURCE_06,DFD_SOURCE_06,,DFD_SOURCE_06,,train
DFD_0001197,DeepFakeDetection (DFD),raw/DFD/DFD_manipulated_sequences/DFD_manipulated_sequences/06_18__talking_angry_couch__H9445M6R.mp4,1,1158,1920,1080,h264,13.18,DeepFake,DeepFakeDetection,DFD_SOURCE_06,DFD_SOURCE_06,,DFD_SOURCE_06,,train
DFD_0001198,DeepFakeDetection (DFD),raw/DFD/DFD_manipulated_sequences/DFD_manipulated_sequences/06_18__walk_down_hall_angry__LH0KWJKM.mp4,1,301,1920,1080,h264,1.88,DeepFake,DeepFakeDetection,DFD_SOURCE_06,DFD_SOURCE_06,,DFD_SOURCE_06,,train
DFD_0001199,DeepFakeDetection (DFD),raw/DFD/DFD_manipulated_sequences/DFD_manipulated_sequences/06_18__walk_down_hall_angry__OWJY9LQU.mp4,1,290,1920,1080,h264,1.73,DeepFake,DeepFakeDetection,DFD_SOURCE_06,DFD_SOURCE_06,,DFD_SOURCE_06,,train
DFD_0001200,DeepFakeDetection (DFD),raw/DFD/DFD_manipulated_sequences/DFD_manipulated_sequences/06_18__walking_and_outside_surprised__MVXBDKGB.mp4,1,980,1920,1080,h264,15.7,DeepFake,DeepFakeDetection,DFD_SOURCE_06,DFD_SOURCE_06,,DFD_SOURCE_06,,train
DFD_0001201,DeepFakeDetection (DFD),raw/DFD/DFD_manipulated_sequences/DFD_manipulated_sequences/06_18__walking_down_indoor_hall_disgust__DEA1TCLN.mp4,1,1290,1920,1080,h264,19.45,DeepFake,DeepFakeDetection,DFD_SOURCE_06,DFD_SOURCE_06,,DFD_SOURCE_06,,train
DFD_0001202,DeepFakeDetection (DFD),raw/DFD/DFD_manipulated_sequences/DFD_manipulated_sequences/06_18__walking_down_street_outside_angry__MVXBDKGB.mp4,1,549,1920,1080,h264,4.03,DeepFake,DeepFakeDetection,DFD_SOURCE_06,DFD_SOURCE_06,,DFD_SOURCE_06,,train
DFD_0001203,DeepFakeDetection (DFD),raw/DFD/DFD_manipulated_sequences/DFD_manipulated_sequences/06_18__walking_outside_cafe_disgusted__DEA1TCLN.mp4,1,318,1920,1080,h264,3.16,DeepFake,DeepFakeDetection,DFD_SOURCE_06,DFD_SOURCE_06,,DFD_SOURCE_06,,train
DFD_0001204,DeepFakeDetection (DFD),raw/DFD/DFD_manipulated_sequences/DFD_manipulated_sequences/06_18__walking_outside_cafe_disgusted__OWJY9LQU.mp4,1,339,1920,1080,h264,3.31,DeepFake,DeepFakeDetection,DFD_SOURCE_06,DFD_SOURCE_06,,DFD_SOURCE_06,,train
DFD_0001205,DeepFakeDetection (DFD),raw/DFD/DFD_manipulated_sequences/DFD_manipulated_sequences/06_18__walking_outside_cafe_disgusted__S7S2XGDP.mp4,1,337,1920,1080,h264,3.27,DeepFake,DeepFakeDetection,DFD_SOURCE_06,DFD_SOURCE_06,,DFD_SOURCE_06,,train
DFD_0001206,DeepFakeDetection (DFD),raw/DFD/DFD_manipulated_sequences/DFD_manipulated_sequences/06_20__hugging_happy__6SUW7063.mp4,1,867,1920,1080,h264,10.27,DeepFake,DeepFakeDetection,DFD_SOURCE_06,DFD_SOURCE_06,,DFD_SOURCE_06,,train
DFD_0001207,DeepFakeDetection (DFD),raw/DFD/DFD_manipulated_sequences/DFD_manipulated_sequences/06_20__kitchen_pan__6SUW7063.mp4,1,686,1920,1080,h264,5.41,DeepFake,DeepFakeDetection,DFD_SOURCE_06,DFD_SOURCE_06,,DFD_SOURCE_06,,train
DFD_0001208,DeepFakeDetection (DFD),raw/DFD/DFD_manipulated_sequences/DFD_manipulated_sequences/06_20__outside_talking_pan_laughing__6SUW7063.mp4,1,612,1920,1080,h264,4.62,DeepFake,DeepFakeDetection,DFD_SOURCE_06,DFD_SOURCE_06,,DFD_SOURCE_06,,train
DFD_0001209,DeepFakeDetection (DFD),raw/DFD/DFD_manipulated_sequences/DFD_manipulated_sequences/06_20__podium_speech_happy__6SUW7063.mp4,1,1254,1920,1080,h264,8.72,DeepFake,DeepFakeDetection,DFD_SOURCE_06,DFD_SOURCE_06,,DFD_SOURCE_06,,train
DFD_0001210,DeepFakeDetection (DFD),raw/DFD/DFD_manipulated_sequences/DFD_manipulated_sequences/06_20__walk_down_hall_angry__6SUW7063.mp4,1,280,1920,1080,h264,1.65,DeepFake,DeepFakeDetection,DFD_SOURCE_06,DFD_SOURCE_06,,DFD_SOURCE_06,,train
DFD_0001211,DeepFakeDetection (DFD),raw/DFD/DFD_manipulated_sequences/DFD_manipulated_sequences/06_21__walking_and_outside_surprised__058I9NIZ.mp4,1,992,1920,1080,h264,15.89,DeepFake,DeepFakeDetection,DFD_SOURCE_06,DFD_SOURCE_06,,DFD_SOURCE_06,,train
DFD_0001212,DeepFakeDetection (DFD),raw/DFD/DFD_manipulated_sequences/DFD_manipulated_sequences/06_25__exit_phone_room__MI9BDQ7M.mp4,1,233,1920,1080,h264,1.6,DeepFake,DeepFakeDetection,DFD_SOURCE_06,DFD_SOURCE_06,,DFD_SOURCE_06,,train
DFD_0001213,DeepFakeDetection (DFD),raw/DFD/DFD_manipulated_sequences/DFD_manipulated_sequences/06_25__outside_talking_pan_laughing__3QQBVBYN.mp4,1,595,1920,1080,h264,4.53,DeepFake,DeepFakeDetection,DFD_SOURCE_06,DFD_SOURCE_06,,DFD_SOURCE_06,,train
DFD_0001214,DeepFakeDetection (DFD),raw/DFD/DFD_manipulated_sequences/DFD_manipulated_sequences/06_25__outside_talking_pan_laughing__MI9BDQ7M.mp4,1,593,1920,1080,h264,4.52,DeepFake,DeepFakeDetection,DFD_SOURCE_06,DFD_SOURCE_06,,DFD_SOURCE_06,,train
DFD_0001215,DeepFakeDetection (DFD),raw/DFD/DFD_manipulated_sequences/DFD_manipulated_sequences/06_25__outside_talking_still_laughing__3QQBVBYN.mp4,1,590,1920,1080,h264,3.94,DeepFake,DeepFakeDetection,DFD_SOURCE_06,DFD_SOURCE_06,,DFD_SOURCE_06,,train
DFD_0001216,DeepFakeDetection (DFD),raw/DFD/DFD_manipulated_sequences/DFD_manipulated_sequences/06_25__outside_talking_still_laughing__MI9BDQ7M.mp4,1,643,1920,1080,h264,4.2,DeepFake,DeepFakeDetection,DFD_SOURCE_06,DFD_SOURCE_06,,DFD_SOURCE_06,,train
DFD_0001217,DeepFakeDetection (DFD),raw/DFD/DFD_manipulated_sequences/DFD_manipulated_sequences/06_25__talking_angry_couch__MI9BDQ7M.mp4,1,1177,1920,1080,h264,13.38,DeepFake,DeepFakeDetection,DFD_SOURCE_06,DFD_SOURCE_06,,DFD_SOURCE_06,,train
DFD_0001218,DeepFakeDetection (DFD),raw/DFD/DFD_manipulated_sequences/DFD_manipulated_sequences/06_25__walk_down_hall_angry__3QQBVBYN.mp4,1,280,1920,1080,h264,1.65,DeepFake,DeepFakeDetection,DFD_SOURCE_06,DFD_SOURCE_06,,DFD_SOURCE_06,,train
DFD_0001219,DeepFakeDetection (DFD),raw/DFD/DFD_manipulated_sequences/DFD_manipulated_sequences/06_25__walking_and_outside_surprised__3QQBVBYN.mp4,1,717,1920,1080,h264,11.65,DeepFake,DeepFakeDetection,DFD_SOURCE_06,DFD_SOURCE_06,,DFD_SOURCE_06,,train
DFD_0001220,DeepFakeDetection (DFD),raw/DFD/DFD_manipulated_sequences/DFD_manipulated_sequences/06_25__walking_and_outside_surprised__MI9BDQ7M.mp4,1,976,1920,1080,h264,15.59,DeepFake,DeepFakeDetection,DFD_SOURCE_06,DFD_SOURCE_06,,DFD_SOURCE_06,,train
DFD_0001221,DeepFakeDetection (DFD),raw/DFD/DFD_manipulated_sequences/DFD_manipulated_sequences/06_26__kitchen_pan__L5BVR5L9.mp4,1,687,1920,1080,h264,5.51,DeepFake,DeepFakeDetection,DFD_SOURCE_06,DFD_SOURCE_06,,DFD_SOURCE_06,,train
DFD_0001222,DeepFakeDetection (DFD),raw/DFD/DFD_manipulated_sequences/DFD_manipulated_sequences/06_26__kitchen_still__L5BVR5L9.mp4,1,915,1920,1080,h264,6.8,DeepFake,DeepFakeDetection,DFD_SOURCE_06,DFD_SOURCE_06,,DFD_SOURCE_06,,train
DFD_0001223,DeepFakeDetection (DFD),raw/DFD/DFD_manipulated_sequences/DFD_manipulated_sequences/06_26__outside_talking_still_laughing__L5BVR5L9.mp4,1,675,1920,1080,h264,4.35,DeepFake,DeepFakeDetection,DFD_SOURCE_06,DFD_SOURCE_06,,DFD_SOURCE_06,,train
DFD_0001224,DeepFakeDetection (DFD),raw/DFD/DFD_manipulated_sequences/DFD_manipulated_sequences/06_26__podium_speech_happy__L5BVR5L9.mp4,1,1254,1920,1080,h264,8.72,DeepFake,DeepFakeDetection,DFD_SOURCE_06,DFD_SOURCE_06,,DFD_SOURCE_06,,train
DFD_0001225,DeepFakeDetection (DFD),raw/DFD/DFD_manipulated_sequences/DFD_manipulated_sequences/06_26__talking_against_wall__L5BVR5L9.mp4,1,845,1920,1080,h264,3.92,DeepFake,DeepFakeDetection,DFD_SOURCE_06,DFD_SOURCE_06,,DFD_SOURCE_06,,train
DFD_0001226,DeepFakeDetection (DFD),raw/DFD/DFD_manipulated_sequences/DFD_manipulated_sequences/06_26__talking_angry_couch__L5BVR5L9.mp4,1,1178,1920,1080,h264,13.27,DeepFake,DeepFakeDetection,DFD_SOURCE_06,DFD_SOURCE_06,,DFD_SOURCE_06,,train
DFD_0001227,DeepFakeDetection (DFD),raw/DFD/DFD_manipulated_sequences/DFD_manipulated_sequences/06_26__walk_down_hall_angry__L5BVR5L9.mp4,1,290,1920,1080,h264,1.73,DeepFake,DeepFakeDetection,DFD_SOURCE_06,DFD_SOURCE_06,,DFD_SOURCE_06,,train
DFD_0001228,DeepFakeDetection (DFD),raw/DFD/DFD_manipulated_sequences/DFD_manipulated_sequences/06_26__walking_down_street_outside_angry__L5BVR5L9.mp4,1,566,1920,1080,h264,4.07,DeepFake,DeepFakeDetection,DFD_SOURCE_06,DFD_SOURCE_06,,DFD_SOURCE_06,,train
DFD_0001229,DeepFakeDetection (DFD),raw/DFD/DFD_manipulated_sequences/DFD_manipulated_sequences/06_26__walking_outside_cafe_disgusted__L5BVR5L9.mp4,1,343,1920,1080,h264,3.37,DeepFake,DeepFakeDetection,DFD_SOURCE_06,DFD_SOURCE_06,,DFD_SOURCE_06,,train
DFD_0001230,DeepFakeDetection (DFD),raw/DFD/DFD_manipulated_sequences/DFD_manipulated_sequences/06_27__hugging_happy__S3T7SK9O.mp4,1,852,1920,1080,h264,10.1,DeepFake,DeepFakeDetection,DFD_SOURCE_06,DFD_SOURCE_06,,DFD_SOURCE_06,,train
DFD_0001231,DeepFakeDetection (DFD),raw/DFD/DFD_manipulated_sequences/DFD_manipulated_sequences/06_27__outside_talking_pan_laughing__O7L5Z9U8.mp4,1,620,1920,1080,h264,4.65,DeepFake,DeepFakeDetection,DFD_SOURCE_06,DFD_SOURCE_06,,DFD_SOURCE_06,,train
DFD_0001232,DeepFakeDetection (DFD),raw/DFD/DFD_manipulated_sequences/DFD_manipulated_sequences/06_27__outside_talking_still_laughing__SZWVBWY4.mp4,1,739,1920,1080,h264,4.66,DeepFake,DeepFakeDetection,DFD_SOURCE_06,DFD_SOURCE_06,,DFD_SOURCE_06,,train
DFD_0001233,DeepFakeDetection (DFD),raw/DFD/DFD_manipulated_sequences/DFD_manipulated_sequences/06_27__talking_against_wall__S3T7SK9O.mp4,1,845,1920,1080,h264,3.89,DeepFake,DeepFakeDetection,DFD_SOURCE_06,DFD_SOURCE_06,,DFD_SOURCE_06,,train
DFD_0001234,DeepFakeDetection (DFD),raw/DFD/DFD_manipulated_sequences/DFD_manipulated_sequences/06_27__talking_angry_couch__JOG5PB18.mp4,1,1180,1920,1080,h264,13.38,DeepFake,DeepFakeDetection,DFD_SOURCE_06,DFD_SOURCE_06,,DFD_SOURCE_06,,train
DFD_0001235,DeepFakeDetection (DFD),raw/DFD/DFD_manipulated_sequences/DFD_manipulated_sequences/06_27__walk_down_hall_angry__S3T7SK9O.mp4,1,301,1920,1080,h264,1.89,DeepFake,DeepFakeDetection,DFD_SOURCE_06,DFD_SOURCE_06,,DFD_SOURCE_06,,train
DFD_0001236,DeepFakeDetection (DFD),raw/DFD/DFD_manipulated_sequences/DFD_manipulated_sequences/06_27__walking_and_outside_surprised__O7L5Z9U8.mp4,1,1002,1920,1080,h264,15.96,DeepFake,DeepFakeDetection,DFD_SOURCE_06,DFD_SOURCE_06,,DFD_SOURCE_06,,train
DFD_0001237,DeepFakeDetection (DFD),raw/DFD/DFD_manipulated_sequences/DFD_manipulated_sequences/06_27__walking_and_outside_surprised__SZWVBWY4.mp4,1,997,1920,1080,h264,15.96,DeepFake,DeepFakeDetection,DFD_SOURCE_06,DFD_SOURCE_06,,DFD_SOURCE_06,,train
DFD_0001238,DeepFakeDetection (DFD),raw/DFD/DFD_manipulated_sequences/DFD_manipulated_sequences/06_27__walking_and_outside_surprised__VN14WY2N.mp4,1,998,1920,1080,h264,15.88,DeepFake,DeepFakeDetection,DFD_SOURCE_06,DFD_SOURCE_06,,DFD_SOURCE_06,,train
DFD_0001239,DeepFakeDetection (DFD),raw/DFD/DFD_manipulated_sequences/DFD_manipulated_sequences/06_27__walking_down_street_outside_angry__S3T7SK9O.mp4,1,577,1920,1080,h264,4.24,DeepFake,DeepFakeDetection,DFD_SOURCE_06,DFD_SOURCE_06,,DFD_SOURCE_06,,train
DFD_0001240,DeepFakeDetection (DFD),raw/DFD/DFD_manipulated_sequences/DFD_manipulated_sequences/06_27__walking_outside_cafe_disgusted__S3T7SK9O.mp4,1,347,1920,1080,h264,3.4,DeepFake,DeepFakeDetection,DFD_SOURCE_06,DFD_SOURCE_06,,DFD_SOURCE_06,,train
DFD_0001241,DeepFakeDetection (DFD),raw/DFD/DFD_manipulated_sequences/DFD_manipulated_sequences/06_27__walking_outside_cafe_disgusted__VN14WY2N.mp4,1,317,1920,1080,h264,3.15,DeepFake,DeepFakeDetection,DFD_SOURCE_06,DFD_SOURCE_06,,DFD_SOURCE_06,,train
DFD_0001242,DeepFakeDetection (DFD),raw/DFD/DFD_manipulated_sequences/DFD_manipulated_sequences/07_02__exit_phone_room__1JCLEEBQ.mp4,1,437,1920,1080,h264,2.33,DeepFake,DeepFakeDetection,DFD_SOURCE_07,DFD_SOURCE_07,,DFD_SOURCE_07,,train
DFD_0001243,DeepFakeDetection (DFD),raw/DFD/DFD_manipulated_sequences/DFD_manipulated_sequences/07_02__exit_phone_room__1KPVZAAP.mp4,1,387,1920,1080,h264,2.05,DeepFake,DeepFakeDetection,DFD_SOURCE_07,DFD_SOURCE_07,,DFD_SOURCE_07,,train
DFD_0001244,DeepFakeDetection (DFD),raw/DFD/DFD_manipulated_sequences/DFD_manipulated_sequences/07_02__exit_phone_room__9NVRE2KQ.mp4,1,434,1920,1080,h264,2.35,DeepFake,DeepFakeDetection,DFD_SOURCE_07,DFD_SOURCE_07,,DFD_SOURCE_07,,train
DFD_0001245,DeepFakeDetection (DFD),raw/DFD/DFD_manipulated_sequences/DFD_manipulated_sequences/07_02__hugging_happy__1JCLEEBQ.mp4,1,715,1920,1080,h264,9.19,DeepFake,DeepFakeDetection,DFD_SOURCE_07,DFD_SOURCE_07,,DFD_SOURCE_07,,train
DFD_0001246,DeepFakeDetection (DFD),raw/DFD/DFD_manipulated_sequences/DFD_manipulated_sequences/07_02__hugging_happy__O4SXNLRL.mp4,1,684,1920,1080,h264,8.84,DeepFake,DeepFakeDetection,DFD_SOURCE_07,DFD_SOURCE_07,,DFD_SOURCE_07,,train
DFD_0001247,DeepFakeDetection (DFD),raw/DFD/DFD_manipulated_sequences/DFD_manipulated_sequences/07_02__kitchen_pan__34PVT42V.mp4,1,548,1920,1080,h264,4.91,DeepFake,DeepFakeDetection,DFD_SOURCE_07,DFD_SOURCE_07,,DFD_SOURCE_07,,train
DFD_0001248,DeepFakeDetection (DFD),raw/DFD/DFD_manipulated_sequences/DFD_manipulated_sequences/07_02__kitchen_pan__O4SXNLRL.mp4,1,545,1920,1080,h264,4.88,DeepFake,DeepFakeDetection,DFD_SOURCE_07,DFD_SOURCE_07,,DFD_SOURCE_07,,train
DFD_0001249,DeepFakeDetection (DFD),raw/DFD/DFD_manipulated_sequences/DFD_manipulated_sequences/07_02__kitchen_still__1ZE4HC06.mp4,1,840,1920,1080,h264,5.92,DeepFake,DeepFakeDetection,DFD_SOURCE_07,DFD_SOURCE_07,,DFD_SOURCE_07,,train
DFD_0001250,DeepFakeDetection (DFD),raw/DFD/DFD_manipulated_sequences/DFD_manipulated_sequences/07_02__outside_talking_pan_laughing__0IYV5DQ5.mp4,1,703,1920,1080,h264,5.76,DeepFake,DeepFakeDetection,DFD_SOURCE_07,DFD_SOURCE_07,,DFD_SOURCE_07,,train
DFD_0001251,DeepFakeDetection (DFD),raw/DFD/DFD_manipulated_sequences/DFD_manipulated_sequences/07_02__outside_talking_pan_laughing__1ZE4HC06.mp4,1,701,1920,1080,h264,5.75,DeepFake,DeepFakeDetection,DFD_SOURCE_07,DFD_SOURCE_07,,DFD_SOURCE_07,,train
DFD_0001252,DeepFakeDetection (DFD),raw/DFD/DFD_manipulated_sequences/DFD_manipulated_sequences/07_02__outside_talking_pan_laughing__O4SXNLRL.mp4,1,700,1920,1080,h264,5.71,DeepFake,DeepFakeDetection,DFD_SOURCE_07,DFD_SOURCE_07,,DFD_SOURCE_07,,train
DFD_0001253,DeepFakeDetection (DFD),raw/DFD/DFD_manipulated_sequences/DFD_manipulated_sequences/07_02__outside_talking_still_laughing__1ZE4HC06.mp4,1,856,1920,1080,h264,5.46,DeepFake,DeepFakeDetection,DFD_SOURCE_07,DFD_SOURCE_07,,DFD_SOURCE_07,,train
DFD_0001254,DeepFakeDetection (DFD),raw/DFD/DFD_manipulated_sequences/DFD_manipulated_sequences/07_02__secret_conversation__1JCLEEBQ.mp4,1,641,1920,1080,h264,4.1,DeepFake,DeepFakeDetection,DFD_SOURCE_07,DFD_SOURCE_07,,DFD_SOURCE_07,,train
DFD_0001255,DeepFakeDetection (DFD),raw/DFD/DFD_manipulated_sequences/DFD_manipulated_sequences/07_02__secret_conversation__U7DEOZNV.mp4,1,625,1920,1080,h264,4.05,DeepFake,DeepFakeDetection,DFD_SOURCE_07,DFD_SOURCE_07,,DFD_SOURCE_07,,train
DFD_0001256,DeepFakeDetection (DFD),raw/DFD/DFD_manipulated_sequences/DFD_manipulated_sequences/07_02__talking_against_wall__34PVT42V.mp4,1,734,1920,1080,h264,5.7,DeepFake,DeepFakeDetection,DFD_SOURCE_07,DFD_SOURCE_07,,DFD_SOURCE_07,,train
DFD_0001257,DeepFakeDetection (DFD),raw/DFD/DFD_manipulated_sequences/DFD_manipulated_sequences/07_02__talking_against_wall__O4SXNLRL.mp4,1,679,1920,1080,h264,5.38,DeepFake,DeepFakeDetection,DFD_SOURCE_07,DFD_SOURCE_07,,DFD_SOURCE_07,,train
DFD_0001258,DeepFakeDetection (DFD),raw/DFD/DFD_manipulated_sequences/DFD_manipulated_sequences/07_02__talking_against_wall__U7DEOZNV.mp4,1,736,1920,1080,h264,5.73,DeepFake,DeepFakeDetection,DFD_SOURCE_07,DFD_SOURCE_07,,DFD_SOURCE_07,,train
DFD_0001259,DeepFakeDetection (DFD),raw/DFD/DFD_manipulated_sequences/DFD_manipulated_sequences/07_02__talking_angry_couch__1H07DFQJ.mp4,1,1567,1920,1080,h264,13.71,DeepFake,DeepFakeDetection,DFD_SOURCE_07,DFD_SOURCE_07,,DFD_SOURCE_07,,train
DFD_0001260,DeepFakeDetection (DFD),raw/DFD/DFD_manipulated_sequences/DFD_manipulated_sequences/07_02__talking_angry_couch__1VMZUH1W.mp4,1,1550,1920,1080,h264,13.5,DeepFake,DeepFakeDetection,DFD_SOURCE_07,DFD_SOURCE_07,,DFD_SOURCE_07,,train
DFD_0001261,DeepFakeDetection (DFD),raw/DFD/DFD_manipulated_sequences/DFD_manipulated_sequences/07_02__walk_down_hall_angry__1JCLEEBQ.mp4,1,578,1920,1080,h264,2.58,DeepFake,DeepFakeDetection,DFD_SOURCE_07,DFD_SOURCE_07,,DFD_SOURCE_07,,train
DFD_0001262,DeepFakeDetection (DFD),raw/DFD/DFD_manipulated_sequences/DFD_manipulated_sequences/07_02__walk_down_hall_angry__O4SXNLRL.mp4,1,552,1920,1080,h264,2.45,DeepFake,DeepFakeDetection,DFD_SOURCE_07,DFD_SOURCE_07,,DFD_SOURCE_07,,train
DFD_0001263,DeepFakeDetection (DFD),raw/DFD/DFD_manipulated_sequences/DFD_manipulated_sequences/07_02__walk_down_hall_angry__U7DEOZNV.mp4,1,560,1920,1080,h264,2.45,DeepFake,DeepFakeDetection,DFD_SOURCE_07,DFD_SOURCE_07,,DFD_SOURCE_07,,train
DFD_0001264,DeepFakeDetection (DFD),raw/DFD/DFD_manipulated_sequences/DFD_manipulated_sequences/07_02__walking_down_street_outside_angry__O4SXNLRL.mp4,1,580,1920,1080,h264,3.16,DeepFake,DeepFakeDetection,DFD_SOURCE_07,DFD_SOURCE_07,,DFD_SOURCE_07,,train
DFD_0001265,DeepFakeDetection (DFD),raw/DFD/DFD_manipulated_sequences/DFD_manipulated_sequences/07_02__walking_down_street_outside_angry__UH60ROEK.mp4,1,579,1920,1080,h264,3.14,DeepFake,DeepFakeDetection,DFD_SOURCE_07,DFD_SOURCE_07,,DFD_SOURCE_07,,train
DFD_0001266,DeepFakeDetection (DFD),raw/DFD/DFD_manipulated_sequences/DFD_manipulated_sequences/07_02__walking_outside_cafe_disgusted__1H07DFQJ.mp4,1,404,1920,1080,h264,2.41,DeepFake,DeepFakeDetection,DFD_SOURCE_07,DFD_SOURCE_07,,DFD_SOURCE_07,,train
DFD_0001267,DeepFakeDetection (DFD),raw/DFD/DFD_manipulated_sequences/DFD_manipulated_sequences/07_03__exit_phone_room__6PHZRQ4H.mp4,1,402,1920,1080,h264,2.06,DeepFake,DeepFakeDetection,DFD_SOURCE_07,DFD_SOURCE_07,,DFD_SOURCE_07,,train
DFD_0001268,DeepFakeDetection (DFD),raw/DFD/DFD_manipulated_sequences/DFD_manipulated_sequences/07_03__exit_phone_room__WPT3Z2KN.mp4,1,392,1920,1080,h264,2.11,DeepFake,DeepFakeDetection,DFD_SOURCE_07,DFD_SOURCE_07,,DFD_SOURCE_07,,train
DFD_0001269,DeepFakeDetection (DFD),raw/DFD/DFD_manipulated_sequences/DFD_manipulated_sequences/07_03__hugging_happy__7NGMD8FT.mp4,1,729,1920,1080,h264,9.38,DeepFake,DeepFakeDetection,DFD_SOURCE_07,DFD_SOURCE_07,,DFD_SOURCE_07,,train
DFD_0001270,DeepFakeDetection (DFD),raw/DFD/DFD_manipulated_sequences/DFD_manipulated_sequences/07_03__hugging_happy__BKLOCI1M.mp4,1,733,1920,1080,h264,9.47,DeepFake,DeepFakeDetection,DFD_SOURCE_07,DFD_SOURCE_07,,DFD_SOURCE_07,,train
DFD_0001271,DeepFakeDetection (DFD),raw/DFD/DFD_manipulated_sequences/DFD_manipulated_sequences/07_03__hugging_happy__IFSURI9X.mp4,1,753,1920,1080,h264,9.76,DeepFake,DeepFakeDetection,DFD_SOURCE_07,DFD_SOURCE_07,,DFD_SOURCE_07,,train
DFD_0001272,DeepFakeDetection (DFD),raw/DFD/DFD_manipulated_sequences/DFD_manipulated_sequences/07_03__hugging_happy__W3MXGEU9.mp4,1,751,1920,1080,h264,9.72,DeepFake,DeepFakeDetection,DFD_SOURCE_07,DFD_SOURCE_07,,DFD_SOURCE_07,,train
DFD_0001273,DeepFakeDetection (DFD),raw/DFD/DFD_manipulated_sequences/DFD_manipulated_sequences/07_03__hugging_happy__WPT3Z2KN.mp4,1,752,1920,1080,h264,9.76,DeepFake,DeepFakeDetection,DFD_SOURCE_07,DFD_SOURCE_07,,DFD_SOURCE_07,,train
DFD_0001274,DeepFakeDetection (DFD),raw/DFD/DFD_manipulated_sequences/DFD_manipulated_sequences/07_03__kitchen_pan__PWXXULHR.mp4,1,549,1920,1080,h264,4.95,DeepFake,DeepFakeDetection,DFD_SOURCE_07,DFD_SOURCE_07,,DFD_SOURCE_07,,train
DFD_0001275,DeepFakeDetection (DFD),raw/DFD/DFD_manipulated_sequences/DFD_manipulated_sequences/07_03__kitchen_pan__WPT3Z2KN.mp4,1,545,1920,1080,h264,4.89,DeepFake,DeepFakeDetection,DFD_SOURCE_07,DFD_SOURCE_07,,DFD_SOURCE_07,,train
DFD_0001276,DeepFakeDetection (DFD),raw/DFD/DFD_manipulated_sequences/DFD_manipulated_sequences/07_03__kitchen_still__BKLOCI1M.mp4,1,839,1920,1080,h264,5.95,DeepFake,DeepFakeDetection,DFD_SOURCE_07,DFD_SOURCE_07,,DFD_SOURCE_07,,train
DFD_0001277,DeepFakeDetection (DFD),raw/DFD/DFD_manipulated_sequences/DFD_manipulated_sequences/07_03__kitchen_still__WPT3Z2KN.mp4,1,840,1920,1080,h264,5.94,DeepFake,DeepFakeDetection,DFD_SOURCE_07,DFD_SOURCE_07,,DFD_SOURCE_07,,train
DFD_0001278,DeepFakeDetection (DFD),raw/DFD/DFD_manipulated_sequences/DFD_manipulated_sequences/07_03__outside_talking_pan_laughing__6PHZRQ4H.mp4,1,702,1920,1080,h264,5.72,DeepFake,DeepFakeDetection,DFD_SOURCE_07,DFD_SOURCE_07,,DFD_SOURCE_07,,train
DFD_0001279,DeepFakeDetection (DFD),raw/DFD/DFD_manipulated_sequences/DFD_manipulated_sequences/07_03__outside_talking_pan_laughing__IFSURI9X.mp4,1,703,1920,1080,h264,5.74,DeepFake,DeepFakeDetection,DFD_SOURCE_07,DFD_SOURCE_07,,DFD_SOURCE_07,,train
DFD_0001280,DeepFakeDetection (DFD),raw/DFD/DFD_manipulated_sequences/DFD_manipulated_sequences/07_03__outside_talking_still_laughing__7NGMD8FT.mp4,1,857,1920,1080,h264,5.44,DeepFake,DeepFakeDetection,DFD_SOURCE_07,DFD_SOURCE_07,,DFD_SOURCE_07,,train
DFD_0001281,DeepFakeDetection (DFD),raw/DFD/DFD_manipulated_sequences/DFD_manipulated_sequences/07_03__outside_talking_still_laughing__F0YYEA5W.mp4,1,854,1920,1080,h264,5.47,DeepFake,DeepFakeDetection,DFD_SOURCE_07,DFD_SOURCE_07,,DFD_SOURCE_07,,train
DFD_0001282,DeepFakeDetection (DFD),raw/DFD/DFD_manipulated_sequences/DFD_manipulated_sequences/07_03__outside_talking_still_laughing__IFSURI9X.mp4,1,852,1920,1080,h264,5.45,DeepFake,DeepFakeDetection,DFD_SOURCE_07,DFD_SOURCE_07,,DFD_SOURCE_07,,train
DFD_0001283,DeepFakeDetection (DFD),raw/DFD/DFD_manipulated_sequences/DFD_manipulated_sequences/07_03__podium_speech_happy__6PHZRQ4H.mp4,1,1079,1920,1080,h264,7.36,DeepFake,DeepFakeDetection,DFD_SOURCE_07,DFD_SOURCE_07,,DFD_SOURCE_07,,train
DFD_0001284,DeepFakeDetection (DFD),raw/DFD/DFD_manipulated_sequences/DFD_manipulated_sequences/07_03__podium_speech_happy__CDSNLDQ8.mp4,1,1069,1920,1080,h264,7.27,DeepFake,DeepFakeDetection,DFD_SOURCE_07,DFD_SOURCE_07,,DFD_SOURCE_07,,train
DFD_0001285,DeepFakeDetection (DFD),raw/DFD/DFD_manipulated_sequences/DFD_manipulated_sequences/07_03__podium_speech_happy__IFSURI9X.mp4,1,1065,1920,1080,h264,7.16,DeepFake,DeepFakeDetection,DFD_SOURCE_07,DFD_SOURCE_07,,DFD_SOURCE_07,,train
DFD_0001286,DeepFakeDetection (DFD),raw/DFD/DFD_manipulated_sequences/DFD_manipulated_sequences/07_03__secret_conversation__IFSURI9X.mp4,1,684,1920,1080,h264,4.33,DeepFake,DeepFakeDetection,DFD_SOURCE_07,DFD_SOURCE_07,,DFD_SOURCE_07,,train
DFD_0001287,DeepFakeDetection (DFD),raw/DFD/DFD_manipulated_sequences/DFD_manipulated_sequences/07_03__talking_against_wall__9NVYPOMN.mp4,1,740,1920,1080,h264,5.8,DeepFake,DeepFakeDetection,DFD_SOURCE_07,DFD_SOURCE_07,,DFD_SOURCE_07,,train
DFD_0001288,DeepFakeDetection (DFD),raw/DFD/DFD_manipulated_sequences/DFD_manipulated_sequences/07_03__talking_against_wall__IFSURI9X.mp4,1,743,1920,1080,h264,5.74,DeepFake,DeepFakeDetection,DFD_SOURCE_07,DFD_SOURCE_07,,DFD_SOURCE_07,,train
DFD_0001289,DeepFakeDetection (DFD),raw/DFD/DFD_manipulated_sequences/DFD_manipulated_sequences/07_03__talking_against_wall__PWXXULHR.mp4,1,746,1920,1080,h264,5.81,DeepFake,DeepFakeDetection,DFD_SOURCE_07,DFD_SOURCE_07,,DFD_SOURCE_07,,train
DFD_0001290,DeepFakeDetection (DFD),raw/DFD/DFD_manipulated_sequences/DFD_manipulated_sequences/07_03__talking_against_wall__WPT3Z2KN.mp4,1,757,1920,1080,h264,5.92,DeepFake,DeepFakeDetection,DFD_SOURCE_07,DFD_SOURCE_07,,DFD_SOURCE_07,,train
DFD_0001291,DeepFakeDetection (DFD),raw/DFD/DFD_manipulated_sequences/DFD_manipulated_sequences/07_03__talking_angry_couch__WPT3Z2KN.mp4,1,1544,1920,1080,h264,13.48,DeepFake,DeepFakeDetection,DFD_SOURCE_07,DFD_SOURCE_07,,DFD_SOURCE_07,,train
DFD_0001292,DeepFakeDetection (DFD),raw/DFD/DFD_manipulated_sequences/DFD_manipulated_sequences/07_03__walk_down_hall_angry__6PHZRQ4H.mp4,1,563,1920,1080,h264,2.4,DeepFake,DeepFakeDetection,DFD_SOURCE_07,DFD_SOURCE_07,,DFD_SOURCE_07,,train
DFD_0001293,DeepFakeDetection (DFD),raw/DFD/DFD_manipulated_sequences/DFD_manipulated_sequences/07_03__walk_down_hall_angry__IFSURI9X.mp4,1,567,1920,1080,h264,2.5,DeepFake,DeepFakeDetection,DFD_SOURCE_07,DFD_SOURCE_07,,DFD_SOURCE_07,,train
DFD_0001294,DeepFakeDetection (DFD),raw/DFD/DFD_manipulated_sequences/DFD_manipulated_sequences/07_03__walk_down_hall_angry__W3MXGEU9.mp4,1,568,1920,1080,h264,2.5,DeepFake,DeepFakeDetection,DFD_SOURCE_07,DFD_SOURCE_07,,DFD_SOURCE_07,,train
DFD_0001295,DeepFakeDetection (DFD),raw/DFD/DFD_manipulated_sequences/DFD_manipulated_sequences/07_03__walking_down_street_outside_angry__CDSNLDQ8.mp4,1,559,1920,1080,h264,3.07,DeepFake,DeepFakeDetection,DFD_SOURCE_07,DFD_SOURCE_07,,DFD_SOURCE_07,,train
DFD_0001296,DeepFakeDetection (DFD),raw/DFD/DFD_manipulated_sequences/DFD_manipulated_sequences/07_03__walking_down_street_outside_angry__PWXXULHR.mp4,1,605,1920,1080,h264,3.23,DeepFake,DeepFakeDetection,DFD_SOURCE_07,DFD_SOURCE_07,,DFD_SOURCE_07,,train
DFD_0001297,DeepFakeDetection (DFD),raw/DFD/DFD_manipulated_sequences/DFD_manipulated_sequences/07_03__walking_outside_cafe_disgusted__6PHZRQ4H.mp4,1,420,1920,1080,h264,2.54,DeepFake,DeepFakeDetection,DFD_SOURCE_07,DFD_SOURCE_07,,DFD_SOURCE_07,,train
DFD_0001298,DeepFakeDetection (DFD),raw/DFD/DFD_manipulated_sequences/DFD_manipulated_sequences/07_03__walking_outside_cafe_disgusted__F0YYEA5W.mp4,1,477,1920,1080,h264,2.82,DeepFake,DeepFakeDetection,DFD_SOURCE_07,DFD_SOURCE_07,,DFD_SOURCE_07,,train
DFD_0001299,DeepFakeDetection (DFD),raw/DFD/DFD_manipulated_sequences/DFD_manipulated_sequences/07_03__walking_outside_cafe_disgusted__IFSURI9X.mp4,1,421,1920,1080,h264,2.45,DeepFake,DeepFakeDetection,DFD_SOURCE_07,DFD_SOURCE_07,,DFD_SOURCE_07,,train
DFD_0001300,DeepFakeDetection (DFD),raw/DFD/DFD_manipulated_sequences/DFD_manipulated_sequences/07_03__walking_outside_cafe_disgusted__WPT3Z2KN.mp4,1,404,1920,1080,h264,2.41,DeepFake,DeepFakeDetection,DFD_SOURCE_07,DFD_SOURCE_07,,DFD_SOURCE_07,,train
DFD_0001301,DeepFakeDetection (DFD),raw/DFD/DFD_manipulated_sequences/DFD_manipulated_sequences/07_04__exit_phone_room__QKCCFKBT.mp4,1,395,1920,1080,h264,2.13,DeepFake,DeepFakeDetection,DFD_SOURCE_07,DFD_SOURCE_07,,DFD_SOURCE_07,,train
DFD_0001302,DeepFakeDetection (DFD),raw/DFD/DFD_manipulated_sequences/DFD_manipulated_sequences/07_04__hugging_happy__ITC0C48B.mp4,1,742,1920,1080,h264,9.54,DeepFake,DeepFakeDetection,DFD_SOURCE_07,DFD_SOURCE_07,,DFD_SOURCE_07,,train
DFD_0001303,DeepFakeDetection (DFD),raw/DFD/DFD_manipulated_sequences/DFD_manipulated_sequences/07_04__hugging_happy__QKCCFKBT.mp4,1,730,1920,1080,h264,9.37,DeepFake,DeepFakeDetection,DFD_SOURCE_07,DFD_SOURCE_07,,DFD_SOURCE_07,,train
DFD_0001304,DeepFakeDetection (DFD),raw/DFD/DFD_manipulated_sequences/DFD_manipulated_sequences/07_04__kitchen_pan__M2NBCLFR.mp4,1,522,1920,1080,h264,4.7,DeepFake,DeepFakeDetection,DFD_SOURCE_07,DFD_SOURCE_07,,DFD_SOURCE_07,,train
DFD_0001305,DeepFakeDetection (DFD),raw/DFD/DFD_manipulated_sequences/DFD_manipulated_sequences/07_04__kitchen_pan__XRK7FGZX.mp4,1,549,1920,1080,h264,4.9,DeepFake,DeepFakeDetection,DFD_SOURCE_07,DFD_SOURCE_07,,DFD_SOURCE_07,,train
DFD_0001306,DeepFakeDetection (DFD),raw/DFD/DFD_manipulated_sequences/DFD_manipulated_sequences/07_04__kitchen_still__ITC0C48B.mp4,1,832,1920,1080,h264,5.98,DeepFake,DeepFakeDetection,DFD_SOURCE_07,DFD_SOURCE_07,,DFD_SOURCE_07,,train
DFD_0001307,DeepFakeDetection (DFD),raw/DFD/DFD_manipulated_sequences/DFD_manipulated_sequences/07_04__kitchen_still__M2NBCLFR.mp4,1,814,1920,1080,h264,5.86,DeepFake,DeepFakeDetection,DFD_SOURCE_07,DFD_SOURCE_07,,DFD_SOURCE_07,,train
DFD_0001308,DeepFakeDetection (DFD),raw/DFD/DFD_manipulated_sequences/DFD_manipulated_sequences/07_04__outside_talking_still_laughing__XRK7FGZX.mp4,1,855,1920,1080,h264,5.45,DeepFake,DeepFakeDetection,DFD_SOURCE_07,DFD_SOURCE_07,,DFD_SOURCE_07,,train
DFD_0001309,DeepFakeDetection (DFD),raw/DFD/DFD_manipulated_sequences/DFD_manipulated_sequences/07_06__exit_phone_room__NMGYPBXE.mp4,1,394,1920,1080,h264,2.08,DeepFake,DeepFakeDetection,DFD_SOURCE_07,DFD_SOURCE_07,,DFD_SOURCE_07,,train
DFD_0001310,DeepFakeDetection (DFD),raw/DFD/DFD_manipulated_sequences/DFD_manipulated_sequences/07_06__kitchen_pan__NMGYPBXE.mp4,1,532,1920,1080,h264,4.81,DeepFake,DeepFakeDetection,DFD_SOURCE_07,DFD_SOURCE_07,,DFD_SOURCE_07,,train
DFD_0001311,DeepFakeDetection (DFD),raw/DFD/DFD_manipulated_sequences/DFD_manipulated_sequences/07_06__outside_talking_pan_laughing__NMGYPBXE.mp4,1,703,1920,1080,h264,5.74,DeepFake,DeepFakeDetection,DFD_SOURCE_07,DFD_SOURCE_07,,DFD_SOURCE_07,,train
DFD_0001312,DeepFakeDetection (DFD),raw/DFD/DFD_manipulated_sequences/DFD_manipulated_sequences/07_06__outside_talking_still_laughing__NMGYPBXE.mp4,1,855,1920,1080,h264,5.45,DeepFake,DeepFakeDetection,DFD_SOURCE_07,DFD_SOURCE_07,,DFD_SOURCE_07,,train
DFD_0001313,DeepFakeDetection (DFD),raw/DFD/DFD_manipulated_sequences/DFD_manipulated_sequences/07_06__podium_speech_happy__NMGYPBXE.mp4,1,1072,1920,1080,h264,7.22,DeepFake,DeepFakeDetection,DFD_SOURCE_07,DFD_SOURCE_07,,DFD_SOURCE_07,,train
DFD_0001314,DeepFakeDetection (DFD),raw/DFD/DFD_manipulated_sequences/DFD_manipulated_sequences/07_06__talking_against_wall__NMGYPBXE.mp4,1,759,1920,1080,h264,5.96,DeepFake,DeepFakeDetection,DFD_SOURCE_07,DFD_SOURCE_07,,DFD_SOURCE_07,,train
DFD_0001315,DeepFakeDetection (DFD),raw/DFD/DFD_manipulated_sequences/DFD_manipulated_sequences/07_06__walking_down_street_outside_angry__NMGYPBXE.mp4,1,563,1920,1080,h264,3.08,DeepFake,DeepFakeDetection,DFD_SOURCE_07,DFD_SOURCE_07,,DFD_SOURCE_07,,train
DFD_0001316,DeepFakeDetection (DFD),raw/DFD/DFD_manipulated_sequences/DFD_manipulated_sequences/07_06__walking_outside_cafe_disgusted__NMGYPBXE.mp4,1,423,1920,1080,h264,2.55,DeepFake,DeepFakeDetection,DFD_SOURCE_07,DFD_SOURCE_07,,DFD_SOURCE_07,,train
DFD_0001317,DeepFakeDetection (DFD),raw/DFD/DFD_manipulated_sequences/DFD_manipulated_sequences/07_09__hugging_happy__N9CWME71.mp4,1,732,1920,1080,h264,9.55,DeepFake,DeepFakeDetection,DFD_SOURCE_07,DFD_SOURCE_07,,DFD_SOURCE_07,,train
DFD_0001318,DeepFakeDetection (DFD),raw/DFD/DFD_manipulated_sequences/DFD_manipulated_sequences/07_09__kitchen_pan__N9CWME71.mp4,1,548,1920,1080,h264,4.9,DeepFake,DeepFakeDetection,DFD_SOURCE_07,DFD_SOURCE_07,,DFD_SOURCE_07,,train
DFD_0001319,DeepFakeDetection (DFD),raw/DFD/DFD_manipulated_sequences/DFD_manipulated_sequences/07_09__kitchen_still__N9CWME71.mp4,1,837,1920,1080,h264,6.0,DeepFake,DeepFakeDetection,DFD_SOURCE_07,DFD_SOURCE_07,,DFD_SOURCE_07,,train
DFD_0001320,DeepFakeDetection (DFD),raw/DFD/DFD_manipulated_sequences/DFD_manipulated_sequences/07_09__outside_talking_pan_laughing__N9CWME71.mp4,1,698,1920,1080,h264,5.73,DeepFake,DeepFakeDetection,DFD_SOURCE_07,DFD_SOURCE_07,,DFD_SOURCE_07,,train
DFD_0001321,DeepFakeDetection (DFD),raw/DFD/DFD_manipulated_sequences/DFD_manipulated_sequences/07_09__outside_talking_still_laughing__N9CWME71.mp4,1,857,1920,1080,h264,5.47,DeepFake,DeepFakeDetection,DFD_SOURCE_07,DFD_SOURCE_07,,DFD_SOURCE_07,,train
DFD_0001322,DeepFakeDetection (DFD),raw/DFD/DFD_manipulated_sequences/DFD_manipulated_sequences/07_09__secret_conversation__N9CWME71.mp4,1,634,1920,1080,h264,4.08,DeepFake,DeepFakeDetection,DFD_SOURCE_07,DFD_SOURCE_07,,DFD_SOURCE_07,,train
DFD_0001323,DeepFakeDetection (DFD),raw/DFD/DFD_manipulated_sequences/DFD_manipulated_sequences/07_09__walk_down_hall_angry__N9CWME71.mp4,1,560,1920,1080,h264,2.44,DeepFake,DeepFakeDetection,DFD_SOURCE_07,DFD_SOURCE_07,,DFD_SOURCE_07,,train
DFD_0001324,DeepFakeDetection (DFD),raw/DFD/DFD_manipulated_sequences/DFD_manipulated_sequences/07_09__walking_outside_cafe_disgusted__N9CWME71.mp4,1,423,1920,1080,h264,2.46,DeepFake,DeepFakeDetection,DFD_SOURCE_07,DFD_SOURCE_07,,DFD_SOURCE_07,,train
DFD_0001325,DeepFakeDetection (DFD),raw/DFD/DFD_manipulated_sequences/DFD_manipulated_sequences/07_11__exit_phone_room__PGC20QSY.mp4,1,424,1920,1080,h264,2.33,DeepFake,DeepFakeDetection,DFD_SOURCE_07,DFD_SOURCE_07,,DFD_SOURCE_07,,train
DFD_0001326,DeepFakeDetection (DFD),raw/DFD/DFD_manipulated_sequences/DFD_manipulated_sequences/07_11__hugging_happy__R7R86Z62.mp4,1,749,1920,1080,h264,9.61,DeepFake,DeepFakeDetection,DFD_SOURCE_07,DFD_SOURCE_07,,DFD_SOURCE_07,,train
DFD_0001327,DeepFakeDetection (DFD),raw/DFD/DFD_manipulated_sequences/DFD_manipulated_sequences/07_11__podium_speech_happy__PGC20QSY.mp4,1,1077,1920,1080,h264,7.31,DeepFake,DeepFakeDetection,DFD_SOURCE_07,DFD_SOURCE_07,,DFD_SOURCE_07,,train
DFD_0001328,DeepFakeDetection (DFD),raw/DFD/DFD_manipulated_sequences/DFD_manipulated_sequences/07_11__talking_angry_couch__PGC20QSY.mp4,1,1525,1920,1080,h264,13.46,DeepFake,DeepFakeDetection,DFD_SOURCE_07,DFD_SOURCE_07,,DFD_SOURCE_07,,train
DFD_0001329,DeepFakeDetection (DFD),raw/DFD/DFD_manipulated_sequences/DFD_manipulated_sequences/07_12__hugging_happy__X9X7FAZG.mp4,1,688,1920,1080,h264,9.08,DeepFake,DeepFakeDetection,DFD_SOURCE_07,DFD_SOURCE_07,,DFD_SOURCE_07,,train
DFD_0001330,DeepFakeDetection (DFD),raw/DFD/DFD_manipulated_sequences/DFD_manipulated_sequences/07_12__kitchen_pan__88BSFG9O.mp4,1,370,1920,1080,h264,3.65,DeepFake,DeepFakeDetection,DFD_SOURCE_07,DFD_SOURCE_07,,DFD_SOURCE_07,,train
DFD_0001331,DeepFakeDetection (DFD),raw/DFD/DFD_manipulated_sequences/DFD_manipulated_sequences/07_12__outside_talking_pan_laughing__0VN0A2T3.mp4,1,510,1920,1080,h264,4.59,DeepFake,DeepFakeDetection,DFD_SOURCE_07,DFD_SOURCE_07,,DFD_SOURCE_07,,train
DFD_0001332,DeepFakeDetection (DFD),raw/DFD/DFD_manipulated_sequences/DFD_manipulated_sequences/07_12__outside_talking_pan_laughing__KAG65PEE.mp4,1,697,1920,1080,h264,5.73,DeepFake,DeepFakeDetection,DFD_SOURCE_07,DFD_SOURCE_07,,DFD_SOURCE_07,,train
DFD_0001333,DeepFakeDetection (DFD),raw/DFD/DFD_manipulated_sequences/DFD_manipulated_sequences/07_12__outside_talking_still_laughing__0VN0A2T3.mp4,1,613,1920,1080,h264,4.29,DeepFake,DeepFakeDetection,DFD_SOURCE_07,DFD_SOURCE_07,,DFD_SOURCE_07,,train
DFD_0001334,DeepFakeDetection (DFD),raw/DFD/DFD_manipulated_sequences/DFD_manipulated_sequences/07_12__outside_talking_still_laughing__KAG65PEE.mp4,1,834,1920,1080,h264,5.42,DeepFake,DeepFakeDetection,DFD_SOURCE_07,DFD_SOURCE_07,,DFD_SOURCE_07,,train
DFD_0001335,DeepFakeDetection (DFD),raw/DFD/DFD_manipulated_sequences/DFD_manipulated_sequences/07_12__podium_speech_happy__KAG65PEE.mp4,1,1056,1920,1080,h264,7.23,DeepFake,DeepFakeDetection,DFD_SOURCE_07,DFD_SOURCE_07,,DFD_SOURCE_07,,train
DFD_0001336,DeepFakeDetection (DFD),raw/DFD/DFD_manipulated_sequences/DFD_manipulated_sequences/07_12__podium_speech_happy__X9X7FAZG.mp4,1,1009,1920,1080,h264,6.93,DeepFake,DeepFakeDetection,DFD_SOURCE_07,DFD_SOURCE_07,,DFD_SOURCE_07,,train
DFD_0001337,DeepFakeDetection (DFD),raw/DFD/DFD_manipulated_sequences/DFD_manipulated_sequences/07_12__secret_conversation__1MSOAVLL.mp4,1,194,1920,1080,h264,1.39,DeepFake,DeepFakeDetection,DFD_SOURCE_07,DFD_SOURCE_07,,DFD_SOURCE_07,,train
DFD_0001338,DeepFakeDetection (DFD),raw/DFD/DFD_manipulated_sequences/DFD_manipulated_sequences/07_12__talking_against_wall__0VN0A2T3.mp4,1,311,1920,1080,h264,2.84,DeepFake,DeepFakeDetection,DFD_SOURCE_07,DFD_SOURCE_07,,DFD_SOURCE_07,,train
DFD_0001339,DeepFakeDetection (DFD),raw/DFD/DFD_manipulated_sequences/DFD_manipulated_sequences/07_12__talking_angry_couch__88BSFG9O.mp4,1,1059,1920,1080,h264,10.08,DeepFake,DeepFakeDetection,DFD_SOURCE_07,DFD_SOURCE_07,,DFD_SOURCE_07,,train
DFD_0001340,DeepFakeDetection (DFD),raw/DFD/DFD_manipulated_sequences/DFD_manipulated_sequences/07_12__walk_down_hall_angry__KAG65PEE.mp4,1,549,1920,1080,h264,2.34,DeepFake,DeepFakeDetection,DFD_SOURCE_07,DFD_SOURCE_07,,DFD_SOURCE_07,,train
DFD_0001341,DeepFakeDetection (DFD),raw/DFD/DFD_manipulated_sequences/DFD_manipulated_sequences/07_12__walking_down_street_outside_angry__0VN0A2T3.mp4,1,390,1920,1080,h264,2.32,DeepFake,DeepFakeDetection,DFD_SOURCE_07,DFD_SOURCE_07,,DFD_SOURCE_07,,train
DFD_0001342,DeepFakeDetection (DFD),raw/DFD/DFD_manipulated_sequences/DFD_manipulated_sequences/07_12__walking_down_street_outside_angry__1MSOAVLL.mp4,1,572,1920,1080,h264,3.15,DeepFake,DeepFakeDetection,DFD_SOURCE_07,DFD_SOURCE_07,,DFD_SOURCE_07,,train
DFD_0001343,DeepFakeDetection (DFD),raw/DFD/DFD_manipulated_sequences/DFD_manipulated_sequences/07_12__walking_outside_cafe_disgusted__KAG65PEE.mp4,1,405,1920,1080,h264,2.42,DeepFake,DeepFakeDetection,DFD_SOURCE_07,DFD_SOURCE_07,,DFD_SOURCE_07,,train
DFD_0001344,DeepFakeDetection (DFD),raw/DFD/DFD_manipulated_sequences/DFD_manipulated_sequences/07_13__exit_phone_room__RVQCPCJF.mp4,1,403,1920,1080,h264,2.07,DeepFake,DeepFakeDetection,DFD_SOURCE_07,DFD_SOURCE_07,,DFD_SOURCE_07,,train
DFD_0001345,DeepFakeDetection (DFD),raw/DFD/DFD_manipulated_sequences/DFD_manipulated_sequences/07_13__secret_conversation__RVQCPCJF.mp4,1,60,1920,1080,h264,0.49,DeepFake,DeepFakeDetection,DFD_SOURCE_07,DFD_SOURCE_07,,DFD_SOURCE_07,,train
DFD_0001346,DeepFakeDetection (DFD),raw/DFD/DFD_manipulated_sequences/DFD_manipulated_sequences/07_13__walking_down_street_outside_angry__RVQCPCJF.mp4,1,508,1920,1080,h264,2.87,DeepFake,DeepFakeDetection,DFD_SOURCE_07,DFD_SOURCE_07,,DFD_SOURCE_07,,train
DFD_0001347,DeepFakeDetection (DFD),raw/DFD/DFD_manipulated_sequences/DFD_manipulated_sequences/07_13__walking_outside_cafe_disgusted__RVQCPCJF.mp4,1,422,1920,1080,h264,2.57,DeepFake,DeepFakeDetection,DFD_SOURCE_07,DFD_SOURCE_07,,DFD_SOURCE_07,,train
DFD_0001348,DeepFakeDetection (DFD),raw/DFD/DFD_manipulated_sequences/DFD_manipulated_sequences/07_14__exit_phone_room__P9QFO50U.mp4,1,395,1920,1080,h264,2.05,DeepFake,DeepFakeDetection,DFD_SOURCE_07,DFD_SOURCE_07,,DFD_SOURCE_07,,train
DFD_0001349,DeepFakeDetection (DFD),raw/DFD/DFD_manipulated_sequences/DFD_manipulated_sequences/07_14__hugging_happy__P9QFO50U.mp4,1,519,1920,1080,h264,7.09,DeepFake,DeepFakeDetection,DFD_SOURCE_07,DFD_SOURCE_07,,DFD_SOURCE_07,,train
DFD_0001350,DeepFakeDetection (DFD),raw/DFD/DFD_manipulated_sequences/DFD_manipulated_sequences/07_14__hugging_happy__VOX29AK0.mp4,1,744,1920,1080,h264,9.58,DeepFake,DeepFakeDetection,DFD_SOURCE_07,DFD_SOURCE_07,,DFD_SOURCE_07,,train
DFD_0001351,DeepFakeDetection (DFD),raw/DFD/DFD_manipulated_sequences/DFD_manipulated_sequences/07_14__outside_talking_pan_laughing__P9QFO50U.mp4,1,703,1920,1080,h264,5.78,DeepFake,DeepFakeDetection,DFD_SOURCE_07,DFD_SOURCE_07,,DFD_SOURCE_07,,train
DFD_0001352,DeepFakeDetection (DFD),raw/DFD/DFD_manipulated_sequences/DFD_manipulated_sequences/07_14__outside_talking_still_laughing__P9QFO50U.mp4,1,857,1920,1080,h264,5.49,DeepFake,DeepFakeDetection,DFD_SOURCE_07,DFD_SOURCE_07,,DFD_SOURCE_07,,train
DFD_0001353,DeepFakeDetection (DFD),raw/DFD/DFD_manipulated_sequences/DFD_manipulated_sequences/07_14__podium_speech_happy__P9QFO50U.mp4,1,1077,1920,1080,h264,7.27,DeepFake,DeepFakeDetection,DFD_SOURCE_07,DFD_SOURCE_07,,DFD_SOURCE_07,,train
DFD_0001354,DeepFakeDetection (DFD),raw/DFD/DFD_manipulated_sequences/DFD_manipulated_sequences/07_14__podium_speech_happy__VOX29AK0.mp4,1,1076,1920,1080,h264,7.3,DeepFake,DeepFakeDetection,DFD_SOURCE_07,DFD_SOURCE_07,,DFD_SOURCE_07,,train
DFD_0001355,DeepFakeDetection (DFD),raw/DFD/DFD_manipulated_sequences/DFD_manipulated_sequences/07_14__secret_conversation__P9QFO50U.mp4,1,695,1920,1080,h264,4.4,DeepFake,DeepFakeDetection,DFD_SOURCE_07,DFD_SOURCE_07,,DFD_SOURCE_07,,train
DFD_0001356,DeepFakeDetection (DFD),raw/DFD/DFD_manipulated_sequences/DFD_manipulated_sequences/07_14__talking_against_wall__P9QFO50U.mp4,1,759,1920,1080,h264,5.93,DeepFake,DeepFakeDetection,DFD_SOURCE_07,DFD_SOURCE_07,,DFD_SOURCE_07,,train
DFD_0001357,DeepFakeDetection (DFD),raw/DFD/DFD_manipulated_sequences/DFD_manipulated_sequences/07_14__walk_down_hall_angry__P9QFO50U.mp4,1,563,1920,1080,h264,2.42,DeepFake,DeepFakeDetection,DFD_SOURCE_07,DFD_SOURCE_07,,DFD_SOURCE_07,,train
DFD_0001358,DeepFakeDetection (DFD),raw/DFD/DFD_manipulated_sequences/DFD_manipulated_sequences/07_14__walking_down_street_outside_angry__VOX29AK0.mp4,1,557,1920,1080,h264,3.04,DeepFake,DeepFakeDetection,DFD_SOURCE_07,DFD_SOURCE_07,,DFD_SOURCE_07,,train
DFD_0001359,DeepFakeDetection (DFD),raw/DFD/DFD_manipulated_sequences/DFD_manipulated_sequences/07_15__hugging_happy__9Z2MLKVX.mp4,1,723,1920,1080,h264,9.3,DeepFake,DeepFakeDetection,DFD_SOURCE_07,DFD_SOURCE_07,,DFD_SOURCE_07,,train
DFD_0001360,DeepFakeDetection (DFD),raw/DFD/DFD_manipulated_sequences/DFD_manipulated_sequences/07_15__kitchen_still__9Z2MLKVX.mp4,1,840,1920,1080,h264,5.95,DeepFake,DeepFakeDetection,DFD_SOURCE_07,DFD_SOURCE_07,,DFD_SOURCE_07,,train
DFD_0001361,DeepFakeDetection (DFD),raw/DFD/DFD_manipulated_sequences/DFD_manipulated_sequences/07_15__outside_talking_pan_laughing__UGGRZJ60.mp4,1,701,1920,1080,h264,5.76,DeepFake,DeepFakeDetection,DFD_SOURCE_07,DFD_SOURCE_07,,DFD_SOURCE_07,,train
DFD_0001362,DeepFakeDetection (DFD),raw/DFD/DFD_manipulated_sequences/DFD_manipulated_sequences/07_15__outside_talking_still_laughing__KM6M2TBT.mp4,1,859,1920,1080,h264,5.47,DeepFake,DeepFakeDetection,DFD_SOURCE_07,DFD_SOURCE_07,,DFD_SOURCE_07,,train
DFD_0001363,DeepFakeDetection (DFD),raw/DFD/DFD_manipulated_sequences/DFD_manipulated_sequences/07_15__talking_angry_couch__8MEZ98NR.mp4,1,1571,1920,1080,h264,13.72,DeepFake,DeepFakeDetection,DFD_SOURCE_07,DFD_SOURCE_07,,DFD_SOURCE_07,,train
DFD_0001364,DeepFakeDetection (DFD),raw/DFD/DFD_manipulated_sequences/DFD_manipulated_sequences/07_15__walk_down_hall_angry__9Z2MLKVX.mp4,1,566,1920,1080,h264,2.36,DeepFake,DeepFakeDetection,DFD_SOURCE_07,DFD_SOURCE_07,,DFD_SOURCE_07,,train
DFD_0001365,DeepFakeDetection (DFD),raw/DFD/DFD_manipulated_sequences/DFD_manipulated_sequences/07_15__walk_down_hall_angry__KM6M2TBT.mp4,1,567,1920,1080,h264,2.5,DeepFake,DeepFakeDetection,DFD_SOURCE_07,DFD_SOURCE_07,,DFD_SOURCE_07,,train
DFD_0001366,DeepFakeDetection (DFD),raw/DFD/DFD_manipulated_sequences/DFD_manipulated_sequences/07_15__walk_down_hall_angry__NYPO7U50.mp4,1,559,1920,1080,h264,2.45,DeepFake,DeepFakeDetection,DFD_SOURCE_07,DFD_SOURCE_07,,DFD_SOURCE_07,,train
DFD_0001367,DeepFakeDetection (DFD),raw/DFD/DFD_manipulated_sequences/DFD_manipulated_sequences/07_15__walking_down_street_outside_angry__NYPO7U50.mp4,1,564,1920,1080,h264,3.08,DeepFake,DeepFakeDetection,DFD_SOURCE_07,DFD_SOURCE_07,,DFD_SOURCE_07,,train
DFD_0001368,DeepFakeDetection (DFD),raw/DFD/DFD_manipulated_sequences/DFD_manipulated_sequences/07_20__outside_talking_pan_laughing__5VT4USF9.mp4,1,701,1920,1080,h264,5.82,DeepFake,DeepFakeDetection,DFD_SOURCE_07,DFD_SOURCE_07,,DFD_SOURCE_07,,train
DFD_0001369,DeepFakeDetection (DFD),raw/DFD/DFD_manipulated_sequences/DFD_manipulated_sequences/07_20__outside_talking_pan_laughing__KV6Q7D6C.mp4,1,704,1920,1080,h264,5.77,DeepFake,DeepFakeDetection,DFD_SOURCE_07,DFD_SOURCE_07,,DFD_SOURCE_07,,train
DFD_0001370,DeepFakeDetection (DFD),raw/DFD/DFD_manipulated_sequences/DFD_manipulated_sequences/07_20__talking_against_wall__KV6Q7D6C.mp4,1,744,1920,1080,h264,5.83,DeepFake,DeepFakeDetection,DFD_SOURCE_07,DFD_SOURCE_07,,DFD_SOURCE_07,,train
DFD_0001371,DeepFakeDetection (DFD),raw/DFD/DFD_manipulated_sequences/DFD_manipulated_sequences/07_20__walk_down_hall_angry__KV6Q7D6C.mp4,1,566,1920,1080,h264,2.5,DeepFake,DeepFakeDetection,DFD_SOURCE_07,DFD_SOURCE_07,,DFD_SOURCE_07,,train
DFD_0001372,DeepFakeDetection (DFD),raw/DFD/DFD_manipulated_sequences/DFD_manipulated_sequences/07_21__exit_phone_room__K7KXUHMU.mp4,1,403,1920,1080,h264,2.11,DeepFake,DeepFakeDetection,DFD_SOURCE_07,DFD_SOURCE_07,,DFD_SOURCE_07,,train
DFD_0001373,DeepFakeDetection (DFD),raw/DFD/DFD_manipulated_sequences/DFD_manipulated_sequences/07_21__exit_phone_room__MKU99DVX.mp4,1,429,1920,1080,h264,2.26,DeepFake,DeepFakeDetection,DFD_SOURCE_07,DFD_SOURCE_07,,DFD_SOURCE_07,,train
DFD_0001374,DeepFakeDetection (DFD),raw/DFD/DFD_manipulated_sequences/DFD_manipulated_sequences/07_21__hugging_happy__CRGVSDBI.mp4,1,704,1920,1080,h264,9.24,DeepFake,DeepFakeDetection,DFD_SOURCE_07,DFD_SOURCE_07,,DFD_SOURCE_07,,train
DFD_0001375,DeepFakeDetection (DFD),raw/DFD/DFD_manipulated_sequences/DFD_manipulated_sequences/07_21__kitchen_pan__K7KXUHMU.mp4,1,549,1920,1080,h264,4.97,DeepFake,DeepFakeDetection,DFD_SOURCE_07,DFD_SOURCE_07,,DFD_SOURCE_07,,train
DFD_0001376,DeepFakeDetection (DFD),raw/DFD/DFD_manipulated_sequences/DFD_manipulated_sequences/07_21__kitchen_still__K7KXUHMU.mp4,1,838,1920,1080,h264,5.96,DeepFake,DeepFakeDetection,DFD_SOURCE_07,DFD_SOURCE_07,,DFD_SOURCE_07,,train
DFD_0001377,DeepFakeDetection (DFD),raw/DFD/DFD_manipulated_sequences/DFD_manipulated_sequences/07_21__kitchen_still__MKU99DVX.mp4,1,839,1920,1080,h264,6.04,DeepFake,DeepFakeDetection,DFD_SOURCE_07,DFD_SOURCE_07,,DFD_SOURCE_07,,train
DFD_0001378,DeepFakeDetection (DFD),raw/DFD/DFD_manipulated_sequences/DFD_manipulated_sequences/07_21__outside_talking_still_laughing__K7KXUHMU.mp4,1,834,1920,1080,h264,5.42,DeepFake,DeepFakeDetection,DFD_SOURCE_07,DFD_SOURCE_07,,DFD_SOURCE_07,,train
DFD_0001379,DeepFakeDetection (DFD),raw/DFD/DFD_manipulated_sequences/DFD_manipulated_sequences/07_21__secret_conversation__CRGVSDBI.mp4,1,391,1920,1080,h264,2.66,DeepFake,DeepFakeDetection,DFD_SOURCE_07,DFD_SOURCE_07,,DFD_SOURCE_07,,train
DFD_0001380,DeepFakeDetection (DFD),raw/DFD/DFD_manipulated_sequences/DFD_manipulated_sequences/07_21__secret_conversation__MKU99DVX.mp4,1,360,1920,1080,h264,2.51,DeepFake,DeepFakeDetection,DFD_SOURCE_07,DFD_SOURCE_07,,DFD_SOURCE_07,,train
DFD_0001381,DeepFakeDetection (DFD),raw/DFD/DFD_manipulated_sequences/DFD_manipulated_sequences/07_21__talking_against_wall__CRGVSDBI.mp4,1,739,1920,1080,h264,5.82,DeepFake,DeepFakeDetection,DFD_SOURCE_07,DFD_SOURCE_07,,DFD_SOURCE_07,,train
DFD_0001382,DeepFakeDetection (DFD),raw/DFD/DFD_manipulated_sequences/DFD_manipulated_sequences/07_21__talking_against_wall__MKU99DVX.mp4,1,652,1920,1080,h264,5.24,DeepFake,DeepFakeDetection,DFD_SOURCE_07,DFD_SOURCE_07,,DFD_SOURCE_07,,train
DFD_0001383,DeepFakeDetection (DFD),raw/DFD/DFD_manipulated_sequences/DFD_manipulated_sequences/07_21__talking_angry_couch__MKU99DVX.mp4,1,1358,1920,1080,h264,12.42,DeepFake,DeepFakeDetection,DFD_SOURCE_07,DFD_SOURCE_07,,DFD_SOURCE_07,,train
DFD_0001384,DeepFakeDetection (DFD),raw/DFD/DFD_manipulated_sequences/DFD_manipulated_sequences/07_21__walking_down_street_outside_angry__K7KXUHMU.mp4,1,531,1920,1080,h264,2.98,DeepFake,DeepFakeDetection,DFD_SOURCE_07,DFD_SOURCE_07,,DFD_SOURCE_07,,train
DFD_0001385,DeepFakeDetection (DFD),raw/DFD/DFD_manipulated_sequences/DFD_manipulated_sequences/07_21__walking_down_street_outside_angry__MKU99DVX.mp4,1,505,1920,1080,h264,2.84,DeepFake,DeepFakeDetection,DFD_SOURCE_07,DFD_SOURCE_07,,DFD_SOURCE_07,,train
DFD_0001386,DeepFakeDetection (DFD),raw/DFD/DFD_manipulated_sequences/DFD_manipulated_sequences/07_25__exit_phone_room__IKMKYKPG.mp4,1,390,1920,1080,h264,2.11,DeepFake,DeepFakeDetection,DFD_SOURCE_07,DFD_SOURCE_07,,DFD_SOURCE_07,,train
DFD_0001387,DeepFakeDetection (DFD),raw/DFD/DFD_manipulated_sequences/DFD_manipulated_sequences/07_25__hugging_happy__IKMKYKPG.mp4,1,721,1920,1080,h264,9.38,DeepFake,DeepFakeDetection,DFD_SOURCE_07,DFD_SOURCE_07,,DFD_SOURCE_07,,train
DFD_0001388,DeepFakeDetection (DFD),raw/DFD/DFD_manipulated_sequences/DFD_manipulated_sequences/07_25__outside_talking_pan_laughing__IKMKYKPG.mp4,1,680,1920,1080,h264,5.67,DeepFake,DeepFakeDetection,DFD_SOURCE_07,DFD_SOURCE_07,,DFD_SOURCE_07,,train
DFD_0001389,DeepFakeDetection (DFD),raw/DFD/DFD_manipulated_sequences/DFD_manipulated_sequences/07_25__talking_angry_couch__LZYKF7LK.mp4,1,1531,1920,1080,h264,13.53,DeepFake,DeepFakeDetection,DFD_SOURCE_07,DFD_SOURCE_07,,DFD_SOURCE_07,,train
DFD_0001390,DeepFakeDetection (DFD),raw/DFD/DFD_manipulated_sequences/DFD_manipulated_sequences/07_25__walk_down_hall_angry__PAE9HCA8.mp4,1,432,1920,1080,h264,1.84,DeepFake,DeepFakeDetection,DFD_SOURCE_07,DFD_SOURCE_07,,DFD_SOURCE_07,,train
DFD_0001391,DeepFakeDetection (DFD),raw/DFD/DFD_manipulated_sequences/DFD_manipulated_sequences/07_25__walking_down_street_outside_angry__IKMKYKPG.mp4,1,552,1920,1080,h264,3.08,DeepFake,DeepFakeDetection,DFD_SOURCE_07,DFD_SOURCE_07,,DFD_SOURCE_07,,train
DFD_0001392,DeepFakeDetection (DFD),raw/DFD/DFD_manipulated_sequences/DFD_manipulated_sequences/07_25__walking_outside_cafe_disgusted__PAE9HCA8.mp4,1,404,1920,1080,h264,2.44,DeepFake,DeepFakeDetection,DFD_SOURCE_07,DFD_SOURCE_07,,DFD_SOURCE_07,,train
DFD_0001393,DeepFakeDetection (DFD),raw/DFD/DFD_manipulated_sequences/DFD_manipulated_sequences/07_26__exit_phone_room__FGNGC2GT.mp4,1,399,1920,1080,h264,2.15,DeepFake,DeepFakeDetection,DFD_SOURCE_07,DFD_SOURCE_07,,DFD_SOURCE_07,,train
DFD_0001394,DeepFakeDetection (DFD),raw/DFD/DFD_manipulated_sequences/DFD_manipulated_sequences/07_26__kitchen_pan__FGNGC2GT.mp4,1,536,1920,1080,h264,4.92,DeepFake,DeepFakeDetection,DFD_SOURCE_07,DFD_SOURCE_07,,DFD_SOURCE_07,,train
DFD_0001395,DeepFakeDetection (DFD),raw/DFD/DFD_manipulated_sequences/DFD_manipulated_sequences/07_26__kitchen_still__FGNGC2GT.mp4,1,838,1920,1080,h264,6.0,DeepFake,DeepFakeDetection,DFD_SOURCE_07,DFD_SOURCE_07,,DFD_SOURCE_07,,train
DFD_0001396,DeepFakeDetection (DFD),raw/DFD/DFD_manipulated_sequences/DFD_manipulated_sequences/07_26__outside_talking_pan_laughing__FGNGC2GT.mp4,1,691,1920,1080,h264,5.68,DeepFake,DeepFakeDetection,DFD_SOURCE_07,DFD_SOURCE_07,,DFD_SOURCE_07,,train
DFD_0001397,DeepFakeDetection (DFD),raw/DFD/DFD_manipulated_sequences/DFD_manipulated_sequences/07_26__outside_talking_still_laughing__FGNGC2GT.mp4,1,849,1920,1080,h264,5.51,DeepFake,DeepFakeDetection,DFD_SOURCE_07,DFD_SOURCE_07,,DFD_SOURCE_07,,train
DFD_0001398,DeepFakeDetection (DFD),raw/DFD/DFD_manipulated_sequences/DFD_manipulated_sequences/07_26__podium_speech_happy__FGNGC2GT.mp4,1,1074,1920,1080,h264,7.32,DeepFake,DeepFakeDetection,DFD_SOURCE_07,DFD_SOURCE_07,,DFD_SOURCE_07,,train
DFD_0001399,DeepFakeDetection (DFD),raw/DFD/DFD_manipulated_sequences/DFD_manipulated_sequences/07_26__talking_against_wall__FGNGC2GT.mp4,1,630,1920,1080,h264,5.11,DeepFake,DeepFakeDetection,DFD_SOURCE_07,DFD_SOURCE_07,,DFD_SOURCE_07,,train
DFD_0001400,DeepFakeDetection (DFD),raw/DFD/DFD_manipulated_sequences/DFD_manipulated_sequences/07_26__walk_down_hall_angry__FGNGC2GT.mp4,1,543,1920,1080,h264,2.36,DeepFake,DeepFakeDetection,DFD_SOURCE_07,DFD_SOURCE_07,,DFD_SOURCE_07,,train
DFD_0001401,DeepFakeDetection (DFD),raw/DFD/DFD_manipulated_sequences/DFD_manipulated_sequences/07_26__walking_down_street_outside_angry__FGNGC2GT.mp4,1,541,1920,1080,h264,3.02,DeepFake,DeepFakeDetection,DFD_SOURCE_07,DFD_SOURCE_07,,DFD_SOURCE_07,,train
DFD_0001402,DeepFakeDetection (DFD),raw/DFD/DFD_manipulated_sequences/DFD_manipulated_sequences/07_27__kitchen_still__3RH5PR6S.mp4,1,840,1920,1080,h264,5.96,DeepFake,DeepFakeDetection,DFD_SOURCE_07,DFD_SOURCE_07,,DFD_SOURCE_07,,train
DFD_0001403,DeepFakeDetection (DFD),raw/DFD/DFD_manipulated_sequences/DFD_manipulated_sequences/07_27__walking_down_street_outside_angry__3RH5PR6S.mp4,1,579,1920,1080,h264,3.12,DeepFake,DeepFakeDetection,DFD_SOURCE_07,DFD_SOURCE_07,,DFD_SOURCE_07,,train
DFD_0001404,DeepFakeDetection (DFD),raw/DFD/DFD_manipulated_sequences/DFD_manipulated_sequences/08_05__exit_phone_room__BGI70HJ5.mp4,1,316,1920,1080,h264,1.82,DeepFake,DeepFakeDetection,DFD_SOURCE_08,DFD_SOURCE_08,,DFD_SOURCE_08,,train
DFD_0001405,DeepFakeDetection (DFD),raw/DFD/DFD_manipulated_sequences/DFD_manipulated_sequences/08_05__exit_phone_room__UNN7ZGKO.mp4,1,338,1920,1080,h264,2.03,DeepFake,DeepFakeDetection,DFD_SOURCE_08,DFD_SOURCE_08,,DFD_SOURCE_08,,train
DFD_0001406,DeepFakeDetection (DFD),raw/DFD/DFD_manipulated_sequences/DFD_manipulated_sequences/08_05__kitchen_still__LVIZ2X8P.mp4,1,881,1920,1080,h264,6.04,DeepFake,DeepFakeDetection,DFD_SOURCE_08,DFD_SOURCE_08,,DFD_SOURCE_08,,train
DFD_0001407,DeepFakeDetection (DFD),raw/DFD/DFD_manipulated_sequences/DFD_manipulated_sequences/08_05__kitchen_still__UNN7ZGKO.mp4,1,911,1920,1080,h264,6.15,DeepFake,DeepFakeDetection,DFD_SOURCE_08,DFD_SOURCE_08,,DFD_SOURCE_08,,train
DFD_0001408,DeepFakeDetection (DFD),raw/DFD/DFD_manipulated_sequences/DFD_manipulated_sequences/08_05__podium_speech_happy__PRBCE28Z.mp4,1,1064,1920,1080,h264,8.91,DeepFake,DeepFakeDetection,DFD_SOURCE_08,DFD_SOURCE_08,,DFD_SOURCE_08,,train
DFD_0001409,DeepFakeDetection (DFD),raw/DFD/DFD_manipulated_sequences/DFD_manipulated_sequences/08_05__walk_down_hall_angry__FBICSP2C.mp4,1,276,1920,1080,h264,2.05,DeepFake,DeepFakeDetection,DFD_SOURCE_08,DFD_SOURCE_08,,DFD_SOURCE_08,,train
DFD_0001410,DeepFakeDetection (DFD),raw/DFD/DFD_manipulated_sequences/DFD_manipulated_sequences/08_05__walk_down_hall_angry__PRBCE28Z.mp4,1,228,1920,1080,h264,1.73,DeepFake,DeepFakeDetection,DFD_SOURCE_08,DFD_SOURCE_08,,DFD_SOURCE_08,,train
DFD_0001411,DeepFakeDetection (DFD),raw/DFD/DFD_manipulated_sequences/DFD_manipulated_sequences/08_05__walk_down_hall_angry__YN1Q9TER.mp4,1,269,1920,1080,h264,2.02,DeepFake,DeepFakeDetection,DFD_SOURCE_08,DFD_SOURCE_08,,DFD_SOURCE_08,,train
DFD_0001412,DeepFakeDetection (DFD),raw/DFD/DFD_manipulated_sequences/DFD_manipulated_sequences/08_16__exit_phone_room__8Q7JCS95.mp4,1,369,1920,1080,h264,2.23,DeepFake,DeepFakeDetection,DFD_SOURCE_08,DFD_SOURCE_08,,DFD_SOURCE_08,,train
DFD_0001413,DeepFakeDetection (DFD),raw/DFD/DFD_manipulated_sequences/DFD_manipulated_sequences/08_16__kitchen_pan__8Q7JCS95.mp4,1,581,1920,1080,h264,4.92,DeepFake,DeepFakeDetection,DFD_SOURCE_08,DFD_SOURCE_08,,DFD_SOURCE_08,,train
DFD_0001414,DeepFakeDetection (DFD),raw/DFD/DFD_manipulated_sequences/DFD_manipulated_sequences/08_16__kitchen_still__8Q7JCS95.mp4,1,936,1920,1080,h264,6.3,DeepFake,DeepFakeDetection,DFD_SOURCE_08,DFD_SOURCE_08,,DFD_SOURCE_08,,train
DFD_0001415,DeepFakeDetection (DFD),raw/DFD/DFD_manipulated_sequences/DFD_manipulated_sequences/08_16__podium_speech_happy__8Q7JCS95.mp4,1,1071,1920,1080,h264,8.86,DeepFake,DeepFakeDetection,DFD_SOURCE_08,DFD_SOURCE_08,,DFD_SOURCE_08,,train
DFD_0001416,DeepFakeDetection (DFD),raw/DFD/DFD_manipulated_sequences/DFD_manipulated_sequences/08_16__talking_against_wall__8Q7JCS95.mp4,1,1022,1920,1080,h264,5.29,DeepFake,DeepFakeDetection,DFD_SOURCE_08,DFD_SOURCE_08,,DFD_SOURCE_08,,train
DFD_0001417,DeepFakeDetection (DFD),raw/DFD/DFD_manipulated_sequences/DFD_manipulated_sequences/08_17__exit_phone_room__CFIY1YEQ.mp4,1,368,1920,1080,h264,2.22,DeepFake,DeepFakeDetection,DFD_SOURCE_08,DFD_SOURCE_08,,DFD_SOURCE_08,,train
DFD_0001418,DeepFakeDetection (DFD),raw/DFD/DFD_manipulated_sequences/DFD_manipulated_sequences/08_17__kitchen_pan__JZYRLJ8T.mp4,1,577,1920,1080,h264,4.9,DeepFake,DeepFakeDetection,DFD_SOURCE_08,DFD_SOURCE_08,,DFD_SOURCE_08,,train
DFD_0001419,DeepFakeDetection (DFD),raw/DFD/DFD_manipulated_sequences/DFD_manipulated_sequences/08_17__kitchen_still__JZYRLJ8T.mp4,1,913,1920,1080,h264,6.1,DeepFake,DeepFakeDetection,DFD_SOURCE_08,DFD_SOURCE_08,,DFD_SOURCE_08,,train
DFD_0001420,DeepFakeDetection (DFD),raw/DFD/DFD_manipulated_sequences/DFD_manipulated_sequences/08_17__kitchen_still__ZCEYWYTC.mp4,1,915,1920,1080,h264,6.22,DeepFake,DeepFakeDetection,DFD_SOURCE_08,DFD_SOURCE_08,,DFD_SOURCE_08,,train
DFD_0001421,DeepFakeDetection (DFD),raw/DFD/DFD_manipulated_sequences/DFD_manipulated_sequences/08_17__outside_talking_still_laughing__JZYRLJ8T.mp4,1,642,1920,1080,h264,5.89,DeepFake,DeepFakeDetection,DFD_SOURCE_08,DFD_SOURCE_08,,DFD_SOURCE_08,,train
DFD_0001422,DeepFakeDetection (DFD),raw/DFD/DFD_manipulated_sequences/DFD_manipulated_sequences/08_17__podium_speech_happy__QOX5NWIJ.mp4,1,1068,1920,1080,h264,8.89,DeepFake,DeepFakeDetection,DFD_SOURCE_08,DFD_SOURCE_08,,DFD_SOURCE_08,,train
DFD_0001423,DeepFakeDetection (DFD),raw/DFD/DFD_manipulated_sequences/DFD_manipulated_sequences/08_17__podium_speech_happy__ZCEYWYTC.mp4,1,1067,1920,1080,h264,8.97,DeepFake,DeepFakeDetection,DFD_SOURCE_08,DFD_SOURCE_08,,DFD_SOURCE_08,,train
DFD_0001424,DeepFakeDetection (DFD),raw/DFD/DFD_manipulated_sequences/DFD_manipulated_sequences/08_17__talking_against_wall__ISS1V0B1.mp4,1,1025,1920,1080,h264,5.4,DeepFake,DeepFakeDetection,DFD_SOURCE_08,DFD_SOURCE_08,,DFD_SOURCE_08,,train
DFD_0001425,DeepFakeDetection (DFD),raw/DFD/DFD_manipulated_sequences/DFD_manipulated_sequences/08_17__walk_down_hall_angry__QOX5NWIJ.mp4,1,245,1920,1080,h264,1.82,DeepFake,DeepFakeDetection,DFD_SOURCE_08,DFD_SOURCE_08,,DFD_SOURCE_08,,train
DFD_0001426,DeepFakeDetection (DFD),raw/DFD/DFD_manipulated_sequences/DFD_manipulated_sequences/08_28__exit_phone_room__KXO8S7OP.mp4,1,336,1920,1080,h264,2.0,DeepFake,DeepFakeDetection,DFD_SOURCE_08,DFD_SOURCE_08,,DFD_SOURCE_08,,train
DFD_0001427,DeepFakeDetection (DFD),raw/DFD/DFD_manipulated_sequences/DFD_manipulated_sequences/08_28__exit_phone_room__LVT0XNQG.mp4,1,319,1920,1080,h264,1.85,DeepFake,DeepFakeDetection,DFD_SOURCE_08,DFD_SOURCE_08,,DFD_SOURCE_08,,train
DFD_0001428,DeepFakeDetection (DFD),raw/DFD/DFD_manipulated_sequences/DFD_manipulated_sequences/08_28__kitchen_pan__6HFK6PB4.mp4,1,574,1920,1080,h264,4.92,DeepFake,DeepFakeDetection,DFD_SOURCE_08,DFD_SOURCE_08,,DFD_SOURCE_08,,train
DFD_0001429,DeepFakeDetection (DFD),raw/DFD/DFD_manipulated_sequences/DFD_manipulated_sequences/08_28__kitchen_pan__LVT0XNQG.mp4,1,581,1920,1080,h264,4.87,DeepFake,DeepFakeDetection,DFD_SOURCE_08,DFD_SOURCE_08,,DFD_SOURCE_08,,train
DFD_0001430,DeepFakeDetection (DFD),raw/DFD/DFD_manipulated_sequences/DFD_manipulated_sequences/08_28__outside_talking_pan_laughing__8BC35RFU.mp4,1,591,1920,1080,h264,7.57,DeepFake,DeepFakeDetection,DFD_SOURCE_08,DFD_SOURCE_08,,DFD_SOURCE_08,,train
DFD_0001431,DeepFakeDetection (DFD),raw/DFD/DFD_manipulated_sequences/DFD_manipulated_sequences/08_28__outside_talking_pan_laughing__HIOU8Z8I.mp4,1,586,1920,1080,h264,7.51,DeepFake,DeepFakeDetection,DFD_SOURCE_08,DFD_SOURCE_08,,DFD_SOURCE_08,,train
DFD_0001432,DeepFakeDetection (DFD),raw/DFD/DFD_manipulated_sequences/DFD_manipulated_sequences/08_28__outside_talking_still_laughing__8BC35RFU.mp4,1,736,1920,1080,h264,6.66,DeepFake,DeepFakeDetection,DFD_SOURCE_08,DFD_SOURCE_08,,DFD_SOURCE_08,,train
DFD_0001433,DeepFakeDetection (DFD),raw/DFD/DFD_manipulated_sequences/DFD_manipulated_sequences/08_28__podium_speech_happy__GGCUYQA4.mp4,1,1075,1920,1080,h264,8.92,DeepFake,DeepFakeDetection,DFD_SOURCE_08,DFD_SOURCE_08,,DFD_SOURCE_08,,train
DFD_0001434,DeepFakeDetection (DFD),raw/DFD/DFD_manipulated_sequences/DFD_manipulated_sequences/08_28__podium_speech_happy__HIOU8Z8I.mp4,1,1074,1920,1080,h264,8.94,DeepFake,DeepFakeDetection,DFD_SOURCE_08,DFD_SOURCE_08,,DFD_SOURCE_08,,train
DFD_0001435,DeepFakeDetection (DFD),raw/DFD/DFD_manipulated_sequences/DFD_manipulated_sequences/08_28__podium_speech_happy__KXO8S7OP.mp4,1,1074,1920,1080,h264,8.95,DeepFake,DeepFakeDetection,DFD_SOURCE_08,DFD_SOURCE_08,,DFD_SOURCE_08,,train
DFD_0001436,DeepFakeDetection (DFD),raw/DFD/DFD_manipulated_sequences/DFD_manipulated_sequences/08_28__walk_down_hall_angry__GGCUYQA4.mp4,1,302,1920,1080,h264,2.24,DeepFake,DeepFakeDetection,DFD_SOURCE_08,DFD_SOURCE_08,,DFD_SOURCE_08,,train
DFD_0001437,DeepFakeDetection (DFD),raw/DFD/DFD_manipulated_sequences/DFD_manipulated_sequences/08_28__walking_outside_cafe_disgusted__GQN9WHLD.mp4,1,350,1920,1080,h264,2.73,DeepFake,DeepFakeDetection,DFD_SOURCE_08,DFD_SOURCE_08,,DFD_SOURCE_08,,train
DFD_0001587,DeepFakeDetection (DFD),raw/DFD/DFD_manipulated_sequences/DFD_manipulated_sequences/11_01__exit_phone_room__4OJNJLOO.mp4,1,769,1920,1080,h264,4.0,DeepFake,DeepFakeDetection,DFD_SOURCE_11,DFD_SOURCE_11,,DFD_SOURCE_11,,train
DFD_0001588,DeepFakeDetection (DFD),raw/DFD/DFD_manipulated_sequences/DFD_manipulated_sequences/11_01__exit_phone_room__9229VVZ3.mp4,1,736,1920,1080,h264,3.71,DeepFake,DeepFakeDetection,DFD_SOURCE_11,DFD_SOURCE_11,,DFD_SOURCE_11,,train
DFD_0001589,DeepFakeDetection (DFD),raw/DFD/DFD_manipulated_sequences/DFD_manipulated_sequences/11_01__kitchen_pan__18HYCC8C.mp4,1,683,1920,1080,h264,6.42,DeepFake,DeepFakeDetection,DFD_SOURCE_11,DFD_SOURCE_11,,DFD_SOURCE_11,,train
DFD_0001590,DeepFakeDetection (DFD),raw/DFD/DFD_manipulated_sequences/DFD_manipulated_sequences/11_01__kitchen_pan__WIZ7GKOD.mp4,1,691,1920,1080,h264,6.39,DeepFake,DeepFakeDetection,DFD_SOURCE_11,DFD_SOURCE_11,,DFD_SOURCE_11,,train
DFD_0001591,DeepFakeDetection (DFD),raw/DFD/DFD_manipulated_sequences/DFD_manipulated_sequences/11_01__outside_talking_pan_laughing__9OM3VE0Y.mp4,1,688,1920,1080,h264,7.88,DeepFake,DeepFakeDetection,DFD_SOURCE_11,DFD_SOURCE_11,,DFD_SOURCE_11,,train
DFD_0001592,DeepFakeDetection (DFD),raw/DFD/DFD_manipulated_sequences/DFD_manipulated_sequences/11_01__outside_talking_pan_laughing__UQ0BOBNO.mp4,1,687,1920,1080,h264,7.86,DeepFake,DeepFakeDetection,DFD_SOURCE_11,DFD_SOURCE_11,,DFD_SOURCE_11,,train
DFD_0001593,DeepFakeDetection (DFD),raw/DFD/DFD_manipulated_sequences/DFD_manipulated_sequences/11_01__outside_talking_pan_laughing__WIZ7GKOD.mp4,1,681,1920,1080,h264,7.87,DeepFake,DeepFakeDetection,DFD_SOURCE_11,DFD_SOURCE_11,,DFD_SOURCE_11,,train
DFD_0001594,DeepFakeDetection (DFD),raw/DFD/DFD_manipulated_sequences/DFD_manipulated_sequences/11_01__outside_talking_still_laughing__18HYCC8C.mp4,1,746,1920,1080,h264,6.91,DeepFake,DeepFakeDetection,DFD_SOURCE_11,DFD_SOURCE_11,,DFD_SOURCE_11,,train
DFD_0001595,DeepFakeDetection (DFD),raw/DFD/DFD_manipulated_sequences/DFD_manipulated_sequences/11_01__outside_talking_still_laughing__9229VVZ3.mp4,1,738,1920,1080,h264,6.87,DeepFake,DeepFakeDetection,DFD_SOURCE_11,DFD_SOURCE_11,,DFD_SOURCE_11,,train
DFD_0001596,DeepFakeDetection (DFD),raw/DFD/DFD_manipulated_sequences/DFD_manipulated_sequences/11_01__podium_speech_happy__FCNL2OVP.mp4,1,1181,1920,1080,h264,8.42,DeepFake,DeepFakeDetection,DFD_SOURCE_11,DFD_SOURCE_11,,DFD_SOURCE_11,,train
DFD_0001597,DeepFakeDetection (DFD),raw/DFD/DFD_manipulated_sequences/DFD_manipulated_sequences/11_01__podium_speech_happy__WIZ7GKOD.mp4,1,1176,1920,1080,h264,8.36,DeepFake,DeepFakeDetection,DFD_SOURCE_11,DFD_SOURCE_11,,DFD_SOURCE_11,,train
DFD_0001598,DeepFakeDetection (DFD),raw/DFD/DFD_manipulated_sequences/DFD_manipulated_sequences/11_01__secret_conversation__FCNL2OVP.mp4,1,912,1920,1080,h264,6.36,DeepFake,DeepFakeDetection,DFD_SOURCE_11,DFD_SOURCE_11,,DFD_SOURCE_11,,train
DFD_0001599,DeepFakeDetection (DFD),raw/DFD/DFD_manipulated_sequences/DFD_manipulated_sequences/11_01__secret_conversation__WIZ7GKOD.mp4,1,66,1920,1080,h264,0.6,DeepFake,DeepFakeDetection,DFD_SOURCE_11,DFD_SOURCE_11,,DFD_SOURCE_11,,train
DFD_0001600,DeepFakeDetection (DFD),raw/DFD/DFD_manipulated_sequences/DFD_manipulated_sequences/11_01__talking_against_wall__4OJNJLOO.mp4,1,880,1920,1080,h264,3.57,DeepFake,DeepFakeDetection,DFD_SOURCE_11,DFD_SOURCE_11,,DFD_SOURCE_11,,train
DFD_0001601,DeepFakeDetection (DFD),raw/DFD/DFD_manipulated_sequences/DFD_manipulated_sequences/11_01__talking_against_wall__EKE2KNRE.mp4,1,880,1920,1080,h264,3.55,DeepFake,DeepFakeDetection,DFD_SOURCE_11,DFD_SOURCE_11,,DFD_SOURCE_11,,train
DFD_0001602,DeepFakeDetection (DFD),raw/DFD/DFD_manipulated_sequences/DFD_manipulated_sequences/11_01__talking_against_wall__P06JKA75.mp4,1,880,1920,1080,h264,3.71,DeepFake,DeepFakeDetection,DFD_SOURCE_11,DFD_SOURCE_11,,DFD_SOURCE_11,,train
DFD_0001603,DeepFakeDetection (DFD),raw/DFD/DFD_manipulated_sequences/DFD_manipulated_sequences/11_01__talking_against_wall__WIZ7GKOD.mp4,1,880,1920,1080,h264,3.59,DeepFake,DeepFakeDetection,DFD_SOURCE_11,DFD_SOURCE_11,,DFD_SOURCE_11,,train
DFD_0001604,DeepFakeDetection (DFD),raw/DFD/DFD_manipulated_sequences/DFD_manipulated_sequences/11_01__talking_angry_couch__LL4RUKZA.mp4,1,1590,1920,1080,h264,14.58,DeepFake,DeepFakeDetection,DFD_SOURCE_11,DFD_SOURCE_11,,DFD_SOURCE_11,,train
DFD_0001605,DeepFakeDetection (DFD),raw/DFD/DFD_manipulated_sequences/DFD_manipulated_sequences/11_01__walking_down_street_outside_angry__9OM3VE0Y.mp4,1,925,1920,1080,h264,5.76,DeepFake,DeepFakeDetection,DFD_SOURCE_11,DFD_SOURCE_11,,DFD_SOURCE_11,,train
DFD_0001606,DeepFakeDetection (DFD),raw/DFD/DFD_manipulated_sequences/DFD_manipulated_sequences/11_02__podium_speech_happy__NZJ1YEWE.mp4,1,1181,1920,1080,h264,8.37,DeepFake,DeepFakeDetection,DFD_SOURCE_11,DFD_SOURCE_11,,DFD_SOURCE_11,,train
DFD_0001607,DeepFakeDetection (DFD),raw/DFD/DFD_manipulated_sequences/DFD_manipulated_sequences/11_02__secret_conversation__NZJ1YEWE.mp4,1,62,1920,1080,h264,0.57,DeepFake,DeepFakeDetection,DFD_SOURCE_11,DFD_SOURCE_11,,DFD_SOURCE_11,,train
DFD_0001608,DeepFakeDetection (DFD),raw/DFD/DFD_manipulated_sequences/DFD_manipulated_sequences/11_03__exit_phone_room__P08VGHTA.mp4,1,728,1920,1080,h264,3.7,DeepFake,DeepFakeDetection,DFD_SOURCE_11,DFD_SOURCE_11,,DFD_SOURCE_11,,train
DFD_0001609,DeepFakeDetection (DFD),raw/DFD/DFD_manipulated_sequences/DFD_manipulated_sequences/11_03__kitchen_pan__P08VGHTA.mp4,1,687,1920,1080,h264,6.4,DeepFake,DeepFakeDetection,DFD_SOURCE_11,DFD_SOURCE_11,,DFD_SOURCE_11,,train
DFD_0001610,DeepFakeDetection (DFD),raw/DFD/DFD_manipulated_sequences/DFD_manipulated_sequences/11_03__kitchen_still__P08VGHTA.mp4,1,785,1920,1080,h264,6.35,DeepFake,DeepFakeDetection,DFD_SOURCE_11,DFD_SOURCE_11,,DFD_SOURCE_11,,train
DFD_0001611,DeepFakeDetection (DFD),raw/DFD/DFD_manipulated_sequences/DFD_manipulated_sequences/11_03__outside_talking_pan_laughing__P08VGHTA.mp4,1,688,1920,1080,h264,7.86,DeepFake,DeepFakeDetection,DFD_SOURCE_11,DFD_SOURCE_11,,DFD_SOURCE_11,,train
DFD_0001612,DeepFakeDetection (DFD),raw/DFD/DFD_manipulated_sequences/DFD_manipulated_sequences/11_03__outside_talking_still_laughing__P08VGHTA.mp4,1,741,1920,1080,h264,6.9,DeepFake,DeepFakeDetection,DFD_SOURCE_11,DFD_SOURCE_11,,DFD_SOURCE_11,,train
DFD_0001613,DeepFakeDetection (DFD),raw/DFD/DFD_manipulated_sequences/DFD_manipulated_sequences/11_03__podium_speech_happy__P08VGHTA.mp4,1,1184,1920,1080,h264,8.38,DeepFake,DeepFakeDetection,DFD_SOURCE_11,DFD_SOURCE_11,,DFD_SOURCE_11,,train
DFD_0001614,DeepFakeDetection (DFD),raw/DFD/DFD_manipulated_sequences/DFD_manipulated_sequences/11_03__talking_against_wall__P08VGHTA.mp4,1,880,1920,1080,h264,3.57,DeepFake,DeepFakeDetection,DFD_SOURCE_11,DFD_SOURCE_11,,DFD_SOURCE_11,,train
DFD_0001615,DeepFakeDetection (DFD),raw/DFD/DFD_manipulated_sequences/DFD_manipulated_sequences/11_03__walk_down_hall_angry__P08VGHTA.mp4,1,700,1920,1080,h264,3.08,DeepFake,DeepFakeDetection,DFD_SOURCE_11,DFD_SOURCE_11,,DFD_SOURCE_11,,train
DFD_0001616,DeepFakeDetection (DFD),raw/DFD/DFD_manipulated_sequences/DFD_manipulated_sequences/11_03__walking_outside_cafe_disgusted__P08VGHTA.mp4,1,711,1920,1080,h264,6.05,DeepFake,DeepFakeDetection,DFD_SOURCE_11,DFD_SOURCE_11,,DFD_SOURCE_11,,train
DFD_0001617,DeepFakeDetection (DFD),raw/DFD/DFD_manipulated_sequences/DFD_manipulated_sequences/11_04__outside_talking_pan_laughing__JRQWOV1G.mp4,1,687,1920,1080,h264,7.83,DeepFake,DeepFakeDetection,DFD_SOURCE_11,DFD_SOURCE_11,,DFD_SOURCE_11,,train
DFD_0001618,DeepFakeDetection (DFD),raw/DFD/DFD_manipulated_sequences/DFD_manipulated_sequences/11_04__outside_talking_still_laughing__60BU0X0I.mp4,1,728,1920,1080,h264,6.77,DeepFake,DeepFakeDetection,DFD_SOURCE_11,DFD_SOURCE_11,,DFD_SOURCE_11,,train
DFD_0001619,DeepFakeDetection (DFD),raw/DFD/DFD_manipulated_sequences/DFD_manipulated_sequences/11_04__talking_angry_couch__JRQWOV1G.mp4,1,1590,1920,1080,h264,14.52,DeepFake,DeepFakeDetection,DFD_SOURCE_11,DFD_SOURCE_11,,DFD_SOURCE_11,,train
DFD_0001620,DeepFakeDetection (DFD),raw/DFD/DFD_manipulated_sequences/DFD_manipulated_sequences/11_04__walking_outside_cafe_disgusted__SXI772ZL.mp4,1,711,1920,1080,h264,6.06,DeepFake,DeepFakeDetection,DFD_SOURCE_11,DFD_SOURCE_11,,DFD_SOURCE_11,,train
DFD_0001621,DeepFakeDetection (DFD),raw/DFD/DFD_manipulated_sequences/DFD_manipulated_sequences/11_06__exit_phone_room__C8C4FW99.mp4,1,729,1920,1080,h264,3.71,DeepFake,DeepFakeDetection,DFD_SOURCE_11,DFD_SOURCE_11,,DFD_SOURCE_11,,train
DFD_0001622,DeepFakeDetection (DFD),raw/DFD/DFD_manipulated_sequences/DFD_manipulated_sequences/11_06__kitchen_still__C8C4FW99.mp4,1,785,1920,1080,h264,6.34,DeepFake,DeepFakeDetection,DFD_SOURCE_11,DFD_SOURCE_11,,DFD_SOURCE_11,,train
DFD_0001623,DeepFakeDetection (DFD),raw/DFD/DFD_manipulated_sequences/DFD_manipulated_sequences/11_06__outside_talking_pan_laughing__C8C4FW99.mp4,1,686,1920,1080,h264,7.84,DeepFake,DeepFakeDetection,DFD_SOURCE_11,DFD_SOURCE_11,,DFD_SOURCE_11,,train
DFD_0001624,DeepFakeDetection (DFD),raw/DFD/DFD_manipulated_sequences/DFD_manipulated_sequences/11_06__outside_talking_pan_laughing__MX659QU8.mp4,1,683,1920,1080,h264,7.82,DeepFake,DeepFakeDetection,DFD_SOURCE_11,DFD_SOURCE_11,,DFD_SOURCE_11,,train
DFD_0001625,DeepFakeDetection (DFD),raw/DFD/DFD_manipulated_sequences/DFD_manipulated_sequences/11_06__outside_talking_still_laughing__C8C4FW99.mp4,1,738,1920,1080,h264,6.86,DeepFake,DeepFakeDetection,DFD_SOURCE_11,DFD_SOURCE_11,,DFD_SOURCE_11,,train
DFD_0001626,DeepFakeDetection (DFD),raw/DFD/DFD_manipulated_sequences/DFD_manipulated_sequences/11_06__outside_talking_still_laughing__MX659QU8.mp4,1,685,1920,1080,h264,6.52,DeepFake,DeepFakeDetection,DFD_SOURCE_11,DFD_SOURCE_11,,DFD_SOURCE_11,,train
DFD_0001627,DeepFakeDetection (DFD),raw/DFD/DFD_manipulated_sequences/DFD_manipulated_sequences/11_06__secret_conversation__C8C4FW99.mp4,1,65,1920,1080,h264,0.61,DeepFake,DeepFakeDetection,DFD_SOURCE_11,DFD_SOURCE_11,,DFD_SOURCE_11,,train
DFD_0001628,DeepFakeDetection (DFD),raw/DFD/DFD_manipulated_sequences/DFD_manipulated_sequences/11_06__talking_against_wall__C8C4FW99.mp4,1,880,1920,1080,h264,3.6,DeepFake,DeepFakeDetection,DFD_SOURCE_11,DFD_SOURCE_11,,DFD_SOURCE_11,,train
DFD_0001629,DeepFakeDetection (DFD),raw/DFD/DFD_manipulated_sequences/DFD_manipulated_sequences/11_06__walking_outside_cafe_disgusted__MX659QU8.mp4,1,710,1920,1080,h264,6.1,DeepFake,DeepFakeDetection,DFD_SOURCE_11,DFD_SOURCE_11,,DFD_SOURCE_11,,train
DFD_0001630,DeepFakeDetection (DFD),raw/DFD/DFD_manipulated_sequences/DFD_manipulated_sequences/11_07__exit_phone_room__PGC20QSY.mp4,1,765,1920,1080,h264,3.86,DeepFake,DeepFakeDetection,DFD_SOURCE_11,DFD_SOURCE_11,,DFD_SOURCE_11,,train
DFD_0001631,DeepFakeDetection (DFD),raw/DFD/DFD_manipulated_sequences/DFD_manipulated_sequences/11_07__kitchen_pan__H1YF1M1B.mp4,1,687,1920,1080,h264,6.44,DeepFake,DeepFakeDetection,DFD_SOURCE_11,DFD_SOURCE_11,,DFD_SOURCE_11,,train
DFD_0001632,DeepFakeDetection (DFD),raw/DFD/DFD_manipulated_sequences/DFD_manipulated_sequences/11_07__kitchen_still__H1YF1M1B.mp4,1,791,1920,1080,h264,6.48,DeepFake,DeepFakeDetection,DFD_SOURCE_11,DFD_SOURCE_11,,DFD_SOURCE_11,,train
DFD_0001633,DeepFakeDetection (DFD),raw/DFD/DFD_manipulated_sequences/DFD_manipulated_sequences/11_07__kitchen_still__R7R86Z62.mp4,1,786,1920,1080,h264,6.41,DeepFake,DeepFakeDetection,DFD_SOURCE_11,DFD_SOURCE_11,,DFD_SOURCE_11,,train
DFD_0001634,DeepFakeDetection (DFD),raw/DFD/DFD_manipulated_sequences/DFD_manipulated_sequences/11_07__podium_speech_happy__PGC20QSY.mp4,1,1184,1920,1080,h264,8.36,DeepFake,DeepFakeDetection,DFD_SOURCE_11,DFD_SOURCE_11,,DFD_SOURCE_11,,train
DFD_0001635,DeepFakeDetection (DFD),raw/DFD/DFD_manipulated_sequences/DFD_manipulated_sequences/11_07__talking_angry_couch__PGC20QSY.mp4,1,1590,1920,1080,h264,14.54,DeepFake,DeepFakeDetection,DFD_SOURCE_11,DFD_SOURCE_11,,DFD_SOURCE_11,,train
DFD_0001636,DeepFakeDetection (DFD),raw/DFD/DFD_manipulated_sequences/DFD_manipulated_sequences/11_12__secret_conversation__8NS148U7.mp4,1,61,1920,1080,h264,0.56,DeepFake,DeepFakeDetection,DFD_SOURCE_11,DFD_SOURCE_11,,DFD_SOURCE_11,,train
DFD_0001637,DeepFakeDetection (DFD),raw/DFD/DFD_manipulated_sequences/DFD_manipulated_sequences/11_13__kitchen_pan__61T622EK.mp4,1,677,1920,1080,h264,6.28,DeepFake,DeepFakeDetection,DFD_SOURCE_11,DFD_SOURCE_11,,DFD_SOURCE_11,,train
DFD_0001638,DeepFakeDetection (DFD),raw/DFD/DFD_manipulated_sequences/DFD_manipulated_sequences/11_13__kitchen_pan__XXKQ4XM0.mp4,1,680,1920,1080,h264,6.37,DeepFake,DeepFakeDetection,DFD_SOURCE_11,DFD_SOURCE_11,,DFD_SOURCE_11,,train
DFD_0001639,DeepFakeDetection (DFD),raw/DFD/DFD_manipulated_sequences/DFD_manipulated_sequences/11_13__kitchen_still__61T622EK.mp4,1,770,1920,1080,h264,6.26,DeepFake,DeepFakeDetection,DFD_SOURCE_11,DFD_SOURCE_11,,DFD_SOURCE_11,,train
DFD_0001640,DeepFakeDetection (DFD),raw/DFD/DFD_manipulated_sequences/DFD_manipulated_sequences/11_13__outside_talking_still_laughing__61T622EK.mp4,1,735,1920,1080,h264,6.85,DeepFake,DeepFakeDetection,DFD_SOURCE_11,DFD_SOURCE_11,,DFD_SOURCE_11,,train
DFD_0001641,DeepFakeDetection (DFD),raw/DFD/DFD_manipulated_sequences/DFD_manipulated_sequences/11_13__outside_talking_still_laughing__XXKQ4XM0.mp4,1,723,1920,1080,h264,6.78,DeepFake,DeepFakeDetection,DFD_SOURCE_11,DFD_SOURCE_11,,DFD_SOURCE_11,,train
DFD_0001642,DeepFakeDetection (DFD),raw/DFD/DFD_manipulated_sequences/DFD_manipulated_sequences/11_13__podium_speech_happy__XXKQ4XM0.mp4,1,1179,1920,1080,h264,8.43,DeepFake,DeepFakeDetection,DFD_SOURCE_11,DFD_SOURCE_11,,DFD_SOURCE_11,,train
DFD_0001643,DeepFakeDetection (DFD),raw/DFD/DFD_manipulated_sequences/DFD_manipulated_sequences/11_13__talking_against_wall__61T622EK.mp4,1,876,1920,1080,h264,3.54,DeepFake,DeepFakeDetection,DFD_SOURCE_11,DFD_SOURCE_11,,DFD_SOURCE_11,,train
DFD_0001644,DeepFakeDetection (DFD),raw/DFD/DFD_manipulated_sequences/DFD_manipulated_sequences/11_13__talking_angry_couch__61T622EK.mp4,1,1542,1920,1080,h264,14.2,DeepFake,DeepFakeDetection,DFD_SOURCE_11,DFD_SOURCE_11,,DFD_SOURCE_11,,train
DFD_0001645,DeepFakeDetection (DFD),raw/DFD/DFD_manipulated_sequences/DFD_manipulated_sequences/11_18__kitchen_still__PT4YKO2R.mp4,1,791,1920,1080,h264,6.38,DeepFake,DeepFakeDetection,DFD_SOURCE_11,DFD_SOURCE_11,,DFD_SOURCE_11,,train
DFD_0001646,DeepFakeDetection (DFD),raw/DFD/DFD_manipulated_sequences/DFD_manipulated_sequences/11_18__kitchen_still__TRJUIS24.mp4,1,793,1920,1080,h264,6.36,DeepFake,DeepFakeDetection,DFD_SOURCE_11,DFD_SOURCE_11,,DFD_SOURCE_11,,train
DFD_0001647,DeepFakeDetection (DFD),raw/DFD/DFD_manipulated_sequences/DFD_manipulated_sequences/11_18__outside_talking_pan_laughing__KLKJ9FPE.mp4,1,685,1920,1080,h264,7.82,DeepFake,DeepFakeDetection,DFD_SOURCE_11,DFD_SOURCE_11,,DFD_SOURCE_11,,train
DFD_0001648,DeepFakeDetection (DFD),raw/DFD/DFD_manipulated_sequences/DFD_manipulated_sequences/11_18__outside_talking_pan_laughing__PT4YKO2R.mp4,1,687,1920,1080,h264,7.9,DeepFake,DeepFakeDetection,DFD_SOURCE_11,DFD_SOURCE_11,,DFD_SOURCE_11,,train
DFD_0001649,DeepFakeDetection (DFD),raw/DFD/DFD_manipulated_sequences/DFD_manipulated_sequences/11_18__podium_speech_happy__DBSWZLXL.mp4,1,1181,1920,1080,h264,8.51,DeepFake,DeepFakeDetection,DFD_SOURCE_11,DFD_SOURCE_11,,DFD_SOURCE_11,,train
DFD_0001650,DeepFakeDetection (DFD),raw/DFD/DFD_manipulated_sequences/DFD_manipulated_sequences/11_18__secret_conversation__JJ1YREUN.mp4,1,912,1920,1080,h264,6.31,DeepFake,DeepFakeDetection,DFD_SOURCE_11,DFD_SOURCE_11,,DFD_SOURCE_11,,train
DFD_0001651,DeepFakeDetection (DFD),raw/DFD/DFD_manipulated_sequences/DFD_manipulated_sequences/11_18__secret_conversation__PT4YKO2R.mp4,1,65,1920,1080,h264,0.59,DeepFake,DeepFakeDetection,DFD_SOURCE_11,DFD_SOURCE_11,,DFD_SOURCE_11,,train
DFD_0001652,DeepFakeDetection (DFD),raw/DFD/DFD_manipulated_sequences/DFD_manipulated_sequences/11_18__talking_against_wall__PT4YKO2R.mp4,1,880,1920,1080,h264,3.54,DeepFake,DeepFakeDetection,DFD_SOURCE_11,DFD_SOURCE_11,,DFD_SOURCE_11,,train
DFD_0001653,DeepFakeDetection (DFD),raw/DFD/DFD_manipulated_sequences/DFD_manipulated_sequences/11_18__talking_angry_couch__JJ1YREUN.mp4,1,1592,1920,1080,h264,14.56,DeepFake,DeepFakeDetection,DFD_SOURCE_11,DFD_SOURCE_11,,DFD_SOURCE_11,,train
DFD_0001654,DeepFakeDetection (DFD),raw/DFD/DFD_manipulated_sequences/DFD_manipulated_sequences/11_18__walk_down_hall_angry__KLKJ9FPE.mp4,1,701,1920,1080,h264,3.09,DeepFake,DeepFakeDetection,DFD_SOURCE_11,DFD_SOURCE_11,,DFD_SOURCE_11,,train
DFD_0001655,DeepFakeDetection (DFD),raw/DFD/DFD_manipulated_sequences/DFD_manipulated_sequences/11_18__walk_down_hall_angry__PT4YKO2R.mp4,1,303,1920,1080,h264,1.51,DeepFake,DeepFakeDetection,DFD_SOURCE_11,DFD_SOURCE_11,,DFD_SOURCE_11,,train
DFD_0001656,DeepFakeDetection (DFD),raw/DFD/DFD_manipulated_sequences/DFD_manipulated_sequences/11_18__walking_down_street_outside_angry__PT4YKO2R.mp4,1,926,1920,1080,h264,5.85,DeepFake,DeepFakeDetection,DFD_SOURCE_11,DFD_SOURCE_11,,DFD_SOURCE_11,,train
DFD_0001657,DeepFakeDetection (DFD),raw/DFD/DFD_manipulated_sequences/DFD_manipulated_sequences/11_18__walking_outside_cafe_disgusted__R1NMCHKG.mp4,1,739,1920,1080,h264,6.34,DeepFake,DeepFakeDetection,DFD_SOURCE_11,DFD_SOURCE_11,,DFD_SOURCE_11,,train
DFD_0001658,DeepFakeDetection (DFD),raw/DFD/DFD_manipulated_sequences/DFD_manipulated_sequences/11_18__walking_outside_cafe_disgusted__TRJUIS24.mp4,1,713,1920,1080,h264,6.08,DeepFake,DeepFakeDetection,DFD_SOURCE_11,DFD_SOURCE_11,,DFD_SOURCE_11,,train
DFD_0001659,DeepFakeDetection (DFD),raw/DFD/DFD_manipulated_sequences/DFD_manipulated_sequences/11_20__kitchen_still__GNK9UR8K.mp4,1,790,1920,1080,h264,6.34,DeepFake,DeepFakeDetection,DFD_SOURCE_11,DFD_SOURCE_11,,DFD_SOURCE_11,,train
DFD_0001660,DeepFakeDetection (DFD),raw/DFD/DFD_manipulated_sequences/DFD_manipulated_sequences/11_20__outside_talking_still_laughing__GNK9UR8K.mp4,1,729,1920,1080,h264,6.78,DeepFake,DeepFakeDetection,DFD_SOURCE_11,DFD_SOURCE_11,,DFD_SOURCE_11,,train
DFD_0001661,DeepFakeDetection (DFD),raw/DFD/DFD_manipulated_sequences/DFD_manipulated_sequences/11_20__secret_conversation__B2H95QXV.mp4,1,865,1920,1080,h264,6.1,DeepFake,DeepFakeDetection,DFD_SOURCE_11,DFD_SOURCE_11,,DFD_SOURCE_11,,train
DFD_0001662,DeepFakeDetection (DFD),raw/DFD/DFD_manipulated_sequences/DFD_manipulated_sequences/11_20__walk_down_hall_angry__B2H95QXV.mp4,1,730,1920,1080,h264,3.32,DeepFake,DeepFakeDetection,DFD_SOURCE_11,DFD_SOURCE_11,,DFD_SOURCE_11,,train
DFD_0001663,DeepFakeDetection (DFD),raw/DFD/DFD_manipulated_sequences/DFD_manipulated_sequences/11_20__walking_down_street_outside_angry__B2H95QXV.mp4,1,980,1920,1080,h264,6.19,DeepFake,DeepFakeDetection,DFD_SOURCE_11,DFD_SOURCE_11,,DFD_SOURCE_11,,train
DFD_0001664,DeepFakeDetection (DFD),raw/DFD/DFD_manipulated_sequences/DFD_manipulated_sequences/11_21__exit_phone_room__1EAA3MPV.mp4,1,735,1920,1080,h264,3.74,DeepFake,DeepFakeDetection,DFD_SOURCE_11,DFD_SOURCE_11,,DFD_SOURCE_11,,train
DFD_0001665,DeepFakeDetection (DFD),raw/DFD/DFD_manipulated_sequences/DFD_manipulated_sequences/11_21__kitchen_pan__T7DK03O1.mp4,1,686,1920,1080,h264,6.47,DeepFake,DeepFakeDetection,DFD_SOURCE_11,DFD_SOURCE_11,,DFD_SOURCE_11,,train
DFD_0001666,DeepFakeDetection (DFD),raw/DFD/DFD_manipulated_sequences/DFD_manipulated_sequences/11_21__kitchen_still__DU9VH27B.mp4,1,764,1920,1080,h264,6.23,DeepFake,DeepFakeDetection,DFD_SOURCE_11,DFD_SOURCE_11,,DFD_SOURCE_11,,train
DFD_0001667,DeepFakeDetection (DFD),raw/DFD/DFD_manipulated_sequences/DFD_manipulated_sequences/11_21__kitchen_still__N6YQW2AP.mp4,1,774,1920,1080,h264,6.3,DeepFake,DeepFakeDetection,DFD_SOURCE_11,DFD_SOURCE_11,,DFD_SOURCE_11,,train
DFD_0001668,DeepFakeDetection (DFD),raw/DFD/DFD_manipulated_sequences/DFD_manipulated_sequences/11_21__kitchen_still__T7DK03O1.mp4,1,784,1920,1080,h264,6.46,DeepFake,DeepFakeDetection,DFD_SOURCE_11,DFD_SOURCE_11,,DFD_SOURCE_11,,train
DFD_0001669,DeepFakeDetection (DFD),raw/DFD/DFD_manipulated_sequences/DFD_manipulated_sequences/11_21__podium_speech_happy__T7DK03O1.mp4,1,1181,1920,1080,h264,8.43,DeepFake,DeepFakeDetection,DFD_SOURCE_11,DFD_SOURCE_11,,DFD_SOURCE_11,,train
DFD_0001670,DeepFakeDetection (DFD),raw/DFD/DFD_manipulated_sequences/DFD_manipulated_sequences/11_21__secret_conversation__1EAA3MPV.mp4,1,851,1920,1080,h264,6.0,DeepFake,DeepFakeDetection,DFD_SOURCE_11,DFD_SOURCE_11,,DFD_SOURCE_11,,train
DFD_0001671,DeepFakeDetection (DFD),raw/DFD/DFD_manipulated_sequences/DFD_manipulated_sequences/11_21__secret_conversation__T7DK03O1.mp4,1,892,1920,1080,h264,6.24,DeepFake,DeepFakeDetection,DFD_SOURCE_11,DFD_SOURCE_11,,DFD_SOURCE_11,,train
DFD_0001672,DeepFakeDetection (DFD),raw/DFD/DFD_manipulated_sequences/DFD_manipulated_sequences/11_21__talking_against_wall__T7DK03O1.mp4,1,879,1920,1080,h264,3.62,DeepFake,DeepFakeDetection,DFD_SOURCE_11,DFD_SOURCE_11,,DFD_SOURCE_11,,train
DFD_0001673,DeepFakeDetection (DFD),raw/DFD/DFD_manipulated_sequences/DFD_manipulated_sequences/11_21__talking_angry_couch__T7DK03O1.mp4,1,1587,1920,1080,h264,14.51,DeepFake,DeepFakeDetection,DFD_SOURCE_11,DFD_SOURCE_11,,DFD_SOURCE_11,,train
DFD_0001674,DeepFakeDetection (DFD),raw/DFD/DFD_manipulated_sequences/DFD_manipulated_sequences/11_21__walk_down_hall_angry__T7DK03O1.mp4,1,699,1920,1080,h264,3.19,DeepFake,DeepFakeDetection,DFD_SOURCE_11,DFD_SOURCE_11,,DFD_SOURCE_11,,train
DFD_0001675,DeepFakeDetection (DFD),raw/DFD/DFD_manipulated_sequences/DFD_manipulated_sequences/11_21__walking_down_street_outside_angry__USLHUQDI.mp4,1,926,1920,1080,h264,5.9,DeepFake,DeepFakeDetection,DFD_SOURCE_11,DFD_SOURCE_11,,DFD_SOURCE_11,,train
DFD_0001676,DeepFakeDetection (DFD),raw/DFD/DFD_manipulated_sequences/DFD_manipulated_sequences/11_21__walking_outside_cafe_disgusted__T7DK03O1.mp4,1,739,1920,1080,h264,6.35,DeepFake,DeepFakeDetection,DFD_SOURCE_11,DFD_SOURCE_11,,DFD_SOURCE_11,,train
DFD_0001677,DeepFakeDetection (DFD),raw/DFD/DFD_manipulated_sequences/DFD_manipulated_sequences/11_25__podium_speech_happy__JX0SAMTC.mp4,1,1162,1920,1080,h264,8.19,DeepFake,DeepFakeDetection,DFD_SOURCE_11,DFD_SOURCE_11,,DFD_SOURCE_11,,train
DFD_0001678,DeepFakeDetection (DFD),raw/DFD/DFD_manipulated_sequences/DFD_manipulated_sequences/11_26__kitchen_pan__7C0VKV43.mp4,1,676,1920,1080,h264,6.45,DeepFake,DeepFakeDetection,DFD_SOURCE_11,DFD_SOURCE_11,,DFD_SOURCE_11,,train
DFD_0001679,DeepFakeDetection (DFD),raw/DFD/DFD_manipulated_sequences/DFD_manipulated_sequences/11_26__kitchen_still__7C0VKV43.mp4,1,787,1920,1080,h264,6.46,DeepFake,DeepFakeDetection,DFD_SOURCE_11,DFD_SOURCE_11,,DFD_SOURCE_11,,train
DFD_0001680,DeepFakeDetection (DFD),raw/DFD/DFD_manipulated_sequences/DFD_manipulated_sequences/11_26__outside_talking_pan_laughing__ALJ0OHNM.mp4,1,686,1920,1080,h264,7.87,DeepFake,DeepFakeDetection,DFD_SOURCE_11,DFD_SOURCE_11,,DFD_SOURCE_11,,train
DFD_0001681,DeepFakeDetection (DFD),raw/DFD/DFD_manipulated_sequences/DFD_manipulated_sequences/11_26__outside_talking_still_laughing__ALJ0OHNM.mp4,1,712,1920,1080,h264,6.7,DeepFake,DeepFakeDetection,DFD_SOURCE_11,DFD_SOURCE_11,,DFD_SOURCE_11,,train
DFD_0001682,DeepFakeDetection (DFD),raw/DFD/DFD_manipulated_sequences/DFD_manipulated_sequences/11_26__walk_down_hall_angry__7C0VKV43.mp4,1,718,1920,1080,h264,3.22,DeepFake,DeepFakeDetection,DFD_SOURCE_11,DFD_SOURCE_11,,DFD_SOURCE_11,,train
DFD_0001683,DeepFakeDetection (DFD),raw/DFD/DFD_manipulated_sequences/DFD_manipulated_sequences/11_26__walking_outside_cafe_disgusted__ALJ0OHNM.mp4,1,711,1920,1080,h264,6.07,DeepFake,DeepFakeDetection,DFD_SOURCE_11,DFD_SOURCE_11,,DFD_SOURCE_11,,train
DFD_0001969,DeepFakeDetection (DFD),raw/DFD/DFD_manipulated_sequences/DFD_manipulated_sequences/14_01__hugging_happy__0S0NS5C6.mp4,1,128,1920,1080,h264,2.26,DeepFake,DeepFakeDetection,DFD_SOURCE_14,DFD_SOURCE_14,,DFD_SOURCE_14,,train
DFD_0001970,DeepFakeDetection (DFD),raw/DFD/DFD_manipulated_sequences/DFD_manipulated_sequences/14_01__kitchen_pan__0S0NS5C6.mp4,1,631,1920,1080,h264,5.09,DeepFake,DeepFakeDetection,DFD_SOURCE_14,DFD_SOURCE_14,,DFD_SOURCE_14,,train
DFD_0001971,DeepFakeDetection (DFD),raw/DFD/DFD_manipulated_sequences/DFD_manipulated_sequences/14_01__kitchen_still__01YF7VQM.mp4,1,885,1920,1080,h264,5.95,DeepFake,DeepFakeDetection,DFD_SOURCE_14,DFD_SOURCE_14,,DFD_SOURCE_14,,train
DFD_0001972,DeepFakeDetection (DFD),raw/DFD/DFD_manipulated_sequences/DFD_manipulated_sequences/14_01__outside_talking_still_laughing__01YF7VQM.mp4,1,920,1920,1080,h264,8.87,DeepFake,DeepFakeDetection,DFD_SOURCE_14,DFD_SOURCE_14,,DFD_SOURCE_14,,train
DFD_0001973,DeepFakeDetection (DFD),raw/DFD/DFD_manipulated_sequences/DFD_manipulated_sequences/14_01__talking_angry_couch__0S0NS5C6.mp4,1,1558,1920,1080,h264,16.39,DeepFake,DeepFakeDetection,DFD_SOURCE_14,DFD_SOURCE_14,,DFD_SOURCE_14,,train
DFD_0001974,DeepFakeDetection (DFD),raw/DFD/DFD_manipulated_sequences/DFD_manipulated_sequences/14_01__walking_and_outside_surprised__01YF7VQM.mp4,1,807,1920,1080,h264,11.31,DeepFake,DeepFakeDetection,DFD_SOURCE_14,DFD_SOURCE_14,,DFD_SOURCE_14,,train
DFD_0001975,DeepFakeDetection (DFD),raw/DFD/DFD_manipulated_sequences/DFD_manipulated_sequences/14_01__walking_outside_cafe_disgusted__01YF7VQM.mp4,1,697,1920,1080,h264,5.36,DeepFake,DeepFakeDetection,DFD_SOURCE_14,DFD_SOURCE_14,,DFD_SOURCE_14,,train
DFD_0001976,DeepFakeDetection (DFD),raw/DFD/DFD_manipulated_sequences/DFD_manipulated_sequences/14_02__exit_phone_room__3IUBEKCT.mp4,1,589,1920,1080,h264,3.14,DeepFake,DeepFakeDetection,DFD_SOURCE_14,DFD_SOURCE_14,,DFD_SOURCE_14,,train
DFD_0001977,DeepFakeDetection (DFD),raw/DFD/DFD_manipulated_sequences/DFD_manipulated_sequences/14_02__kitchen_pan__3IUBEKCT.mp4,1,632,1920,1080,h264,5.05,DeepFake,DeepFakeDetection,DFD_SOURCE_14,DFD_SOURCE_14,,DFD_SOURCE_14,,train
DFD_0001978,DeepFakeDetection (DFD),raw/DFD/DFD_manipulated_sequences/DFD_manipulated_sequences/14_02__outside_talking_pan_laughing__3IUBEKCT.mp4,1,710,1920,1080,h264,6.44,DeepFake,DeepFakeDetection,DFD_SOURCE_14,DFD_SOURCE_14,,DFD_SOURCE_14,,train
DFD_0001979,DeepFakeDetection (DFD),raw/DFD/DFD_manipulated_sequences/DFD_manipulated_sequences/14_02__podium_speech_happy__3IUBEKCT.mp4,1,1319,1920,1080,h264,9.98,DeepFake,DeepFakeDetection,DFD_SOURCE_14,DFD_SOURCE_14,,DFD_SOURCE_14,,train
DFD_0001980,DeepFakeDetection (DFD),raw/DFD/DFD_manipulated_sequences/DFD_manipulated_sequences/14_02__secret_conversation__3IUBEKCT.mp4,1,157,1920,1080,h264,1.11,DeepFake,DeepFakeDetection,DFD_SOURCE_14,DFD_SOURCE_14,,DFD_SOURCE_14,,train
DFD_0001981,DeepFakeDetection (DFD),raw/DFD/DFD_manipulated_sequences/DFD_manipulated_sequences/14_02__walking_and_outside_surprised__3IUBEKCT.mp4,1,404,1920,1080,h264,5.94,DeepFake,DeepFakeDetection,DFD_SOURCE_14,DFD_SOURCE_14,,DFD_SOURCE_14,,train
DFD_0001982,DeepFakeDetection (DFD),raw/DFD/DFD_manipulated_sequences/DFD_manipulated_sequences/14_02__walking_outside_cafe_disgusted__3IUBEKCT.mp4,1,713,1920,1080,h264,5.48,DeepFake,DeepFakeDetection,DFD_SOURCE_14,DFD_SOURCE_14,,DFD_SOURCE_14,,train
DFD_0001983,DeepFakeDetection (DFD),raw/DFD/DFD_manipulated_sequences/DFD_manipulated_sequences/14_03__exit_phone_room__0O9TTCJT.mp4,1,606,1920,1080,h264,3.11,DeepFake,DeepFakeDetection,DFD_SOURCE_14,DFD_SOURCE_14,,DFD_SOURCE_14,,train
DFD_0001984,DeepFakeDetection (DFD),raw/DFD/DFD_manipulated_sequences/DFD_manipulated_sequences/14_03__exit_phone_room__7JPPCV50.mp4,1,570,1920,1080,h264,2.87,DeepFake,DeepFakeDetection,DFD_SOURCE_14,DFD_SOURCE_14,,DFD_SOURCE_14,,train
DFD_0001985,DeepFakeDetection (DFD),raw/DFD/DFD_manipulated_sequences/DFD_manipulated_sequences/14_03__exit_phone_room__KJ221YN0.mp4,1,612,1920,1080,h264,3.19,DeepFake,DeepFakeDetection,DFD_SOURCE_14,DFD_SOURCE_14,,DFD_SOURCE_14,,train
DFD_0001986,DeepFakeDetection (DFD),raw/DFD/DFD_manipulated_sequences/DFD_manipulated_sequences/14_03__hugging_happy__PLCQJM81.mp4,1,110,1920,1080,h264,1.89,DeepFake,DeepFakeDetection,DFD_SOURCE_14,DFD_SOURCE_14,,DFD_SOURCE_14,,train
DFD_0001987,DeepFakeDetection (DFD),raw/DFD/DFD_manipulated_sequences/DFD_manipulated_sequences/14_03__hugging_happy__ZC2KYASW.mp4,1,134,1920,1080,h264,2.33,DeepFake,DeepFakeDetection,DFD_SOURCE_14,DFD_SOURCE_14,,DFD_SOURCE_14,,train
DFD_0001988,DeepFakeDetection (DFD),raw/DFD/DFD_manipulated_sequences/DFD_manipulated_sequences/14_03__kitchen_still__0O9TTCJT.mp4,1,884,1920,1080,h264,5.88,DeepFake,DeepFakeDetection,DFD_SOURCE_14,DFD_SOURCE_14,,DFD_SOURCE_14,,train
DFD_0001989,DeepFakeDetection (DFD),raw/DFD/DFD_manipulated_sequences/DFD_manipulated_sequences/14_03__kitchen_still__Q9NSXM88.mp4,1,889,1920,1080,h264,5.89,DeepFake,DeepFakeDetection,DFD_SOURCE_14,DFD_SOURCE_14,,DFD_SOURCE_14,,train
DFD_0001990,DeepFakeDetection (DFD),raw/DFD/DFD_manipulated_sequences/DFD_manipulated_sequences/14_03__outside_talking_pan_laughing__H0VQHGS3.mp4,1,710,1920,1080,h264,6.43,DeepFake,DeepFakeDetection,DFD_SOURCE_14,DFD_SOURCE_14,,DFD_SOURCE_14,,train
DFD_0001991,DeepFakeDetection (DFD),raw/DFD/DFD_manipulated_sequences/DFD_manipulated_sequences/14_03__outside_talking_still_laughing__KJ221YN0.mp4,1,919,1920,1080,h264,8.78,DeepFake,DeepFakeDetection,DFD_SOURCE_14,DFD_SOURCE_14,,DFD_SOURCE_14,,train
DFD_0001992,DeepFakeDetection (DFD),raw/DFD/DFD_manipulated_sequences/DFD_manipulated_sequences/14_03__secret_conversation__0O9TTCJT.mp4,1,149,1920,1080,h264,1.07,DeepFake,DeepFakeDetection,DFD_SOURCE_14,DFD_SOURCE_14,,DFD_SOURCE_14,,train
DFD_0001993,DeepFakeDetection (DFD),raw/DFD/DFD_manipulated_sequences/DFD_manipulated_sequences/14_03__secret_conversation__KJ221YN0.mp4,1,930,1920,1080,h264,5.74,DeepFake,DeepFakeDetection,DFD_SOURCE_14,DFD_SOURCE_14,,DFD_SOURCE_14,,train
DFD_0001994,DeepFakeDetection (DFD),raw/DFD/DFD_manipulated_sequences/DFD_manipulated_sequences/14_03__secret_conversation__L0GHYIFS.mp4,1,951,1920,1080,h264,5.84,DeepFake,DeepFakeDetection,DFD_SOURCE_14,DFD_SOURCE_14,,DFD_SOURCE_14,,train
DFD_0001995,DeepFakeDetection (DFD),raw/DFD/DFD_manipulated_sequences/DFD_manipulated_sequences/14_03__talking_against_wall__38OVCK3X.mp4,1,970,1920,1080,h264,3.55,DeepFake,DeepFakeDetection,DFD_SOURCE_14,DFD_SOURCE_14,,DFD_SOURCE_14,,train
DFD_0001996,DeepFakeDetection (DFD),raw/DFD/DFD_manipulated_sequences/DFD_manipulated_sequences/14_03__talking_against_wall__P1L5PF4I.mp4,1,970,1920,1080,h264,3.56,DeepFake,DeepFakeDetection,DFD_SOURCE_14,DFD_SOURCE_14,,DFD_SOURCE_14,,train
DFD_0001997,DeepFakeDetection (DFD),raw/DFD/DFD_manipulated_sequences/DFD_manipulated_sequences/14_03__talking_angry_couch__L0GHYIFS.mp4,1,1552,1920,1080,h264,16.2,DeepFake,DeepFakeDetection,DFD_SOURCE_14,DFD_SOURCE_14,,DFD_SOURCE_14,,train
DFD_0001998,DeepFakeDetection (DFD),raw/DFD/DFD_manipulated_sequences/DFD_manipulated_sequences/14_03__walk_down_hall_angry__7JPPCV50.mp4,1,551,1920,1080,h264,2.38,DeepFake,DeepFakeDetection,DFD_SOURCE_14,DFD_SOURCE_14,,DFD_SOURCE_14,,train
DFD_0001999,DeepFakeDetection (DFD),raw/DFD/DFD_manipulated_sequences/DFD_manipulated_sequences/14_03__walking_and_outside_surprised__38OVCK3X.mp4,1,805,1920,1080,h264,11.15,DeepFake,DeepFakeDetection,DFD_SOURCE_14,DFD_SOURCE_14,,DFD_SOURCE_14,,train
DFD_0002000,DeepFakeDetection (DFD),raw/DFD/DFD_manipulated_sequences/DFD_manipulated_sequences/14_03__walking_and_outside_surprised__P1L5PF4I.mp4,1,810,1920,1080,h264,11.26,DeepFake,DeepFakeDetection,DFD_SOURCE_14,DFD_SOURCE_14,,DFD_SOURCE_14,,train
DFD_0002001,DeepFakeDetection (DFD),raw/DFD/DFD_manipulated_sequences/DFD_manipulated_sequences/14_03__walking_down_indoor_hall_disgust__KJ221YN0.mp4,1,1158,1920,1080,h264,17.6,DeepFake,DeepFakeDetection,DFD_SOURCE_14,DFD_SOURCE_14,,DFD_SOURCE_14,,train
DFD_0002002,DeepFakeDetection (DFD),raw/DFD/DFD_manipulated_sequences/DFD_manipulated_sequences/14_03__walking_down_street_outside_angry__L0GHYIFS.mp4,1,1273,1920,1080,h264,11.53,DeepFake,DeepFakeDetection,DFD_SOURCE_14,DFD_SOURCE_14,,DFD_SOURCE_14,,train
DFD_0002003,DeepFakeDetection (DFD),raw/DFD/DFD_manipulated_sequences/DFD_manipulated_sequences/14_03__walking_down_street_outside_angry__PLCQJM81.mp4,1,1284,1920,1080,h264,11.85,DeepFake,DeepFakeDetection,DFD_SOURCE_14,DFD_SOURCE_14,,DFD_SOURCE_14,,train
DFD_0002004,DeepFakeDetection (DFD),raw/DFD/DFD_manipulated_sequences/DFD_manipulated_sequences/14_03__walking_outside_cafe_disgusted__PLCQJM81.mp4,1,712,1920,1080,h264,5.47,DeepFake,DeepFakeDetection,DFD_SOURCE_14,DFD_SOURCE_14,,DFD_SOURCE_14,,train
DFD_0002005,DeepFakeDetection (DFD),raw/DFD/DFD_manipulated_sequences/DFD_manipulated_sequences/14_06__hugging_happy__8U9ULZDT.mp4,1,125,1920,1080,h264,2.21,DeepFake,DeepFakeDetection,DFD_SOURCE_14,DFD_SOURCE_14,,DFD_SOURCE_14,,train
DFD_0002006,DeepFakeDetection (DFD),raw/DFD/DFD_manipulated_sequences/DFD_manipulated_sequences/14_06__kitchen_still__8U9ULZDT.mp4,1,888,1920,1080,h264,5.94,DeepFake,DeepFakeDetection,DFD_SOURCE_14,DFD_SOURCE_14,,DFD_SOURCE_14,,train
DFD_0002007,DeepFakeDetection (DFD),raw/DFD/DFD_manipulated_sequences/DFD_manipulated_sequences/14_06__outside_talking_pan_laughing__8U9ULZDT.mp4,1,710,1920,1080,h264,6.44,DeepFake,DeepFakeDetection,DFD_SOURCE_14,DFD_SOURCE_14,,DFD_SOURCE_14,,train
DFD_0002008,DeepFakeDetection (DFD),raw/DFD/DFD_manipulated_sequences/DFD_manipulated_sequences/14_06__outside_talking_still_laughing__8U9ULZDT.mp4,1,920,1920,1080,h264,8.8,DeepFake,DeepFakeDetection,DFD_SOURCE_14,DFD_SOURCE_14,,DFD_SOURCE_14,,train
DFD_0002009,DeepFakeDetection (DFD),raw/DFD/DFD_manipulated_sequences/DFD_manipulated_sequences/14_06__podium_speech_happy__8U9ULZDT.mp4,1,1319,1920,1080,h264,9.93,DeepFake,DeepFakeDetection,DFD_SOURCE_14,DFD_SOURCE_14,,DFD_SOURCE_14,,train
DFD_0002010,DeepFakeDetection (DFD),raw/DFD/DFD_manipulated_sequences/DFD_manipulated_sequences/14_06__secret_conversation__8U9ULZDT.mp4,1,913,1920,1080,h264,5.67,DeepFake,DeepFakeDetection,DFD_SOURCE_14,DFD_SOURCE_14,,DFD_SOURCE_14,,train
DFD_0002011,DeepFakeDetection (DFD),raw/DFD/DFD_manipulated_sequences/DFD_manipulated_sequences/14_06__walking_and_outside_surprised__8U9ULZDT.mp4,1,809,1920,1080,h264,11.25,DeepFake,DeepFakeDetection,DFD_SOURCE_14,DFD_SOURCE_14,,DFD_SOURCE_14,,train
DFD_0002012,DeepFakeDetection (DFD),raw/DFD/DFD_manipulated_sequences/DFD_manipulated_sequences/14_06__walking_down_indoor_hall_disgust__8U9ULZDT.mp4,1,1157,1920,1080,h264,17.55,DeepFake,DeepFakeDetection,DFD_SOURCE_14,DFD_SOURCE_14,,DFD_SOURCE_14,,train
DFD_0002013,DeepFakeDetection (DFD),raw/DFD/DFD_manipulated_sequences/DFD_manipulated_sequences/14_07__exit_phone_room__P9QFO50U.mp4,1,586,1920,1080,h264,2.98,DeepFake,DeepFakeDetection,DFD_SOURCE_14,DFD_SOURCE_14,,DFD_SOURCE_14,,train
DFD_0002014,DeepFakeDetection (DFD),raw/DFD/DFD_manipulated_sequences/DFD_manipulated_sequences/14_07__hugging_happy__P9QFO50U.mp4,1,127,1920,1080,h264,2.23,DeepFake,DeepFakeDetection,DFD_SOURCE_14,DFD_SOURCE_14,,DFD_SOURCE_14,,train
DFD_0002015,DeepFakeDetection (DFD),raw/DFD/DFD_manipulated_sequences/DFD_manipulated_sequences/14_07__hugging_happy__VOX29AK0.mp4,1,124,1920,1080,h264,2.18,DeepFake,DeepFakeDetection,DFD_SOURCE_14,DFD_SOURCE_14,,DFD_SOURCE_14,,train
DFD_0002016,DeepFakeDetection (DFD),raw/DFD/DFD_manipulated_sequences/DFD_manipulated_sequences/14_07__outside_talking_pan_laughing__P9QFO50U.mp4,1,710,1920,1080,h264,6.45,DeepFake,DeepFakeDetection,DFD_SOURCE_14,DFD_SOURCE_14,,DFD_SOURCE_14,,train
DFD_0002017,DeepFakeDetection (DFD),raw/DFD/DFD_manipulated_sequences/DFD_manipulated_sequences/14_07__outside_talking_still_laughing__P9QFO50U.mp4,1,921,1920,1080,h264,8.84,DeepFake,DeepFakeDetection,DFD_SOURCE_14,DFD_SOURCE_14,,DFD_SOURCE_14,,train
DFD_0002018,DeepFakeDetection (DFD),raw/DFD/DFD_manipulated_sequences/DFD_manipulated_sequences/14_07__podium_speech_happy__P9QFO50U.mp4,1,1320,1920,1080,h264,9.95,DeepFake,DeepFakeDetection,DFD_SOURCE_14,DFD_SOURCE_14,,DFD_SOURCE_14,,train
DFD_0002019,DeepFakeDetection (DFD),raw/DFD/DFD_manipulated_sequences/DFD_manipulated_sequences/14_07__podium_speech_happy__VOX29AK0.mp4,1,1319,1920,1080,h264,9.96,DeepFake,DeepFakeDetection,DFD_SOURCE_14,DFD_SOURCE_14,,DFD_SOURCE_14,,train
DFD_0002020,DeepFakeDetection (DFD),raw/DFD/DFD_manipulated_sequences/DFD_manipulated_sequences/14_07__secret_conversation__P9QFO50U.mp4,1,948,1920,1080,h264,5.83,DeepFake,DeepFakeDetection,DFD_SOURCE_14,DFD_SOURCE_14,,DFD_SOURCE_14,,train
DFD_0002021,DeepFakeDetection (DFD),raw/DFD/DFD_manipulated_sequences/DFD_manipulated_sequences/14_07__talking_against_wall__P9QFO50U.mp4,1,970,1920,1080,h264,3.56,DeepFake,DeepFakeDetection,DFD_SOURCE_14,DFD_SOURCE_14,,DFD_SOURCE_14,,train
DFD_0002022,DeepFakeDetection (DFD),raw/DFD/DFD_manipulated_sequences/DFD_manipulated_sequences/14_07__walk_down_hall_angry__P9QFO50U.mp4,1,560,1920,1080,h264,2.43,DeepFake,DeepFakeDetection,DFD_SOURCE_14,DFD_SOURCE_14,,DFD_SOURCE_14,,train
DFD_0002023,DeepFakeDetection (DFD),raw/DFD/DFD_manipulated_sequences/DFD_manipulated_sequences/14_07__walking_down_indoor_hall_disgust__P9QFO50U.mp4,1,1163,1920,1080,h264,17.58,DeepFake,DeepFakeDetection,DFD_SOURCE_14,DFD_SOURCE_14,,DFD_SOURCE_14,,train
DFD_0002024,DeepFakeDetection (DFD),raw/DFD/DFD_manipulated_sequences/DFD_manipulated_sequences/14_07__walking_down_street_outside_angry__VOX29AK0.mp4,1,1273,1920,1080,h264,11.52,DeepFake,DeepFakeDetection,DFD_SOURCE_14,DFD_SOURCE_14,,DFD_SOURCE_14,,train
DFD_0002025,DeepFakeDetection (DFD),raw/DFD/DFD_manipulated_sequences/DFD_manipulated_sequences/14_09__hugging_happy__6TEK3ZX0.mp4,1,132,1920,1080,h264,2.33,DeepFake,DeepFakeDetection,DFD_SOURCE_14,DFD_SOURCE_14,,DFD_SOURCE_14,,train
DFD_0002026,DeepFakeDetection (DFD),raw/DFD/DFD_manipulated_sequences/DFD_manipulated_sequences/14_09__talking_angry_couch__6TEK3ZX0.mp4,1,1550,1920,1080,h264,16.33,DeepFake,DeepFakeDetection,DFD_SOURCE_14,DFD_SOURCE_14,,DFD_SOURCE_14,,train
DFD_0002027,DeepFakeDetection (DFD),raw/DFD/DFD_manipulated_sequences/DFD_manipulated_sequences/14_09__walking_down_indoor_hall_disgust__6TEK3ZX0.mp4,1,1098,1920,1080,h264,16.79,DeepFake,DeepFakeDetection,DFD_SOURCE_14,DFD_SOURCE_14,,DFD_SOURCE_14,,train
DFD_0002028,DeepFakeDetection (DFD),raw/DFD/DFD_manipulated_sequences/DFD_manipulated_sequences/14_09__walking_down_street_outside_angry__6TEK3ZX0.mp4,1,1284,1920,1080,h264,11.89,DeepFake,DeepFakeDetection,DFD_SOURCE_14,DFD_SOURCE_14,,DFD_SOURCE_14,,train
DFD_0002029,DeepFakeDetection (DFD),raw/DFD/DFD_manipulated_sequences/DFD_manipulated_sequences/14_09__walking_outside_cafe_disgusted__6TEK3ZX0.mp4,1,717,1920,1080,h264,5.7,DeepFake,DeepFakeDetection,DFD_SOURCE_14,DFD_SOURCE_14,,DFD_SOURCE_14,,train
DFD_0002030,DeepFakeDetection (DFD),raw/DFD/DFD_manipulated_sequences/DFD_manipulated_sequences/14_12__outside_talking_pan_laughing__Z7EWFA0P.mp4,1,625,1920,1080,h264,5.87,DeepFake,DeepFakeDetection,DFD_SOURCE_14,DFD_SOURCE_14,,DFD_SOURCE_14,,train
DFD_0002031,DeepFakeDetection (DFD),raw/DFD/DFD_manipulated_sequences/DFD_manipulated_sequences/14_12__podium_speech_happy__Z7EWFA0P.mp4,1,1178,1920,1080,h264,9.0,DeepFake,DeepFakeDetection,DFD_SOURCE_14,DFD_SOURCE_14,,DFD_SOURCE_14,,train
DFD_0002032,DeepFakeDetection (DFD),raw/DFD/DFD_manipulated_sequences/DFD_manipulated_sequences/14_12__walk_down_hall_angry__Z7EWFA0P.mp4,1,553,1920,1080,h264,2.49,DeepFake,DeepFakeDetection,DFD_SOURCE_14,DFD_SOURCE_14,,DFD_SOURCE_14,,train
DFD_0002033,DeepFakeDetection (DFD),raw/DFD/DFD_manipulated_sequences/DFD_manipulated_sequences/14_13__hugging_happy__KMQ3AW6A.mp4,1,125,1920,1080,h264,2.23,DeepFake,DeepFakeDetection,DFD_SOURCE_14,DFD_SOURCE_14,,DFD_SOURCE_14,,train
DFD_0002034,DeepFakeDetection (DFD),raw/DFD/DFD_manipulated_sequences/DFD_manipulated_sequences/14_13__kitchen_still__KMQ3AW6A.mp4,1,853,1920,1080,h264,5.83,DeepFake,DeepFakeDetection,DFD_SOURCE_14,DFD_SOURCE_14,,DFD_SOURCE_14,,train
DFD_0002035,DeepFakeDetection (DFD),raw/DFD/DFD_manipulated_sequences/DFD_manipulated_sequences/14_13__outside_talking_pan_laughing__KMQ3AW6A.mp4,1,702,1920,1080,h264,6.44,DeepFake,DeepFakeDetection,DFD_SOURCE_14,DFD_SOURCE_14,,DFD_SOURCE_14,,train
DFD_0002036,DeepFakeDetection (DFD),raw/DFD/DFD_manipulated_sequences/DFD_manipulated_sequences/14_13__podium_speech_happy__KMQ3AW6A.mp4,1,1315,1920,1080,h264,10.11,DeepFake,DeepFakeDetection,DFD_SOURCE_14,DFD_SOURCE_14,,DFD_SOURCE_14,,train
DFD_0002037,DeepFakeDetection (DFD),raw/DFD/DFD_manipulated_sequences/DFD_manipulated_sequences/14_13__talking_against_wall__KMQ3AW6A.mp4,1,970,1920,1080,h264,3.59,DeepFake,DeepFakeDetection,DFD_SOURCE_14,DFD_SOURCE_14,,DFD_SOURCE_14,,train
DFD_0002038,DeepFakeDetection (DFD),raw/DFD/DFD_manipulated_sequences/DFD_manipulated_sequences/14_13__talking_angry_couch__KMQ3AW6A.mp4,1,1520,1920,1080,h264,16.03,DeepFake,DeepFakeDetection,DFD_SOURCE_14,DFD_SOURCE_14,,DFD_SOURCE_14,,train
DFD_0002039,DeepFakeDetection (DFD),raw/DFD/DFD_manipulated_sequences/DFD_manipulated_sequences/14_13__walk_down_hall_angry__KMQ3AW6A.mp4,1,552,1920,1080,h264,2.39,DeepFake,DeepFakeDetection,DFD_SOURCE_14,DFD_SOURCE_14,,DFD_SOURCE_14,,train
DFD_0002040,DeepFakeDetection (DFD),raw/DFD/DFD_manipulated_sequences/DFD_manipulated_sequences/14_13__walking_down_indoor_hall_disgust__KMQ3AW6A.mp4,1,1117,1920,1080,h264,17.0,DeepFake,DeepFakeDetection,DFD_SOURCE_14,DFD_SOURCE_14,,DFD_SOURCE_14,,train
DFD_0002041,DeepFakeDetection (DFD),raw/DFD/DFD_manipulated_sequences/DFD_manipulated_sequences/14_13__walking_outside_cafe_disgusted__KMQ3AW6A.mp4,1,696,1920,1080,h264,5.37,DeepFake,DeepFakeDetection,DFD_SOURCE_14,DFD_SOURCE_14,,DFD_SOURCE_14,,train
DFD_0002042,DeepFakeDetection (DFD),raw/DFD/DFD_manipulated_sequences/DFD_manipulated_sequences/14_15__exit_phone_room__OMLZILK3.mp4,1,614,1920,1080,h264,3.21,DeepFake,DeepFakeDetection,DFD_SOURCE_14,DFD_SOURCE_14,,DFD_SOURCE_14,,train
DFD_0002043,DeepFakeDetection (DFD),raw/DFD/DFD_manipulated_sequences/DFD_manipulated_sequences/14_15__hugging_happy__3FRJCJ0V.mp4,1,134,1920,1080,h264,2.35,DeepFake,DeepFakeDetection,DFD_SOURCE_14,DFD_SOURCE_14,,DFD_SOURCE_14,,train
DFD_0002044,DeepFakeDetection (DFD),raw/DFD/DFD_manipulated_sequences/DFD_manipulated_sequences/14_15__hugging_happy__4SO1CSAM.mp4,1,106,1920,1080,h264,1.85,DeepFake,DeepFakeDetection,DFD_SOURCE_14,DFD_SOURCE_14,,DFD_SOURCE_14,,train
DFD_0002045,DeepFakeDetection (DFD),raw/DFD/DFD_manipulated_sequences/DFD_manipulated_sequences/14_15__hugging_happy__OMLZILK3.mp4,1,118,1920,1080,h264,2.04,DeepFake,DeepFakeDetection,DFD_SOURCE_14,DFD_SOURCE_14,,DFD_SOURCE_14,,train
DFD_0002046,DeepFakeDetection (DFD),raw/DFD/DFD_manipulated_sequences/DFD_manipulated_sequences/14_15__kitchen_pan__RF38N10R.mp4,1,633,1920,1080,h264,5.06,DeepFake,DeepFakeDetection,DFD_SOURCE_14,DFD_SOURCE_14,,DFD_SOURCE_14,,train
DFD_0002047,DeepFakeDetection (DFD),raw/DFD/DFD_manipulated_sequences/DFD_manipulated_sequences/14_15__outside_talking_pan_laughing__3FRJCJ0V.mp4,1,710,1920,1080,h264,6.43,DeepFake,DeepFakeDetection,DFD_SOURCE_14,DFD_SOURCE_14,,DFD_SOURCE_14,,train
DFD_0002048,DeepFakeDetection (DFD),raw/DFD/DFD_manipulated_sequences/DFD_manipulated_sequences/14_15__outside_talking_pan_laughing__OMLZILK3.mp4,1,710,1920,1080,h264,6.46,DeepFake,DeepFakeDetection,DFD_SOURCE_14,DFD_SOURCE_14,,DFD_SOURCE_14,,train
DFD_0002049,DeepFakeDetection (DFD),raw/DFD/DFD_manipulated_sequences/DFD_manipulated_sequences/14_15__outside_talking_still_laughing__4SO1CSAM.mp4,1,921,1920,1080,h264,8.8,DeepFake,DeepFakeDetection,DFD_SOURCE_14,DFD_SOURCE_14,,DFD_SOURCE_14,,train
DFD_0002050,DeepFakeDetection (DFD),raw/DFD/DFD_manipulated_sequences/DFD_manipulated_sequences/14_15__outside_talking_still_laughing__RNHLLKSQ.mp4,1,921,1920,1080,h264,8.88,DeepFake,DeepFakeDetection,DFD_SOURCE_14,DFD_SOURCE_14,,DFD_SOURCE_14,,train
DFD_0002051,DeepFakeDetection (DFD),raw/DFD/DFD_manipulated_sequences/DFD_manipulated_sequences/14_15__podium_speech_happy__RF38N10R.mp4,1,1320,1920,1080,h264,9.96,DeepFake,DeepFakeDetection,DFD_SOURCE_14,DFD_SOURCE_14,,DFD_SOURCE_14,,train
DFD_0002052,DeepFakeDetection (DFD),raw/DFD/DFD_manipulated_sequences/DFD_manipulated_sequences/14_15__secret_conversation__OMLZILK3.mp4,1,929,1920,1080,h264,5.72,DeepFake,DeepFakeDetection,DFD_SOURCE_14,DFD_SOURCE_14,,DFD_SOURCE_14,,train
DFD_0002053,DeepFakeDetection (DFD),raw/DFD/DFD_manipulated_sequences/DFD_manipulated_sequences/14_15__talking_against_wall__3FRJCJ0V.mp4,1,970,1920,1080,h264,3.53,DeepFake,DeepFakeDetection,DFD_SOURCE_14,DFD_SOURCE_14,,DFD_SOURCE_14,,train
DFD_0002054,DeepFakeDetection (DFD),raw/DFD/DFD_manipulated_sequences/DFD_manipulated_sequences/14_15__talking_against_wall__RNHLLKSQ.mp4,1,970,1920,1080,h264,3.62,DeepFake,DeepFakeDetection,DFD_SOURCE_14,DFD_SOURCE_14,,DFD_SOURCE_14,,train
DFD_0002055,DeepFakeDetection (DFD),raw/DFD/DFD_manipulated_sequences/DFD_manipulated_sequences/14_15__talking_angry_couch__RF38N10R.mp4,1,1547,1920,1080,h264,16.18,DeepFake,DeepFakeDetection,DFD_SOURCE_14,DFD_SOURCE_14,,DFD_SOURCE_14,,train
DFD_0002056,DeepFakeDetection (DFD),raw/DFD/DFD_manipulated_sequences/DFD_manipulated_sequences/14_15__walking_and_outside_surprised__OMLZILK3.mp4,1,778,1920,1080,h264,10.9,DeepFake,DeepFakeDetection,DFD_SOURCE_14,DFD_SOURCE_14,,DFD_SOURCE_14,,train
DFD_0002057,DeepFakeDetection (DFD),raw/DFD/DFD_manipulated_sequences/DFD_manipulated_sequences/14_15__walking_down_street_outside_angry__OMLZILK3.mp4,1,1294,1920,1080,h264,12.01,DeepFake,DeepFakeDetection,DFD_SOURCE_14,DFD_SOURCE_14,,DFD_SOURCE_14,,train
DFD_0002058,DeepFakeDetection (DFD),raw/DFD/DFD_manipulated_sequences/DFD_manipulated_sequences/14_18__exit_phone_room__0YRBHIKG.mp4,1,571,1920,1080,h264,3.04,DeepFake,DeepFakeDetection,DFD_SOURCE_14,DFD_SOURCE_14,,DFD_SOURCE_14,,train
DFD_0002059,DeepFakeDetection (DFD),raw/DFD/DFD_manipulated_sequences/DFD_manipulated_sequences/14_18__hugging_happy__0YRBHIKG.mp4,1,112,1920,1080,h264,1.94,DeepFake,DeepFakeDetection,DFD_SOURCE_14,DFD_SOURCE_14,,DFD_SOURCE_14,,train
DFD_0002060,DeepFakeDetection (DFD),raw/DFD/DFD_manipulated_sequences/DFD_manipulated_sequences/14_18__hugging_happy__MAEROFMR.mp4,1,133,1920,1080,h264,2.33,DeepFake,DeepFakeDetection,DFD_SOURCE_14,DFD_SOURCE_14,,DFD_SOURCE_14,,train
DFD_0002061,DeepFakeDetection (DFD),raw/DFD/DFD_manipulated_sequences/DFD_manipulated_sequences/14_18__kitchen_pan__A5A1Q467.mp4,1,630,1920,1080,h264,5.03,DeepFake,DeepFakeDetection,DFD_SOURCE_14,DFD_SOURCE_14,,DFD_SOURCE_14,,train
DFD_0002062,DeepFakeDetection (DFD),raw/DFD/DFD_manipulated_sequences/DFD_manipulated_sequences/14_18__kitchen_pan__HYMNQ00Q.mp4,1,625,1920,1080,h264,5.16,DeepFake,DeepFakeDetection,DFD_SOURCE_14,DFD_SOURCE_14,,DFD_SOURCE_14,,train
DFD_0002063,DeepFakeDetection (DFD),raw/DFD/DFD_manipulated_sequences/DFD_manipulated_sequences/14_18__kitchen_still__0YRBHIKG.mp4,1,886,1920,1080,h264,5.88,DeepFake,DeepFakeDetection,DFD_SOURCE_14,DFD_SOURCE_14,,DFD_SOURCE_14,,train
DFD_0002064,DeepFakeDetection (DFD),raw/DFD/DFD_manipulated_sequences/DFD_manipulated_sequences/14_18__kitchen_still__A5A1Q467.mp4,1,885,1920,1080,h264,5.85,DeepFake,DeepFakeDetection,DFD_SOURCE_14,DFD_SOURCE_14,,DFD_SOURCE_14,,train
DFD_0002065,DeepFakeDetection (DFD),raw/DFD/DFD_manipulated_sequences/DFD_manipulated_sequences/14_18__outside_talking_still_laughing__6SB2BR0A.mp4,1,920,1920,1080,h264,8.88,DeepFake,DeepFakeDetection,DFD_SOURCE_14,DFD_SOURCE_14,,DFD_SOURCE_14,,train
DFD_0002066,DeepFakeDetection (DFD),raw/DFD/DFD_manipulated_sequences/DFD_manipulated_sequences/14_18__podium_speech_happy__0YRBHIKG.mp4,1,1320,1920,1080,h264,10.0,DeepFake,DeepFakeDetection,DFD_SOURCE_14,DFD_SOURCE_14,,DFD_SOURCE_14,,train
DFD_0002067,DeepFakeDetection (DFD),raw/DFD/DFD_manipulated_sequences/DFD_manipulated_sequences/14_18__secret_conversation__A5A1Q467.mp4,1,143,1920,1080,h264,1.02,DeepFake,DeepFakeDetection,DFD_SOURCE_14,DFD_SOURCE_14,,DFD_SOURCE_14,,train
DFD_0002068,DeepFakeDetection (DFD),raw/DFD/DFD_manipulated_sequences/DFD_manipulated_sequences/14_18__talking_against_wall__0YRBHIKG.mp4,1,970,1920,1080,h264,3.56,DeepFake,DeepFakeDetection,DFD_SOURCE_14,DFD_SOURCE_14,,DFD_SOURCE_14,,train
DFD_0002069,DeepFakeDetection (DFD),raw/DFD/DFD_manipulated_sequences/DFD_manipulated_sequences/14_18__talking_against_wall__A5A1Q467.mp4,1,970,1920,1080,h264,3.54,DeepFake,DeepFakeDetection,DFD_SOURCE_14,DFD_SOURCE_14,,DFD_SOURCE_14,,train
DFD_0002070,DeepFakeDetection (DFD),raw/DFD/DFD_manipulated_sequences/DFD_manipulated_sequences/14_18__talking_angry_couch__0YRBHIKG.mp4,1,1549,1920,1080,h264,16.23,DeepFake,DeepFakeDetection,DFD_SOURCE_14,DFD_SOURCE_14,,DFD_SOURCE_14,,train
DFD_0002071,DeepFakeDetection (DFD),raw/DFD/DFD_manipulated_sequences/DFD_manipulated_sequences/14_18__talking_angry_couch__A5A1Q467.mp4,1,1516,1920,1080,h264,15.92,DeepFake,DeepFakeDetection,DFD_SOURCE_14,DFD_SOURCE_14,,DFD_SOURCE_14,,train
DFD_0002072,DeepFakeDetection (DFD),raw/DFD/DFD_manipulated_sequences/DFD_manipulated_sequences/14_18__walk_down_hall_angry__A5A1Q467.mp4,1,552,1920,1080,h264,2.37,DeepFake,DeepFakeDetection,DFD_SOURCE_14,DFD_SOURCE_14,,DFD_SOURCE_14,,train
DFD_0002073,DeepFakeDetection (DFD),raw/DFD/DFD_manipulated_sequences/DFD_manipulated_sequences/14_18__walking_and_outside_surprised__0YRBHIKG.mp4,1,403,1920,1080,h264,5.88,DeepFake,DeepFakeDetection,DFD_SOURCE_14,DFD_SOURCE_14,,DFD_SOURCE_14,,train
DFD_0002074,DeepFakeDetection (DFD),raw/DFD/DFD_manipulated_sequences/DFD_manipulated_sequences/14_18__walking_and_outside_surprised__6SB2BR0A.mp4,1,804,1920,1080,h264,11.16,DeepFake,DeepFakeDetection,DFD_SOURCE_14,DFD_SOURCE_14,,DFD_SOURCE_14,,train
DFD_0002075,DeepFakeDetection (DFD),raw/DFD/DFD_manipulated_sequences/DFD_manipulated_sequences/14_18__walking_and_outside_surprised__A5A1Q467.mp4,1,402,1920,1080,h264,5.87,DeepFake,DeepFakeDetection,DFD_SOURCE_14,DFD_SOURCE_14,,DFD_SOURCE_14,,train
DFD_0002076,DeepFakeDetection (DFD),raw/DFD/DFD_manipulated_sequences/DFD_manipulated_sequences/14_18__walking_down_indoor_hall_disgust__0YRBHIKG.mp4,1,699,1920,1080,h264,10.82,DeepFake,DeepFakeDetection,DFD_SOURCE_14,DFD_SOURCE_14,,DFD_SOURCE_14,,train
DFD_0002077,DeepFakeDetection (DFD),raw/DFD/DFD_manipulated_sequences/DFD_manipulated_sequences/14_18__walking_outside_cafe_disgusted__0YRBHIKG.mp4,1,700,1920,1080,h264,5.38,DeepFake,DeepFakeDetection,DFD_SOURCE_14,DFD_SOURCE_14,,DFD_SOURCE_14,,train
DFD_0002078,DeepFakeDetection (DFD),raw/DFD/DFD_manipulated_sequences/DFD_manipulated_sequences/14_18__walking_outside_cafe_disgusted__6SB2BR0A.mp4,1,700,1920,1080,h264,5.37,DeepFake,DeepFakeDetection,DFD_SOURCE_14,DFD_SOURCE_14,,DFD_SOURCE_14,,train
DFD_0002079,DeepFakeDetection (DFD),raw/DFD/DFD_manipulated_sequences/DFD_manipulated_sequences/14_20__exit_phone_room__B014BKVO.mp4,1,610,1920,1080,h264,3.2,DeepFake,DeepFakeDetection,DFD_SOURCE_14,DFD_SOURCE_14,,DFD_SOURCE_14,,train
DFD_0002080,DeepFakeDetection (DFD),raw/DFD/DFD_manipulated_sequences/DFD_manipulated_sequences/14_20__hugging_happy__B014BKVO.mp4,1,110,1920,1080,h264,1.97,DeepFake,DeepFakeDetection,DFD_SOURCE_14,DFD_SOURCE_14,,DFD_SOURCE_14,,train
DFD_0002081,DeepFakeDetection (DFD),raw/DFD/DFD_manipulated_sequences/DFD_manipulated_sequences/14_20__kitchen_pan__R7SPX6OK.mp4,1,626,1920,1080,h264,5.07,DeepFake,DeepFakeDetection,DFD_SOURCE_14,DFD_SOURCE_14,,DFD_SOURCE_14,,train
DFD_0002082,DeepFakeDetection (DFD),raw/DFD/DFD_manipulated_sequences/DFD_manipulated_sequences/14_20__outside_talking_pan_laughing__R7SPX6OK.mp4,1,709,1920,1080,h264,6.44,DeepFake,DeepFakeDetection,DFD_SOURCE_14,DFD_SOURCE_14,,DFD_SOURCE_14,,train
DFD_0002083,DeepFakeDetection (DFD),raw/DFD/DFD_manipulated_sequences/DFD_manipulated_sequences/14_20__podium_speech_happy__B014BKVO.mp4,1,1319,1920,1080,h264,9.95,DeepFake,DeepFakeDetection,DFD_SOURCE_14,DFD_SOURCE_14,,DFD_SOURCE_14,,train
DFD_0002084,DeepFakeDetection (DFD),raw/DFD/DFD_manipulated_sequences/DFD_manipulated_sequences/14_20__podium_speech_happy__R7SPX6OK.mp4,1,1319,1920,1080,h264,9.98,DeepFake,DeepFakeDetection,DFD_SOURCE_14,DFD_SOURCE_14,,DFD_SOURCE_14,,train
DFD_0002085,DeepFakeDetection (DFD),raw/DFD/DFD_manipulated_sequences/DFD_manipulated_sequences/14_20__secret_conversation__B014BKVO.mp4,1,901,1920,1080,h264,5.6,DeepFake,DeepFakeDetection,DFD_SOURCE_14,DFD_SOURCE_14,,DFD_SOURCE_14,,train
DFD_0002086,DeepFakeDetection (DFD),raw/DFD/DFD_manipulated_sequences/DFD_manipulated_sequences/14_20__talking_against_wall__R7SPX6OK.mp4,1,970,1920,1080,h264,3.56,DeepFake,DeepFakeDetection,DFD_SOURCE_14,DFD_SOURCE_14,,DFD_SOURCE_14,,train
DFD_0002087,DeepFakeDetection (DFD),raw/DFD/DFD_manipulated_sequences/DFD_manipulated_sequences/14_20__talking_angry_couch__B014BKVO.mp4,1,1559,1920,1080,h264,16.29,DeepFake,DeepFakeDetection,DFD_SOURCE_14,DFD_SOURCE_14,,DFD_SOURCE_14,,train
DFD_0002088,DeepFakeDetection (DFD),raw/DFD/DFD_manipulated_sequences/DFD_manipulated_sequences/14_20__talking_angry_couch__R7SPX6OK.mp4,1,1554,1920,1080,h264,16.39,DeepFake,DeepFakeDetection,DFD_SOURCE_14,DFD_SOURCE_14,,DFD_SOURCE_14,,train
DFD_0002089,DeepFakeDetection (DFD),raw/DFD/DFD_manipulated_sequences/DFD_manipulated_sequences/14_20__walk_down_hall_angry__B014BKVO.mp4,1,571,1920,1080,h264,2.64,DeepFake,DeepFakeDetection,DFD_SOURCE_14,DFD_SOURCE_14,,DFD_SOURCE_14,,train
DFD_0002090,DeepFakeDetection (DFD),raw/DFD/DFD_manipulated_sequences/DFD_manipulated_sequences/14_20__walk_down_hall_angry__R7SPX6OK.mp4,1,560,1920,1080,h264,2.45,DeepFake,DeepFakeDetection,DFD_SOURCE_14,DFD_SOURCE_14,,DFD_SOURCE_14,,train
DFD_0002091,DeepFakeDetection (DFD),raw/DFD/DFD_manipulated_sequences/DFD_manipulated_sequences/14_20__walking_and_outside_surprised__B014BKVO.mp4,1,810,1920,1080,h264,11.31,DeepFake,DeepFakeDetection,DFD_SOURCE_14,DFD_SOURCE_14,,DFD_SOURCE_14,,train
DFD_0002092,DeepFakeDetection (DFD),raw/DFD/DFD_manipulated_sequences/DFD_manipulated_sequences/14_20__walking_down_indoor_hall_disgust__R7SPX6OK.mp4,1,1153,1920,1080,h264,17.46,DeepFake,DeepFakeDetection,DFD_SOURCE_14,DFD_SOURCE_14,,DFD_SOURCE_14,,train
DFD_0002093,DeepFakeDetection (DFD),raw/DFD/DFD_manipulated_sequences/DFD_manipulated_sequences/14_20__walking_down_street_outside_angry__3HWOJRAM.mp4,1,1273,1920,1080,h264,11.57,DeepFake,DeepFakeDetection,DFD_SOURCE_14,DFD_SOURCE_14,,DFD_SOURCE_14,,train
DFD_0002094,DeepFakeDetection (DFD),raw/DFD/DFD_manipulated_sequences/DFD_manipulated_sequences/14_20__walking_down_street_outside_angry__B014BKVO.mp4,1,1294,1920,1080,h264,12.02,DeepFake,DeepFakeDetection,DFD_SOURCE_14,DFD_SOURCE_14,,DFD_SOURCE_14,,train
DFD_0002095,DeepFakeDetection (DFD),raw/DFD/DFD_manipulated_sequences/DFD_manipulated_sequences/14_20__walking_outside_cafe_disgusted__3HWOJRAM.mp4,1,696,1920,1080,h264,5.5,DeepFake,DeepFakeDetection,DFD_SOURCE_14,DFD_SOURCE_14,,DFD_SOURCE_14,,train
DFD_0002096,DeepFakeDetection (DFD),raw/DFD/DFD_manipulated_sequences/DFD_manipulated_sequences/14_21__exit_phone_room__IRKML4J0.mp4,1,608,1920,1080,h264,3.19,DeepFake,DeepFakeDetection,DFD_SOURCE_14,DFD_SOURCE_14,,DFD_SOURCE_14,,train
DFD_0002097,DeepFakeDetection (DFD),raw/DFD/DFD_manipulated_sequences/DFD_manipulated_sequences/14_21__hugging_happy__N0WM4GSV.mp4,1,127,1920,1080,h264,2.26,DeepFake,DeepFakeDetection,DFD_SOURCE_14,DFD_SOURCE_14,,DFD_SOURCE_14,,train
DFD_0002098,DeepFakeDetection (DFD),raw/DFD/DFD_manipulated_sequences/DFD_manipulated_sequences/14_21__kitchen_still__IRKML4J0.mp4,1,736,1920,1080,h264,5.09,DeepFake,DeepFakeDetection,DFD_SOURCE_14,DFD_SOURCE_14,,DFD_SOURCE_14,,train
DFD_0002099,DeepFakeDetection (DFD),raw/DFD/DFD_manipulated_sequences/DFD_manipulated_sequences/14_21__outside_talking_still_laughing__IRKML4J0.mp4,1,905,1920,1080,h264,8.81,DeepFake,DeepFakeDetection,DFD_SOURCE_14,DFD_SOURCE_14,,DFD_SOURCE_14,,train
DFD_0002100,DeepFakeDetection (DFD),raw/DFD/DFD_manipulated_sequences/DFD_manipulated_sequences/14_21__outside_talking_still_laughing__N0WM4GSV.mp4,1,919,1920,1080,h264,8.85,DeepFake,DeepFakeDetection,DFD_SOURCE_14,DFD_SOURCE_14,,DFD_SOURCE_14,,train
DFD_0002101,DeepFakeDetection (DFD),raw/DFD/DFD_manipulated_sequences/DFD_manipulated_sequences/14_21__podium_speech_happy__IRKML4J0.mp4,1,1316,1920,1080,h264,10.0,DeepFake,DeepFakeDetection,DFD_SOURCE_14,DFD_SOURCE_14,,DFD_SOURCE_14,,train
DFD_0002102,DeepFakeDetection (DFD),raw/DFD/DFD_manipulated_sequences/DFD_manipulated_sequences/14_21__podium_speech_happy__N0WM4GSV.mp4,1,1320,1920,1080,h264,10.03,DeepFake,DeepFakeDetection,DFD_SOURCE_14,DFD_SOURCE_14,,DFD_SOURCE_14,,train
DFD_0002103,DeepFakeDetection (DFD),raw/DFD/DFD_manipulated_sequences/DFD_manipulated_sequences/14_21__secret_conversation__IRKML4J0.mp4,1,144,1920,1080,h264,1.05,DeepFake,DeepFakeDetection,DFD_SOURCE_14,DFD_SOURCE_14,,DFD_SOURCE_14,,train
DFD_0002104,DeepFakeDetection (DFD),raw/DFD/DFD_manipulated_sequences/DFD_manipulated_sequences/14_21__secret_conversation__N0WM4GSV.mp4,1,899,1920,1080,h264,5.63,DeepFake,DeepFakeDetection,DFD_SOURCE_14,DFD_SOURCE_14,,DFD_SOURCE_14,,train
DFD_0002105,DeepFakeDetection (DFD),raw/DFD/DFD_manipulated_sequences/DFD_manipulated_sequences/14_21__talking_angry_couch__IRKML4J0.mp4,1,1520,1920,1080,h264,15.94,DeepFake,DeepFakeDetection,DFD_SOURCE_14,DFD_SOURCE_14,,DFD_SOURCE_14,,train
DFD_0002106,DeepFakeDetection (DFD),raw/DFD/DFD_manipulated_sequences/DFD_manipulated_sequences/14_21__talking_angry_couch__N0WM4GSV.mp4,1,1541,1920,1080,h264,16.17,DeepFake,DeepFakeDetection,DFD_SOURCE_14,DFD_SOURCE_14,,DFD_SOURCE_14,,train
DFD_0002107,DeepFakeDetection (DFD),raw/DFD/DFD_manipulated_sequences/DFD_manipulated_sequences/14_21__walk_down_hall_angry__N0WM4GSV.mp4,1,553,1920,1080,h264,2.4,DeepFake,DeepFakeDetection,DFD_SOURCE_14,DFD_SOURCE_14,,DFD_SOURCE_14,,train
DFD_0002108,DeepFakeDetection (DFD),raw/DFD/DFD_manipulated_sequences/DFD_manipulated_sequences/14_21__walking_and_outside_surprised__N0WM4GSV.mp4,1,799,1920,1080,h264,11.15,DeepFake,DeepFakeDetection,DFD_SOURCE_14,DFD_SOURCE_14,,DFD_SOURCE_14,,train
DFD_0002109,DeepFakeDetection (DFD),raw/DFD/DFD_manipulated_sequences/DFD_manipulated_sequences/14_21__walking_down_street_outside_angry__N0WM4GSV.mp4,1,1273,1920,1080,h264,11.54,DeepFake,DeepFakeDetection,DFD_SOURCE_14,DFD_SOURCE_14,,DFD_SOURCE_14,,train
DFD_0002110,DeepFakeDetection (DFD),raw/DFD/DFD_manipulated_sequences/DFD_manipulated_sequences/14_21__walking_outside_cafe_disgusted__N0WM4GSV.mp4,1,698,1920,1080,h264,5.38,DeepFake,DeepFakeDetection,DFD_SOURCE_14,DFD_SOURCE_14,,DFD_SOURCE_14,,train
DFD_0002111,DeepFakeDetection (DFD),raw/DFD/DFD_manipulated_sequences/DFD_manipulated_sequences/14_26__exit_phone_room__SU8SAHTT.mp4,1,616,1920,1080,h264,3.27,DeepFake,DeepFakeDetection,DFD_SOURCE_14,DFD_SOURCE_14,,DFD_SOURCE_14,,train
DFD_0002112,DeepFakeDetection (DFD),raw/DFD/DFD_manipulated_sequences/DFD_manipulated_sequences/14_26__kitchen_pan__ILLP29ZH.mp4,1,605,1920,1080,h264,5.02,DeepFake,DeepFakeDetection,DFD_SOURCE_14,DFD_SOURCE_14,,DFD_SOURCE_14,,train
DFD_0002113,DeepFakeDetection (DFD),raw/DFD/DFD_manipulated_sequences/DFD_manipulated_sequences/14_26__kitchen_pan__SU8SAHTT.mp4,1,618,1920,1080,h264,5.11,DeepFake,DeepFakeDetection,DFD_SOURCE_14,DFD_SOURCE_14,,DFD_SOURCE_14,,train
DFD_0002114,DeepFakeDetection (DFD),raw/DFD/DFD_manipulated_sequences/DFD_manipulated_sequences/14_26__kitchen_still__ILLP29ZH.mp4,1,878,1920,1080,h264,5.89,DeepFake,DeepFakeDetection,DFD_SOURCE_14,DFD_SOURCE_14,,DFD_SOURCE_14,,train
DFD_0002115,DeepFakeDetection (DFD),raw/DFD/DFD_manipulated_sequences/DFD_manipulated_sequences/14_26__outside_talking_still_laughing__ILLP29ZH.mp4,1,921,1920,1080,h264,8.87,DeepFake,DeepFakeDetection,DFD_SOURCE_14,DFD_SOURCE_14,,DFD_SOURCE_14,,train
DFD_0002116,DeepFakeDetection (DFD),raw/DFD/DFD_manipulated_sequences/DFD_manipulated_sequences/14_26__podium_speech_happy__ILLP29ZH.mp4,1,1320,1920,1080,h264,10.01,DeepFake,DeepFakeDetection,DFD_SOURCE_14,DFD_SOURCE_14,,DFD_SOURCE_14,,train
DFD_0002117,DeepFakeDetection (DFD),raw/DFD/DFD_manipulated_sequences/DFD_manipulated_sequences/14_26__secret_conversation__ILLP29ZH.mp4,1,896,1920,1080,h264,5.63,DeepFake,DeepFakeDetection,DFD_SOURCE_14,DFD_SOURCE_14,,DFD_SOURCE_14,,train
DFD_0002118,DeepFakeDetection (DFD),raw/DFD/DFD_manipulated_sequences/DFD_manipulated_sequences/14_26__secret_conversation__SU8SAHTT.mp4,1,795,1920,1080,h264,5.1,DeepFake,DeepFakeDetection,DFD_SOURCE_14,DFD_SOURCE_14,,DFD_SOURCE_14,,train
DFD_0002119,DeepFakeDetection (DFD),raw/DFD/DFD_manipulated_sequences/DFD_manipulated_sequences/14_26__talking_against_wall__ILLP29ZH.mp4,1,970,1920,1080,h264,3.69,DeepFake,DeepFakeDetection,DFD_SOURCE_14,DFD_SOURCE_14,,DFD_SOURCE_14,,train
DFD_0002120,DeepFakeDetection (DFD),raw/DFD/DFD_manipulated_sequences/DFD_manipulated_sequences/14_26__talking_angry_couch__ILLP29ZH.mp4,1,1541,1920,1080,h264,16.28,DeepFake,DeepFakeDetection,DFD_SOURCE_14,DFD_SOURCE_14,,DFD_SOURCE_14,,train
DFD_0002121,DeepFakeDetection (DFD),raw/DFD/DFD_manipulated_sequences/DFD_manipulated_sequences/14_26__talking_angry_couch__SU8SAHTT.mp4,1,1440,1920,1080,h264,15.28,DeepFake,DeepFakeDetection,DFD_SOURCE_14,DFD_SOURCE_14,,DFD_SOURCE_14,,train
DFD_0002122,DeepFakeDetection (DFD),raw/DFD/DFD_manipulated_sequences/DFD_manipulated_sequences/14_26__walk_down_hall_angry__ILLP29ZH.mp4,1,561,1920,1080,h264,2.46,DeepFake,DeepFakeDetection,DFD_SOURCE_14,DFD_SOURCE_14,,DFD_SOURCE_14,,train
DFD_0002123,DeepFakeDetection (DFD),raw/DFD/DFD_manipulated_sequences/DFD_manipulated_sequences/14_26__walking_outside_cafe_disgusted__ILLP29ZH.mp4,1,715,1920,1080,h264,5.69,DeepFake,DeepFakeDetection,DFD_SOURCE_14,DFD_SOURCE_14,,DFD_SOURCE_14,,train
DFD_0002124,DeepFakeDetection (DFD),raw/DFD/DFD_manipulated_sequences/DFD_manipulated_sequences/14_27__exit_phone_room__0KSONKQ2.mp4,1,589,1920,1080,h264,3.14,DeepFake,DeepFakeDetection,DFD_SOURCE_14,DFD_SOURCE_14,,DFD_SOURCE_14,,train
DFD_0002125,DeepFakeDetection (DFD),raw/DFD/DFD_manipulated_sequences/DFD_manipulated_sequences/14_27__outside_talking_pan_laughing__0KSONKQ2.mp4,1,708,1920,1080,h264,6.48,DeepFake,DeepFakeDetection,DFD_SOURCE_14,DFD_SOURCE_14,,DFD_SOURCE_14,,train
DFD_0002126,DeepFakeDetection (DFD),raw/DFD/DFD_manipulated_sequences/DFD_manipulated_sequences/15_01__exit_phone_room__02HILKYO.mp4,1,353,1920,1080,h264,1.58,DeepFake,DeepFakeDetection,DFD_SOURCE_15,DFD_SOURCE_15,,DFD_SOURCE_15,,train
DFD_0002127,DeepFakeDetection (DFD),raw/DFD/DFD_manipulated_sequences/DFD_manipulated_sequences/15_01__hugging_happy__02HILKYO.mp4,1,671,1920,1080,h264,13.59,DeepFake,DeepFakeDetection,DFD_SOURCE_15,DFD_SOURCE_15,,DFD_SOURCE_15,,train
DFD_0002128,DeepFakeDetection (DFD),raw/DFD/DFD_manipulated_sequences/DFD_manipulated_sequences/15_01__kitchen_pan__02HILKYO.mp4,1,591,1920,1080,h264,4.48,DeepFake,DeepFakeDetection,DFD_SOURCE_15,DFD_SOURCE_15,,DFD_SOURCE_15,,train
DFD_0002129,DeepFakeDetection (DFD),raw/DFD/DFD_manipulated_sequences/DFD_manipulated_sequences/15_01__kitchen_still__02HILKYO.mp4,1,865,1920,1080,h264,4.96,DeepFake,DeepFakeDetection,DFD_SOURCE_15,DFD_SOURCE_15,,DFD_SOURCE_15,,train
DFD_0002130,DeepFakeDetection (DFD),raw/DFD/DFD_manipulated_sequences/DFD_manipulated_sequences/15_01__outside_talking_pan_laughing__02HILKYO.mp4,1,681,1920,1080,h264,7.15,DeepFake,DeepFakeDetection,DFD_SOURCE_15,DFD_SOURCE_15,,DFD_SOURCE_15,,train
DFD_0002131,DeepFakeDetection (DFD),raw/DFD/DFD_manipulated_sequences/DFD_manipulated_sequences/15_01__outside_talking_still_laughing__02HILKYO.mp4,1,857,1920,1080,h264,6.6,DeepFake,DeepFakeDetection,DFD_SOURCE_15,DFD_SOURCE_15,,DFD_SOURCE_15,,train
DFD_0002132,DeepFakeDetection (DFD),raw/DFD/DFD_manipulated_sequences/DFD_manipulated_sequences/15_01__podium_speech_happy__02HILKYO.mp4,1,1417,1920,1080,h264,8.78,DeepFake,DeepFakeDetection,DFD_SOURCE_15,DFD_SOURCE_15,,DFD_SOURCE_15,,train
DFD_0002133,DeepFakeDetection (DFD),raw/DFD/DFD_manipulated_sequences/DFD_manipulated_sequences/15_01__talking_angry_couch__02HILKYO.mp4,1,1268,1920,1080,h264,13.49,DeepFake,DeepFakeDetection,DFD_SOURCE_15,DFD_SOURCE_15,,DFD_SOURCE_15,,train
DFD_0002134,DeepFakeDetection (DFD),raw/DFD/DFD_manipulated_sequences/DFD_manipulated_sequences/15_01__walk_down_hall_angry__02HILKYO.mp4,1,375,1920,1080,h264,2.2,DeepFake,DeepFakeDetection,DFD_SOURCE_15,DFD_SOURCE_15,,DFD_SOURCE_15,,train
DFD_0002135,DeepFakeDetection (DFD),raw/DFD/DFD_manipulated_sequences/DFD_manipulated_sequences/15_01__walking_and_outside_surprised__02HILKYO.mp4,1,867,1920,1080,h264,12.12,DeepFake,DeepFakeDetection,DFD_SOURCE_15,DFD_SOURCE_15,,DFD_SOURCE_15,,train
DFD_0002136,DeepFakeDetection (DFD),raw/DFD/DFD_manipulated_sequences/DFD_manipulated_sequences/15_01__walking_down_street_outside_angry__02HILKYO.mp4,1,330,1920,1080,h264,2.65,DeepFake,DeepFakeDetection,DFD_SOURCE_15,DFD_SOURCE_15,,DFD_SOURCE_15,,train
DFD_0002137,DeepFakeDetection (DFD),raw/DFD/DFD_manipulated_sequences/DFD_manipulated_sequences/15_02__exit_phone_room__HTG660F8.mp4,1,361,1920,1080,h264,1.64,DeepFake,DeepFakeDetection,DFD_SOURCE_15,DFD_SOURCE_15,,DFD_SOURCE_15,,train
DFD_0002138,DeepFakeDetection (DFD),raw/DFD/DFD_manipulated_sequences/DFD_manipulated_sequences/15_02__exit_phone_room__I8G2LWD1.mp4,1,361,1920,1080,h264,1.73,DeepFake,DeepFakeDetection,DFD_SOURCE_15,DFD_SOURCE_15,,DFD_SOURCE_15,,train
DFD_0002139,DeepFakeDetection (DFD),raw/DFD/DFD_manipulated_sequences/DFD_manipulated_sequences/15_02__exit_phone_room__MZWH8ATN.mp4,1,361,1920,1080,h264,1.64,DeepFake,DeepFakeDetection,DFD_SOURCE_15,DFD_SOURCE_15,,DFD_SOURCE_15,,train
DFD_0002140,DeepFakeDetection (DFD),raw/DFD/DFD_manipulated_sequences/DFD_manipulated_sequences/15_02__exit_phone_room__XNJIS4S3.mp4,1,355,1920,1080,h264,1.61,DeepFake,DeepFakeDetection,DFD_SOURCE_15,DFD_SOURCE_15,,DFD_SOURCE_15,,train
DFD_0002141,DeepFakeDetection (DFD),raw/DFD/DFD_manipulated_sequences/DFD_manipulated_sequences/15_02__hugging_happy__HTG660F8.mp4,1,649,1920,1080,h264,13.17,DeepFake,DeepFakeDetection,DFD_SOURCE_15,DFD_SOURCE_15,,DFD_SOURCE_15,,train
DFD_0002142,DeepFakeDetection (DFD),raw/DFD/DFD_manipulated_sequences/DFD_manipulated_sequences/15_02__hugging_happy__MZWH8ATN.mp4,1,643,1920,1080,h264,13.0,DeepFake,DeepFakeDetection,DFD_SOURCE_15,DFD_SOURCE_15,,DFD_SOURCE_15,,train
DFD_0002143,DeepFakeDetection (DFD),raw/DFD/DFD_manipulated_sequences/DFD_manipulated_sequences/15_02__hugging_happy__SB6PMCO0.mp4,1,667,1920,1080,h264,13.47,DeepFake,DeepFakeDetection,DFD_SOURCE_15,DFD_SOURCE_15,,DFD_SOURCE_15,,train
DFD_0002144,DeepFakeDetection (DFD),raw/DFD/DFD_manipulated_sequences/DFD_manipulated_sequences/15_02__hugging_happy__XNJIS4S3.mp4,1,676,1920,1080,h264,13.53,DeepFake,DeepFakeDetection,DFD_SOURCE_15,DFD_SOURCE_15,,DFD_SOURCE_15,,train
DFD_0002145,DeepFakeDetection (DFD),raw/DFD/DFD_manipulated_sequences/DFD_manipulated_sequences/15_02__kitchen_still__HTG660F8.mp4,1,865,1920,1080,h264,5.02,DeepFake,DeepFakeDetection,DFD_SOURCE_15,DFD_SOURCE_15,,DFD_SOURCE_15,,train
DFD_0002146,DeepFakeDetection (DFD),raw/DFD/DFD_manipulated_sequences/DFD_manipulated_sequences/15_02__kitchen_still__I8G2LWD1.mp4,1,865,1920,1080,h264,4.97,DeepFake,DeepFakeDetection,DFD_SOURCE_15,DFD_SOURCE_15,,DFD_SOURCE_15,,train
DFD_0002147,DeepFakeDetection (DFD),raw/DFD/DFD_manipulated_sequences/DFD_manipulated_sequences/15_02__kitchen_still__SB6PMCO0.mp4,1,865,1920,1080,h264,4.97,DeepFake,DeepFakeDetection,DFD_SOURCE_15,DFD_SOURCE_15,,DFD_SOURCE_15,,train
DFD_0002148,DeepFakeDetection (DFD),raw/DFD/DFD_manipulated_sequences/DFD_manipulated_sequences/15_02__outside_talking_pan_laughing__I8G2LWD1.mp4,1,684,1920,1080,h264,7.16,DeepFake,DeepFakeDetection,DFD_SOURCE_15,DFD_SOURCE_15,,DFD_SOURCE_15,,train
DFD_0002149,DeepFakeDetection (DFD),raw/DFD/DFD_manipulated_sequences/DFD_manipulated_sequences/15_02__outside_talking_pan_laughing__MCRFMYAE.mp4,1,680,1920,1080,h264,7.16,DeepFake,DeepFakeDetection,DFD_SOURCE_15,DFD_SOURCE_15,,DFD_SOURCE_15,,train
DFD_0002150,DeepFakeDetection (DFD),raw/DFD/DFD_manipulated_sequences/DFD_manipulated_sequences/15_02__outside_talking_still_laughing__HTG660F8.mp4,1,859,1920,1080,h264,6.64,DeepFake,DeepFakeDetection,DFD_SOURCE_15,DFD_SOURCE_15,,DFD_SOURCE_15,,train
DFD_0002151,DeepFakeDetection (DFD),raw/DFD/DFD_manipulated_sequences/DFD_manipulated_sequences/15_02__outside_talking_still_laughing__MCRFMYAE.mp4,1,855,1920,1080,h264,6.59,DeepFake,DeepFakeDetection,DFD_SOURCE_15,DFD_SOURCE_15,,DFD_SOURCE_15,,train
DFD_0002152,DeepFakeDetection (DFD),raw/DFD/DFD_manipulated_sequences/DFD_manipulated_sequences/15_02__outside_talking_still_laughing__P2FAY3DR.mp4,1,836,1920,1080,h264,6.44,DeepFake,DeepFakeDetection,DFD_SOURCE_15,DFD_SOURCE_15,,DFD_SOURCE_15,,train
DFD_0002153,DeepFakeDetection (DFD),raw/DFD/DFD_manipulated_sequences/DFD_manipulated_sequences/15_02__podium_speech_happy__I8G2LWD1.mp4,1,1417,1920,1080,h264,8.77,DeepFake,DeepFakeDetection,DFD_SOURCE_15,DFD_SOURCE_15,,DFD_SOURCE_15,,train
DFD_0002154,DeepFakeDetection (DFD),raw/DFD/DFD_manipulated_sequences/DFD_manipulated_sequences/15_02__podium_speech_happy__MZWH8ATN.mp4,1,1417,1920,1080,h264,8.7,DeepFake,DeepFakeDetection,DFD_SOURCE_15,DFD_SOURCE_15,,DFD_SOURCE_15,,train
DFD_0002155,DeepFakeDetection (DFD),raw/DFD/DFD_manipulated_sequences/DFD_manipulated_sequences/15_02__podium_speech_happy__N864L40U.mp4,1,1413,1920,1080,h264,8.72,DeepFake,DeepFakeDetection,DFD_SOURCE_15,DFD_SOURCE_15,,DFD_SOURCE_15,,train
DFD_0002156,DeepFakeDetection (DFD),raw/DFD/DFD_manipulated_sequences/DFD_manipulated_sequences/15_02__podium_speech_happy__TSRK8QS4.mp4,1,1424,1920,1080,h264,8.7,DeepFake,DeepFakeDetection,DFD_SOURCE_15,DFD_SOURCE_15,,DFD_SOURCE_15,,train
DFD_0002157,DeepFakeDetection (DFD),raw/DFD/DFD_manipulated_sequences/DFD_manipulated_sequences/15_02__podium_speech_happy__XNJIS4S3.mp4,1,1419,1920,1080,h264,8.74,DeepFake,DeepFakeDetection,DFD_SOURCE_15,DFD_SOURCE_15,,DFD_SOURCE_15,,train
DFD_0002158,DeepFakeDetection (DFD),raw/DFD/DFD_manipulated_sequences/DFD_manipulated_sequences/15_02__talking_against_wall__HTG660F8.mp4,1,840,1920,1080,h264,5.56,DeepFake,DeepFakeDetection,DFD_SOURCE_15,DFD_SOURCE_15,,DFD_SOURCE_15,,train
DFD_0002159,DeepFakeDetection (DFD),raw/DFD/DFD_manipulated_sequences/DFD_manipulated_sequences/15_02__talking_against_wall__I8G2LWD1.mp4,1,843,1920,1080,h264,5.59,DeepFake,DeepFakeDetection,DFD_SOURCE_15,DFD_SOURCE_15,,DFD_SOURCE_15,,train
DFD_0002160,DeepFakeDetection (DFD),raw/DFD/DFD_manipulated_sequences/DFD_manipulated_sequences/15_02__talking_against_wall__MZWH8ATN.mp4,1,843,1920,1080,h264,5.52,DeepFake,DeepFakeDetection,DFD_SOURCE_15,DFD_SOURCE_15,,DFD_SOURCE_15,,train
DFD_0002161,DeepFakeDetection (DFD),raw/DFD/DFD_manipulated_sequences/DFD_manipulated_sequences/15_02__talking_against_wall__P2FAY3DR.mp4,1,855,1920,1080,h264,5.64,DeepFake,DeepFakeDetection,DFD_SOURCE_15,DFD_SOURCE_15,,DFD_SOURCE_15,,train
DFD_0002162,DeepFakeDetection (DFD),raw/DFD/DFD_manipulated_sequences/DFD_manipulated_sequences/15_02__talking_against_wall__TN2CWM3K.mp4,1,828,1920,1080,h264,5.45,DeepFake,DeepFakeDetection,DFD_SOURCE_15,DFD_SOURCE_15,,DFD_SOURCE_15,,train
DFD_0002163,DeepFakeDetection (DFD),raw/DFD/DFD_manipulated_sequences/DFD_manipulated_sequences/15_02__talking_against_wall__TSRK8QS4.mp4,1,849,1920,1080,h264,5.59,DeepFake,DeepFakeDetection,DFD_SOURCE_15,DFD_SOURCE_15,,DFD_SOURCE_15,,train
DFD_0002164,DeepFakeDetection (DFD),raw/DFD/DFD_manipulated_sequences/DFD_manipulated_sequences/15_02__talking_angry_couch__HTG660F8.mp4,1,1298,1920,1080,h264,13.69,DeepFake,DeepFakeDetection,DFD_SOURCE_15,DFD_SOURCE_15,,DFD_SOURCE_15,,train
DFD_0002165,DeepFakeDetection (DFD),raw/DFD/DFD_manipulated_sequences/DFD_manipulated_sequences/15_02__talking_angry_couch__I8G2LWD1.mp4,1,1303,1920,1080,h264,13.77,DeepFake,DeepFakeDetection,DFD_SOURCE_15,DFD_SOURCE_15,,DFD_SOURCE_15,,train
DFD_0002166,DeepFakeDetection (DFD),raw/DFD/DFD_manipulated_sequences/DFD_manipulated_sequences/15_02__walk_down_hall_angry__HTG660F8.mp4,1,380,1920,1080,h264,2.26,DeepFake,DeepFakeDetection,DFD_SOURCE_15,DFD_SOURCE_15,,DFD_SOURCE_15,,train
DFD_0002167,DeepFakeDetection (DFD),raw/DFD/DFD_manipulated_sequences/DFD_manipulated_sequences/15_02__walking_and_outside_surprised__HTG660F8.mp4,1,864,1920,1080,h264,12.06,DeepFake,DeepFakeDetection,DFD_SOURCE_15,DFD_SOURCE_15,,DFD_SOURCE_15,,train
DFD_0002168,DeepFakeDetection (DFD),raw/DFD/DFD_manipulated_sequences/DFD_manipulated_sequences/15_02__walking_and_outside_surprised__I8G2LWD1.mp4,1,866,1920,1080,h264,12.1,DeepFake,DeepFakeDetection,DFD_SOURCE_15,DFD_SOURCE_15,,DFD_SOURCE_15,,train
DFD_0002169,DeepFakeDetection (DFD),raw/DFD/DFD_manipulated_sequences/DFD_manipulated_sequences/15_02__walking_and_outside_surprised__MZWH8ATN.mp4,1,868,1920,1080,h264,12.12,DeepFake,DeepFakeDetection,DFD_SOURCE_15,DFD_SOURCE_15,,DFD_SOURCE_15,,train
DFD_0002170,DeepFakeDetection (DFD),raw/DFD/DFD_manipulated_sequences/DFD_manipulated_sequences/15_02__walking_and_outside_surprised__N864L40U.mp4,1,867,1920,1080,h264,12.11,DeepFake,DeepFakeDetection,DFD_SOURCE_15,DFD_SOURCE_15,,DFD_SOURCE_15,,train
DFD_0002171,DeepFakeDetection (DFD),raw/DFD/DFD_manipulated_sequences/DFD_manipulated_sequences/15_02__walking_down_indoor_hall_disgust__HTG660F8.mp4,1,1357,1920,1080,h264,20.12,DeepFake,DeepFakeDetection,DFD_SOURCE_15,DFD_SOURCE_15,,DFD_SOURCE_15,,train
DFD_0002172,DeepFakeDetection (DFD),raw/DFD/DFD_manipulated_sequences/DFD_manipulated_sequences/15_02__walking_down_street_outside_angry__I8G2LWD1.mp4,1,349,1920,1080,h264,2.77,DeepFake,DeepFakeDetection,DFD_SOURCE_15,DFD_SOURCE_15,,DFD_SOURCE_15,,train
DFD_0002173,DeepFakeDetection (DFD),raw/DFD/DFD_manipulated_sequences/DFD_manipulated_sequences/15_02__walking_down_street_outside_angry__MZWH8ATN.mp4,1,349,1920,1080,h264,2.77,DeepFake,DeepFakeDetection,DFD_SOURCE_15,DFD_SOURCE_15,,DFD_SOURCE_15,,train
DFD_0002174,DeepFakeDetection (DFD),raw/DFD/DFD_manipulated_sequences/DFD_manipulated_sequences/15_02__walking_down_street_outside_angry__QYSDT9SO.mp4,1,368,1920,1080,h264,2.94,DeepFake,DeepFakeDetection,DFD_SOURCE_15,DFD_SOURCE_15,,DFD_SOURCE_15,,train
DFD_0002175,DeepFakeDetection (DFD),raw/DFD/DFD_manipulated_sequences/DFD_manipulated_sequences/15_02__walking_outside_cafe_disgusted__HTG660F8.mp4,1,509,1920,1080,h264,2.71,DeepFake,DeepFakeDetection,DFD_SOURCE_15,DFD_SOURCE_15,,DFD_SOURCE_15,,train
DFD_0002176,DeepFakeDetection (DFD),raw/DFD/DFD_manipulated_sequences/DFD_manipulated_sequences/15_02__walking_outside_cafe_disgusted__MZWH8ATN.mp4,1,508,1920,1080,h264,2.7,DeepFake,DeepFakeDetection,DFD_SOURCE_15,DFD_SOURCE_15,,DFD_SOURCE_15,,train
DFD_0002177,DeepFakeDetection (DFD),raw/DFD/DFD_manipulated_sequences/DFD_manipulated_sequences/15_02__walking_outside_cafe_disgusted__P2FAY3DR.mp4,1,509,1920,1080,h264,2.71,DeepFake,DeepFakeDetection,DFD_SOURCE_15,DFD_SOURCE_15,,DFD_SOURCE_15,,train
DFD_0002178,DeepFakeDetection (DFD),raw/DFD/DFD_manipulated_sequences/DFD_manipulated_sequences/15_03__exit_phone_room__GZNLO4X9.mp4,1,356,1920,1080,h264,1.6,DeepFake,DeepFakeDetection,DFD_SOURCE_15,DFD_SOURCE_15,,DFD_SOURCE_15,,train
DFD_0002179,DeepFakeDetection (DFD),raw/DFD/DFD_manipulated_sequences/DFD_manipulated_sequences/15_03__exit_phone_room__OY4I7ZU8.mp4,1,361,1920,1080,h264,1.65,DeepFake,DeepFakeDetection,DFD_SOURCE_15,DFD_SOURCE_15,,DFD_SOURCE_15,,train
DFD_0002180,DeepFakeDetection (DFD),raw/DFD/DFD_manipulated_sequences/DFD_manipulated_sequences/15_03__hugging_happy__T5SHH2UL.mp4,1,636,1920,1080,h264,12.94,DeepFake,DeepFakeDetection,DFD_SOURCE_15,DFD_SOURCE_15,,DFD_SOURCE_15,,train
DFD_0002181,DeepFakeDetection (DFD),raw/DFD/DFD_manipulated_sequences/DFD_manipulated_sequences/15_03__kitchen_pan__5C1OMK8W.mp4,1,591,1920,1080,h264,4.49,DeepFake,DeepFakeDetection,DFD_SOURCE_15,DFD_SOURCE_15,,DFD_SOURCE_15,,train
DFD_0002182,DeepFakeDetection (DFD),raw/DFD/DFD_manipulated_sequences/DFD_manipulated_sequences/15_03__kitchen_pan__AIOM1U5V.mp4,1,588,1920,1080,h264,4.5,DeepFake,DeepFakeDetection,DFD_SOURCE_15,DFD_SOURCE_15,,DFD_SOURCE_15,,train
DFD_0002183,DeepFakeDetection (DFD),raw/DFD/DFD_manipulated_sequences/DFD_manipulated_sequences/15_03__kitchen_pan__DG8ITQO3.mp4,1,591,1920,1080,h264,4.5,DeepFake,DeepFakeDetection,DFD_SOURCE_15,DFD_SOURCE_15,,DFD_SOURCE_15,,train
DFD_0002184,DeepFakeDetection (DFD),raw/DFD/DFD_manipulated_sequences/DFD_manipulated_sequences/15_03__kitchen_still__OY4I7ZU8.mp4,1,865,1920,1080,h264,4.95,DeepFake,DeepFakeDetection,DFD_SOURCE_15,DFD_SOURCE_15,,DFD_SOURCE_15,,train
DFD_0002185,DeepFakeDetection (DFD),raw/DFD/DFD_manipulated_sequences/DFD_manipulated_sequences/15_03__outside_talking_pan_laughing__AIOM1U5V.mp4,1,680,1920,1080,h264,7.16,DeepFake,DeepFakeDetection,DFD_SOURCE_15,DFD_SOURCE_15,,DFD_SOURCE_15,,train
DFD_0002186,DeepFakeDetection (DFD),raw/DFD/DFD_manipulated_sequences/DFD_manipulated_sequences/15_03__outside_talking_pan_laughing__GZNLO4X9.mp4,1,684,1920,1080,h264,7.17,DeepFake,DeepFakeDetection,DFD_SOURCE_15,DFD_SOURCE_15,,DFD_SOURCE_15,,train
DFD_0002187,DeepFakeDetection (DFD),raw/DFD/DFD_manipulated_sequences/DFD_manipulated_sequences/15_03__outside_talking_still_laughing__Y11NT1YX.mp4,1,856,1920,1080,h264,6.6,DeepFake,DeepFakeDetection,DFD_SOURCE_15,DFD_SOURCE_15,,DFD_SOURCE_15,,train
DFD_0002188,DeepFakeDetection (DFD),raw/DFD/DFD_manipulated_sequences/DFD_manipulated_sequences/15_03__podium_speech_happy__OY4I7ZU8.mp4,1,1422,1920,1080,h264,8.86,DeepFake,DeepFakeDetection,DFD_SOURCE_15,DFD_SOURCE_15,,DFD_SOURCE_15,,train
DFD_0002189,DeepFakeDetection (DFD),raw/DFD/DFD_manipulated_sequences/DFD_manipulated_sequences/15_03__podium_speech_happy__Q14RO7M7.mp4,1,1421,1920,1080,h264,8.8,DeepFake,DeepFakeDetection,DFD_SOURCE_15,DFD_SOURCE_15,,DFD_SOURCE_15,,train
DFD_0002190,DeepFakeDetection (DFD),raw/DFD/DFD_manipulated_sequences/DFD_manipulated_sequences/15_03__podium_speech_happy__Y11NT1YX.mp4,1,1422,1920,1080,h264,8.79,DeepFake,DeepFakeDetection,DFD_SOURCE_15,DFD_SOURCE_15,,DFD_SOURCE_15,,train
DFD_0002191,DeepFakeDetection (DFD),raw/DFD/DFD_manipulated_sequences/DFD_manipulated_sequences/15_03__talking_against_wall__Q14RO7M7.mp4,1,858,1920,1080,h264,5.68,DeepFake,DeepFakeDetection,DFD_SOURCE_15,DFD_SOURCE_15,,DFD_SOURCE_15,,train
DFD_0002192,DeepFakeDetection (DFD),raw/DFD/DFD_manipulated_sequences/DFD_manipulated_sequences/15_03__talking_angry_couch__5C1OMK8W.mp4,1,1290,1920,1080,h264,13.64,DeepFake,DeepFakeDetection,DFD_SOURCE_15,DFD_SOURCE_15,,DFD_SOURCE_15,,train
DFD_0002193,DeepFakeDetection (DFD),raw/DFD/DFD_manipulated_sequences/DFD_manipulated_sequences/15_03__talking_angry_couch__DNUJD8M2.mp4,1,1304,1920,1080,h264,13.77,DeepFake,DeepFakeDetection,DFD_SOURCE_15,DFD_SOURCE_15,,DFD_SOURCE_15,,train
DFD_0002194,DeepFakeDetection (DFD),raw/DFD/DFD_manipulated_sequences/DFD_manipulated_sequences/15_03__talking_angry_couch__T5SHH2UL.mp4,1,1304,1920,1080,h264,13.71,DeepFake,DeepFakeDetection,DFD_SOURCE_15,DFD_SOURCE_15,,DFD_SOURCE_15,,train
DFD_0002195,DeepFakeDetection (DFD),raw/DFD/DFD_manipulated_sequences/DFD_manipulated_sequences/15_03__walk_down_hall_angry__5C1OMK8W.mp4,1,390,1920,1080,h264,2.34,DeepFake,DeepFakeDetection,DFD_SOURCE_15,DFD_SOURCE_15,,DFD_SOURCE_15,,train
DFD_0002196,DeepFakeDetection (DFD),raw/DFD/DFD_manipulated_sequences/DFD_manipulated_sequences/15_03__walk_down_hall_angry__AIOM1U5V.mp4,1,365,1920,1080,h264,2.17,DeepFake,DeepFakeDetection,DFD_SOURCE_15,DFD_SOURCE_15,,DFD_SOURCE_15,,train
DFD_0002197,DeepFakeDetection (DFD),raw/DFD/DFD_manipulated_sequences/DFD_manipulated_sequences/15_03__walk_down_hall_angry__DNUJD8M2.mp4,1,384,1920,1080,h264,2.27,DeepFake,DeepFakeDetection,DFD_SOURCE_15,DFD_SOURCE_15,,DFD_SOURCE_15,,train
DFD_0002198,DeepFakeDetection (DFD),raw/DFD/DFD_manipulated_sequences/DFD_manipulated_sequences/15_03__walking_and_outside_surprised__DG8ITQO3.mp4,1,864,1920,1080,h264,12.05,DeepFake,DeepFakeDetection,DFD_SOURCE_15,DFD_SOURCE_15,,DFD_SOURCE_15,,train
DFD_0002199,DeepFakeDetection (DFD),raw/DFD/DFD_manipulated_sequences/DFD_manipulated_sequences/15_03__walking_and_outside_surprised__OY4I7ZU8.mp4,1,865,1920,1080,h264,12.1,DeepFake,DeepFakeDetection,DFD_SOURCE_15,DFD_SOURCE_15,,DFD_SOURCE_15,,train
DFD_0002200,DeepFakeDetection (DFD),raw/DFD/DFD_manipulated_sequences/DFD_manipulated_sequences/15_03__walking_down_indoor_hall_disgust__OY4I7ZU8.mp4,1,1128,1920,1080,h264,17.33,DeepFake,DeepFakeDetection,DFD_SOURCE_15,DFD_SOURCE_15,,DFD_SOURCE_15,,train
DFD_0002201,DeepFakeDetection (DFD),raw/DFD/DFD_manipulated_sequences/DFD_manipulated_sequences/15_03__walking_down_street_outside_angry__DG8ITQO3.mp4,1,368,1920,1080,h264,2.95,DeepFake,DeepFakeDetection,DFD_SOURCE_15,DFD_SOURCE_15,,DFD_SOURCE_15,,train
DFD_0002202,DeepFakeDetection (DFD),raw/DFD/DFD_manipulated_sequences/DFD_manipulated_sequences/15_03__walking_outside_cafe_disgusted__GZNLO4X9.mp4,1,494,1920,1080,h264,2.55,DeepFake,DeepFakeDetection,DFD_SOURCE_15,DFD_SOURCE_15,,DFD_SOURCE_15,,train
DFD_0002203,DeepFakeDetection (DFD),raw/DFD/DFD_manipulated_sequences/DFD_manipulated_sequences/15_04__kitchen_pan__46TJ9IOJ.mp4,1,590,1920,1080,h264,4.48,DeepFake,DeepFakeDetection,DFD_SOURCE_15,DFD_SOURCE_15,,DFD_SOURCE_15,,train
DFD_0002204,DeepFakeDetection (DFD),raw/DFD/DFD_manipulated_sequences/DFD_manipulated_sequences/15_04__kitchen_still__46TJ9IOJ.mp4,1,865,1920,1080,h264,4.99,DeepFake,DeepFakeDetection,DFD_SOURCE_15,DFD_SOURCE_15,,DFD_SOURCE_15,,train
DFD_0002205,DeepFakeDetection (DFD),raw/DFD/DFD_manipulated_sequences/DFD_manipulated_sequences/15_04__outside_talking_pan_laughing__46TJ9IOJ.mp4,1,682,1920,1080,h264,7.16,DeepFake,DeepFakeDetection,DFD_SOURCE_15,DFD_SOURCE_15,,DFD_SOURCE_15,,train
DFD_0002206,DeepFakeDetection (DFD),raw/DFD/DFD_manipulated_sequences/DFD_manipulated_sequences/15_04__outside_talking_pan_laughing__7NW4Z6WZ.mp4,1,677,1920,1080,h264,7.12,DeepFake,DeepFakeDetection,DFD_SOURCE_15,DFD_SOURCE_15,,DFD_SOURCE_15,,train
DFD_0002207,DeepFakeDetection (DFD),raw/DFD/DFD_manipulated_sequences/DFD_manipulated_sequences/15_04__talking_against_wall__46TJ9IOJ.mp4,1,857,1920,1080,h264,5.68,DeepFake,DeepFakeDetection,DFD_SOURCE_15,DFD_SOURCE_15,,DFD_SOURCE_15,,train
DFD_0002208,DeepFakeDetection (DFD),raw/DFD/DFD_manipulated_sequences/DFD_manipulated_sequences/15_04__talking_against_wall__7NW4Z6WZ.mp4,1,847,1920,1080,h264,5.6,DeepFake,DeepFakeDetection,DFD_SOURCE_15,DFD_SOURCE_15,,DFD_SOURCE_15,,train
DFD_0002209,DeepFakeDetection (DFD),raw/DFD/DFD_manipulated_sequences/DFD_manipulated_sequences/15_04__talking_angry_couch__46TJ9IOJ.mp4,1,1293,1920,1080,h264,13.64,DeepFake,DeepFakeDetection,DFD_SOURCE_15,DFD_SOURCE_15,,DFD_SOURCE_15,,train
DFD_0002210,DeepFakeDetection (DFD),raw/DFD/DFD_manipulated_sequences/DFD_manipulated_sequences/15_04__walk_down_hall_angry__7NW4Z6WZ.mp4,1,375,1920,1080,h264,2.22,DeepFake,DeepFakeDetection,DFD_SOURCE_15,DFD_SOURCE_15,,DFD_SOURCE_15,,train
DFD_0002211,DeepFakeDetection (DFD),raw/DFD/DFD_manipulated_sequences/DFD_manipulated_sequences/15_04__walking_and_outside_surprised__46TJ9IOJ.mp4,1,865,1920,1080,h264,12.1,DeepFake,DeepFakeDetection,DFD_SOURCE_15,DFD_SOURCE_15,,DFD_SOURCE_15,,train
DFD_0002212,DeepFakeDetection (DFD),raw/DFD/DFD_manipulated_sequences/DFD_manipulated_sequences/15_04__walking_down_indoor_hall_disgust__46TJ9IOJ.mp4,1,1140,1920,1080,h264,17.48,DeepFake,DeepFakeDetection,DFD_SOURCE_15,DFD_SOURCE_15,,DFD_SOURCE_15,,train
DFD_0002213,DeepFakeDetection (DFD),raw/DFD/DFD_manipulated_sequences/DFD_manipulated_sequences/15_04__walking_down_street_outside_angry__46TJ9IOJ.mp4,1,349,1920,1080,h264,2.78,DeepFake,DeepFakeDetection,DFD_SOURCE_15,DFD_SOURCE_15,,DFD_SOURCE_15,,train
DFD_0002214,DeepFakeDetection (DFD),raw/DFD/DFD_manipulated_sequences/DFD_manipulated_sequences/15_04__walking_outside_cafe_disgusted__46TJ9IOJ.mp4,1,508,1920,1080,h264,2.71,DeepFake,DeepFakeDetection,DFD_SOURCE_15,DFD_SOURCE_15,,DFD_SOURCE_15,,train
DFD_0002215,DeepFakeDetection (DFD),raw/DFD/DFD_manipulated_sequences/DFD_manipulated_sequences/15_06__exit_phone_room__E98QYYXO.mp4,1,354,1920,1080,h264,1.61,DeepFake,DeepFakeDetection,DFD_SOURCE_15,DFD_SOURCE_15,,DFD_SOURCE_15,,train
DFD_0002216,DeepFakeDetection (DFD),raw/DFD/DFD_manipulated_sequences/DFD_manipulated_sequences/15_06__exit_phone_room__QRCD27P8.mp4,1,360,1920,1080,h264,1.63,DeepFake,DeepFakeDetection,DFD_SOURCE_15,DFD_SOURCE_15,,DFD_SOURCE_15,,train
DFD_0002217,DeepFakeDetection (DFD),raw/DFD/DFD_manipulated_sequences/DFD_manipulated_sequences/15_06__hugging_happy__E98QYYXO.mp4,1,659,1920,1080,h264,13.25,DeepFake,DeepFakeDetection,DFD_SOURCE_15,DFD_SOURCE_15,,DFD_SOURCE_15,,train
DFD_0002218,DeepFakeDetection (DFD),raw/DFD/DFD_manipulated_sequences/DFD_manipulated_sequences/15_06__hugging_happy__QRCD27P8.mp4,1,646,1920,1080,h264,13.06,DeepFake,DeepFakeDetection,DFD_SOURCE_15,DFD_SOURCE_15,,DFD_SOURCE_15,,train
DFD_0002219,DeepFakeDetection (DFD),raw/DFD/DFD_manipulated_sequences/DFD_manipulated_sequences/15_06__kitchen_pan__QRCD27P8.mp4,1,592,1920,1080,h264,4.46,DeepFake,DeepFakeDetection,DFD_SOURCE_15,DFD_SOURCE_15,,DFD_SOURCE_15,,train
DFD_0002220,DeepFakeDetection (DFD),raw/DFD/DFD_manipulated_sequences/DFD_manipulated_sequences/15_06__kitchen_still__E98QYYXO.mp4,1,865,1920,1080,h264,4.97,DeepFake,DeepFakeDetection,DFD_SOURCE_15,DFD_SOURCE_15,,DFD_SOURCE_15,,train
DFD_0002221,DeepFakeDetection (DFD),raw/DFD/DFD_manipulated_sequences/DFD_manipulated_sequences/15_06__kitchen_still__QRCD27P8.mp4,1,865,1920,1080,h264,4.93,DeepFake,DeepFakeDetection,DFD_SOURCE_15,DFD_SOURCE_15,,DFD_SOURCE_15,,train
DFD_0002222,DeepFakeDetection (DFD),raw/DFD/DFD_manipulated_sequences/DFD_manipulated_sequences/15_06__outside_talking_pan_laughing__QRCD27P8.mp4,1,684,1920,1080,h264,7.17,DeepFake,DeepFakeDetection,DFD_SOURCE_15,DFD_SOURCE_15,,DFD_SOURCE_15,,train
DFD_0002223,DeepFakeDetection (DFD),raw/DFD/DFD_manipulated_sequences/DFD_manipulated_sequences/15_06__outside_talking_still_laughing__QRCD27P8.mp4,1,858,1920,1080,h264,6.61,DeepFake,DeepFakeDetection,DFD_SOURCE_15,DFD_SOURCE_15,,DFD_SOURCE_15,,train
DFD_0002224,DeepFakeDetection (DFD),raw/DFD/DFD_manipulated_sequences/DFD_manipulated_sequences/15_06__podium_speech_happy__QRCD27P8.mp4,1,1421,1920,1080,h264,8.8,DeepFake,DeepFakeDetection,DFD_SOURCE_15,DFD_SOURCE_15,,DFD_SOURCE_15,,train
DFD_0002225,DeepFakeDetection (DFD),raw/DFD/DFD_manipulated_sequences/DFD_manipulated_sequences/15_06__talking_against_wall__QRCD27P8.mp4,1,852,1920,1080,h264,5.59,DeepFake,DeepFakeDetection,DFD_SOURCE_15,DFD_SOURCE_15,,DFD_SOURCE_15,,train
DFD_0002226,DeepFakeDetection (DFD),raw/DFD/DFD_manipulated_sequences/DFD_manipulated_sequences/15_06__walking_and_outside_surprised__E98QYYXO.mp4,1,867,1920,1080,h264,12.13,DeepFake,DeepFakeDetection,DFD_SOURCE_15,DFD_SOURCE_15,,DFD_SOURCE_15,,train
DFD_0002227,DeepFakeDetection (DFD),raw/DFD/DFD_manipulated_sequences/DFD_manipulated_sequences/15_06__walking_and_outside_surprised__QRCD27P8.mp4,1,869,1920,1080,h264,12.14,DeepFake,DeepFakeDetection,DFD_SOURCE_15,DFD_SOURCE_15,,DFD_SOURCE_15,,train
DFD_0002228,DeepFakeDetection (DFD),raw/DFD/DFD_manipulated_sequences/DFD_manipulated_sequences/15_06__walking_down_indoor_hall_disgust__QRCD27P8.mp4,1,1348,1920,1080,h264,19.98,DeepFake,DeepFakeDetection,DFD_SOURCE_15,DFD_SOURCE_15,,DFD_SOURCE_15,,train
DFD_0002229,DeepFakeDetection (DFD),raw/DFD/DFD_manipulated_sequences/DFD_manipulated_sequences/15_06__walking_down_street_outside_angry__YDX3GHFS.mp4,1,330,1920,1080,h264,2.64,DeepFake,DeepFakeDetection,DFD_SOURCE_15,DFD_SOURCE_15,,DFD_SOURCE_15,,train
DFD_0002230,DeepFakeDetection (DFD),raw/DFD/DFD_manipulated_sequences/DFD_manipulated_sequences/15_06__walking_outside_cafe_disgusted__QRCD27P8.mp4,1,509,1920,1080,h264,2.72,DeepFake,DeepFakeDetection,DFD_SOURCE_15,DFD_SOURCE_15,,DFD_SOURCE_15,,train
DFD_0002231,DeepFakeDetection (DFD),raw/DFD/DFD_manipulated_sequences/DFD_manipulated_sequences/15_07__exit_phone_room__UGGRZJ60.mp4,1,358,1920,1080,h264,1.61,DeepFake,DeepFakeDetection,DFD_SOURCE_15,DFD_SOURCE_15,,DFD_SOURCE_15,,train
DFD_0002232,DeepFakeDetection (DFD),raw/DFD/DFD_manipulated_sequences/DFD_manipulated_sequences/15_07__hugging_happy__9Z2MLKVX.mp4,1,649,1920,1080,h264,13.13,DeepFake,DeepFakeDetection,DFD_SOURCE_15,DFD_SOURCE_15,,DFD_SOURCE_15,,train
DFD_0002233,DeepFakeDetection (DFD),raw/DFD/DFD_manipulated_sequences/DFD_manipulated_sequences/15_07__kitchen_still__9Z2MLKVX.mp4,1,865,1920,1080,h264,4.94,DeepFake,DeepFakeDetection,DFD_SOURCE_15,DFD_SOURCE_15,,DFD_SOURCE_15,,train
DFD_0002234,DeepFakeDetection (DFD),raw/DFD/DFD_manipulated_sequences/DFD_manipulated_sequences/15_07__outside_talking_still_laughing__8MEZ98NR.mp4,1,849,1920,1080,h264,6.56,DeepFake,DeepFakeDetection,DFD_SOURCE_15,DFD_SOURCE_15,,DFD_SOURCE_15,,train
DFD_0002235,DeepFakeDetection (DFD),raw/DFD/DFD_manipulated_sequences/DFD_manipulated_sequences/15_07__outside_talking_still_laughing__KM6M2TBT.mp4,1,856,1920,1080,h264,6.59,DeepFake,DeepFakeDetection,DFD_SOURCE_15,DFD_SOURCE_15,,DFD_SOURCE_15,,train
DFD_0002236,DeepFakeDetection (DFD),raw/DFD/DFD_manipulated_sequences/DFD_manipulated_sequences/15_07__podium_speech_happy__KM6M2TBT.mp4,1,1417,1920,1080,h264,8.81,DeepFake,DeepFakeDetection,DFD_SOURCE_15,DFD_SOURCE_15,,DFD_SOURCE_15,,train
DFD_0002237,DeepFakeDetection (DFD),raw/DFD/DFD_manipulated_sequences/DFD_manipulated_sequences/15_07__walking_down_indoor_hall_disgust__NYPO7U50.mp4,1,1131,1920,1080,h264,17.33,DeepFake,DeepFakeDetection,DFD_SOURCE_15,DFD_SOURCE_15,,DFD_SOURCE_15,,train
DFD_0002238,DeepFakeDetection (DFD),raw/DFD/DFD_manipulated_sequences/DFD_manipulated_sequences/15_12__hugging_happy__N0SRODQD.mp4,1,567,1920,1080,h264,11.64,DeepFake,DeepFakeDetection,DFD_SOURCE_15,DFD_SOURCE_15,,DFD_SOURCE_15,,train
DFD_0002239,DeepFakeDetection (DFD),raw/DFD/DFD_manipulated_sequences/DFD_manipulated_sequences/15_12__kitchen_pan__N0SRODQD.mp4,1,583,1920,1080,h264,4.4,DeepFake,DeepFakeDetection,DFD_SOURCE_15,DFD_SOURCE_15,,DFD_SOURCE_15,,train
DFD_0002240,DeepFakeDetection (DFD),raw/DFD/DFD_manipulated_sequences/DFD_manipulated_sequences/15_12__kitchen_pan__RK17XFJ9.mp4,1,590,1920,1080,h264,4.49,DeepFake,DeepFakeDetection,DFD_SOURCE_15,DFD_SOURCE_15,,DFD_SOURCE_15,,train
DFD_0002241,DeepFakeDetection (DFD),raw/DFD/DFD_manipulated_sequences/DFD_manipulated_sequences/15_12__kitchen_still__RK17XFJ9.mp4,1,860,1920,1080,h264,5.02,DeepFake,DeepFakeDetection,DFD_SOURCE_15,DFD_SOURCE_15,,DFD_SOURCE_15,,train
DFD_0002242,DeepFakeDetection (DFD),raw/DFD/DFD_manipulated_sequences/DFD_manipulated_sequences/15_12__outside_talking_still_laughing__RK17XFJ9.mp4,1,800,1920,1080,h264,6.3,DeepFake,DeepFakeDetection,DFD_SOURCE_15,DFD_SOURCE_15,,DFD_SOURCE_15,,train
DFD_0002243,DeepFakeDetection (DFD),raw/DFD/DFD_manipulated_sequences/DFD_manipulated_sequences/15_12__podium_speech_happy__N0SRODQD.mp4,1,1405,1920,1080,h264,8.71,DeepFake,DeepFakeDetection,DFD_SOURCE_15,DFD_SOURCE_15,,DFD_SOURCE_15,,train
DFD_0002244,DeepFakeDetection (DFD),raw/DFD/DFD_manipulated_sequences/DFD_manipulated_sequences/15_12__talking_angry_couch__N0SRODQD.mp4,1,972,1920,1080,h264,10.82,DeepFake,DeepFakeDetection,DFD_SOURCE_15,DFD_SOURCE_15,,DFD_SOURCE_15,,train
DFD_0002245,DeepFakeDetection (DFD),raw/DFD/DFD_manipulated_sequences/DFD_manipulated_sequences/15_12__talking_angry_couch__RK17XFJ9.mp4,1,1218,1920,1080,h264,13.03,DeepFake,DeepFakeDetection,DFD_SOURCE_15,DFD_SOURCE_15,,DFD_SOURCE_15,,train
DFD_0002246,DeepFakeDetection (DFD),raw/DFD/DFD_manipulated_sequences/DFD_manipulated_sequences/15_12__walk_down_hall_angry__N0SRODQD.mp4,1,368,1920,1080,h264,2.16,DeepFake,DeepFakeDetection,DFD_SOURCE_15,DFD_SOURCE_15,,DFD_SOURCE_15,,train
DFD_0002247,DeepFakeDetection (DFD),raw/DFD/DFD_manipulated_sequences/DFD_manipulated_sequences/15_12__walking_and_outside_surprised__N0SRODQD.mp4,1,858,1920,1080,h264,12.04,DeepFake,DeepFakeDetection,DFD_SOURCE_15,DFD_SOURCE_15,,DFD_SOURCE_15,,train
DFD_0002248,DeepFakeDetection (DFD),raw/DFD/DFD_manipulated_sequences/DFD_manipulated_sequences/15_12__walking_down_indoor_hall_disgust__N0SRODQD.mp4,1,572,1920,1080,h264,9.17,DeepFake,DeepFakeDetection,DFD_SOURCE_15,DFD_SOURCE_15,,DFD_SOURCE_15,,train
DFD_0002249,DeepFakeDetection (DFD),raw/DFD/DFD_manipulated_sequences/DFD_manipulated_sequences/15_12__walking_down_indoor_hall_disgust__RK17XFJ9.mp4,1,1337,1920,1080,h264,20.01,DeepFake,DeepFakeDetection,DFD_SOURCE_15,DFD_SOURCE_15,,DFD_SOURCE_15,,train
DFD_0002250,DeepFakeDetection (DFD),raw/DFD/DFD_manipulated_sequences/DFD_manipulated_sequences/15_12__walking_down_street_outside_angry__N0SRODQD.mp4,1,349,1920,1080,h264,2.79,DeepFake,DeepFakeDetection,DFD_SOURCE_15,DFD_SOURCE_15,,DFD_SOURCE_15,,train
DFD_0002251,DeepFakeDetection (DFD),raw/DFD/DFD_manipulated_sequences/DFD_manipulated_sequences/15_13__exit_phone_room__X0EIIJF7.mp4,1,349,1920,1080,h264,1.55,DeepFake,DeepFakeDetection,DFD_SOURCE_15,DFD_SOURCE_15,,DFD_SOURCE_15,,train
DFD_0002252,DeepFakeDetection (DFD),raw/DFD/DFD_manipulated_sequences/DFD_manipulated_sequences/15_13__hugging_happy__X0EIIJF7.mp4,1,642,1920,1080,h264,12.99,DeepFake,DeepFakeDetection,DFD_SOURCE_15,DFD_SOURCE_15,,DFD_SOURCE_15,,train
DFD_0002253,DeepFakeDetection (DFD),raw/DFD/DFD_manipulated_sequences/DFD_manipulated_sequences/15_13__kitchen_pan__X0EIIJF7.mp4,1,588,1920,1080,h264,4.44,DeepFake,DeepFakeDetection,DFD_SOURCE_15,DFD_SOURCE_15,,DFD_SOURCE_15,,train
DFD_0002254,DeepFakeDetection (DFD),raw/DFD/DFD_manipulated_sequences/DFD_manipulated_sequences/15_13__kitchen_still__X0EIIJF7.mp4,1,865,1920,1080,h264,4.98,DeepFake,DeepFakeDetection,DFD_SOURCE_15,DFD_SOURCE_15,,DFD_SOURCE_15,,train
DFD_0002255,DeepFakeDetection (DFD),raw/DFD/DFD_manipulated_sequences/DFD_manipulated_sequences/15_13__outside_talking_pan_laughing__X0EIIJF7.mp4,1,665,1920,1080,h264,7.06,DeepFake,DeepFakeDetection,DFD_SOURCE_15,DFD_SOURCE_15,,DFD_SOURCE_15,,train
DFD_0002256,DeepFakeDetection (DFD),raw/DFD/DFD_manipulated_sequences/DFD_manipulated_sequences/15_13__outside_talking_still_laughing__X0EIIJF7.mp4,1,829,1920,1080,h264,6.5,DeepFake,DeepFakeDetection,DFD_SOURCE_15,DFD_SOURCE_15,,DFD_SOURCE_15,,train
DFD_0002257,DeepFakeDetection (DFD),raw/DFD/DFD_manipulated_sequences/DFD_manipulated_sequences/15_13__walk_down_hall_angry__X0EIIJF7.mp4,1,372,1920,1080,h264,2.23,DeepFake,DeepFakeDetection,DFD_SOURCE_15,DFD_SOURCE_15,,DFD_SOURCE_15,,train
DFD_0002258,DeepFakeDetection (DFD),raw/DFD/DFD_manipulated_sequences/DFD_manipulated_sequences/15_13__walking_down_indoor_hall_disgust__X0EIIJF7.mp4,1,1361,1920,1080,h264,20.16,DeepFake,DeepFakeDetection,DFD_SOURCE_15,DFD_SOURCE_15,,DFD_SOURCE_15,,train
DFD_0002259,DeepFakeDetection (DFD),raw/DFD/DFD_manipulated_sequences/DFD_manipulated_sequences/15_13__walking_down_street_outside_angry__X0EIIJF7.mp4,1,330,1920,1080,h264,2.66,DeepFake,DeepFakeDetection,DFD_SOURCE_15,DFD_SOURCE_15,,DFD_SOURCE_15,,train
DFD_0002260,DeepFakeDetection (DFD),raw/DFD/DFD_manipulated_sequences/DFD_manipulated_sequences/15_13__walking_outside_cafe_disgusted__X0EIIJF7.mp4,1,495,1920,1080,h264,2.56,DeepFake,DeepFakeDetection,DFD_SOURCE_15,DFD_SOURCE_15,,DFD_SOURCE_15,,train
DFD_0002261,DeepFakeDetection (DFD),raw/DFD/DFD_manipulated_sequences/DFD_manipulated_sequences/15_14__exit_phone_room__4SO1CSAM.mp4,1,355,1920,1080,h264,1.59,DeepFake,DeepFakeDetection,DFD_SOURCE_15,DFD_SOURCE_15,,DFD_SOURCE_15,,train
DFD_0002262,DeepFakeDetection (DFD),raw/DFD/DFD_manipulated_sequences/DFD_manipulated_sequences/15_14__exit_phone_room__OMLZILK3.mp4,1,382,1920,1080,h264,1.74,DeepFake,DeepFakeDetection,DFD_SOURCE_15,DFD_SOURCE_15,,DFD_SOURCE_15,,train
DFD_0002263,DeepFakeDetection (DFD),raw/DFD/DFD_manipulated_sequences/DFD_manipulated_sequences/15_14__exit_phone_room__RNHLLKSQ.mp4,1,380,1920,1080,h264,1.72,DeepFake,DeepFakeDetection,DFD_SOURCE_15,DFD_SOURCE_15,,DFD_SOURCE_15,,train
DFD_0002264,DeepFakeDetection (DFD),raw/DFD/DFD_manipulated_sequences/DFD_manipulated_sequences/15_14__hugging_happy__OMLZILK3.mp4,1,672,1920,1080,h264,13.5,DeepFake,DeepFakeDetection,DFD_SOURCE_15,DFD_SOURCE_15,,DFD_SOURCE_15,,train
DFD_0002265,DeepFakeDetection (DFD),raw/DFD/DFD_manipulated_sequences/DFD_manipulated_sequences/15_14__kitchen_pan__4SO1CSAM.mp4,1,591,1920,1080,h264,4.49,DeepFake,DeepFakeDetection,DFD_SOURCE_15,DFD_SOURCE_15,,DFD_SOURCE_15,,train
DFD_0002266,DeepFakeDetection (DFD),raw/DFD/DFD_manipulated_sequences/DFD_manipulated_sequences/15_14__outside_talking_pan_laughing__OMLZILK3.mp4,1,683,1920,1080,h264,7.17,DeepFake,DeepFakeDetection,DFD_SOURCE_15,DFD_SOURCE_15,,DFD_SOURCE_15,,train
DFD_0002267,DeepFakeDetection (DFD),raw/DFD/DFD_manipulated_sequences/DFD_manipulated_sequences/15_14__outside_talking_still_laughing__RF38N10R.mp4,1,843,1920,1080,h264,6.49,DeepFake,DeepFakeDetection,DFD_SOURCE_15,DFD_SOURCE_15,,DFD_SOURCE_15,,train
DFD_0002268,DeepFakeDetection (DFD),raw/DFD/DFD_manipulated_sequences/DFD_manipulated_sequences/15_14__outside_talking_still_laughing__RNHLLKSQ.mp4,1,854,1920,1080,h264,6.61,DeepFake,DeepFakeDetection,DFD_SOURCE_15,DFD_SOURCE_15,,DFD_SOURCE_15,,train
DFD_0002269,DeepFakeDetection (DFD),raw/DFD/DFD_manipulated_sequences/DFD_manipulated_sequences/15_14__talking_against_wall__3FRJCJ0V.mp4,1,854,1920,1080,h264,5.73,DeepFake,DeepFakeDetection,DFD_SOURCE_15,DFD_SOURCE_15,,DFD_SOURCE_15,,train
DFD_0002270,DeepFakeDetection (DFD),raw/DFD/DFD_manipulated_sequences/DFD_manipulated_sequences/15_14__talking_against_wall__4SO1CSAM.mp4,1,852,1920,1080,h264,5.59,DeepFake,DeepFakeDetection,DFD_SOURCE_15,DFD_SOURCE_15,,DFD_SOURCE_15,,train
DFD_0002271,DeepFakeDetection (DFD),raw/DFD/DFD_manipulated_sequences/DFD_manipulated_sequences/15_14__walking_and_outside_surprised__OMLZILK3.mp4,1,862,1920,1080,h264,12.06,DeepFake,DeepFakeDetection,DFD_SOURCE_15,DFD_SOURCE_15,,DFD_SOURCE_15,,train
DFD_0002272,DeepFakeDetection (DFD),raw/DFD/DFD_manipulated_sequences/DFD_manipulated_sequences/15_14__walking_down_street_outside_angry__OMLZILK3.mp4,1,368,1920,1080,h264,2.94,DeepFake,DeepFakeDetection,DFD_SOURCE_15,DFD_SOURCE_15,,DFD_SOURCE_15,,train
DFD_0002273,DeepFakeDetection (DFD),raw/DFD/DFD_manipulated_sequences/DFD_manipulated_sequences/15_14__walking_outside_cafe_disgusted__RNHLLKSQ.mp4,1,537,1920,1080,h264,3.01,DeepFake,DeepFakeDetection,DFD_SOURCE_15,DFD_SOURCE_15,,DFD_SOURCE_15,,train
DFD_0002274,DeepFakeDetection (DFD),raw/DFD/DFD_manipulated_sequences/DFD_manipulated_sequences/15_18__kitchen_pan__V5VHLCOW.mp4,1,589,1920,1080,h264,4.41,DeepFake,DeepFakeDetection,DFD_SOURCE_15,DFD_SOURCE_15,,DFD_SOURCE_15,,train
DFD_0002275,DeepFakeDetection (DFD),raw/DFD/DFD_manipulated_sequences/DFD_manipulated_sequences/15_18__kitchen_still__V5VHLCOW.mp4,1,865,1920,1080,h264,4.93,DeepFake,DeepFakeDetection,DFD_SOURCE_15,DFD_SOURCE_15,,DFD_SOURCE_15,,train
DFD_0002276,DeepFakeDetection (DFD),raw/DFD/DFD_manipulated_sequences/DFD_manipulated_sequences/15_18__outside_talking_pan_laughing__V5VHLCOW.mp4,1,667,1920,1080,h264,7.09,DeepFake,DeepFakeDetection,DFD_SOURCE_15,DFD_SOURCE_15,,DFD_SOURCE_15,,train
DFD_0002277,DeepFakeDetection (DFD),raw/DFD/DFD_manipulated_sequences/DFD_manipulated_sequences/15_18__outside_talking_still_laughing__V5VHLCOW.mp4,1,840,1920,1080,h264,6.51,DeepFake,DeepFakeDetection,DFD_SOURCE_15,DFD_SOURCE_15,,DFD_SOURCE_15,,train
DFD_0002278,DeepFakeDetection (DFD),raw/DFD/DFD_manipulated_sequences/DFD_manipulated_sequences/15_18__talking_angry_couch__V5VHLCOW.mp4,1,1270,1920,1080,h264,13.46,DeepFake,DeepFakeDetection,DFD_SOURCE_15,DFD_SOURCE_15,,DFD_SOURCE_15,,train
DFD_0002279,DeepFakeDetection (DFD),raw/DFD/DFD_manipulated_sequences/DFD_manipulated_sequences/15_18__walk_down_hall_angry__V5VHLCOW.mp4,1,371,1920,1080,h264,2.23,DeepFake,DeepFakeDetection,DFD_SOURCE_15,DFD_SOURCE_15,,DFD_SOURCE_15,,train
DFD_0002280,DeepFakeDetection (DFD),raw/DFD/DFD_manipulated_sequences/DFD_manipulated_sequences/15_18__walking_and_outside_surprised__V5VHLCOW.mp4,1,869,1920,1080,h264,12.12,DeepFake,DeepFakeDetection,DFD_SOURCE_15,DFD_SOURCE_15,,DFD_SOURCE_15,,train
DFD_0002281,DeepFakeDetection (DFD),raw/DFD/DFD_manipulated_sequences/DFD_manipulated_sequences/15_18__walking_down_indoor_hall_disgust__V5VHLCOW.mp4,1,1349,1920,1080,h264,19.95,DeepFake,DeepFakeDetection,DFD_SOURCE_15,DFD_SOURCE_15,,DFD_SOURCE_15,,train
DFD_0002282,DeepFakeDetection (DFD),raw/DFD/DFD_manipulated_sequences/DFD_manipulated_sequences/15_18__walking_down_street_outside_angry__V5VHLCOW.mp4,1,368,1920,1080,h264,2.94,DeepFake,DeepFakeDetection,DFD_SOURCE_15,DFD_SOURCE_15,,DFD_SOURCE_15,,train
DFD_0002283,DeepFakeDetection (DFD),raw/DFD/DFD_manipulated_sequences/DFD_manipulated_sequences/15_20__hugging_happy__99NHTFBM.mp4,1,669,1920,1080,h264,13.38,DeepFake,DeepFakeDetection,DFD_SOURCE_15,DFD_SOURCE_15,,DFD_SOURCE_15,,train
DFD_0002284,DeepFakeDetection (DFD),raw/DFD/DFD_manipulated_sequences/DFD_manipulated_sequences/15_20__kitchen_pan__99NHTFBM.mp4,1,590,1920,1080,h264,4.5,DeepFake,DeepFakeDetection,DFD_SOURCE_15,DFD_SOURCE_15,,DFD_SOURCE_15,,train
DFD_0002285,DeepFakeDetection (DFD),raw/DFD/DFD_manipulated_sequences/DFD_manipulated_sequences/15_20__outside_talking_pan_laughing__99NHTFBM.mp4,1,682,1920,1080,h264,7.21,DeepFake,DeepFakeDetection,DFD_SOURCE_15,DFD_SOURCE_15,,DFD_SOURCE_15,,train
DFD_0002286,DeepFakeDetection (DFD),raw/DFD/DFD_manipulated_sequences/DFD_manipulated_sequences/15_20__outside_talking_still_laughing__99NHTFBM.mp4,1,841,1920,1080,h264,6.55,DeepFake,DeepFakeDetection,DFD_SOURCE_15,DFD_SOURCE_15,,DFD_SOURCE_15,,train
DFD_0002287,DeepFakeDetection (DFD),raw/DFD/DFD_manipulated_sequences/DFD_manipulated_sequences/15_20__podium_speech_happy__99NHTFBM.mp4,1,1418,1920,1080,h264,8.77,DeepFake,DeepFakeDetection,DFD_SOURCE_15,DFD_SOURCE_15,,DFD_SOURCE_15,,train
DFD_0002288,DeepFakeDetection (DFD),raw/DFD/DFD_manipulated_sequences/DFD_manipulated_sequences/15_20__talking_angry_couch__99NHTFBM.mp4,1,1298,1920,1080,h264,13.67,DeepFake,DeepFakeDetection,DFD_SOURCE_15,DFD_SOURCE_15,,DFD_SOURCE_15,,train
DFD_0002289,DeepFakeDetection (DFD),raw/DFD/DFD_manipulated_sequences/DFD_manipulated_sequences/15_20__walking_down_indoor_hall_disgust__99NHTFBM.mp4,1,1360,1920,1080,h264,20.1,DeepFake,DeepFakeDetection,DFD_SOURCE_15,DFD_SOURCE_15,,DFD_SOURCE_15,,train
DFD_0002290,DeepFakeDetection (DFD),raw/DFD/DFD_manipulated_sequences/DFD_manipulated_sequences/15_20__walking_down_indoor_hall_disgust__CYD62VPP.mp4,1,1140,1920,1080,h264,17.49,DeepFake,DeepFakeDetection,DFD_SOURCE_15,DFD_SOURCE_15,,DFD_SOURCE_15,,train
DFD_0002291,DeepFakeDetection (DFD),raw/DFD/DFD_manipulated_sequences/DFD_manipulated_sequences/15_20__walking_outside_cafe_disgusted__99NHTFBM.mp4,1,537,1920,1080,h264,3.02,DeepFake,DeepFakeDetection,DFD_SOURCE_15,DFD_SOURCE_15,,DFD_SOURCE_15,,train
DFD_0002292,DeepFakeDetection (DFD),raw/DFD/DFD_manipulated_sequences/DFD_manipulated_sequences/15_21__exit_phone_room__87WSBJP3.mp4,1,355,1920,1080,h264,1.62,DeepFake,DeepFakeDetection,DFD_SOURCE_15,DFD_SOURCE_15,,DFD_SOURCE_15,,train
DFD_0002293,DeepFakeDetection (DFD),raw/DFD/DFD_manipulated_sequences/DFD_manipulated_sequences/15_21__exit_phone_room__JDPD580N.mp4,1,358,1920,1080,h264,1.62,DeepFake,DeepFakeDetection,DFD_SOURCE_15,DFD_SOURCE_15,,DFD_SOURCE_15,,train
DFD_0002294,DeepFakeDetection (DFD),raw/DFD/DFD_manipulated_sequences/DFD_manipulated_sequences/15_21__hugging_happy__87WSBJP3.mp4,1,606,1920,1080,h264,12.4,DeepFake,DeepFakeDetection,DFD_SOURCE_15,DFD_SOURCE_15,,DFD_SOURCE_15,,train
DFD_0002295,DeepFakeDetection (DFD),raw/DFD/DFD_manipulated_sequences/DFD_manipulated_sequences/15_21__kitchen_pan__87WSBJP3.mp4,1,590,1920,1080,h264,4.48,DeepFake,DeepFakeDetection,DFD_SOURCE_15,DFD_SOURCE_15,,DFD_SOURCE_15,,train
DFD_0002296,DeepFakeDetection (DFD),raw/DFD/DFD_manipulated_sequences/DFD_manipulated_sequences/15_21__outside_talking_pan_laughing__87WSBJP3.mp4,1,677,1920,1080,h264,7.11,DeepFake,DeepFakeDetection,DFD_SOURCE_15,DFD_SOURCE_15,,DFD_SOURCE_15,,train
DFD_0002297,DeepFakeDetection (DFD),raw/DFD/DFD_manipulated_sequences/DFD_manipulated_sequences/15_21__talking_against_wall__87WSBJP3.mp4,1,858,1920,1080,h264,5.68,DeepFake,DeepFakeDetection,DFD_SOURCE_15,DFD_SOURCE_15,,DFD_SOURCE_15,,train
DFD_0002298,DeepFakeDetection (DFD),raw/DFD/DFD_manipulated_sequences/DFD_manipulated_sequences/15_21__talking_angry_couch__JDPD580N.mp4,1,1292,1920,1080,h264,13.68,DeepFake,DeepFakeDetection,DFD_SOURCE_15,DFD_SOURCE_15,,DFD_SOURCE_15,,train
DFD_0002299,DeepFakeDetection (DFD),raw/DFD/DFD_manipulated_sequences/DFD_manipulated_sequences/15_21__walking_down_indoor_hall_disgust__87WSBJP3.mp4,1,1128,1920,1080,h264,17.29,DeepFake,DeepFakeDetection,DFD_SOURCE_15,DFD_SOURCE_15,,DFD_SOURCE_15,,train
DFD_0002300,DeepFakeDetection (DFD),raw/DFD/DFD_manipulated_sequences/DFD_manipulated_sequences/15_21__walking_outside_cafe_disgusted__87WSBJP3.mp4,1,509,1920,1080,h264,2.72,DeepFake,DeepFakeDetection,DFD_SOURCE_15,DFD_SOURCE_15,,DFD_SOURCE_15,,train
DFD_0002301,DeepFakeDetection (DFD),raw/DFD/DFD_manipulated_sequences/DFD_manipulated_sequences/15_25__outside_talking_pan_laughing__BXVA6VQB.mp4,1,651,1920,1080,h264,6.91,DeepFake,DeepFakeDetection,DFD_SOURCE_15,DFD_SOURCE_15,,DFD_SOURCE_15,,train
DFD_0002302,DeepFakeDetection (DFD),raw/DFD/DFD_manipulated_sequences/DFD_manipulated_sequences/15_25__talking_angry_couch__FF95NMIQ.mp4,1,1293,1920,1080,h264,13.75,DeepFake,DeepFakeDetection,DFD_SOURCE_15,DFD_SOURCE_15,,DFD_SOURCE_15,,train
DFD_0002303,DeepFakeDetection (DFD),raw/DFD/DFD_manipulated_sequences/DFD_manipulated_sequences/15_25__walking_down_street_outside_angry__FF95NMIQ.mp4,1,368,1920,1080,h264,2.95,DeepFake,DeepFakeDetection,DFD_SOURCE_15,DFD_SOURCE_15,,DFD_SOURCE_15,,train
DFD_0002304,DeepFakeDetection (DFD),raw/DFD/DFD_manipulated_sequences/DFD_manipulated_sequences/15_25__walking_outside_cafe_disgusted__BXVA6VQB.mp4,1,537,1920,1080,h264,3.01,DeepFake,DeepFakeDetection,DFD_SOURCE_15,DFD_SOURCE_15,,DFD_SOURCE_15,,train
DFD_0002305,DeepFakeDetection (DFD),raw/DFD/DFD_manipulated_sequences/DFD_manipulated_sequences/15_26__walking_down_street_outside_angry__JHMUZFIJ.mp4,1,330,1920,1080,h264,2.64,DeepFake,DeepFakeDetection,DFD_SOURCE_15,DFD_SOURCE_15,,DFD_SOURCE_15,,train
DFD_0002306,DeepFakeDetection (DFD),raw/DFD/DFD_manipulated_sequences/DFD_manipulated_sequences/15_27__outside_talking_still_laughing__WZ4MLUAV.mp4,1,860,1920,1080,h264,6.63,DeepFake,DeepFakeDetection,DFD_SOURCE_15,DFD_SOURCE_15,,DFD_SOURCE_15,,train
DFD_0002307,DeepFakeDetection (DFD),raw/DFD/DFD_manipulated_sequences/DFD_manipulated_sequences/15_27__podium_speech_happy__2ERUWYH8.mp4,1,1417,1920,1080,h264,8.81,DeepFake,DeepFakeDetection,DFD_SOURCE_15,DFD_SOURCE_15,,DFD_SOURCE_15,,train
DFD_0002308,DeepFakeDetection (DFD),raw/DFD/DFD_manipulated_sequences/DFD_manipulated_sequences/16_05__exit_phone_room__4MEM6YNQ.mp4,1,497,1920,1080,h264,2.6,DeepFake,DeepFakeDetection,DFD_SOURCE_16,DFD_SOURCE_16,,DFD_SOURCE_16,,train
DFD_0002309,DeepFakeDetection (DFD),raw/DFD/DFD_manipulated_sequences/DFD_manipulated_sequences/16_05__hugging_happy__053HPS1G.mp4,1,723,1920,1080,h264,9.35,DeepFake,DeepFakeDetection,DFD_SOURCE_16,DFD_SOURCE_16,,DFD_SOURCE_16,,train
DFD_0002310,DeepFakeDetection (DFD),raw/DFD/DFD_manipulated_sequences/DFD_manipulated_sequences/16_05__hugging_happy__V7BK27TX.mp4,1,732,1920,1080,h264,9.43,DeepFake,DeepFakeDetection,DFD_SOURCE_16,DFD_SOURCE_16,,DFD_SOURCE_16,,train
DFD_0002311,DeepFakeDetection (DFD),raw/DFD/DFD_manipulated_sequences/DFD_manipulated_sequences/16_05__kitchen_still__053HPS1G.mp4,1,770,1920,1080,h264,4.83,DeepFake,DeepFakeDetection,DFD_SOURCE_16,DFD_SOURCE_16,,DFD_SOURCE_16,,train
DFD_0002312,DeepFakeDetection (DFD),raw/DFD/DFD_manipulated_sequences/DFD_manipulated_sequences/16_05__outside_talking_pan_laughing__053HPS1G.mp4,1,687,1920,1080,h264,7.43,DeepFake,DeepFakeDetection,DFD_SOURCE_16,DFD_SOURCE_16,,DFD_SOURCE_16,,train
DFD_0002313,DeepFakeDetection (DFD),raw/DFD/DFD_manipulated_sequences/DFD_manipulated_sequences/16_05__podium_speech_happy__053HPS1G.mp4,1,1224,1920,1080,h264,9.96,DeepFake,DeepFakeDetection,DFD_SOURCE_16,DFD_SOURCE_16,,DFD_SOURCE_16,,train
DFD_0002314,DeepFakeDetection (DFD),raw/DFD/DFD_manipulated_sequences/DFD_manipulated_sequences/16_05__podium_speech_happy__SYY41YGX.mp4,1,1224,1920,1080,h264,9.97,DeepFake,DeepFakeDetection,DFD_SOURCE_16,DFD_SOURCE_16,,DFD_SOURCE_16,,train
DFD_0002315,DeepFakeDetection (DFD),raw/DFD/DFD_manipulated_sequences/DFD_manipulated_sequences/16_05__walk_down_hall_angry__O56DDU3S.mp4,1,319,1920,1080,h264,1.74,DeepFake,DeepFakeDetection,DFD_SOURCE_16,DFD_SOURCE_16,,DFD_SOURCE_16,,train
DFD_0002316,DeepFakeDetection (DFD),raw/DFD/DFD_manipulated_sequences/DFD_manipulated_sequences/16_05__walk_down_hall_angry__V7BK27TX.mp4,1,319,1920,1080,h264,1.74,DeepFake,DeepFakeDetection,DFD_SOURCE_16,DFD_SOURCE_16,,DFD_SOURCE_16,,train
DFD_0002317,DeepFakeDetection (DFD),raw/DFD/DFD_manipulated_sequences/DFD_manipulated_sequences/16_05__walking_down_street_outside_angry__94435UY3.mp4,1,683,1920,1080,h264,6.36,DeepFake,DeepFakeDetection,DFD_SOURCE_16,DFD_SOURCE_16,,DFD_SOURCE_16,,train
DFD_0002318,DeepFakeDetection (DFD),raw/DFD/DFD_manipulated_sequences/DFD_manipulated_sequences/16_05__walking_down_street_outside_angry__BY646B4R.mp4,1,675,1920,1080,h264,6.24,DeepFake,DeepFakeDetection,DFD_SOURCE_16,DFD_SOURCE_16,,DFD_SOURCE_16,,train
DFD_0002319,DeepFakeDetection (DFD),raw/DFD/DFD_manipulated_sequences/DFD_manipulated_sequences/16_05__walking_outside_cafe_disgusted__053HPS1G.mp4,1,1168,1920,1080,h264,7.94,DeepFake,DeepFakeDetection,DFD_SOURCE_16,DFD_SOURCE_16,,DFD_SOURCE_16,,train
DFD_0002320,DeepFakeDetection (DFD),raw/DFD/DFD_manipulated_sequences/DFD_manipulated_sequences/16_05__walking_outside_cafe_disgusted__94435UY3.mp4,1,1122,1920,1080,h264,7.56,DeepFake,DeepFakeDetection,DFD_SOURCE_16,DFD_SOURCE_16,,DFD_SOURCE_16,,train
DFD_0002321,DeepFakeDetection (DFD),raw/DFD/DFD_manipulated_sequences/DFD_manipulated_sequences/16_08__exit_phone_room__8Q7JCS95.mp4,1,536,1920,1080,h264,2.79,DeepFake,DeepFakeDetection,DFD_SOURCE_16,DFD_SOURCE_16,,DFD_SOURCE_16,,train
DFD_0002322,DeepFakeDetection (DFD),raw/DFD/DFD_manipulated_sequences/DFD_manipulated_sequences/16_08__hugging_happy__8Q7JCS95.mp4,1,722,1920,1080,h264,9.42,DeepFake,DeepFakeDetection,DFD_SOURCE_16,DFD_SOURCE_16,,DFD_SOURCE_16,,train
DFD_0002323,DeepFakeDetection (DFD),raw/DFD/DFD_manipulated_sequences/DFD_manipulated_sequences/16_08__kitchen_pan__8Q7JCS95.mp4,1,664,1920,1080,h264,5.14,DeepFake,DeepFakeDetection,DFD_SOURCE_16,DFD_SOURCE_16,,DFD_SOURCE_16,,train
DFD_0002324,DeepFakeDetection (DFD),raw/DFD/DFD_manipulated_sequences/DFD_manipulated_sequences/16_08__kitchen_still__8Q7JCS95.mp4,1,772,1920,1080,h264,4.96,DeepFake,DeepFakeDetection,DFD_SOURCE_16,DFD_SOURCE_16,,DFD_SOURCE_16,,train
DFD_0002325,DeepFakeDetection (DFD),raw/DFD/DFD_manipulated_sequences/DFD_manipulated_sequences/16_08__podium_speech_happy__8Q7JCS95.mp4,1,1227,1920,1080,h264,10.1,DeepFake,DeepFakeDetection,DFD_SOURCE_16,DFD_SOURCE_16,,DFD_SOURCE_16,,train
DFD_0002326,DeepFakeDetection (DFD),raw/DFD/DFD_manipulated_sequences/DFD_manipulated_sequences/16_08__talking_against_wall__8Q7JCS95.mp4,1,917,1920,1080,h264,7.3,DeepFake,DeepFakeDetection,DFD_SOURCE_16,DFD_SOURCE_16,,DFD_SOURCE_16,,train
DFD_0002327,DeepFakeDetection (DFD),raw/DFD/DFD_manipulated_sequences/DFD_manipulated_sequences/16_08__walking_down_indoor_hall_disgust__8Q7JCS95.mp4,1,1099,1920,1080,h264,18.7,DeepFake,DeepFakeDetection,DFD_SOURCE_16,DFD_SOURCE_16,,DFD_SOURCE_16,,train
DFD_0002328,DeepFakeDetection (DFD),raw/DFD/DFD_manipulated_sequences/DFD_manipulated_sequences/16_17__exit_phone_room__S7UMSIQV.mp4,1,509,1920,1080,h264,2.73,DeepFake,DeepFakeDetection,DFD_SOURCE_16,DFD_SOURCE_16,,DFD_SOURCE_16,,train
DFD_0002329,DeepFakeDetection (DFD),raw/DFD/DFD_manipulated_sequences/DFD_manipulated_sequences/16_17__hugging_happy__S7UMSIQV.mp4,1,738,1920,1080,h264,9.5,DeepFake,DeepFakeDetection,DFD_SOURCE_16,DFD_SOURCE_16,,DFD_SOURCE_16,,train
DFD_0002330,DeepFakeDetection (DFD),raw/DFD/DFD_manipulated_sequences/DFD_manipulated_sequences/16_17__outside_talking_pan_laughing__EWJJTZHY.mp4,1,613,1920,1080,h264,6.95,DeepFake,DeepFakeDetection,DFD_SOURCE_16,DFD_SOURCE_16,,DFD_SOURCE_16,,train
DFD_0002331,DeepFakeDetection (DFD),raw/DFD/DFD_manipulated_sequences/DFD_manipulated_sequences/16_17__outside_talking_pan_laughing__S7UMSIQV.mp4,1,693,1920,1080,h264,7.45,DeepFake,DeepFakeDetection,DFD_SOURCE_16,DFD_SOURCE_16,,DFD_SOURCE_16,,train
DFD_0002332,DeepFakeDetection (DFD),raw/DFD/DFD_manipulated_sequences/DFD_manipulated_sequences/16_17__podium_speech_happy__EWJJTZHY.mp4,1,1219,1920,1080,h264,9.8,DeepFake,DeepFakeDetection,DFD_SOURCE_16,DFD_SOURCE_16,,DFD_SOURCE_16,,train
DFD_0002333,DeepFakeDetection (DFD),raw/DFD/DFD_manipulated_sequences/DFD_manipulated_sequences/16_17__talking_against_wall__S7UMSIQV.mp4,1,922,1920,1080,h264,7.34,DeepFake,DeepFakeDetection,DFD_SOURCE_16,DFD_SOURCE_16,,DFD_SOURCE_16,,train
DFD_0002334,DeepFakeDetection (DFD),raw/DFD/DFD_manipulated_sequences/DFD_manipulated_sequences/16_17__walk_down_hall_angry__EWJJTZHY.mp4,1,311,1920,1080,h264,1.79,DeepFake,DeepFakeDetection,DFD_SOURCE_16,DFD_SOURCE_16,,DFD_SOURCE_16,,train
DFD_0002335,DeepFakeDetection (DFD),raw/DFD/DFD_manipulated_sequences/DFD_manipulated_sequences/16_17__walk_down_hall_angry__S7UMSIQV.mp4,1,323,1920,1080,h264,1.78,DeepFake,DeepFakeDetection,DFD_SOURCE_16,DFD_SOURCE_16,,DFD_SOURCE_16,,train
DFD_0002336,DeepFakeDetection (DFD),raw/DFD/DFD_manipulated_sequences/DFD_manipulated_sequences/16_17__walking_down_indoor_hall_disgust__S7UMSIQV.mp4,1,1117,1920,1080,h264,18.89,DeepFake,DeepFakeDetection,DFD_SOURCE_16,DFD_SOURCE_16,,DFD_SOURCE_16,,train
DFD_0002337,DeepFakeDetection (DFD),raw/DFD/DFD_manipulated_sequences/DFD_manipulated_sequences/16_17__walking_outside_cafe_disgusted__S7UMSIQV.mp4,1,1125,1920,1080,h264,7.5,DeepFake,DeepFakeDetection,DFD_SOURCE_16,DFD_SOURCE_16,,DFD_SOURCE_16,,train
DFD_0002338,DeepFakeDetection (DFD),raw/DFD/DFD_manipulated_sequences/DFD_manipulated_sequences/16_28__hugging_happy__X5FNCYON.mp4,1,728,1920,1080,h264,9.37,DeepFake,DeepFakeDetection,DFD_SOURCE_16,DFD_SOURCE_16,,DFD_SOURCE_16,,train
DFD_0002339,DeepFakeDetection (DFD),raw/DFD/DFD_manipulated_sequences/DFD_manipulated_sequences/16_28__kitchen_pan__6DWLCU6T.mp4,1,687,1920,1080,h264,5.26,DeepFake,DeepFakeDetection,DFD_SOURCE_16,DFD_SOURCE_16,,DFD_SOURCE_16,,train
DFD_0002340,DeepFakeDetection (DFD),raw/DFD/DFD_manipulated_sequences/DFD_manipulated_sequences/16_28__kitchen_still__NAZP864W.mp4,1,771,1920,1080,h264,4.82,DeepFake,DeepFakeDetection,DFD_SOURCE_16,DFD_SOURCE_16,,DFD_SOURCE_16,,train
DFD_0002341,DeepFakeDetection (DFD),raw/DFD/DFD_manipulated_sequences/DFD_manipulated_sequences/16_28__kitchen_still__U757192N.mp4,1,785,1920,1080,h264,4.98,DeepFake,DeepFakeDetection,DFD_SOURCE_16,DFD_SOURCE_16,,DFD_SOURCE_16,,train
DFD_0002342,DeepFakeDetection (DFD),raw/DFD/DFD_manipulated_sequences/DFD_manipulated_sequences/16_28__outside_talking_pan_laughing__OANAQYD5.mp4,1,701,1920,1080,h264,7.5,DeepFake,DeepFakeDetection,DFD_SOURCE_16,DFD_SOURCE_16,,DFD_SOURCE_16,,train
DFD_0002343,DeepFakeDetection (DFD),raw/DFD/DFD_manipulated_sequences/DFD_manipulated_sequences/16_28__outside_talking_pan_laughing__U757192N.mp4,1,700,1920,1080,h264,7.52,DeepFake,DeepFakeDetection,DFD_SOURCE_16,DFD_SOURCE_16,,DFD_SOURCE_16,,train
DFD_0002344,DeepFakeDetection (DFD),raw/DFD/DFD_manipulated_sequences/DFD_manipulated_sequences/16_28__outside_talking_pan_laughing__X5FNCYON.mp4,1,699,1920,1080,h264,7.52,DeepFake,DeepFakeDetection,DFD_SOURCE_16,DFD_SOURCE_16,,DFD_SOURCE_16,,train
DFD_0002345,DeepFakeDetection (DFD),raw/DFD/DFD_manipulated_sequences/DFD_manipulated_sequences/16_28__podium_speech_happy__6DWLCU6T.mp4,1,1231,1920,1080,h264,10.04,DeepFake,DeepFakeDetection,DFD_SOURCE_16,DFD_SOURCE_16,,DFD_SOURCE_16,,train
DFD_0002346,DeepFakeDetection (DFD),raw/DFD/DFD_manipulated_sequences/DFD_manipulated_sequences/16_28__walking_outside_cafe_disgusted__R1QD0XDQ.mp4,1,1129,1920,1080,h264,7.56,DeepFake,DeepFakeDetection,DFD_SOURCE_16,DFD_SOURCE_16,,DFD_SOURCE_16,,train
DFD_0002347,DeepFakeDetection (DFD),raw/DFD/DFD_manipulated_sequences/DFD_manipulated_sequences/17_05__hugging_happy__C4VHXZFY.mp4,1,292,1920,1080,h264,4.13,DeepFake,DeepFakeDetection,DFD_SOURCE_17,DFD_SOURCE_17,,DFD_SOURCE_17,,train
DFD_0002348,DeepFakeDetection (DFD),raw/DFD/DFD_manipulated_sequences/DFD_manipulated_sequences/17_05__hugging_happy__YTJYYDO9.mp4,1,385,1920,1080,h264,5.14,DeepFake,DeepFakeDetection,DFD_SOURCE_17,DFD_SOURCE_17,,DFD_SOURCE_17,,train
DFD_0002349,DeepFakeDetection (DFD),raw/DFD/DFD_manipulated_sequences/DFD_manipulated_sequences/17_05__kitchen_pan__C4VHXZFY.mp4,1,590,1920,1080,h264,5.23,DeepFake,DeepFakeDetection,DFD_SOURCE_17,DFD_SOURCE_17,,DFD_SOURCE_17,,train
DFD_0002350,DeepFakeDetection (DFD),raw/DFD/DFD_manipulated_sequences/DFD_manipulated_sequences/17_05__kitchen_pan__M3H96PDQ.mp4,1,569,1920,1080,h264,5.08,DeepFake,DeepFakeDetection,DFD_SOURCE_17,DFD_SOURCE_17,,DFD_SOURCE_17,,train
DFD_0002351,DeepFakeDetection (DFD),raw/DFD/DFD_manipulated_sequences/DFD_manipulated_sequences/17_05__talking_against_wall__YTJYYDO9.mp4,1,771,1920,1080,h264,5.54,DeepFake,DeepFakeDetection,DFD_SOURCE_17,DFD_SOURCE_17,,DFD_SOURCE_17,,train
DFD_0002352,DeepFakeDetection (DFD),raw/DFD/DFD_manipulated_sequences/DFD_manipulated_sequences/17_05__walk_down_hall_angry__YTJYYDO9.mp4,1,147,1920,1080,h264,1.4,DeepFake,DeepFakeDetection,DFD_SOURCE_17,DFD_SOURCE_17,,DFD_SOURCE_17,,train
DFD_0002353,DeepFakeDetection (DFD),raw/DFD/DFD_manipulated_sequences/DFD_manipulated_sequences/17_08__exit_phone_room__CFIY1YEQ.mp4,1,738,1920,1080,h264,3.77,DeepFake,DeepFakeDetection,DFD_SOURCE_17,DFD_SOURCE_17,,DFD_SOURCE_17,,train
DFD_0002354,DeepFakeDetection (DFD),raw/DFD/DFD_manipulated_sequences/DFD_manipulated_sequences/17_08__hugging_happy__05AN86QA.mp4,1,328,1920,1080,h264,4.58,DeepFake,DeepFakeDetection,DFD_SOURCE_17,DFD_SOURCE_17,,DFD_SOURCE_17,,train
DFD_0002355,DeepFakeDetection (DFD),raw/DFD/DFD_manipulated_sequences/DFD_manipulated_sequences/17_08__kitchen_still__ZCEYWYTC.mp4,1,626,1920,1080,h264,5.33,DeepFake,DeepFakeDetection,DFD_SOURCE_17,DFD_SOURCE_17,,DFD_SOURCE_17,,train
DFD_0002356,DeepFakeDetection (DFD),raw/DFD/DFD_manipulated_sequences/DFD_manipulated_sequences/17_08__outside_talking_still_laughing__PBVFRHF5.mp4,1,530,1920,1080,h264,2.95,DeepFake,DeepFakeDetection,DFD_SOURCE_17,DFD_SOURCE_17,,DFD_SOURCE_17,,train
DFD_0002357,DeepFakeDetection (DFD),raw/DFD/DFD_manipulated_sequences/DFD_manipulated_sequences/17_08__podium_speech_happy__ISS1V0B1.mp4,1,1116,1920,1080,h264,9.63,DeepFake,DeepFakeDetection,DFD_SOURCE_17,DFD_SOURCE_17,,DFD_SOURCE_17,,train
DFD_0002358,DeepFakeDetection (DFD),raw/DFD/DFD_manipulated_sequences/DFD_manipulated_sequences/17_08__podium_speech_happy__JZYRLJ8T.mp4,1,1115,1920,1080,h264,9.53,DeepFake,DeepFakeDetection,DFD_SOURCE_17,DFD_SOURCE_17,,DFD_SOURCE_17,,train
DFD_0002359,DeepFakeDetection (DFD),raw/DFD/DFD_manipulated_sequences/DFD_manipulated_sequences/17_08__podium_speech_happy__ZCEYWYTC.mp4,1,1118,1920,1080,h264,9.57,DeepFake,DeepFakeDetection,DFD_SOURCE_17,DFD_SOURCE_17,,DFD_SOURCE_17,,train
DFD_0002360,DeepFakeDetection (DFD),raw/DFD/DFD_manipulated_sequences/DFD_manipulated_sequences/17_08__talking_against_wall__ISS1V0B1.mp4,1,694,1920,1080,h264,4.94,DeepFake,DeepFakeDetection,DFD_SOURCE_17,DFD_SOURCE_17,,DFD_SOURCE_17,,train
DFD_0002361,DeepFakeDetection (DFD),raw/DFD/DFD_manipulated_sequences/DFD_manipulated_sequences/17_08__talking_against_wall__QOX5NWIJ.mp4,1,688,1920,1080,h264,4.97,DeepFake,DeepFakeDetection,DFD_SOURCE_17,DFD_SOURCE_17,,DFD_SOURCE_17,,train
DFD_0002362,DeepFakeDetection (DFD),raw/DFD/DFD_manipulated_sequences/DFD_manipulated_sequences/17_08__talking_angry_couch__05AN86QA.mp4,1,1300,1920,1080,h264,17.4,DeepFake,DeepFakeDetection,DFD_SOURCE_17,DFD_SOURCE_17,,DFD_SOURCE_17,,train
DFD_0002363,DeepFakeDetection (DFD),raw/DFD/DFD_manipulated_sequences/DFD_manipulated_sequences/17_08__walk_down_hall_angry__ISS1V0B1.mp4,1,133,1920,1080,h264,1.31,DeepFake,DeepFakeDetection,DFD_SOURCE_17,DFD_SOURCE_17,,DFD_SOURCE_17,,train
DFD_0002364,DeepFakeDetection (DFD),raw/DFD/DFD_manipulated_sequences/DFD_manipulated_sequences/17_08__walking_down_indoor_hall_disgust__JZYRLJ8T.mp4,1,917,1920,1080,h264,15.9,DeepFake,DeepFakeDetection,DFD_SOURCE_17,DFD_SOURCE_17,,DFD_SOURCE_17,,train
DFD_0002365,DeepFakeDetection (DFD),raw/DFD/DFD_manipulated_sequences/DFD_manipulated_sequences/17_16__exit_phone_room__S7UMSIQV.mp4,1,724,1920,1080,h264,3.59,DeepFake,DeepFakeDetection,DFD_SOURCE_17,DFD_SOURCE_17,,DFD_SOURCE_17,,train
DFD_0002366,DeepFakeDetection (DFD),raw/DFD/DFD_manipulated_sequences/DFD_manipulated_sequences/17_16__hugging_happy__S7UMSIQV.mp4,1,343,1920,1080,h264,4.63,DeepFake,DeepFakeDetection,DFD_SOURCE_17,DFD_SOURCE_17,,DFD_SOURCE_17,,train
DFD_0002367,DeepFakeDetection (DFD),raw/DFD/DFD_manipulated_sequences/DFD_manipulated_sequences/17_16__outside_talking_pan_laughing__EWJJTZHY.mp4,1,541,1920,1080,h264,5.28,DeepFake,DeepFakeDetection,DFD_SOURCE_17,DFD_SOURCE_17,,DFD_SOURCE_17,,train
DFD_0002368,DeepFakeDetection (DFD),raw/DFD/DFD_manipulated_sequences/DFD_manipulated_sequences/17_16__outside_talking_pan_laughing__S7UMSIQV.mp4,1,536,1920,1080,h264,5.23,DeepFake,DeepFakeDetection,DFD_SOURCE_17,DFD_SOURCE_17,,DFD_SOURCE_17,,train
DFD_0002369,DeepFakeDetection (DFD),raw/DFD/DFD_manipulated_sequences/DFD_manipulated_sequences/17_16__podium_speech_happy__EWJJTZHY.mp4,1,1122,1920,1080,h264,9.55,DeepFake,DeepFakeDetection,DFD_SOURCE_17,DFD_SOURCE_17,,DFD_SOURCE_17,,train
DFD_0002370,DeepFakeDetection (DFD),raw/DFD/DFD_manipulated_sequences/DFD_manipulated_sequences/17_16__talking_against_wall__S7UMSIQV.mp4,1,767,1920,1080,h264,5.51,DeepFake,DeepFakeDetection,DFD_SOURCE_17,DFD_SOURCE_17,,DFD_SOURCE_17,,train
DFD_0002371,DeepFakeDetection (DFD),raw/DFD/DFD_manipulated_sequences/DFD_manipulated_sequences/17_16__walk_down_hall_angry__EWJJTZHY.mp4,1,118,1920,1080,h264,1.16,DeepFake,DeepFakeDetection,DFD_SOURCE_17,DFD_SOURCE_17,,DFD_SOURCE_17,,train
DFD_0002372,DeepFakeDetection (DFD),raw/DFD/DFD_manipulated_sequences/DFD_manipulated_sequences/17_16__walk_down_hall_angry__P141P1QH.mp4,1,142,1920,1080,h264,1.38,DeepFake,DeepFakeDetection,DFD_SOURCE_17,DFD_SOURCE_17,,DFD_SOURCE_17,,train
DFD_0002373,DeepFakeDetection (DFD),raw/DFD/DFD_manipulated_sequences/DFD_manipulated_sequences/17_16__walk_down_hall_angry__S7UMSIQV.mp4,1,125,1920,1080,h264,1.26,DeepFake,DeepFakeDetection,DFD_SOURCE_17,DFD_SOURCE_17,,DFD_SOURCE_17,,train
DFD_0002374,DeepFakeDetection (DFD),raw/DFD/DFD_manipulated_sequences/DFD_manipulated_sequences/17_16__walking_down_indoor_hall_disgust__P141P1QH.mp4,1,918,1920,1080,h264,15.77,DeepFake,DeepFakeDetection,DFD_SOURCE_17,DFD_SOURCE_17,,DFD_SOURCE_17,,train
DFD_0002375,DeepFakeDetection (DFD),raw/DFD/DFD_manipulated_sequences/DFD_manipulated_sequences/17_16__walking_down_indoor_hall_disgust__S7UMSIQV.mp4,1,898,1920,1080,h264,15.7,DeepFake,DeepFakeDetection,DFD_SOURCE_17,DFD_SOURCE_17,,DFD_SOURCE_17,,train
DFD_0002506,DeepFakeDetection (DFD),raw/DFD/DFD_manipulated_sequences/DFD_manipulated_sequences/19_10__exit_phone_room__BVVPN5D5.mp4,1,317,1920,1080,h264,1.65,DeepFake,DeepFakeDetection,DFD_SOURCE_19,DFD_SOURCE_19,,DFD_SOURCE_19,,train
DFD_0002507,DeepFakeDetection (DFD),raw/DFD/DFD_manipulated_sequences/DFD_manipulated_sequences/19_10__exit_phone_room__IDX76N5R.mp4,1,333,1920,1080,h264,1.75,DeepFake,DeepFakeDetection,DFD_SOURCE_19,DFD_SOURCE_19,,DFD_SOURCE_19,,train
DFD_0002508,DeepFakeDetection (DFD),raw/DFD/DFD_manipulated_sequences/DFD_manipulated_sequences/19_10__kitchen_still__IDX76N5R.mp4,1,865,1920,1080,h264,5.54,DeepFake,DeepFakeDetection,DFD_SOURCE_19,DFD_SOURCE_19,,DFD_SOURCE_19,,train
DFD_0002509,DeepFakeDetection (DFD),raw/DFD/DFD_manipulated_sequences/DFD_manipulated_sequences/19_10__outside_talking_pan_laughing__FFXB67PI.mp4,1,636,1920,1080,h264,6.49,DeepFake,DeepFakeDetection,DFD_SOURCE_19,DFD_SOURCE_19,,DFD_SOURCE_19,,train
DFD_0002510,DeepFakeDetection (DFD),raw/DFD/DFD_manipulated_sequences/DFD_manipulated_sequences/19_10__podium_speech_happy__FFXB67PI.mp4,1,734,1920,1080,h264,5.71,DeepFake,DeepFakeDetection,DFD_SOURCE_19,DFD_SOURCE_19,,DFD_SOURCE_19,,train
DFD_0002511,DeepFakeDetection (DFD),raw/DFD/DFD_manipulated_sequences/DFD_manipulated_sequences/19_10__talking_against_wall__O2IKR6YM.mp4,1,767,1920,1080,h264,5.49,DeepFake,DeepFakeDetection,DFD_SOURCE_19,DFD_SOURCE_19,,DFD_SOURCE_19,,train
DFD_0002512,DeepFakeDetection (DFD),raw/DFD/DFD_manipulated_sequences/DFD_manipulated_sequences/19_10__talking_angry_couch__BVVPN5D5.mp4,1,1414,1920,1080,h264,14.8,DeepFake,DeepFakeDetection,DFD_SOURCE_19,DFD_SOURCE_19,,DFD_SOURCE_19,,train
DFD_0002513,DeepFakeDetection (DFD),raw/DFD/DFD_manipulated_sequences/DFD_manipulated_sequences/19_10__walk_down_hall_angry__BVVPN5D5.mp4,1,446,1920,1080,h264,1.94,DeepFake,DeepFakeDetection,DFD_SOURCE_19,DFD_SOURCE_19,,DFD_SOURCE_19,,train
DFD_0002514,DeepFakeDetection (DFD),raw/DFD/DFD_manipulated_sequences/DFD_manipulated_sequences/19_10__walking_down_street_outside_angry__O2IKR6YM.mp4,1,450,1920,1080,h264,3.15,DeepFake,DeepFakeDetection,DFD_SOURCE_19,DFD_SOURCE_19,,DFD_SOURCE_19,,train
DFD_0002515,DeepFakeDetection (DFD),raw/DFD/DFD_manipulated_sequences/DFD_manipulated_sequences/19_10__walking_down_street_outside_angry__QNZIMEJH.mp4,1,477,1920,1080,h264,3.26,DeepFake,DeepFakeDetection,DFD_SOURCE_19,DFD_SOURCE_19,,DFD_SOURCE_19,,train
DFD_0002516,DeepFakeDetection (DFD),raw/DFD/DFD_manipulated_sequences/DFD_manipulated_sequences/19_22__kitchen_still__VK6BF5NV.mp4,1,867,1920,1080,h264,5.51,DeepFake,DeepFakeDetection,DFD_SOURCE_19,DFD_SOURCE_19,,DFD_SOURCE_19,,train
DFD_0002517,DeepFakeDetection (DFD),raw/DFD/DFD_manipulated_sequences/DFD_manipulated_sequences/19_22__outside_talking_pan_laughing__VK6BF5NV.mp4,1,623,1920,1080,h264,6.39,DeepFake,DeepFakeDetection,DFD_SOURCE_19,DFD_SOURCE_19,,DFD_SOURCE_19,,train
DFD_0002518,DeepFakeDetection (DFD),raw/DFD/DFD_manipulated_sequences/DFD_manipulated_sequences/19_22__talking_against_wall__VK6BF5NV.mp4,1,735,1920,1080,h264,5.16,DeepFake,DeepFakeDetection,DFD_SOURCE_19,DFD_SOURCE_19,,DFD_SOURCE_19,,train
DFD_0002519,DeepFakeDetection (DFD),raw/DFD/DFD_manipulated_sequences/DFD_manipulated_sequences/19_22__walk_down_hall_angry__VK6BF5NV.mp4,1,450,1920,1080,h264,1.96,DeepFake,DeepFakeDetection,DFD_SOURCE_19,DFD_SOURCE_19,,DFD_SOURCE_19,,train
DFD_0002520,DeepFakeDetection (DFD),raw/DFD/DFD_manipulated_sequences/DFD_manipulated_sequences/19_22__walking_outside_cafe_disgusted__VK6BF5NV.mp4,1,358,1920,1080,h264,2.95,DeepFake,DeepFakeDetection,DFD_SOURCE_19,DFD_SOURCE_19,,DFD_SOURCE_19,,train
DFD_0002521,DeepFakeDetection (DFD),raw/DFD/DFD_manipulated_sequences/DFD_manipulated_sequences/19_23__kitchen_pan__H4SUVFTL.mp4,1,695,1920,1080,h264,5.77,DeepFake,DeepFakeDetection,DFD_SOURCE_19,DFD_SOURCE_19,,DFD_SOURCE_19,,train
DFD_0002522,DeepFakeDetection (DFD),raw/DFD/DFD_manipulated_sequences/DFD_manipulated_sequences/19_23__kitchen_pan__WHQ1229T.mp4,1,711,1920,1080,h264,5.75,DeepFake,DeepFakeDetection,DFD_SOURCE_19,DFD_SOURCE_19,,DFD_SOURCE_19,,train
DFD_0002523,DeepFakeDetection (DFD),raw/DFD/DFD_manipulated_sequences/DFD_manipulated_sequences/19_23__kitchen_still__WHQ1229T.mp4,1,867,1920,1080,h264,5.55,DeepFake,DeepFakeDetection,DFD_SOURCE_19,DFD_SOURCE_19,,DFD_SOURCE_19,,train
DFD_0002524,DeepFakeDetection (DFD),raw/DFD/DFD_manipulated_sequences/DFD_manipulated_sequences/19_23__outside_talking_pan_laughing__H4SUVFTL.mp4,1,629,1920,1080,h264,6.4,DeepFake,DeepFakeDetection,DFD_SOURCE_19,DFD_SOURCE_19,,DFD_SOURCE_19,,train
DFD_0002525,DeepFakeDetection (DFD),raw/DFD/DFD_manipulated_sequences/DFD_manipulated_sequences/19_23__podium_speech_happy__D1K19NUP.mp4,1,760,1920,1080,h264,5.85,DeepFake,DeepFakeDetection,DFD_SOURCE_19,DFD_SOURCE_19,,DFD_SOURCE_19,,train
DFD_0002526,DeepFakeDetection (DFD),raw/DFD/DFD_manipulated_sequences/DFD_manipulated_sequences/19_23__secret_conversation__D1K19NUP.mp4,1,376,1920,1080,h264,2.76,DeepFake,DeepFakeDetection,DFD_SOURCE_19,DFD_SOURCE_19,,DFD_SOURCE_19,,train
DFD_0002527,DeepFakeDetection (DFD),raw/DFD/DFD_manipulated_sequences/DFD_manipulated_sequences/19_23__secret_conversation__H4SUVFTL.mp4,1,395,1920,1080,h264,2.83,DeepFake,DeepFakeDetection,DFD_SOURCE_19,DFD_SOURCE_19,,DFD_SOURCE_19,,train
DFD_0002528,DeepFakeDetection (DFD),raw/DFD/DFD_manipulated_sequences/DFD_manipulated_sequences/19_23__talking_against_wall__H4SUVFTL.mp4,1,760,1920,1080,h264,5.42,DeepFake,DeepFakeDetection,DFD_SOURCE_19,DFD_SOURCE_19,,DFD_SOURCE_19,,train
DFD_0002529,DeepFakeDetection (DFD),raw/DFD/DFD_manipulated_sequences/DFD_manipulated_sequences/19_23__talking_angry_couch__F7U8UY7V.mp4,1,1429,1920,1080,h264,14.93,DeepFake,DeepFakeDetection,DFD_SOURCE_19,DFD_SOURCE_19,,DFD_SOURCE_19,,train
DFD_0002530,DeepFakeDetection (DFD),raw/DFD/DFD_manipulated_sequences/DFD_manipulated_sequences/19_23__talking_angry_couch__WHQ1229T.mp4,1,1438,1920,1080,h264,15.07,DeepFake,DeepFakeDetection,DFD_SOURCE_19,DFD_SOURCE_19,,DFD_SOURCE_19,,train
DFD_0002531,DeepFakeDetection (DFD),raw/DFD/DFD_manipulated_sequences/DFD_manipulated_sequences/19_23__walk_down_hall_angry__F7U8UY7V.mp4,1,447,1920,1080,h264,1.95,DeepFake,DeepFakeDetection,DFD_SOURCE_19,DFD_SOURCE_19,,DFD_SOURCE_19,,train
DFD_0002532,DeepFakeDetection (DFD),raw/DFD/DFD_manipulated_sequences/DFD_manipulated_sequences/19_23__walk_down_hall_angry__H4SUVFTL.mp4,1,448,1920,1080,h264,1.89,DeepFake,DeepFakeDetection,DFD_SOURCE_19,DFD_SOURCE_19,,DFD_SOURCE_19,,train
DFD_0002533,DeepFakeDetection (DFD),raw/DFD/DFD_manipulated_sequences/DFD_manipulated_sequences/19_23__walking_outside_cafe_disgusted__D1K19NUP.mp4,1,371,1920,1080,h264,3.0,DeepFake,DeepFakeDetection,DFD_SOURCE_19,DFD_SOURCE_19,,DFD_SOURCE_19,,train
DFD_0002534,DeepFakeDetection (DFD),raw/DFD/DFD_manipulated_sequences/DFD_manipulated_sequences/19_23__walking_outside_cafe_disgusted__F7U8UY7V.mp4,1,342,1920,1080,h264,2.83,DeepFake,DeepFakeDetection,DFD_SOURCE_19,DFD_SOURCE_19,,DFD_SOURCE_19,,train
DFD_0002535,DeepFakeDetection (DFD),raw/DFD/DFD_manipulated_sequences/DFD_manipulated_sequences/19_23__walking_outside_cafe_disgusted__H4SUVFTL.mp4,1,341,1920,1080,h264,2.76,DeepFake,DeepFakeDetection,DFD_SOURCE_19,DFD_SOURCE_19,,DFD_SOURCE_19,,train
DFD_0002536,DeepFakeDetection (DFD),raw/DFD/DFD_manipulated_sequences/DFD_manipulated_sequences/19_23__walking_outside_cafe_disgusted__WHQ1229T.mp4,1,358,1920,1080,h264,2.95,DeepFake,DeepFakeDetection,DFD_SOURCE_19,DFD_SOURCE_19,,DFD_SOURCE_19,,train
DFD_0002537,DeepFakeDetection (DFD),raw/DFD/DFD_manipulated_sequences/DFD_manipulated_sequences/19_24__exit_phone_room__59PN7WZ2.mp4,1,341,1920,1080,h264,1.73,DeepFake,DeepFakeDetection,DFD_SOURCE_19,DFD_SOURCE_19,,DFD_SOURCE_19,,train
DFD_0002538,DeepFakeDetection (DFD),raw/DFD/DFD_manipulated_sequences/DFD_manipulated_sequences/19_24__exit_phone_room__QD5K7BP2.mp4,1,310,1920,1080,h264,1.63,DeepFake,DeepFakeDetection,DFD_SOURCE_19,DFD_SOURCE_19,,DFD_SOURCE_19,,train
DFD_0002539,DeepFakeDetection (DFD),raw/DFD/DFD_manipulated_sequences/DFD_manipulated_sequences/19_24__kitchen_pan__NPZW2Z9L.mp4,1,691,1920,1080,h264,5.66,DeepFake,DeepFakeDetection,DFD_SOURCE_19,DFD_SOURCE_19,,DFD_SOURCE_19,,train
DFD_0002540,DeepFakeDetection (DFD),raw/DFD/DFD_manipulated_sequences/DFD_manipulated_sequences/19_24__kitchen_pan__QD5K7BP2.mp4,1,690,1920,1080,h264,5.66,DeepFake,DeepFakeDetection,DFD_SOURCE_19,DFD_SOURCE_19,,DFD_SOURCE_19,,train
DFD_0002541,DeepFakeDetection (DFD),raw/DFD/DFD_manipulated_sequences/DFD_manipulated_sequences/19_24__kitchen_still__0ZFOV5ZE.mp4,1,867,1920,1080,h264,5.49,DeepFake,DeepFakeDetection,DFD_SOURCE_19,DFD_SOURCE_19,,DFD_SOURCE_19,,train
DFD_0002542,DeepFakeDetection (DFD),raw/DFD/DFD_manipulated_sequences/DFD_manipulated_sequences/19_24__kitchen_still__GNHYZ84G.mp4,1,859,1920,1080,h264,5.43,DeepFake,DeepFakeDetection,DFD_SOURCE_19,DFD_SOURCE_19,,DFD_SOURCE_19,,train
DFD_0002543,DeepFakeDetection (DFD),raw/DFD/DFD_manipulated_sequences/DFD_manipulated_sequences/19_24__outside_talking_pan_laughing__59PN7WZ2.mp4,1,632,1920,1080,h264,6.41,DeepFake,DeepFakeDetection,DFD_SOURCE_19,DFD_SOURCE_19,,DFD_SOURCE_19,,train
DFD_0002544,DeepFakeDetection (DFD),raw/DFD/DFD_manipulated_sequences/DFD_manipulated_sequences/19_24__outside_talking_pan_laughing__OF8LF68K.mp4,1,631,1920,1080,h264,6.42,DeepFake,DeepFakeDetection,DFD_SOURCE_19,DFD_SOURCE_19,,DFD_SOURCE_19,,train
DFD_0002545,DeepFakeDetection (DFD),raw/DFD/DFD_manipulated_sequences/DFD_manipulated_sequences/19_24__outside_talking_still_laughing__59PN7WZ2.mp4,1,840,1920,1080,h264,6.21,DeepFake,DeepFakeDetection,DFD_SOURCE_19,DFD_SOURCE_19,,DFD_SOURCE_19,,train
DFD_0002546,DeepFakeDetection (DFD),raw/DFD/DFD_manipulated_sequences/DFD_manipulated_sequences/19_24__outside_talking_still_laughing__DL7X7M6I.mp4,1,837,1920,1080,h264,6.18,DeepFake,DeepFakeDetection,DFD_SOURCE_19,DFD_SOURCE_19,,DFD_SOURCE_19,,train
DFD_0002547,DeepFakeDetection (DFD),raw/DFD/DFD_manipulated_sequences/DFD_manipulated_sequences/19_24__outside_talking_still_laughing__NPZW2Z9L.mp4,1,843,1920,1080,h264,6.22,DeepFake,DeepFakeDetection,DFD_SOURCE_19,DFD_SOURCE_19,,DFD_SOURCE_19,,train
DFD_0002548,DeepFakeDetection (DFD),raw/DFD/DFD_manipulated_sequences/DFD_manipulated_sequences/19_24__podium_speech_happy__LVZNRK9S.mp4,1,708,1920,1080,h264,5.53,DeepFake,DeepFakeDetection,DFD_SOURCE_19,DFD_SOURCE_19,,DFD_SOURCE_19,,train
DFD_0002549,DeepFakeDetection (DFD),raw/DFD/DFD_manipulated_sequences/DFD_manipulated_sequences/19_24__podium_speech_happy__OF8LF68K.mp4,1,739,1920,1080,h264,5.73,DeepFake,DeepFakeDetection,DFD_SOURCE_19,DFD_SOURCE_19,,DFD_SOURCE_19,,train
DFD_0002550,DeepFakeDetection (DFD),raw/DFD/DFD_manipulated_sequences/DFD_manipulated_sequences/19_24__podium_speech_happy__QD5K7BP2.mp4,1,741,1920,1080,h264,5.77,DeepFake,DeepFakeDetection,DFD_SOURCE_19,DFD_SOURCE_19,,DFD_SOURCE_19,,train
DFD_0002551,DeepFakeDetection (DFD),raw/DFD/DFD_manipulated_sequences/DFD_manipulated_sequences/19_24__secret_conversation__59PN7WZ2.mp4,1,164,1920,1080,h264,1.14,DeepFake,DeepFakeDetection,DFD_SOURCE_19,DFD_SOURCE_19,,DFD_SOURCE_19,,train
DFD_0002552,DeepFakeDetection (DFD),raw/DFD/DFD_manipulated_sequences/DFD_manipulated_sequences/19_24__secret_conversation__DL7X7M6I.mp4,1,163,1920,1080,h264,1.16,DeepFake,DeepFakeDetection,DFD_SOURCE_19,DFD_SOURCE_19,,DFD_SOURCE_19,,train
DFD_0002553,DeepFakeDetection (DFD),raw/DFD/DFD_manipulated_sequences/DFD_manipulated_sequences/19_24__secret_conversation__LVZNRK9S.mp4,1,233,1920,1080,h264,1.66,DeepFake,DeepFakeDetection,DFD_SOURCE_19,DFD_SOURCE_19,,DFD_SOURCE_19,,train
DFD_0002554,DeepFakeDetection (DFD),raw/DFD/DFD_manipulated_sequences/DFD_manipulated_sequences/19_24__secret_conversation__NPZW2Z9L.mp4,1,345,1920,1080,h264,2.56,DeepFake,DeepFakeDetection,DFD_SOURCE_19,DFD_SOURCE_19,,DFD_SOURCE_19,,train
DFD_0002555,DeepFakeDetection (DFD),raw/DFD/DFD_manipulated_sequences/DFD_manipulated_sequences/19_24__secret_conversation__QD5K7BP2.mp4,1,349,1920,1080,h264,2.59,DeepFake,DeepFakeDetection,DFD_SOURCE_19,DFD_SOURCE_19,,DFD_SOURCE_19,,train
DFD_0002556,DeepFakeDetection (DFD),raw/DFD/DFD_manipulated_sequences/DFD_manipulated_sequences/19_24__talking_against_wall__0ZFOV5ZE.mp4,1,774,1920,1080,h264,5.49,DeepFake,DeepFakeDetection,DFD_SOURCE_19,DFD_SOURCE_19,,DFD_SOURCE_19,,train
DFD_0002557,DeepFakeDetection (DFD),raw/DFD/DFD_manipulated_sequences/DFD_manipulated_sequences/19_24__talking_against_wall__QD5K7BP2.mp4,1,720,1920,1080,h264,5.1,DeepFake,DeepFakeDetection,DFD_SOURCE_19,DFD_SOURCE_19,,DFD_SOURCE_19,,train
DFD_0002558,DeepFakeDetection (DFD),raw/DFD/DFD_manipulated_sequences/DFD_manipulated_sequences/19_24__talking_angry_couch__W1DEM0XM.mp4,1,1388,1920,1080,h264,14.56,DeepFake,DeepFakeDetection,DFD_SOURCE_19,DFD_SOURCE_19,,DFD_SOURCE_19,,train
DFD_0002559,DeepFakeDetection (DFD),raw/DFD/DFD_manipulated_sequences/DFD_manipulated_sequences/19_24__walk_down_hall_angry__59PN7WZ2.mp4,1,455,1920,1080,h264,1.96,DeepFake,DeepFakeDetection,DFD_SOURCE_19,DFD_SOURCE_19,,DFD_SOURCE_19,,train
DFD_0002560,DeepFakeDetection (DFD),raw/DFD/DFD_manipulated_sequences/DFD_manipulated_sequences/19_24__walk_down_hall_angry__OF8LF68K.mp4,1,450,1920,1080,h264,1.89,DeepFake,DeepFakeDetection,DFD_SOURCE_19,DFD_SOURCE_19,,DFD_SOURCE_19,,train
DFD_0002561,DeepFakeDetection (DFD),raw/DFD/DFD_manipulated_sequences/DFD_manipulated_sequences/19_24__walk_down_hall_angry__QD5K7BP2.mp4,1,455,1920,1080,h264,1.91,DeepFake,DeepFakeDetection,DFD_SOURCE_19,DFD_SOURCE_19,,DFD_SOURCE_19,,train
DFD_0002562,DeepFakeDetection (DFD),raw/DFD/DFD_manipulated_sequences/DFD_manipulated_sequences/19_24__walk_down_hall_angry__RKQTC50P.mp4,1,443,1920,1080,h264,1.9,DeepFake,DeepFakeDetection,DFD_SOURCE_19,DFD_SOURCE_19,,DFD_SOURCE_19,,train
DFD_0002563,DeepFakeDetection (DFD),raw/DFD/DFD_manipulated_sequences/DFD_manipulated_sequences/19_24__walk_down_hall_angry__W1DEM0XM.mp4,1,441,1920,1080,h264,1.91,DeepFake,DeepFakeDetection,DFD_SOURCE_19,DFD_SOURCE_19,,DFD_SOURCE_19,,train
DFD_0002564,DeepFakeDetection (DFD),raw/DFD/DFD_manipulated_sequences/DFD_manipulated_sequences/19_24__walking_down_street_outside_angry__59PN7WZ2.mp4,1,478,1920,1080,h264,3.34,DeepFake,DeepFakeDetection,DFD_SOURCE_19,DFD_SOURCE_19,,DFD_SOURCE_19,,train
DFD_0002565,DeepFakeDetection (DFD),raw/DFD/DFD_manipulated_sequences/DFD_manipulated_sequences/19_24__walking_down_street_outside_angry__GNHYZ84G.mp4,1,460,1920,1080,h264,3.21,DeepFake,DeepFakeDetection,DFD_SOURCE_19,DFD_SOURCE_19,,DFD_SOURCE_19,,train
DFD_0002566,DeepFakeDetection (DFD),raw/DFD/DFD_manipulated_sequences/DFD_manipulated_sequences/19_24__walking_down_street_outside_angry__QD5K7BP2.mp4,1,460,1920,1080,h264,3.21,DeepFake,DeepFakeDetection,DFD_SOURCE_19,DFD_SOURCE_19,,DFD_SOURCE_19,,train
DFD_0002567,DeepFakeDetection (DFD),raw/DFD/DFD_manipulated_sequences/DFD_manipulated_sequences/19_24__walking_outside_cafe_disgusted__RKQTC50P.mp4,1,342,1920,1080,h264,2.82,DeepFake,DeepFakeDetection,DFD_SOURCE_19,DFD_SOURCE_19,,DFD_SOURCE_19,,train
DFD_0002568,DeepFakeDetection (DFD),raw/DFD/DFD_manipulated_sequences/DFD_manipulated_sequences/20_01__hugging_happy__6UBMLXK3.mp4,1,760,1920,1080,h264,9.67,DeepFake,DeepFakeDetection,DFD_SOURCE_20,DFD_SOURCE_20,,DFD_SOURCE_20,,train
DFD_0002569,DeepFakeDetection (DFD),raw/DFD/DFD_manipulated_sequences/DFD_manipulated_sequences/20_01__hugging_happy__FW94AIMJ.mp4,1,671,1920,1080,h264,8.81,DeepFake,DeepFakeDetection,DFD_SOURCE_20,DFD_SOURCE_20,,DFD_SOURCE_20,,train
DFD_0002570,DeepFakeDetection (DFD),raw/DFD/DFD_manipulated_sequences/DFD_manipulated_sequences/20_01__kitchen_pan__6UBMLXK3.mp4,1,640,1920,1080,h264,4.21,DeepFake,DeepFakeDetection,DFD_SOURCE_20,DFD_SOURCE_20,,DFD_SOURCE_20,,train
DFD_0002571,DeepFakeDetection (DFD),raw/DFD/DFD_manipulated_sequences/DFD_manipulated_sequences/20_01__kitchen_still__FW94AIMJ.mp4,1,898,1920,1080,h264,5.33,DeepFake,DeepFakeDetection,DFD_SOURCE_20,DFD_SOURCE_20,,DFD_SOURCE_20,,train
DFD_0002572,DeepFakeDetection (DFD),raw/DFD/DFD_manipulated_sequences/DFD_manipulated_sequences/20_01__outside_talking_pan_laughing__6UBMLXK3.mp4,1,725,1920,1080,h264,6.75,DeepFake,DeepFakeDetection,DFD_SOURCE_20,DFD_SOURCE_20,,DFD_SOURCE_20,,train
DFD_0002573,DeepFakeDetection (DFD),raw/DFD/DFD_manipulated_sequences/DFD_manipulated_sequences/20_01__outside_talking_still_laughing__6UBMLXK3.mp4,1,833,1920,1080,h264,5.49,DeepFake,DeepFakeDetection,DFD_SOURCE_20,DFD_SOURCE_20,,DFD_SOURCE_20,,train
DFD_0002574,DeepFakeDetection (DFD),raw/DFD/DFD_manipulated_sequences/DFD_manipulated_sequences/20_01__outside_talking_still_laughing__D8GWGO2A.mp4,1,829,1920,1080,h264,5.44,DeepFake,DeepFakeDetection,DFD_SOURCE_20,DFD_SOURCE_20,,DFD_SOURCE_20,,train
DFD_0002575,DeepFakeDetection (DFD),raw/DFD/DFD_manipulated_sequences/DFD_manipulated_sequences/20_01__outside_talking_still_laughing__FW94AIMJ.mp4,1,834,1920,1080,h264,5.55,DeepFake,DeepFakeDetection,DFD_SOURCE_20,DFD_SOURCE_20,,DFD_SOURCE_20,,train
DFD_0002576,DeepFakeDetection (DFD),raw/DFD/DFD_manipulated_sequences/DFD_manipulated_sequences/20_01__secret_conversation__6UBMLXK3.mp4,1,950,1920,1080,h264,5.43,DeepFake,DeepFakeDetection,DFD_SOURCE_20,DFD_SOURCE_20,,DFD_SOURCE_20,,train
DFD_0002577,DeepFakeDetection (DFD),raw/DFD/DFD_manipulated_sequences/DFD_manipulated_sequences/20_01__secret_conversation__FW94AIMJ.mp4,1,41,1920,1080,h264,0.38,DeepFake,DeepFakeDetection,DFD_SOURCE_20,DFD_SOURCE_20,,DFD_SOURCE_20,,train
DFD_0002578,DeepFakeDetection (DFD),raw/DFD/DFD_manipulated_sequences/DFD_manipulated_sequences/20_01__talking_angry_couch__6UBMLXK3.mp4,1,1620,1920,1080,h264,17.18,DeepFake,DeepFakeDetection,DFD_SOURCE_20,DFD_SOURCE_20,,DFD_SOURCE_20,,train
DFD_0002579,DeepFakeDetection (DFD),raw/DFD/DFD_manipulated_sequences/DFD_manipulated_sequences/20_01__talking_angry_couch__FW94AIMJ.mp4,1,1619,1920,1080,h264,17.09,DeepFake,DeepFakeDetection,DFD_SOURCE_20,DFD_SOURCE_20,,DFD_SOURCE_20,,train
DFD_0002580,DeepFakeDetection (DFD),raw/DFD/DFD_manipulated_sequences/DFD_manipulated_sequences/20_01__walk_down_hall_angry__FW94AIMJ.mp4,1,413,1920,1080,h264,2.28,DeepFake,DeepFakeDetection,DFD_SOURCE_20,DFD_SOURCE_20,,DFD_SOURCE_20,,train
DFD_0002581,DeepFakeDetection (DFD),raw/DFD/DFD_manipulated_sequences/DFD_manipulated_sequences/20_01__walking_and_outside_surprised__6UBMLXK3.mp4,1,880,1920,1080,h264,15.38,DeepFake,DeepFakeDetection,DFD_SOURCE_20,DFD_SOURCE_20,,DFD_SOURCE_20,,train
DFD_0002582,DeepFakeDetection (DFD),raw/DFD/DFD_manipulated_sequences/DFD_manipulated_sequences/20_01__walking_and_outside_surprised__OTGHOG4Z.mp4,1,920,1920,1080,h264,16.02,DeepFake,DeepFakeDetection,DFD_SOURCE_20,DFD_SOURCE_20,,DFD_SOURCE_20,,train
DFD_0002583,DeepFakeDetection (DFD),raw/DFD/DFD_manipulated_sequences/DFD_manipulated_sequences/20_03__hugging_happy__Z6V05FXO.mp4,1,747,1920,1080,h264,9.53,DeepFake,DeepFakeDetection,DFD_SOURCE_20,DFD_SOURCE_20,,DFD_SOURCE_20,,train
DFD_0002584,DeepFakeDetection (DFD),raw/DFD/DFD_manipulated_sequences/DFD_manipulated_sequences/20_03__outside_talking_pan_laughing__61SVZ2J7.mp4,1,725,1920,1080,h264,6.76,DeepFake,DeepFakeDetection,DFD_SOURCE_20,DFD_SOURCE_20,,DFD_SOURCE_20,,train
DFD_0002585,DeepFakeDetection (DFD),raw/DFD/DFD_manipulated_sequences/DFD_manipulated_sequences/20_03__secret_conversation__61SVZ2J7.mp4,1,975,1920,1080,h264,5.58,DeepFake,DeepFakeDetection,DFD_SOURCE_20,DFD_SOURCE_20,,DFD_SOURCE_20,,train
DFD_0002586,DeepFakeDetection (DFD),raw/DFD/DFD_manipulated_sequences/DFD_manipulated_sequences/20_03__secret_conversation__Z6V05FXO.mp4,1,985,1920,1080,h264,5.57,DeepFake,DeepFakeDetection,DFD_SOURCE_20,DFD_SOURCE_20,,DFD_SOURCE_20,,train
DFD_0002587,DeepFakeDetection (DFD),raw/DFD/DFD_manipulated_sequences/DFD_manipulated_sequences/20_03__talking_against_wall__9NFWR304.mp4,1,1135,1920,1080,h264,5.26,DeepFake,DeepFakeDetection,DFD_SOURCE_20,DFD_SOURCE_20,,DFD_SOURCE_20,,train
DFD_0002588,DeepFakeDetection (DFD),raw/DFD/DFD_manipulated_sequences/DFD_manipulated_sequences/20_03__talking_angry_couch__61SVZ2J7.mp4,1,1620,1920,1080,h264,17.09,DeepFake,DeepFakeDetection,DFD_SOURCE_20,DFD_SOURCE_20,,DFD_SOURCE_20,,train
DFD_0002589,DeepFakeDetection (DFD),raw/DFD/DFD_manipulated_sequences/DFD_manipulated_sequences/20_03__talking_angry_couch__9NFWR304.mp4,1,1620,1920,1080,h264,17.23,DeepFake,DeepFakeDetection,DFD_SOURCE_20,DFD_SOURCE_20,,DFD_SOURCE_20,,train
DFD_0002590,DeepFakeDetection (DFD),raw/DFD/DFD_manipulated_sequences/DFD_manipulated_sequences/20_03__walk_down_hall_angry__61SVZ2J7.mp4,1,429,1920,1080,h264,2.44,DeepFake,DeepFakeDetection,DFD_SOURCE_20,DFD_SOURCE_20,,DFD_SOURCE_20,,train
DFD_0002591,DeepFakeDetection (DFD),raw/DFD/DFD_manipulated_sequences/DFD_manipulated_sequences/20_06__hugging_happy__6SUW7063.mp4,1,726,1920,1080,h264,9.31,DeepFake,DeepFakeDetection,DFD_SOURCE_20,DFD_SOURCE_20,,DFD_SOURCE_20,,train
DFD_0002592,DeepFakeDetection (DFD),raw/DFD/DFD_manipulated_sequences/DFD_manipulated_sequences/20_06__kitchen_pan__6SUW7063.mp4,1,650,1920,1080,h264,4.3,DeepFake,DeepFakeDetection,DFD_SOURCE_20,DFD_SOURCE_20,,DFD_SOURCE_20,,train
DFD_0002593,DeepFakeDetection (DFD),raw/DFD/DFD_manipulated_sequences/DFD_manipulated_sequences/20_06__outside_talking_pan_laughing__6SUW7063.mp4,1,725,1920,1080,h264,6.74,DeepFake,DeepFakeDetection,DFD_SOURCE_20,DFD_SOURCE_20,,DFD_SOURCE_20,,train
DFD_0002594,DeepFakeDetection (DFD),raw/DFD/DFD_manipulated_sequences/DFD_manipulated_sequences/20_06__podium_speech_happy__6SUW7063.mp4,1,1108,1920,1080,h264,6.3,DeepFake,DeepFakeDetection,DFD_SOURCE_20,DFD_SOURCE_20,,DFD_SOURCE_20,,train
DFD_0002595,DeepFakeDetection (DFD),raw/DFD/DFD_manipulated_sequences/DFD_manipulated_sequences/20_06__walk_down_hall_angry__6SUW7063.mp4,1,405,1920,1080,h264,2.26,DeepFake,DeepFakeDetection,DFD_SOURCE_20,DFD_SOURCE_20,,DFD_SOURCE_20,,train
DFD_0002596,DeepFakeDetection (DFD),raw/DFD/DFD_manipulated_sequences/DFD_manipulated_sequences/20_07__outside_talking_pan_laughing__5VT4USF9.mp4,1,725,1920,1080,h264,6.75,DeepFake,DeepFakeDetection,DFD_SOURCE_20,DFD_SOURCE_20,,DFD_SOURCE_20,,train
DFD_0002597,DeepFakeDetection (DFD),raw/DFD/DFD_manipulated_sequences/DFD_manipulated_sequences/20_07__outside_talking_pan_laughing__KV6Q7D6C.mp4,1,724,1920,1080,h264,6.78,DeepFake,DeepFakeDetection,DFD_SOURCE_20,DFD_SOURCE_20,,DFD_SOURCE_20,,train
DFD_0002598,DeepFakeDetection (DFD),raw/DFD/DFD_manipulated_sequences/DFD_manipulated_sequences/20_07__outside_talking_still_laughing__5VT4USF9.mp4,1,831,1920,1080,h264,5.46,DeepFake,DeepFakeDetection,DFD_SOURCE_20,DFD_SOURCE_20,,DFD_SOURCE_20,,train
DFD_0002599,DeepFakeDetection (DFD),raw/DFD/DFD_manipulated_sequences/DFD_manipulated_sequences/20_07__secret_conversation__5VT4USF9.mp4,1,951,1920,1080,h264,5.43,DeepFake,DeepFakeDetection,DFD_SOURCE_20,DFD_SOURCE_20,,DFD_SOURCE_20,,train
DFD_0002600,DeepFakeDetection (DFD),raw/DFD/DFD_manipulated_sequences/DFD_manipulated_sequences/20_07__talking_against_wall__KV6Q7D6C.mp4,1,1137,1920,1080,h264,5.28,DeepFake,DeepFakeDetection,DFD_SOURCE_20,DFD_SOURCE_20,,DFD_SOURCE_20,,train
DFD_0002601,DeepFakeDetection (DFD),raw/DFD/DFD_manipulated_sequences/DFD_manipulated_sequences/20_07__walk_down_hall_angry__KV6Q7D6C.mp4,1,411,1920,1080,h264,2.29,DeepFake,DeepFakeDetection,DFD_SOURCE_20,DFD_SOURCE_20,,DFD_SOURCE_20,,train
DFD_0002602,DeepFakeDetection (DFD),raw/DFD/DFD_manipulated_sequences/DFD_manipulated_sequences/20_07__walking_and_outside_surprised__9I0WSUJV.mp4,1,879,1920,1080,h264,15.38,DeepFake,DeepFakeDetection,DFD_SOURCE_20,DFD_SOURCE_20,,DFD_SOURCE_20,,train
DFD_0002603,DeepFakeDetection (DFD),raw/DFD/DFD_manipulated_sequences/DFD_manipulated_sequences/20_09__hugging_happy__98NUQ3E6.mp4,1,668,1920,1080,h264,8.73,DeepFake,DeepFakeDetection,DFD_SOURCE_20,DFD_SOURCE_20,,DFD_SOURCE_20,,train
DFD_0002604,DeepFakeDetection (DFD),raw/DFD/DFD_manipulated_sequences/DFD_manipulated_sequences/20_09__hugging_happy__RAGUKRMK.mp4,1,729,1920,1080,h264,9.31,DeepFake,DeepFakeDetection,DFD_SOURCE_20,DFD_SOURCE_20,,DFD_SOURCE_20,,train
DFD_0002605,DeepFakeDetection (DFD),raw/DFD/DFD_manipulated_sequences/DFD_manipulated_sequences/20_09__kitchen_pan__HG1S0KHA.mp4,1,646,1920,1080,h264,4.24,DeepFake,DeepFakeDetection,DFD_SOURCE_20,DFD_SOURCE_20,,DFD_SOURCE_20,,train
DFD_0002606,DeepFakeDetection (DFD),raw/DFD/DFD_manipulated_sequences/DFD_manipulated_sequences/20_09__kitchen_pan__MKEWB4SM.mp4,1,642,1920,1080,h264,4.28,DeepFake,DeepFakeDetection,DFD_SOURCE_20,DFD_SOURCE_20,,DFD_SOURCE_20,,train
DFD_0002607,DeepFakeDetection (DFD),raw/DFD/DFD_manipulated_sequences/DFD_manipulated_sequences/20_09__kitchen_still__2E5DNCYI.mp4,1,893,1920,1080,h264,5.29,DeepFake,DeepFakeDetection,DFD_SOURCE_20,DFD_SOURCE_20,,DFD_SOURCE_20,,train
DFD_0002608,DeepFakeDetection (DFD),raw/DFD/DFD_manipulated_sequences/DFD_manipulated_sequences/20_09__outside_talking_pan_laughing__MKEWB4SM.mp4,1,724,1920,1080,h264,6.78,DeepFake,DeepFakeDetection,DFD_SOURCE_20,DFD_SOURCE_20,,DFD_SOURCE_20,,train
DFD_0002609,DeepFakeDetection (DFD),raw/DFD/DFD_manipulated_sequences/DFD_manipulated_sequences/20_09__outside_talking_pan_laughing__O5X0AWR9.mp4,1,723,1920,1080,h264,6.75,DeepFake,DeepFakeDetection,DFD_SOURCE_20,DFD_SOURCE_20,,DFD_SOURCE_20,,train
DFD_0002610,DeepFakeDetection (DFD),raw/DFD/DFD_manipulated_sequences/DFD_manipulated_sequences/20_09__outside_talking_still_laughing__98NUQ3E6.mp4,1,837,1920,1080,h264,5.5,DeepFake,DeepFakeDetection,DFD_SOURCE_20,DFD_SOURCE_20,,DFD_SOURCE_20,,train
DFD_0002611,DeepFakeDetection (DFD),raw/DFD/DFD_manipulated_sequences/DFD_manipulated_sequences/20_09__outside_talking_still_laughing__9OJQX9KV.mp4,1,832,1920,1080,h264,5.48,DeepFake,DeepFakeDetection,DFD_SOURCE_20,DFD_SOURCE_20,,DFD_SOURCE_20,,train
DFD_0002612,DeepFakeDetection (DFD),raw/DFD/DFD_manipulated_sequences/DFD_manipulated_sequences/20_09__outside_talking_still_laughing__MKEWB4SM.mp4,1,835,1920,1080,h264,5.57,DeepFake,DeepFakeDetection,DFD_SOURCE_20,DFD_SOURCE_20,,DFD_SOURCE_20,,train
DFD_0002613,DeepFakeDetection (DFD),raw/DFD/DFD_manipulated_sequences/DFD_manipulated_sequences/20_09__podium_speech_happy__RAGUKRMK.mp4,1,1109,1920,1080,h264,6.27,DeepFake,DeepFakeDetection,DFD_SOURCE_20,DFD_SOURCE_20,,DFD_SOURCE_20,,train
DFD_0002614,DeepFakeDetection (DFD),raw/DFD/DFD_manipulated_sequences/DFD_manipulated_sequences/20_09__talking_angry_couch__0IRM5ADD.mp4,1,1620,1920,1080,h264,17.01,DeepFake,DeepFakeDetection,DFD_SOURCE_20,DFD_SOURCE_20,,DFD_SOURCE_20,,train
DFD_0002615,DeepFakeDetection (DFD),raw/DFD/DFD_manipulated_sequences/DFD_manipulated_sequences/20_09__walk_down_hall_angry__MKEWB4SM.mp4,1,403,1920,1080,h264,2.27,DeepFake,DeepFakeDetection,DFD_SOURCE_20,DFD_SOURCE_20,,DFD_SOURCE_20,,train
DFD_0002616,DeepFakeDetection (DFD),raw/DFD/DFD_manipulated_sequences/DFD_manipulated_sequences/20_09__walk_down_hall_angry__RAGUKRMK.mp4,1,411,1920,1080,h264,2.28,DeepFake,DeepFakeDetection,DFD_SOURCE_20,DFD_SOURCE_20,,DFD_SOURCE_20,,train
DFD_0002617,DeepFakeDetection (DFD),raw/DFD/DFD_manipulated_sequences/DFD_manipulated_sequences/20_09__walking_down_indoor_hall_disgust__0IRM5ADD.mp4,1,1368,1920,1080,h264,17.77,DeepFake,DeepFakeDetection,DFD_SOURCE_20,DFD_SOURCE_20,,DFD_SOURCE_20,,train
DFD_0002618,DeepFakeDetection (DFD),raw/DFD/DFD_manipulated_sequences/DFD_manipulated_sequences/20_09__walking_down_indoor_hall_disgust__9OJQX9KV.mp4,1,1373,1920,1080,h264,17.83,DeepFake,DeepFakeDetection,DFD_SOURCE_20,DFD_SOURCE_20,,DFD_SOURCE_20,,train
DFD_0002619,DeepFakeDetection (DFD),raw/DFD/DFD_manipulated_sequences/DFD_manipulated_sequences/20_09__walking_down_indoor_hall_disgust__RAGUKRMK.mp4,1,1359,1920,1080,h264,17.62,DeepFake,DeepFakeDetection,DFD_SOURCE_20,DFD_SOURCE_20,,DFD_SOURCE_20,,train
DFD_0002620,DeepFakeDetection (DFD),raw/DFD/DFD_manipulated_sequences/DFD_manipulated_sequences/20_11__hugging_happy__GNK9UR8K.mp4,1,725,1920,1080,h264,9.32,DeepFake,DeepFakeDetection,DFD_SOURCE_20,DFD_SOURCE_20,,DFD_SOURCE_20,,train
DFD_0002621,DeepFakeDetection (DFD),raw/DFD/DFD_manipulated_sequences/DFD_manipulated_sequences/20_11__kitchen_still__GNK9UR8K.mp4,1,895,1920,1080,h264,5.24,DeepFake,DeepFakeDetection,DFD_SOURCE_20,DFD_SOURCE_20,,DFD_SOURCE_20,,train
DFD_0002622,DeepFakeDetection (DFD),raw/DFD/DFD_manipulated_sequences/DFD_manipulated_sequences/20_11__outside_talking_still_laughing__GNK9UR8K.mp4,1,829,1920,1080,h264,5.42,DeepFake,DeepFakeDetection,DFD_SOURCE_20,DFD_SOURCE_20,,DFD_SOURCE_20,,train
DFD_0002623,DeepFakeDetection (DFD),raw/DFD/DFD_manipulated_sequences/DFD_manipulated_sequences/20_11__secret_conversation__B2H95QXV.mp4,1,790,1920,1080,h264,4.78,DeepFake,DeepFakeDetection,DFD_SOURCE_20,DFD_SOURCE_20,,DFD_SOURCE_20,,train
DFD_0002624,DeepFakeDetection (DFD),raw/DFD/DFD_manipulated_sequences/DFD_manipulated_sequences/20_11__walk_down_hall_angry__B2H95QXV.mp4,1,418,1920,1080,h264,2.41,DeepFake,DeepFakeDetection,DFD_SOURCE_20,DFD_SOURCE_20,,DFD_SOURCE_20,,train
DFD_0002625,DeepFakeDetection (DFD),raw/DFD/DFD_manipulated_sequences/DFD_manipulated_sequences/20_11__walking_down_street_outside_angry__B2H95QXV.mp4,1,884,1920,1080,h264,7.02,DeepFake,DeepFakeDetection,DFD_SOURCE_20,DFD_SOURCE_20,,DFD_SOURCE_20,,train
DFD_0002626,DeepFakeDetection (DFD),raw/DFD/DFD_manipulated_sequences/DFD_manipulated_sequences/20_12__kitchen_pan__B0X1CGG2.mp4,1,634,1920,1080,h264,4.29,DeepFake,DeepFakeDetection,DFD_SOURCE_20,DFD_SOURCE_20,,DFD_SOURCE_20,,train
DFD_0002627,DeepFakeDetection (DFD),raw/DFD/DFD_manipulated_sequences/DFD_manipulated_sequences/20_12__kitchen_still__VD7BCF1U.mp4,1,897,1920,1080,h264,5.31,DeepFake,DeepFakeDetection,DFD_SOURCE_20,DFD_SOURCE_20,,DFD_SOURCE_20,,train
DFD_0002628,DeepFakeDetection (DFD),raw/DFD/DFD_manipulated_sequences/DFD_manipulated_sequences/20_12__outside_talking_pan_laughing__VD7BCF1U.mp4,1,722,1920,1080,h264,6.79,DeepFake,DeepFakeDetection,DFD_SOURCE_20,DFD_SOURCE_20,,DFD_SOURCE_20,,train
DFD_0002629,DeepFakeDetection (DFD),raw/DFD/DFD_manipulated_sequences/DFD_manipulated_sequences/20_12__outside_talking_still_laughing__GHPWDH3C.mp4,1,693,1920,1080,h264,4.79,DeepFake,DeepFakeDetection,DFD_SOURCE_20,DFD_SOURCE_20,,DFD_SOURCE_20,,train
DFD_0002630,DeepFakeDetection (DFD),raw/DFD/DFD_manipulated_sequences/DFD_manipulated_sequences/20_12__secret_conversation__B0X1CGG2.mp4,1,38,1920,1080,h264,0.35,DeepFake,DeepFakeDetection,DFD_SOURCE_20,DFD_SOURCE_20,,DFD_SOURCE_20,,train
DFD_0002631,DeepFakeDetection (DFD),raw/DFD/DFD_manipulated_sequences/DFD_manipulated_sequences/20_12__talking_against_wall__GHPWDH3C.mp4,1,1127,1920,1080,h264,5.17,DeepFake,DeepFakeDetection,DFD_SOURCE_20,DFD_SOURCE_20,,DFD_SOURCE_20,,train
DFD_0002632,DeepFakeDetection (DFD),raw/DFD/DFD_manipulated_sequences/DFD_manipulated_sequences/20_12__walk_down_hall_angry__B0X1CGG2.mp4,1,401,1920,1080,h264,2.26,DeepFake,DeepFakeDetection,DFD_SOURCE_20,DFD_SOURCE_20,,DFD_SOURCE_20,,train
DFD_0002633,DeepFakeDetection (DFD),raw/DFD/DFD_manipulated_sequences/DFD_manipulated_sequences/20_12__walking_down_indoor_hall_disgust__GHPWDH3C.mp4,1,1373,1920,1080,h264,17.84,DeepFake,DeepFakeDetection,DFD_SOURCE_20,DFD_SOURCE_20,,DFD_SOURCE_20,,train
DFD_0002634,DeepFakeDetection (DFD),raw/DFD/DFD_manipulated_sequences/DFD_manipulated_sequences/20_13__exit_phone_room__C50CSOEX.mp4,1,617,1920,1080,h264,3.1,DeepFake,DeepFakeDetection,DFD_SOURCE_20,DFD_SOURCE_20,,DFD_SOURCE_20,,train
DFD_0002635,DeepFakeDetection (DFD),raw/DFD/DFD_manipulated_sequences/DFD_manipulated_sequences/20_13__hugging_happy__4RU7I77X.mp4,1,731,1920,1080,h264,9.33,DeepFake,DeepFakeDetection,DFD_SOURCE_20,DFD_SOURCE_20,,DFD_SOURCE_20,,train
DFD_0002636,DeepFakeDetection (DFD),raw/DFD/DFD_manipulated_sequences/DFD_manipulated_sequences/20_13__hugging_happy__C50CSOEX.mp4,1,731,1920,1080,h264,9.3,DeepFake,DeepFakeDetection,DFD_SOURCE_20,DFD_SOURCE_20,,DFD_SOURCE_20,,train
DFD_0002637,DeepFakeDetection (DFD),raw/DFD/DFD_manipulated_sequences/DFD_manipulated_sequences/20_13__hugging_happy__EV1V4ZQV.mp4,1,710,1920,1080,h264,9.15,DeepFake,DeepFakeDetection,DFD_SOURCE_20,DFD_SOURCE_20,,DFD_SOURCE_20,,train
DFD_0002638,DeepFakeDetection (DFD),raw/DFD/DFD_manipulated_sequences/DFD_manipulated_sequences/20_13__hugging_happy__HQHYKNGK.mp4,1,693,1920,1080,h264,8.87,DeepFake,DeepFakeDetection,DFD_SOURCE_20,DFD_SOURCE_20,,DFD_SOURCE_20,,train
DFD_0002639,DeepFakeDetection (DFD),raw/DFD/DFD_manipulated_sequences/DFD_manipulated_sequences/20_13__kitchen_pan__4SAX54BT.mp4,1,641,1920,1080,h264,4.36,DeepFake,DeepFakeDetection,DFD_SOURCE_20,DFD_SOURCE_20,,DFD_SOURCE_20,,train
DFD_0002640,DeepFakeDetection (DFD),raw/DFD/DFD_manipulated_sequences/DFD_manipulated_sequences/20_13__kitchen_pan__HQHYKNGK.mp4,1,639,1920,1080,h264,4.3,DeepFake,DeepFakeDetection,DFD_SOURCE_20,DFD_SOURCE_20,,DFD_SOURCE_20,,train
DFD_0002641,DeepFakeDetection (DFD),raw/DFD/DFD_manipulated_sequences/DFD_manipulated_sequences/20_13__kitchen_still__2994SNXH.mp4,1,893,1920,1080,h264,5.25,DeepFake,DeepFakeDetection,DFD_SOURCE_20,DFD_SOURCE_20,,DFD_SOURCE_20,,train
DFD_0002642,DeepFakeDetection (DFD),raw/DFD/DFD_manipulated_sequences/DFD_manipulated_sequences/20_13__kitchen_still__EV1V4ZQV.mp4,1,885,1920,1080,h264,5.3,DeepFake,DeepFakeDetection,DFD_SOURCE_20,DFD_SOURCE_20,,DFD_SOURCE_20,,train
DFD_0002643,DeepFakeDetection (DFD),raw/DFD/DFD_manipulated_sequences/DFD_manipulated_sequences/20_13__kitchen_still__NJEO6L5O.mp4,1,892,1920,1080,h264,5.32,DeepFake,DeepFakeDetection,DFD_SOURCE_20,DFD_SOURCE_20,,DFD_SOURCE_20,,train
DFD_0002644,DeepFakeDetection (DFD),raw/DFD/DFD_manipulated_sequences/DFD_manipulated_sequences/20_13__outside_talking_pan_laughing__C50CSOEX.mp4,1,725,1920,1080,h264,6.78,DeepFake,DeepFakeDetection,DFD_SOURCE_20,DFD_SOURCE_20,,DFD_SOURCE_20,,train
DFD_0002645,DeepFakeDetection (DFD),raw/DFD/DFD_manipulated_sequences/DFD_manipulated_sequences/20_13__outside_talking_pan_laughing__LXLR1B6N.mp4,1,725,1920,1080,h264,6.77,DeepFake,DeepFakeDetection,DFD_SOURCE_20,DFD_SOURCE_20,,DFD_SOURCE_20,,train
DFD_0002646,DeepFakeDetection (DFD),raw/DFD/DFD_manipulated_sequences/DFD_manipulated_sequences/20_13__outside_talking_still_laughing__LXLR1B6N.mp4,1,826,1920,1080,h264,5.47,DeepFake,DeepFakeDetection,DFD_SOURCE_20,DFD_SOURCE_20,,DFD_SOURCE_20,,train
DFD_0002647,DeepFakeDetection (DFD),raw/DFD/DFD_manipulated_sequences/DFD_manipulated_sequences/20_13__podium_speech_happy__C50CSOEX.mp4,1,1109,1920,1080,h264,6.28,DeepFake,DeepFakeDetection,DFD_SOURCE_20,DFD_SOURCE_20,,DFD_SOURCE_20,,train
DFD_0002648,DeepFakeDetection (DFD),raw/DFD/DFD_manipulated_sequences/DFD_manipulated_sequences/20_13__secret_conversation__4RU7I77X.mp4,1,917,1920,1080,h264,5.27,DeepFake,DeepFakeDetection,DFD_SOURCE_20,DFD_SOURCE_20,,DFD_SOURCE_20,,train
DFD_0002649,DeepFakeDetection (DFD),raw/DFD/DFD_manipulated_sequences/DFD_manipulated_sequences/20_13__talking_against_wall__43KAHOT2.mp4,1,1119,1920,1080,h264,5.08,DeepFake,DeepFakeDetection,DFD_SOURCE_20,DFD_SOURCE_20,,DFD_SOURCE_20,,train
DFD_0002650,DeepFakeDetection (DFD),raw/DFD/DFD_manipulated_sequences/DFD_manipulated_sequences/20_13__talking_against_wall__HQHYKNGK.mp4,1,1078,1920,1080,h264,4.97,DeepFake,DeepFakeDetection,DFD_SOURCE_20,DFD_SOURCE_20,,DFD_SOURCE_20,,train
DFD_0002651,DeepFakeDetection (DFD),raw/DFD/DFD_manipulated_sequences/DFD_manipulated_sequences/20_13__talking_against_wall__U3IPYECM.mp4,1,1074,1920,1080,h264,4.98,DeepFake,DeepFakeDetection,DFD_SOURCE_20,DFD_SOURCE_20,,DFD_SOURCE_20,,train
DFD_0002652,DeepFakeDetection (DFD),raw/DFD/DFD_manipulated_sequences/DFD_manipulated_sequences/20_13__walk_down_hall_angry__43KAHOT2.mp4,1,401,1920,1080,h264,2.24,DeepFake,DeepFakeDetection,DFD_SOURCE_20,DFD_SOURCE_20,,DFD_SOURCE_20,,train
DFD_0002653,DeepFakeDetection (DFD),raw/DFD/DFD_manipulated_sequences/DFD_manipulated_sequences/20_13__walk_down_hall_angry__4SAX54BT.mp4,1,428,1920,1080,h264,2.45,DeepFake,DeepFakeDetection,DFD_SOURCE_20,DFD_SOURCE_20,,DFD_SOURCE_20,,train
DFD_0002654,DeepFakeDetection (DFD),raw/DFD/DFD_manipulated_sequences/DFD_manipulated_sequences/20_13__walk_down_hall_angry__HQHYKNGK.mp4,1,402,1920,1080,h264,2.26,DeepFake,DeepFakeDetection,DFD_SOURCE_20,DFD_SOURCE_20,,DFD_SOURCE_20,,train
DFD_0002655,DeepFakeDetection (DFD),raw/DFD/DFD_manipulated_sequences/DFD_manipulated_sequences/20_13__walk_down_hall_angry__NJEO6L5O.mp4,1,420,1920,1080,h264,2.43,DeepFake,DeepFakeDetection,DFD_SOURCE_20,DFD_SOURCE_20,,DFD_SOURCE_20,,train
DFD_0002656,DeepFakeDetection (DFD),raw/DFD/DFD_manipulated_sequences/DFD_manipulated_sequences/20_13__walking_down_indoor_hall_disgust__NJEO6L5O.mp4,1,946,1920,1080,h264,12.68,DeepFake,DeepFakeDetection,DFD_SOURCE_20,DFD_SOURCE_20,,DFD_SOURCE_20,,train
DFD_0002657,DeepFakeDetection (DFD),raw/DFD/DFD_manipulated_sequences/DFD_manipulated_sequences/20_13__walking_down_indoor_hall_disgust__VO2YZXLN.mp4,1,949,1920,1080,h264,12.72,DeepFake,DeepFakeDetection,DFD_SOURCE_20,DFD_SOURCE_20,,DFD_SOURCE_20,,train
DFD_0002658,DeepFakeDetection (DFD),raw/DFD/DFD_manipulated_sequences/DFD_manipulated_sequences/20_14__exit_phone_room__B014BKVO.mp4,1,615,1920,1080,h264,3.1,DeepFake,DeepFakeDetection,DFD_SOURCE_20,DFD_SOURCE_20,,DFD_SOURCE_20,,train
DFD_0002659,DeepFakeDetection (DFD),raw/DFD/DFD_manipulated_sequences/DFD_manipulated_sequences/20_14__hugging_happy__B014BKVO.mp4,1,719,1920,1080,h264,9.24,DeepFake,DeepFakeDetection,DFD_SOURCE_20,DFD_SOURCE_20,,DFD_SOURCE_20,,train
DFD_0002660,DeepFakeDetection (DFD),raw/DFD/DFD_manipulated_sequences/DFD_manipulated_sequences/20_14__kitchen_pan__R7SPX6OK.mp4,1,639,1920,1080,h264,4.25,DeepFake,DeepFakeDetection,DFD_SOURCE_20,DFD_SOURCE_20,,DFD_SOURCE_20,,train
DFD_0002661,DeepFakeDetection (DFD),raw/DFD/DFD_manipulated_sequences/DFD_manipulated_sequences/20_14__outside_talking_pan_laughing__R7SPX6OK.mp4,1,725,1920,1080,h264,6.76,DeepFake,DeepFakeDetection,DFD_SOURCE_20,DFD_SOURCE_20,,DFD_SOURCE_20,,train
DFD_0002662,DeepFakeDetection (DFD),raw/DFD/DFD_manipulated_sequences/DFD_manipulated_sequences/20_14__podium_speech_happy__B014BKVO.mp4,1,1108,1920,1080,h264,6.32,DeepFake,DeepFakeDetection,DFD_SOURCE_20,DFD_SOURCE_20,,DFD_SOURCE_20,,train
DFD_0002663,DeepFakeDetection (DFD),raw/DFD/DFD_manipulated_sequences/DFD_manipulated_sequences/20_14__podium_speech_happy__R7SPX6OK.mp4,1,1108,1920,1080,h264,6.21,DeepFake,DeepFakeDetection,DFD_SOURCE_20,DFD_SOURCE_20,,DFD_SOURCE_20,,train
DFD_0002664,DeepFakeDetection (DFD),raw/DFD/DFD_manipulated_sequences/DFD_manipulated_sequences/20_14__secret_conversation__3HWOJRAM.mp4,1,945,1920,1080,h264,5.46,DeepFake,DeepFakeDetection,DFD_SOURCE_20,DFD_SOURCE_20,,DFD_SOURCE_20,,train
DFD_0002665,DeepFakeDetection (DFD),raw/DFD/DFD_manipulated_sequences/DFD_manipulated_sequences/20_14__secret_conversation__B014BKVO.mp4,1,963,1920,1080,h264,5.5,DeepFake,DeepFakeDetection,DFD_SOURCE_20,DFD_SOURCE_20,,DFD_SOURCE_20,,train
DFD_0002666,DeepFakeDetection (DFD),raw/DFD/DFD_manipulated_sequences/DFD_manipulated_sequences/20_14__talking_against_wall__R7SPX6OK.mp4,1,1134,1920,1080,h264,5.25,DeepFake,DeepFakeDetection,DFD_SOURCE_20,DFD_SOURCE_20,,DFD_SOURCE_20,,train
DFD_0002667,DeepFakeDetection (DFD),raw/DFD/DFD_manipulated_sequences/DFD_manipulated_sequences/20_14__talking_angry_couch__B014BKVO.mp4,1,1620,1920,1080,h264,17.03,DeepFake,DeepFakeDetection,DFD_SOURCE_20,DFD_SOURCE_20,,DFD_SOURCE_20,,train
DFD_0002668,DeepFakeDetection (DFD),raw/DFD/DFD_manipulated_sequences/DFD_manipulated_sequences/20_14__talking_angry_couch__R7SPX6OK.mp4,1,1616,1920,1080,h264,17.15,DeepFake,DeepFakeDetection,DFD_SOURCE_20,DFD_SOURCE_20,,DFD_SOURCE_20,,train
DFD_0002669,DeepFakeDetection (DFD),raw/DFD/DFD_manipulated_sequences/DFD_manipulated_sequences/20_14__walk_down_hall_angry__B014BKVO.mp4,1,428,1920,1080,h264,2.48,DeepFake,DeepFakeDetection,DFD_SOURCE_20,DFD_SOURCE_20,,DFD_SOURCE_20,,train
DFD_0002670,DeepFakeDetection (DFD),raw/DFD/DFD_manipulated_sequences/DFD_manipulated_sequences/20_14__walk_down_hall_angry__R7SPX6OK.mp4,1,398,1920,1080,h264,2.28,DeepFake,DeepFakeDetection,DFD_SOURCE_20,DFD_SOURCE_20,,DFD_SOURCE_20,,train
DFD_0002671,DeepFakeDetection (DFD),raw/DFD/DFD_manipulated_sequences/DFD_manipulated_sequences/20_14__walking_and_outside_surprised__B014BKVO.mp4,1,916,1920,1080,h264,15.99,DeepFake,DeepFakeDetection,DFD_SOURCE_20,DFD_SOURCE_20,,DFD_SOURCE_20,,train
DFD_0002672,DeepFakeDetection (DFD),raw/DFD/DFD_manipulated_sequences/DFD_manipulated_sequences/20_14__walking_down_indoor_hall_disgust__R7SPX6OK.mp4,1,1368,1920,1080,h264,17.85,DeepFake,DeepFakeDetection,DFD_SOURCE_20,DFD_SOURCE_20,,DFD_SOURCE_20,,train
DFD_0002673,DeepFakeDetection (DFD),raw/DFD/DFD_manipulated_sequences/DFD_manipulated_sequences/20_14__walking_down_street_outside_angry__3HWOJRAM.mp4,1,842,1920,1080,h264,6.55,DeepFake,DeepFakeDetection,DFD_SOURCE_20,DFD_SOURCE_20,,DFD_SOURCE_20,,train
DFD_0002674,DeepFakeDetection (DFD),raw/DFD/DFD_manipulated_sequences/DFD_manipulated_sequences/20_14__walking_down_street_outside_angry__B014BKVO.mp4,1,885,1920,1080,h264,7.03,DeepFake,DeepFakeDetection,DFD_SOURCE_20,DFD_SOURCE_20,,DFD_SOURCE_20,,train
DFD_0002675,DeepFakeDetection (DFD),raw/DFD/DFD_manipulated_sequences/DFD_manipulated_sequences/20_15__hugging_happy__99NHTFBM.mp4,1,740,1920,1080,h264,9.43,DeepFake,DeepFakeDetection,DFD_SOURCE_20,DFD_SOURCE_20,,DFD_SOURCE_20,,train
DFD_0002676,DeepFakeDetection (DFD),raw/DFD/DFD_manipulated_sequences/DFD_manipulated_sequences/20_15__kitchen_pan__99NHTFBM.mp4,1,651,1920,1080,h264,4.36,DeepFake,DeepFakeDetection,DFD_SOURCE_20,DFD_SOURCE_20,,DFD_SOURCE_20,,train
DFD_0002677,DeepFakeDetection (DFD),raw/DFD/DFD_manipulated_sequences/DFD_manipulated_sequences/20_15__outside_talking_pan_laughing__99NHTFBM.mp4,1,724,1920,1080,h264,6.74,DeepFake,DeepFakeDetection,DFD_SOURCE_20,DFD_SOURCE_20,,DFD_SOURCE_20,,train
DFD_0002678,DeepFakeDetection (DFD),raw/DFD/DFD_manipulated_sequences/DFD_manipulated_sequences/20_15__outside_talking_still_laughing__99NHTFBM.mp4,1,835,1920,1080,h264,5.48,DeepFake,DeepFakeDetection,DFD_SOURCE_20,DFD_SOURCE_20,,DFD_SOURCE_20,,train
DFD_0002679,DeepFakeDetection (DFD),raw/DFD/DFD_manipulated_sequences/DFD_manipulated_sequences/20_15__podium_speech_happy__99NHTFBM.mp4,1,1108,1920,1080,h264,6.25,DeepFake,DeepFakeDetection,DFD_SOURCE_20,DFD_SOURCE_20,,DFD_SOURCE_20,,train
DFD_0002680,DeepFakeDetection (DFD),raw/DFD/DFD_manipulated_sequences/DFD_manipulated_sequences/20_15__secret_conversation__99NHTFBM.mp4,1,979,1920,1080,h264,5.6,DeepFake,DeepFakeDetection,DFD_SOURCE_20,DFD_SOURCE_20,,DFD_SOURCE_20,,train
DFD_0002681,DeepFakeDetection (DFD),raw/DFD/DFD_manipulated_sequences/DFD_manipulated_sequences/20_15__talking_angry_couch__99NHTFBM.mp4,1,1620,1920,1080,h264,16.95,DeepFake,DeepFakeDetection,DFD_SOURCE_20,DFD_SOURCE_20,,DFD_SOURCE_20,,train
DFD_0002682,DeepFakeDetection (DFD),raw/DFD/DFD_manipulated_sequences/DFD_manipulated_sequences/20_15__walking_down_indoor_hall_disgust__99NHTFBM.mp4,1,1373,1920,1080,h264,17.76,DeepFake,DeepFakeDetection,DFD_SOURCE_20,DFD_SOURCE_20,,DFD_SOURCE_20,,train
DFD_0002683,DeepFakeDetection (DFD),raw/DFD/DFD_manipulated_sequences/DFD_manipulated_sequences/20_15__walking_down_indoor_hall_disgust__CYD62VPP.mp4,1,954,1920,1080,h264,12.78,DeepFake,DeepFakeDetection,DFD_SOURCE_20,DFD_SOURCE_20,,DFD_SOURCE_20,,train
DFD_0002684,DeepFakeDetection (DFD),raw/DFD/DFD_manipulated_sequences/DFD_manipulated_sequences/20_15__walking_outside_cafe_disgusted__99NHTFBM.mp4,1,960,1920,1080,h264,6.21,DeepFake,DeepFakeDetection,DFD_SOURCE_20,DFD_SOURCE_20,,DFD_SOURCE_20,,train
DFD_0002685,DeepFakeDetection (DFD),raw/DFD/DFD_manipulated_sequences/DFD_manipulated_sequences/20_18__hugging_happy__8BMQOD7S.mp4,1,721,1920,1080,h264,9.18,DeepFake,DeepFakeDetection,DFD_SOURCE_20,DFD_SOURCE_20,,DFD_SOURCE_20,,train
DFD_0002686,DeepFakeDetection (DFD),raw/DFD/DFD_manipulated_sequences/DFD_manipulated_sequences/20_18__outside_talking_pan_laughing__8BMQOD7S.mp4,1,724,1920,1080,h264,6.73,DeepFake,DeepFakeDetection,DFD_SOURCE_20,DFD_SOURCE_20,,DFD_SOURCE_20,,train
DFD_0002687,DeepFakeDetection (DFD),raw/DFD/DFD_manipulated_sequences/DFD_manipulated_sequences/20_18__walking_down_indoor_hall_disgust__8BMQOD7S.mp4,1,1372,1920,1080,h264,17.81,DeepFake,DeepFakeDetection,DFD_SOURCE_20,DFD_SOURCE_20,,DFD_SOURCE_20,,train
DFD_0002688,DeepFakeDetection (DFD),raw/DFD/DFD_manipulated_sequences/DFD_manipulated_sequences/20_18__walking_outside_cafe_disgusted__8BMQOD7S.mp4,1,864,1920,1080,h264,5.53,DeepFake,DeepFakeDetection,DFD_SOURCE_20,DFD_SOURCE_20,,DFD_SOURCE_20,,train
DFD_0002689,DeepFakeDetection (DFD),raw/DFD/DFD_manipulated_sequences/DFD_manipulated_sequences/20_21__hugging_happy__ZCB5OMEW.mp4,1,675,1920,1080,h264,8.91,DeepFake,DeepFakeDetection,DFD_SOURCE_20,DFD_SOURCE_20,,DFD_SOURCE_20,,train
DFD_0002690,DeepFakeDetection (DFD),raw/DFD/DFD_manipulated_sequences/DFD_manipulated_sequences/20_21__kitchen_still__ZCB5OMEW.mp4,1,665,1920,1080,h264,4.18,DeepFake,DeepFakeDetection,DFD_SOURCE_20,DFD_SOURCE_20,,DFD_SOURCE_20,,train
DFD_0002691,DeepFakeDetection (DFD),raw/DFD/DFD_manipulated_sequences/DFD_manipulated_sequences/20_21__secret_conversation__ZCB5OMEW.mp4,1,32,1920,1080,h264,0.32,DeepFake,DeepFakeDetection,DFD_SOURCE_20,DFD_SOURCE_20,,DFD_SOURCE_20,,train
DFD_0002692,DeepFakeDetection (DFD),raw/DFD/DFD_manipulated_sequences/DFD_manipulated_sequences/20_21__walk_down_hall_angry__ZCB5OMEW.mp4,1,408,1920,1080,h264,2.41,DeepFake,DeepFakeDetection,DFD_SOURCE_20,DFD_SOURCE_20,,DFD_SOURCE_20,,train
DFD_0002693,DeepFakeDetection (DFD),raw/DFD/DFD_manipulated_sequences/DFD_manipulated_sequences/20_21__walking_and_outside_surprised__5LWO5ZDA.mp4,1,908,1920,1080,h264,15.96,DeepFake,DeepFakeDetection,DFD_SOURCE_20,DFD_SOURCE_20,,DFD_SOURCE_20,,train
DFD_0002694,DeepFakeDetection (DFD),raw/DFD/DFD_manipulated_sequences/DFD_manipulated_sequences/20_21__walking_down_indoor_hall_disgust__ZCB5OMEW.mp4,1,953,1920,1080,h264,12.91,DeepFake,DeepFakeDetection,DFD_SOURCE_20,DFD_SOURCE_20,,DFD_SOURCE_20,,train
DFD_0002695,DeepFakeDetection (DFD),raw/DFD/DFD_manipulated_sequences/DFD_manipulated_sequences/20_21__walking_down_street_outside_angry__ZCB5OMEW.mp4,1,885,1920,1080,h264,7.06,DeepFake,DeepFakeDetection,DFD_SOURCE_20,DFD_SOURCE_20,,DFD_SOURCE_20,,train
DFD_0002696,DeepFakeDetection (DFD),raw/DFD/DFD_manipulated_sequences/DFD_manipulated_sequences/20_21__walking_outside_cafe_disgusted__5LWO5ZDA.mp4,1,957,1920,1080,h264,6.23,DeepFake,DeepFakeDetection,DFD_SOURCE_20,DFD_SOURCE_20,,DFD_SOURCE_20,,train
DFD_0002697,DeepFakeDetection (DFD),raw/DFD/DFD_manipulated_sequences/DFD_manipulated_sequences/20_25__exit_phone_room__M86GQTHK.mp4,1,574,1920,1080,h264,2.69,DeepFake,DeepFakeDetection,DFD_SOURCE_20,DFD_SOURCE_20,,DFD_SOURCE_20,,train
DFD_0002698,DeepFakeDetection (DFD),raw/DFD/DFD_manipulated_sequences/DFD_manipulated_sequences/20_25__exit_phone_room__MUS0X71T.mp4,1,591,1920,1080,h264,2.8,DeepFake,DeepFakeDetection,DFD_SOURCE_20,DFD_SOURCE_20,,DFD_SOURCE_20,,train
DFD_0002699,DeepFakeDetection (DFD),raw/DFD/DFD_manipulated_sequences/DFD_manipulated_sequences/20_25__exit_phone_room__RSCD7KXO.mp4,1,598,1920,1080,h264,2.85,DeepFake,DeepFakeDetection,DFD_SOURCE_20,DFD_SOURCE_20,,DFD_SOURCE_20,,train
DFD_0002700,DeepFakeDetection (DFD),raw/DFD/DFD_manipulated_sequences/DFD_manipulated_sequences/20_25__hugging_happy__CYKLS79C.mp4,1,750,1920,1080,h264,9.57,DeepFake,DeepFakeDetection,DFD_SOURCE_20,DFD_SOURCE_20,,DFD_SOURCE_20,,train
DFD_0002701,DeepFakeDetection (DFD),raw/DFD/DFD_manipulated_sequences/DFD_manipulated_sequences/20_25__hugging_happy__M86GQTHK.mp4,1,738,1920,1080,h264,9.41,DeepFake,DeepFakeDetection,DFD_SOURCE_20,DFD_SOURCE_20,,DFD_SOURCE_20,,train
DFD_0002702,DeepFakeDetection (DFD),raw/DFD/DFD_manipulated_sequences/DFD_manipulated_sequences/20_25__hugging_happy__RSCD7KXO.mp4,1,724,1920,1080,h264,9.23,DeepFake,DeepFakeDetection,DFD_SOURCE_20,DFD_SOURCE_20,,DFD_SOURCE_20,,train
DFD_0002703,DeepFakeDetection (DFD),raw/DFD/DFD_manipulated_sequences/DFD_manipulated_sequences/20_25__outside_talking_pan_laughing__M86GQTHK.mp4,1,725,1920,1080,h264,6.75,DeepFake,DeepFakeDetection,DFD_SOURCE_20,DFD_SOURCE_20,,DFD_SOURCE_20,,train
DFD_0002704,DeepFakeDetection (DFD),raw/DFD/DFD_manipulated_sequences/DFD_manipulated_sequences/20_25__outside_talking_still_laughing__DW2L6D2V.mp4,1,831,1920,1080,h264,5.49,DeepFake,DeepFakeDetection,DFD_SOURCE_20,DFD_SOURCE_20,,DFD_SOURCE_20,,train
DFD_0002705,DeepFakeDetection (DFD),raw/DFD/DFD_manipulated_sequences/DFD_manipulated_sequences/20_25__outside_talking_still_laughing__FZHCQNKV.mp4,1,824,1920,1080,h264,5.44,DeepFake,DeepFakeDetection,DFD_SOURCE_20,DFD_SOURCE_20,,DFD_SOURCE_20,,train
DFD_0002706,DeepFakeDetection (DFD),raw/DFD/DFD_manipulated_sequences/DFD_manipulated_sequences/20_25__outside_talking_still_laughing__M786RTSM.mp4,1,829,1920,1080,h264,5.48,DeepFake,DeepFakeDetection,DFD_SOURCE_20,DFD_SOURCE_20,,DFD_SOURCE_20,,train
DFD_0002707,DeepFakeDetection (DFD),raw/DFD/DFD_manipulated_sequences/DFD_manipulated_sequences/20_25__outside_talking_still_laughing__M86GQTHK.mp4,1,824,1920,1080,h264,5.43,DeepFake,DeepFakeDetection,DFD_SOURCE_20,DFD_SOURCE_20,,DFD_SOURCE_20,,train
DFD_0002708,DeepFakeDetection (DFD),raw/DFD/DFD_manipulated_sequences/DFD_manipulated_sequences/20_25__outside_talking_still_laughing__RSCD7KXO.mp4,1,801,1920,1080,h264,5.38,DeepFake,DeepFakeDetection,DFD_SOURCE_20,DFD_SOURCE_20,,DFD_SOURCE_20,,train
DFD_0002709,DeepFakeDetection (DFD),raw/DFD/DFD_manipulated_sequences/DFD_manipulated_sequences/20_25__talking_against_wall__AMY6M1KL.mp4,1,1109,1920,1080,h264,5.12,DeepFake,DeepFakeDetection,DFD_SOURCE_20,DFD_SOURCE_20,,DFD_SOURCE_20,,train
DFD_0002710,DeepFakeDetection (DFD),raw/DFD/DFD_manipulated_sequences/DFD_manipulated_sequences/20_25__talking_against_wall__MUS0X71T.mp4,1,1123,1920,1080,h264,5.12,DeepFake,DeepFakeDetection,DFD_SOURCE_20,DFD_SOURCE_20,,DFD_SOURCE_20,,train
DFD_0002711,DeepFakeDetection (DFD),raw/DFD/DFD_manipulated_sequences/DFD_manipulated_sequences/20_25__talking_against_wall__NPM0ENKD.mp4,1,1048,1920,1080,h264,5.02,DeepFake,DeepFakeDetection,DFD_SOURCE_20,DFD_SOURCE_20,,DFD_SOURCE_20,,train
DFD_0002712,DeepFakeDetection (DFD),raw/DFD/DFD_manipulated_sequences/DFD_manipulated_sequences/20_25__walk_down_hall_angry__DW2L6D2V.mp4,1,387,1920,1080,h264,2.2,DeepFake,DeepFakeDetection,DFD_SOURCE_20,DFD_SOURCE_20,,DFD_SOURCE_20,,train
DFD_0002713,DeepFakeDetection (DFD),raw/DFD/DFD_manipulated_sequences/DFD_manipulated_sequences/20_25__walk_down_hall_angry__NPM0ENKD.mp4,1,413,1920,1080,h264,2.37,DeepFake,DeepFakeDetection,DFD_SOURCE_20,DFD_SOURCE_20,,DFD_SOURCE_20,,train
DFD_0002714,DeepFakeDetection (DFD),raw/DFD/DFD_manipulated_sequences/DFD_manipulated_sequences/20_25__walking_and_outside_surprised__RSCD7KXO.mp4,1,878,1920,1080,h264,15.46,DeepFake,DeepFakeDetection,DFD_SOURCE_20,DFD_SOURCE_20,,DFD_SOURCE_20,,train
DFD_0002715,DeepFakeDetection (DFD),raw/DFD/DFD_manipulated_sequences/DFD_manipulated_sequences/20_25__walking_down_indoor_hall_disgust__M86GQTHK.mp4,1,1360,1920,1080,h264,17.68,DeepFake,DeepFakeDetection,DFD_SOURCE_20,DFD_SOURCE_20,,DFD_SOURCE_20,,train
DFD_0002716,DeepFakeDetection (DFD),raw/DFD/DFD_manipulated_sequences/DFD_manipulated_sequences/20_25__walking_down_street_outside_angry__ZG0SRZOA.mp4,1,842,1920,1080,h264,6.56,DeepFake,DeepFakeDetection,DFD_SOURCE_20,DFD_SOURCE_20,,DFD_SOURCE_20,,train
DFD_0002717,DeepFakeDetection (DFD),raw/DFD/DFD_manipulated_sequences/DFD_manipulated_sequences/20_25__walking_outside_cafe_disgusted__AMY6M1KL.mp4,1,858,1920,1080,h264,5.55,DeepFake,DeepFakeDetection,DFD_SOURCE_20,DFD_SOURCE_20,,DFD_SOURCE_20,,train
DFD_0002718,DeepFakeDetection (DFD),raw/DFD/DFD_manipulated_sequences/DFD_manipulated_sequences/20_26__kitchen_pan__1UEDQ3GY.mp4,1,638,1920,1080,h264,4.38,DeepFake,DeepFakeDetection,DFD_SOURCE_20,DFD_SOURCE_20,,DFD_SOURCE_20,,train
DFD_0002719,DeepFakeDetection (DFD),raw/DFD/DFD_manipulated_sequences/DFD_manipulated_sequences/20_26__kitchen_pan__34DJQS3E.mp4,1,647,1920,1080,h264,4.33,DeepFake,DeepFakeDetection,DFD_SOURCE_20,DFD_SOURCE_20,,DFD_SOURCE_20,,train
DFD_0002720,DeepFakeDetection (DFD),raw/DFD/DFD_manipulated_sequences/DFD_manipulated_sequences/20_26__kitchen_pan__C8GN41DU.mp4,1,651,1920,1080,h264,4.42,DeepFake,DeepFakeDetection,DFD_SOURCE_20,DFD_SOURCE_20,,DFD_SOURCE_20,,train
DFD_0002721,DeepFakeDetection (DFD),raw/DFD/DFD_manipulated_sequences/DFD_manipulated_sequences/20_26__kitchen_still__34DJQS3E.mp4,1,899,1920,1080,h264,5.28,DeepFake,DeepFakeDetection,DFD_SOURCE_20,DFD_SOURCE_20,,DFD_SOURCE_20,,train
DFD_0002722,DeepFakeDetection (DFD),raw/DFD/DFD_manipulated_sequences/DFD_manipulated_sequences/20_26__outside_talking_pan_laughing__01OJA93K.mp4,1,725,1920,1080,h264,6.76,DeepFake,DeepFakeDetection,DFD_SOURCE_20,DFD_SOURCE_20,,DFD_SOURCE_20,,train
DFD_0002723,DeepFakeDetection (DFD),raw/DFD/DFD_manipulated_sequences/DFD_manipulated_sequences/20_26__outside_talking_pan_laughing__1UEDQ3GY.mp4,1,724,1920,1080,h264,6.75,DeepFake,DeepFakeDetection,DFD_SOURCE_20,DFD_SOURCE_20,,DFD_SOURCE_20,,train
DFD_0002724,DeepFakeDetection (DFD),raw/DFD/DFD_manipulated_sequences/DFD_manipulated_sequences/20_26__outside_talking_pan_laughing__2VS0S1P5.mp4,1,725,1920,1080,h264,6.74,DeepFake,DeepFakeDetection,DFD_SOURCE_20,DFD_SOURCE_20,,DFD_SOURCE_20,,train
DFD_0002725,DeepFakeDetection (DFD),raw/DFD/DFD_manipulated_sequences/DFD_manipulated_sequences/20_26__outside_talking_pan_laughing__KGFLR0PH.mp4,1,723,1920,1080,h264,6.82,DeepFake,DeepFakeDetection,DFD_SOURCE_20,DFD_SOURCE_20,,DFD_SOURCE_20,,train
DFD_0002726,DeepFakeDetection (DFD),raw/DFD/DFD_manipulated_sequences/DFD_manipulated_sequences/20_26__podium_speech_happy__1UEDQ3GY.mp4,1,1108,1920,1080,h264,6.35,DeepFake,DeepFakeDetection,DFD_SOURCE_20,DFD_SOURCE_20,,DFD_SOURCE_20,,train
DFD_0002727,DeepFakeDetection (DFD),raw/DFD/DFD_manipulated_sequences/DFD_manipulated_sequences/20_26__podium_speech_happy__2VS0S1P5.mp4,1,1108,1920,1080,h264,6.34,DeepFake,DeepFakeDetection,DFD_SOURCE_20,DFD_SOURCE_20,,DFD_SOURCE_20,,train
DFD_0002728,DeepFakeDetection (DFD),raw/DFD/DFD_manipulated_sequences/DFD_manipulated_sequences/20_26__secret_conversation__34DJQS3E.mp4,1,33,1920,1080,h264,0.33,DeepFake,DeepFakeDetection,DFD_SOURCE_20,DFD_SOURCE_20,,DFD_SOURCE_20,,train
DFD_0002729,DeepFakeDetection (DFD),raw/DFD/DFD_manipulated_sequences/DFD_manipulated_sequences/20_26__secret_conversation__C8GN41DU.mp4,1,959,1920,1080,h264,5.47,DeepFake,DeepFakeDetection,DFD_SOURCE_20,DFD_SOURCE_20,,DFD_SOURCE_20,,train
DFD_0002730,DeepFakeDetection (DFD),raw/DFD/DFD_manipulated_sequences/DFD_manipulated_sequences/20_26__talking_against_wall__KGFLR0PH.mp4,1,1089,1920,1080,h264,4.99,DeepFake,DeepFakeDetection,DFD_SOURCE_20,DFD_SOURCE_20,,DFD_SOURCE_20,,train
DFD_0002731,DeepFakeDetection (DFD),raw/DFD/DFD_manipulated_sequences/DFD_manipulated_sequences/20_26__talking_angry_couch__01OJA93K.mp4,1,1613,1920,1080,h264,17.11,DeepFake,DeepFakeDetection,DFD_SOURCE_20,DFD_SOURCE_20,,DFD_SOURCE_20,,train
DFD_0002732,DeepFakeDetection (DFD),raw/DFD/DFD_manipulated_sequences/DFD_manipulated_sequences/20_26__talking_angry_couch__34DJQS3E.mp4,1,1618,1920,1080,h264,17.04,DeepFake,DeepFakeDetection,DFD_SOURCE_20,DFD_SOURCE_20,,DFD_SOURCE_20,,train
DFD_0002733,DeepFakeDetection (DFD),raw/DFD/DFD_manipulated_sequences/DFD_manipulated_sequences/20_26__talking_angry_couch__XWMKFMF6.mp4,1,1616,1920,1080,h264,17.12,DeepFake,DeepFakeDetection,DFD_SOURCE_20,DFD_SOURCE_20,,DFD_SOURCE_20,,train
DFD_0002734,DeepFakeDetection (DFD),raw/DFD/DFD_manipulated_sequences/DFD_manipulated_sequences/20_27__kitchen_pan__LM907ECA.mp4,1,650,1920,1080,h264,4.3,DeepFake,DeepFakeDetection,DFD_SOURCE_20,DFD_SOURCE_20,,DFD_SOURCE_20,,train
DFD_0002735,DeepFakeDetection (DFD),raw/DFD/DFD_manipulated_sequences/DFD_manipulated_sequences/20_27__walk_down_hall_angry__LM907ECA.mp4,1,408,1920,1080,h264,2.33,DeepFake,DeepFakeDetection,DFD_SOURCE_20,DFD_SOURCE_20,,DFD_SOURCE_20,,train
DFD_0002736,DeepFakeDetection (DFD),raw/DFD/DFD_manipulated_sequences/DFD_manipulated_sequences/20_27__walking_and_outside_surprised__LM907ECA.mp4,1,857,1920,1080,h264,14.99,DeepFake,DeepFakeDetection,DFD_SOURCE_20,DFD_SOURCE_20,,DFD_SOURCE_20,,train
DFD_0002737,DeepFakeDetection (DFD),raw/DFD/DFD_manipulated_sequences/DFD_manipulated_sequences/21_01__kitchen_pan__03X7CELV.mp4,1,640,1920,1080,h264,4.41,DeepFake,DeepFakeDetection,DFD_SOURCE_21,DFD_SOURCE_21,,DFD_SOURCE_21,,train
DFD_0002738,DeepFakeDetection (DFD),raw/DFD/DFD_manipulated_sequences/DFD_manipulated_sequences/21_01__outside_talking_pan_laughing__03X7CELV.mp4,1,458,1920,1080,h264,4.34,DeepFake,DeepFakeDetection,DFD_SOURCE_21,DFD_SOURCE_21,,DFD_SOURCE_21,,train
DFD_0002739,DeepFakeDetection (DFD),raw/DFD/DFD_manipulated_sequences/DFD_manipulated_sequences/21_01__talking_angry_couch__03X7CELV.mp4,1,1267,1920,1080,h264,10.45,DeepFake,DeepFakeDetection,DFD_SOURCE_21,DFD_SOURCE_21,,DFD_SOURCE_21,,train
DFD_0002740,DeepFakeDetection (DFD),raw/DFD/DFD_manipulated_sequences/DFD_manipulated_sequences/21_01__walk_down_hall_angry__03X7CELV.mp4,1,375,1920,1080,h264,2.03,DeepFake,DeepFakeDetection,DFD_SOURCE_21,DFD_SOURCE_21,,DFD_SOURCE_21,,train
DFD_0002741,DeepFakeDetection (DFD),raw/DFD/DFD_manipulated_sequences/DFD_manipulated_sequences/21_02__kitchen_pan__Z0XHPQAR.mp4,1,643,1920,1080,h264,4.37,DeepFake,DeepFakeDetection,DFD_SOURCE_21,DFD_SOURCE_21,,DFD_SOURCE_21,,train
DFD_0002742,DeepFakeDetection (DFD),raw/DFD/DFD_manipulated_sequences/DFD_manipulated_sequences/21_02__outside_talking_still_laughing__Z0XHPQAR.mp4,1,622,1920,1080,h264,5.31,DeepFake,DeepFakeDetection,DFD_SOURCE_21,DFD_SOURCE_21,,DFD_SOURCE_21,,train
DFD_0002743,DeepFakeDetection (DFD),raw/DFD/DFD_manipulated_sequences/DFD_manipulated_sequences/21_02__talking_angry_couch__Z0XHPQAR.mp4,1,1269,1920,1080,h264,10.49,DeepFake,DeepFakeDetection,DFD_SOURCE_21,DFD_SOURCE_21,,DFD_SOURCE_21,,train
DFD_0002744,DeepFakeDetection (DFD),raw/DFD/DFD_manipulated_sequences/DFD_manipulated_sequences/21_03__exit_phone_room__V53E3RVB.mp4,1,479,1920,1080,h264,2.52,DeepFake,DeepFakeDetection,DFD_SOURCE_21,DFD_SOURCE_21,,DFD_SOURCE_21,,train
DFD_0002745,DeepFakeDetection (DFD),raw/DFD/DFD_manipulated_sequences/DFD_manipulated_sequences/21_03__exit_phone_room__YCSEBZO4.mp4,1,478,1920,1080,h264,2.52,DeepFake,DeepFakeDetection,DFD_SOURCE_21,DFD_SOURCE_21,,DFD_SOURCE_21,,train
DFD_0002746,DeepFakeDetection (DFD),raw/DFD/DFD_manipulated_sequences/DFD_manipulated_sequences/21_03__hugging_happy__TEV3HIHZ.mp4,1,875,1920,1080,h264,8.56,DeepFake,DeepFakeDetection,DFD_SOURCE_21,DFD_SOURCE_21,,DFD_SOURCE_21,,train
DFD_0002747,DeepFakeDetection (DFD),raw/DFD/DFD_manipulated_sequences/DFD_manipulated_sequences/21_03__kitchen_pan__YCSEBZO4.mp4,1,655,1920,1080,h264,4.42,DeepFake,DeepFakeDetection,DFD_SOURCE_21,DFD_SOURCE_21,,DFD_SOURCE_21,,train
DFD_0002748,DeepFakeDetection (DFD),raw/DFD/DFD_manipulated_sequences/DFD_manipulated_sequences/21_03__kitchen_still__V53E3RVB.mp4,1,844,1920,1080,h264,5.04,DeepFake,DeepFakeDetection,DFD_SOURCE_21,DFD_SOURCE_21,,DFD_SOURCE_21,,train
DFD_0002749,DeepFakeDetection (DFD),raw/DFD/DFD_manipulated_sequences/DFD_manipulated_sequences/21_03__kitchen_still__YCSEBZO4.mp4,1,846,1920,1080,h264,5.1,DeepFake,DeepFakeDetection,DFD_SOURCE_21,DFD_SOURCE_21,,DFD_SOURCE_21,,train
DFD_0002750,DeepFakeDetection (DFD),raw/DFD/DFD_manipulated_sequences/DFD_manipulated_sequences/21_03__outside_talking_pan_laughing__YCSEBZO4.mp4,1,468,1920,1080,h264,4.39,DeepFake,DeepFakeDetection,DFD_SOURCE_21,DFD_SOURCE_21,,DFD_SOURCE_21,,train
DFD_0002751,DeepFakeDetection (DFD),raw/DFD/DFD_manipulated_sequences/DFD_manipulated_sequences/21_03__outside_talking_still_laughing__V53E3RVB.mp4,1,710,1920,1080,h264,5.84,DeepFake,DeepFakeDetection,DFD_SOURCE_21,DFD_SOURCE_21,,DFD_SOURCE_21,,train
DFD_0002752,DeepFakeDetection (DFD),raw/DFD/DFD_manipulated_sequences/DFD_manipulated_sequences/21_03__outside_talking_still_laughing__YCSEBZO4.mp4,1,664,1920,1080,h264,5.59,DeepFake,DeepFakeDetection,DFD_SOURCE_21,DFD_SOURCE_21,,DFD_SOURCE_21,,train
DFD_0002753,DeepFakeDetection (DFD),raw/DFD/DFD_manipulated_sequences/DFD_manipulated_sequences/21_03__talking_against_wall__YCSEBZO4.mp4,1,904,1920,1080,h264,3.83,DeepFake,DeepFakeDetection,DFD_SOURCE_21,DFD_SOURCE_21,,DFD_SOURCE_21,,train
DFD_0002754,DeepFakeDetection (DFD),raw/DFD/DFD_manipulated_sequences/DFD_manipulated_sequences/21_03__walk_down_hall_angry__TEV3HIHZ.mp4,1,374,1920,1080,h264,2.03,DeepFake,DeepFakeDetection,DFD_SOURCE_21,DFD_SOURCE_21,,DFD_SOURCE_21,,train
DFD_0002755,DeepFakeDetection (DFD),raw/DFD/DFD_manipulated_sequences/DFD_manipulated_sequences/21_03__walking_down_street_outside_angry__YCSEBZO4.mp4,1,477,1920,1080,h264,3.75,DeepFake,DeepFakeDetection,DFD_SOURCE_21,DFD_SOURCE_21,,DFD_SOURCE_21,,train
DFD_0002756,DeepFakeDetection (DFD),raw/DFD/DFD_manipulated_sequences/DFD_manipulated_sequences/21_04__kitchen_pan__PRCQUMY8.mp4,1,653,1920,1080,h264,4.38,DeepFake,DeepFakeDetection,DFD_SOURCE_21,DFD_SOURCE_21,,DFD_SOURCE_21,,train
DFD_0002757,DeepFakeDetection (DFD),raw/DFD/DFD_manipulated_sequences/DFD_manipulated_sequences/21_04__outside_talking_pan_laughing__HY1VWEJK.mp4,1,471,1920,1080,h264,4.43,DeepFake,DeepFakeDetection,DFD_SOURCE_21,DFD_SOURCE_21,,DFD_SOURCE_21,,train
DFD_0002758,DeepFakeDetection (DFD),raw/DFD/DFD_manipulated_sequences/DFD_manipulated_sequences/21_04__talking_against_wall__NRI4PHWP.mp4,1,906,1920,1080,h264,3.7,DeepFake,DeepFakeDetection,DFD_SOURCE_21,DFD_SOURCE_21,,DFD_SOURCE_21,,train
DFD_0002759,DeepFakeDetection (DFD),raw/DFD/DFD_manipulated_sequences/DFD_manipulated_sequences/21_04__talking_angry_couch__HY1VWEJK.mp4,1,1267,1920,1080,h264,10.4,DeepFake,DeepFakeDetection,DFD_SOURCE_21,DFD_SOURCE_21,,DFD_SOURCE_21,,train
DFD_0002760,DeepFakeDetection (DFD),raw/DFD/DFD_manipulated_sequences/DFD_manipulated_sequences/21_04__walking_down_street_outside_angry__5Y31RZP8.mp4,1,498,1920,1080,h264,3.98,DeepFake,DeepFakeDetection,DFD_SOURCE_21,DFD_SOURCE_21,,DFD_SOURCE_21,,train
DFD_0002761,DeepFakeDetection (DFD),raw/DFD/DFD_manipulated_sequences/DFD_manipulated_sequences/21_06__walking_down_indoor_hall_disgust__058I9NIZ.mp4,1,1105,1920,1080,h264,14.89,DeepFake,DeepFakeDetection,DFD_SOURCE_21,DFD_SOURCE_21,,DFD_SOURCE_21,,train
DFD_0002762,DeepFakeDetection (DFD),raw/DFD/DFD_manipulated_sequences/DFD_manipulated_sequences/21_06__walking_outside_cafe_disgusted__058I9NIZ.mp4,1,350,1920,1080,h264,2.36,DeepFake,DeepFakeDetection,DFD_SOURCE_21,DFD_SOURCE_21,,DFD_SOURCE_21,,train
DFD_0002763,DeepFakeDetection (DFD),raw/DFD/DFD_manipulated_sequences/DFD_manipulated_sequences/21_07__exit_phone_room__K7KXUHMU.mp4,1,479,1920,1080,h264,2.52,DeepFake,DeepFakeDetection,DFD_SOURCE_21,DFD_SOURCE_21,,DFD_SOURCE_21,,train
DFD_0002764,DeepFakeDetection (DFD),raw/DFD/DFD_manipulated_sequences/DFD_manipulated_sequences/21_07__exit_phone_room__MKU99DVX.mp4,1,523,1920,1080,h264,2.98,DeepFake,DeepFakeDetection,DFD_SOURCE_21,DFD_SOURCE_21,,DFD_SOURCE_21,,train
DFD_0002765,DeepFakeDetection (DFD),raw/DFD/DFD_manipulated_sequences/DFD_manipulated_sequences/21_07__hugging_happy__CRGVSDBI.mp4,1,807,1920,1080,h264,8.17,DeepFake,DeepFakeDetection,DFD_SOURCE_21,DFD_SOURCE_21,,DFD_SOURCE_21,,train
DFD_0002766,DeepFakeDetection (DFD),raw/DFD/DFD_manipulated_sequences/DFD_manipulated_sequences/21_07__kitchen_pan__K7KXUHMU.mp4,1,651,1920,1080,h264,4.35,DeepFake,DeepFakeDetection,DFD_SOURCE_21,DFD_SOURCE_21,,DFD_SOURCE_21,,train
DFD_0002767,DeepFakeDetection (DFD),raw/DFD/DFD_manipulated_sequences/DFD_manipulated_sequences/21_07__kitchen_still__K7KXUHMU.mp4,1,846,1920,1080,h264,4.97,DeepFake,DeepFakeDetection,DFD_SOURCE_21,DFD_SOURCE_21,,DFD_SOURCE_21,,train
DFD_0002768,DeepFakeDetection (DFD),raw/DFD/DFD_manipulated_sequences/DFD_manipulated_sequences/21_07__kitchen_still__MKU99DVX.mp4,1,846,1920,1080,h264,5.0,DeepFake,DeepFakeDetection,DFD_SOURCE_21,DFD_SOURCE_21,,DFD_SOURCE_21,,train
DFD_0002769,DeepFakeDetection (DFD),raw/DFD/DFD_manipulated_sequences/DFD_manipulated_sequences/21_07__outside_talking_still_laughing__K7KXUHMU.mp4,1,695,1920,1080,h264,5.75,DeepFake,DeepFakeDetection,DFD_SOURCE_21,DFD_SOURCE_21,,DFD_SOURCE_21,,train
DFD_0002770,DeepFakeDetection (DFD),raw/DFD/DFD_manipulated_sequences/DFD_manipulated_sequences/21_07__talking_against_wall__CRGVSDBI.mp4,1,906,1920,1080,h264,3.7,DeepFake,DeepFakeDetection,DFD_SOURCE_21,DFD_SOURCE_21,,DFD_SOURCE_21,,train
DFD_0002771,DeepFakeDetection (DFD),raw/DFD/DFD_manipulated_sequences/DFD_manipulated_sequences/21_07__talking_against_wall__MKU99DVX.mp4,1,906,1920,1080,h264,3.7,DeepFake,DeepFakeDetection,DFD_SOURCE_21,DFD_SOURCE_21,,DFD_SOURCE_21,,train
DFD_0002772,DeepFakeDetection (DFD),raw/DFD/DFD_manipulated_sequences/DFD_manipulated_sequences/21_07__talking_angry_couch__MKU99DVX.mp4,1,1272,1920,1080,h264,10.47,DeepFake,DeepFakeDetection,DFD_SOURCE_21,DFD_SOURCE_21,,DFD_SOURCE_21,,train
DFD_0002773,DeepFakeDetection (DFD),raw/DFD/DFD_manipulated_sequences/DFD_manipulated_sequences/21_07__walking_down_indoor_hall_disgust__CRGVSDBI.mp4,1,1073,1920,1080,h264,14.58,DeepFake,DeepFakeDetection,DFD_SOURCE_21,DFD_SOURCE_21,,DFD_SOURCE_21,,train
DFD_0002774,DeepFakeDetection (DFD),raw/DFD/DFD_manipulated_sequences/DFD_manipulated_sequences/21_07__walking_down_indoor_hall_disgust__K7KXUHMU.mp4,1,892,1920,1080,h264,12.28,DeepFake,DeepFakeDetection,DFD_SOURCE_21,DFD_SOURCE_21,,DFD_SOURCE_21,,train
DFD_0002775,DeepFakeDetection (DFD),raw/DFD/DFD_manipulated_sequences/DFD_manipulated_sequences/21_07__walking_down_indoor_hall_disgust__MKU99DVX.mp4,1,1084,1920,1080,h264,14.7,DeepFake,DeepFakeDetection,DFD_SOURCE_21,DFD_SOURCE_21,,DFD_SOURCE_21,,train
DFD_0002776,DeepFakeDetection (DFD),raw/DFD/DFD_manipulated_sequences/DFD_manipulated_sequences/21_07__walking_down_street_outside_angry__K7KXUHMU.mp4,1,477,1920,1080,h264,3.76,DeepFake,DeepFakeDetection,DFD_SOURCE_21,DFD_SOURCE_21,,DFD_SOURCE_21,,train
DFD_0002777,DeepFakeDetection (DFD),raw/DFD/DFD_manipulated_sequences/DFD_manipulated_sequences/21_07__walking_down_street_outside_angry__MKU99DVX.mp4,1,492,1920,1080,h264,3.98,DeepFake,DeepFakeDetection,DFD_SOURCE_21,DFD_SOURCE_21,,DFD_SOURCE_21,,train
DFD_0002778,DeepFakeDetection (DFD),raw/DFD/DFD_manipulated_sequences/DFD_manipulated_sequences/21_09__exit_phone_room__CGIID3GV.mp4,1,473,1920,1080,h264,2.5,DeepFake,DeepFakeDetection,DFD_SOURCE_21,DFD_SOURCE_21,,DFD_SOURCE_21,,train
DFD_0002779,DeepFakeDetection (DFD),raw/DFD/DFD_manipulated_sequences/DFD_manipulated_sequences/21_09__exit_phone_room__JEELOMN2.mp4,1,479,1920,1080,h264,2.54,DeepFake,DeepFakeDetection,DFD_SOURCE_21,DFD_SOURCE_21,,DFD_SOURCE_21,,train
DFD_0002780,DeepFakeDetection (DFD),raw/DFD/DFD_manipulated_sequences/DFD_manipulated_sequences/21_09__hugging_happy__O9ER29Z6.mp4,1,863,1920,1080,h264,8.57,DeepFake,DeepFakeDetection,DFD_SOURCE_21,DFD_SOURCE_21,,DFD_SOURCE_21,,train
DFD_0002781,DeepFakeDetection (DFD),raw/DFD/DFD_manipulated_sequences/DFD_manipulated_sequences/21_09__hugging_happy__Z8H2TRCI.mp4,1,841,1920,1080,h264,8.37,DeepFake,DeepFakeDetection,DFD_SOURCE_21,DFD_SOURCE_21,,DFD_SOURCE_21,,train
DFD_0002782,DeepFakeDetection (DFD),raw/DFD/DFD_manipulated_sequences/DFD_manipulated_sequences/21_09__kitchen_pan__JEELOMN2.mp4,1,654,1920,1080,h264,4.47,DeepFake,DeepFakeDetection,DFD_SOURCE_21,DFD_SOURCE_21,,DFD_SOURCE_21,,train
DFD_0002783,DeepFakeDetection (DFD),raw/DFD/DFD_manipulated_sequences/DFD_manipulated_sequences/21_09__kitchen_pan__WBPEX4CU.mp4,1,644,1920,1080,h264,4.37,DeepFake,DeepFakeDetection,DFD_SOURCE_21,DFD_SOURCE_21,,DFD_SOURCE_21,,train
DFD_0002784,DeepFakeDetection (DFD),raw/DFD/DFD_manipulated_sequences/DFD_manipulated_sequences/21_09__kitchen_pan__Z8H2TRCI.mp4,1,653,1920,1080,h264,4.38,DeepFake,DeepFakeDetection,DFD_SOURCE_21,DFD_SOURCE_21,,DFD_SOURCE_21,,train
DFD_0002785,DeepFakeDetection (DFD),raw/DFD/DFD_manipulated_sequences/DFD_manipulated_sequences/21_09__kitchen_still__JEELOMN2.mp4,1,842,1920,1080,h264,4.95,DeepFake,DeepFakeDetection,DFD_SOURCE_21,DFD_SOURCE_21,,DFD_SOURCE_21,,train
DFD_0002786,DeepFakeDetection (DFD),raw/DFD/DFD_manipulated_sequences/DFD_manipulated_sequences/21_09__kitchen_still__LBQF8ZN1.mp4,1,845,1920,1080,h264,5.08,DeepFake,DeepFakeDetection,DFD_SOURCE_21,DFD_SOURCE_21,,DFD_SOURCE_21,,train
DFD_0002787,DeepFakeDetection (DFD),raw/DFD/DFD_manipulated_sequences/DFD_manipulated_sequences/21_09__kitchen_still__PF4WD2KJ.mp4,1,846,1920,1080,h264,4.99,DeepFake,DeepFakeDetection,DFD_SOURCE_21,DFD_SOURCE_21,,DFD_SOURCE_21,,train
DFD_0002788,DeepFakeDetection (DFD),raw/DFD/DFD_manipulated_sequences/DFD_manipulated_sequences/21_09__outside_talking_still_laughing__O9ER29Z6.mp4,1,660,1920,1080,h264,5.62,DeepFake,DeepFakeDetection,DFD_SOURCE_21,DFD_SOURCE_21,,DFD_SOURCE_21,,train
DFD_0002789,DeepFakeDetection (DFD),raw/DFD/DFD_manipulated_sequences/DFD_manipulated_sequences/21_09__podium_speech_happy__J7SQKGUR.mp4,1,1576,1920,1080,h264,9.41,DeepFake,DeepFakeDetection,DFD_SOURCE_21,DFD_SOURCE_21,,DFD_SOURCE_21,,train
DFD_0002790,DeepFakeDetection (DFD),raw/DFD/DFD_manipulated_sequences/DFD_manipulated_sequences/21_09__podium_speech_happy__JEELOMN2.mp4,1,1577,1920,1080,h264,9.45,DeepFake,DeepFakeDetection,DFD_SOURCE_21,DFD_SOURCE_21,,DFD_SOURCE_21,,train
DFD_0002791,DeepFakeDetection (DFD),raw/DFD/DFD_manipulated_sequences/DFD_manipulated_sequences/21_09__talking_against_wall__JEELOMN2.mp4,1,906,1920,1080,h264,3.62,DeepFake,DeepFakeDetection,DFD_SOURCE_21,DFD_SOURCE_21,,DFD_SOURCE_21,,train
DFD_0002792,DeepFakeDetection (DFD),raw/DFD/DFD_manipulated_sequences/DFD_manipulated_sequences/21_09__talking_against_wall__LBQF8ZN1.mp4,1,905,1920,1080,h264,3.75,DeepFake,DeepFakeDetection,DFD_SOURCE_21,DFD_SOURCE_21,,DFD_SOURCE_21,,train
DFD_0002793,DeepFakeDetection (DFD),raw/DFD/DFD_manipulated_sequences/DFD_manipulated_sequences/21_09__talking_angry_couch__CGIID3GV.mp4,1,1268,1920,1080,h264,10.44,DeepFake,DeepFakeDetection,DFD_SOURCE_21,DFD_SOURCE_21,,DFD_SOURCE_21,,train
DFD_0002794,DeepFakeDetection (DFD),raw/DFD/DFD_manipulated_sequences/DFD_manipulated_sequences/21_09__walk_down_hall_angry__WBPEX4CU.mp4,1,384,1920,1080,h264,2.08,DeepFake,DeepFakeDetection,DFD_SOURCE_21,DFD_SOURCE_21,,DFD_SOURCE_21,,train
DFD_0002795,DeepFakeDetection (DFD),raw/DFD/DFD_manipulated_sequences/DFD_manipulated_sequences/21_09__walking_down_indoor_hall_disgust__JEELOMN2.mp4,1,1054,1920,1080,h264,14.36,DeepFake,DeepFakeDetection,DFD_SOURCE_21,DFD_SOURCE_21,,DFD_SOURCE_21,,train
DFD_0002796,DeepFakeDetection (DFD),raw/DFD/DFD_manipulated_sequences/DFD_manipulated_sequences/21_09__walking_down_street_outside_angry__JEELOMN2.mp4,1,477,1920,1080,h264,3.75,DeepFake,DeepFakeDetection,DFD_SOURCE_21,DFD_SOURCE_21,,DFD_SOURCE_21,,train
DFD_0002797,DeepFakeDetection (DFD),raw/DFD/DFD_manipulated_sequences/DFD_manipulated_sequences/21_09__walking_outside_cafe_disgusted__J7SQKGUR.mp4,1,349,1920,1080,h264,2.35,DeepFake,DeepFakeDetection,DFD_SOURCE_21,DFD_SOURCE_21,,DFD_SOURCE_21,,train
DFD_0002798,DeepFakeDetection (DFD),raw/DFD/DFD_manipulated_sequences/DFD_manipulated_sequences/21_09__walking_outside_cafe_disgusted__JEELOMN2.mp4,1,374,1920,1080,h264,2.53,DeepFake,DeepFakeDetection,DFD_SOURCE_21,DFD_SOURCE_21,,DFD_SOURCE_21,,train
DFD_0002799,DeepFakeDetection (DFD),raw/DFD/DFD_manipulated_sequences/DFD_manipulated_sequences/21_09__walking_outside_cafe_disgusted__MDMWQZUP.mp4,1,370,1920,1080,h264,2.47,DeepFake,DeepFakeDetection,DFD_SOURCE_21,DFD_SOURCE_21,,DFD_SOURCE_21,,train
DFD_0002800,DeepFakeDetection (DFD),raw/DFD/DFD_manipulated_sequences/DFD_manipulated_sequences/21_09__walking_outside_cafe_disgusted__Z8H2TRCI.mp4,1,346,1920,1080,h264,2.34,DeepFake,DeepFakeDetection,DFD_SOURCE_21,DFD_SOURCE_21,,DFD_SOURCE_21,,train
DFD_0002801,DeepFakeDetection (DFD),raw/DFD/DFD_manipulated_sequences/DFD_manipulated_sequences/21_11__exit_phone_room__DTBJTNSN.mp4,1,480,1920,1080,h264,2.56,DeepFake,DeepFakeDetection,DFD_SOURCE_21,DFD_SOURCE_21,,DFD_SOURCE_21,,train
DFD_0002802,DeepFakeDetection (DFD),raw/DFD/DFD_manipulated_sequences/DFD_manipulated_sequences/21_11__hugging_happy__USLHUQDI.mp4,1,839,1920,1080,h264,8.4,DeepFake,DeepFakeDetection,DFD_SOURCE_21,DFD_SOURCE_21,,DFD_SOURCE_21,,train
DFD_0002803,DeepFakeDetection (DFD),raw/DFD/DFD_manipulated_sequences/DFD_manipulated_sequences/21_11__kitchen_pan__N6YQW2AP.mp4,1,651,1920,1080,h264,4.4,DeepFake,DeepFakeDetection,DFD_SOURCE_21,DFD_SOURCE_21,,DFD_SOURCE_21,,train
DFD_0002804,DeepFakeDetection (DFD),raw/DFD/DFD_manipulated_sequences/DFD_manipulated_sequences/21_11__kitchen_pan__T7DK03O1.mp4,1,646,1920,1080,h264,4.36,DeepFake,DeepFakeDetection,DFD_SOURCE_21,DFD_SOURCE_21,,DFD_SOURCE_21,,train
DFD_0002805,DeepFakeDetection (DFD),raw/DFD/DFD_manipulated_sequences/DFD_manipulated_sequences/21_11__kitchen_still__T7DK03O1.mp4,1,844,1920,1080,h264,5.26,DeepFake,DeepFakeDetection,DFD_SOURCE_21,DFD_SOURCE_21,,DFD_SOURCE_21,,train
DFD_0002806,DeepFakeDetection (DFD),raw/DFD/DFD_manipulated_sequences/DFD_manipulated_sequences/21_11__podium_speech_happy__T7DK03O1.mp4,1,1578,1920,1080,h264,9.57,DeepFake,DeepFakeDetection,DFD_SOURCE_21,DFD_SOURCE_21,,DFD_SOURCE_21,,train
DFD_0002807,DeepFakeDetection (DFD),raw/DFD/DFD_manipulated_sequences/DFD_manipulated_sequences/21_11__talking_against_wall__DTBJTNSN.mp4,1,904,1920,1080,h264,3.74,DeepFake,DeepFakeDetection,DFD_SOURCE_21,DFD_SOURCE_21,,DFD_SOURCE_21,,train
DFD_0002808,DeepFakeDetection (DFD),raw/DFD/DFD_manipulated_sequences/DFD_manipulated_sequences/21_11__talking_against_wall__T7DK03O1.mp4,1,906,1920,1080,h264,3.75,DeepFake,DeepFakeDetection,DFD_SOURCE_21,DFD_SOURCE_21,,DFD_SOURCE_21,,train
DFD_0002809,DeepFakeDetection (DFD),raw/DFD/DFD_manipulated_sequences/DFD_manipulated_sequences/21_11__talking_angry_couch__T7DK03O1.mp4,1,1271,1920,1080,h264,10.55,DeepFake,DeepFakeDetection,DFD_SOURCE_21,DFD_SOURCE_21,,DFD_SOURCE_21,,train
DFD_0002810,DeepFakeDetection (DFD),raw/DFD/DFD_manipulated_sequences/DFD_manipulated_sequences/21_11__walk_down_hall_angry__T7DK03O1.mp4,1,157,1920,1080,h264,0.86,DeepFake,DeepFakeDetection,DFD_SOURCE_21,DFD_SOURCE_21,,DFD_SOURCE_21,,train
DFD_0002811,DeepFakeDetection (DFD),raw/DFD/DFD_manipulated_sequences/DFD_manipulated_sequences/21_11__walk_down_hall_angry__USLHUQDI.mp4,1,364,1920,1080,h264,1.96,DeepFake,DeepFakeDetection,DFD_SOURCE_21,DFD_SOURCE_21,,DFD_SOURCE_21,,train
DFD_0002812,DeepFakeDetection (DFD),raw/DFD/DFD_manipulated_sequences/DFD_manipulated_sequences/21_11__walking_down_indoor_hall_disgust__T7DK03O1.mp4,1,968,1920,1080,h264,13.08,DeepFake,DeepFakeDetection,DFD_SOURCE_21,DFD_SOURCE_21,,DFD_SOURCE_21,,train
DFD_0002813,DeepFakeDetection (DFD),raw/DFD/DFD_manipulated_sequences/DFD_manipulated_sequences/21_11__walking_down_street_outside_angry__USLHUQDI.mp4,1,459,1920,1080,h264,3.64,DeepFake,DeepFakeDetection,DFD_SOURCE_21,DFD_SOURCE_21,,DFD_SOURCE_21,,train
DFD_0002814,DeepFakeDetection (DFD),raw/DFD/DFD_manipulated_sequences/DFD_manipulated_sequences/21_11__walking_outside_cafe_disgusted__DU9VH27B.mp4,1,415,1920,1080,h264,2.78,DeepFake,DeepFakeDetection,DFD_SOURCE_21,DFD_SOURCE_21,,DFD_SOURCE_21,,train
DFD_0002815,DeepFakeDetection (DFD),raw/DFD/DFD_manipulated_sequences/DFD_manipulated_sequences/21_11__walking_outside_cafe_disgusted__T7DK03O1.mp4,1,372,1920,1080,h264,2.52,DeepFake,DeepFakeDetection,DFD_SOURCE_21,DFD_SOURCE_21,,DFD_SOURCE_21,,train
DFD_0002816,DeepFakeDetection (DFD),raw/DFD/DFD_manipulated_sequences/DFD_manipulated_sequences/21_12__kitchen_pan__ME7E3R1D.mp4,1,634,1920,1080,h264,4.4,DeepFake,DeepFakeDetection,DFD_SOURCE_21,DFD_SOURCE_21,,DFD_SOURCE_21,,train
DFD_0002817,DeepFakeDetection (DFD),raw/DFD/DFD_manipulated_sequences/DFD_manipulated_sequences/21_12__kitchen_still__ME7E3R1D.mp4,1,833,1920,1080,h264,5.09,DeepFake,DeepFakeDetection,DFD_SOURCE_21,DFD_SOURCE_21,,DFD_SOURCE_21,,train
DFD_0002818,DeepFakeDetection (DFD),raw/DFD/DFD_manipulated_sequences/DFD_manipulated_sequences/21_12__outside_talking_pan_laughing__ME7E3R1D.mp4,1,365,1920,1080,h264,3.54,DeepFake,DeepFakeDetection,DFD_SOURCE_21,DFD_SOURCE_21,,DFD_SOURCE_21,,train
DFD_0002819,DeepFakeDetection (DFD),raw/DFD/DFD_manipulated_sequences/DFD_manipulated_sequences/21_12__walking_and_outside_surprised__J54W3PV1.mp4,1,772,1920,1080,h264,13.87,DeepFake,DeepFakeDetection,DFD_SOURCE_21,DFD_SOURCE_21,,DFD_SOURCE_21,,train
DFD_0002820,DeepFakeDetection (DFD),raw/DFD/DFD_manipulated_sequences/DFD_manipulated_sequences/21_14__exit_phone_room__IRKML4J0.mp4,1,518,1920,1080,h264,2.93,DeepFake,DeepFakeDetection,DFD_SOURCE_21,DFD_SOURCE_21,,DFD_SOURCE_21,,train
DFD_0002821,DeepFakeDetection (DFD),raw/DFD/DFD_manipulated_sequences/DFD_manipulated_sequences/21_14__hugging_happy__N0WM4GSV.mp4,1,876,1920,1080,h264,8.73,DeepFake,DeepFakeDetection,DFD_SOURCE_21,DFD_SOURCE_21,,DFD_SOURCE_21,,train
DFD_0002822,DeepFakeDetection (DFD),raw/DFD/DFD_manipulated_sequences/DFD_manipulated_sequences/21_14__kitchen_still__IRKML4J0.mp4,1,843,1920,1080,h264,4.97,DeepFake,DeepFakeDetection,DFD_SOURCE_21,DFD_SOURCE_21,,DFD_SOURCE_21,,train
DFD_0002823,DeepFakeDetection (DFD),raw/DFD/DFD_manipulated_sequences/DFD_manipulated_sequences/21_14__outside_talking_still_laughing__IRKML4J0.mp4,1,646,1920,1080,h264,5.45,DeepFake,DeepFakeDetection,DFD_SOURCE_21,DFD_SOURCE_21,,DFD_SOURCE_21,,train
DFD_0002824,DeepFakeDetection (DFD),raw/DFD/DFD_manipulated_sequences/DFD_manipulated_sequences/21_14__outside_talking_still_laughing__N0WM4GSV.mp4,1,685,1920,1080,h264,5.74,DeepFake,DeepFakeDetection,DFD_SOURCE_21,DFD_SOURCE_21,,DFD_SOURCE_21,,train
DFD_0002825,DeepFakeDetection (DFD),raw/DFD/DFD_manipulated_sequences/DFD_manipulated_sequences/21_14__podium_speech_happy__IRKML4J0.mp4,1,1575,1920,1080,h264,9.37,DeepFake,DeepFakeDetection,DFD_SOURCE_21,DFD_SOURCE_21,,DFD_SOURCE_21,,train
DFD_0002826,DeepFakeDetection (DFD),raw/DFD/DFD_manipulated_sequences/DFD_manipulated_sequences/21_14__podium_speech_happy__N0WM4GSV.mp4,1,1577,1920,1080,h264,9.5,DeepFake,DeepFakeDetection,DFD_SOURCE_21,DFD_SOURCE_21,,DFD_SOURCE_21,,train
DFD_0002827,DeepFakeDetection (DFD),raw/DFD/DFD_manipulated_sequences/DFD_manipulated_sequences/21_14__talking_angry_couch__IRKML4J0.mp4,1,1272,1920,1080,h264,10.4,DeepFake,DeepFakeDetection,DFD_SOURCE_21,DFD_SOURCE_21,,DFD_SOURCE_21,,train
DFD_0002828,DeepFakeDetection (DFD),raw/DFD/DFD_manipulated_sequences/DFD_manipulated_sequences/21_14__talking_angry_couch__N0WM4GSV.mp4,1,1264,1920,1080,h264,10.6,DeepFake,DeepFakeDetection,DFD_SOURCE_21,DFD_SOURCE_21,,DFD_SOURCE_21,,train
DFD_0002829,DeepFakeDetection (DFD),raw/DFD/DFD_manipulated_sequences/DFD_manipulated_sequences/21_14__walk_down_hall_angry__N0WM4GSV.mp4,1,364,1920,1080,h264,1.97,DeepFake,DeepFakeDetection,DFD_SOURCE_21,DFD_SOURCE_21,,DFD_SOURCE_21,,train
DFD_0002830,DeepFakeDetection (DFD),raw/DFD/DFD_manipulated_sequences/DFD_manipulated_sequences/21_14__walking_and_outside_surprised__N0WM4GSV.mp4,1,1023,1920,1080,h264,17.62,DeepFake,DeepFakeDetection,DFD_SOURCE_21,DFD_SOURCE_21,,DFD_SOURCE_21,,train
DFD_0002831,DeepFakeDetection (DFD),raw/DFD/DFD_manipulated_sequences/DFD_manipulated_sequences/21_14__walking_down_street_outside_angry__N0WM4GSV.mp4,1,459,1920,1080,h264,3.62,DeepFake,DeepFakeDetection,DFD_SOURCE_21,DFD_SOURCE_21,,DFD_SOURCE_21,,train
DFD_0002832,DeepFakeDetection (DFD),raw/DFD/DFD_manipulated_sequences/DFD_manipulated_sequences/21_14__walking_outside_cafe_disgusted__N0WM4GSV.mp4,1,348,1920,1080,h264,2.34,DeepFake,DeepFakeDetection,DFD_SOURCE_21,DFD_SOURCE_21,,DFD_SOURCE_21,,train
DFD_0002833,DeepFakeDetection (DFD),raw/DFD/DFD_manipulated_sequences/DFD_manipulated_sequences/21_15__exit_phone_room__87WSBJP3.mp4,1,478,1920,1080,h264,2.49,DeepFake,DeepFakeDetection,DFD_SOURCE_21,DFD_SOURCE_21,,DFD_SOURCE_21,,train
DFD_0002834,DeepFakeDetection (DFD),raw/DFD/DFD_manipulated_sequences/DFD_manipulated_sequences/21_15__hugging_happy__87WSBJP3.mp4,1,891,1920,1080,h264,8.65,DeepFake,DeepFakeDetection,DFD_SOURCE_21,DFD_SOURCE_21,,DFD_SOURCE_21,,train
DFD_0002835,DeepFakeDetection (DFD),raw/DFD/DFD_manipulated_sequences/DFD_manipulated_sequences/21_15__kitchen_pan__87WSBJP3.mp4,1,655,1920,1080,h264,4.37,DeepFake,DeepFakeDetection,DFD_SOURCE_21,DFD_SOURCE_21,,DFD_SOURCE_21,,train
DFD_0002836,DeepFakeDetection (DFD),raw/DFD/DFD_manipulated_sequences/DFD_manipulated_sequences/21_15__outside_talking_pan_laughing__87WSBJP3.mp4,1,506,1920,1080,h264,4.7,DeepFake,DeepFakeDetection,DFD_SOURCE_21,DFD_SOURCE_21,,DFD_SOURCE_21,,train
DFD_0002837,DeepFakeDetection (DFD),raw/DFD/DFD_manipulated_sequences/DFD_manipulated_sequences/21_15__talking_against_wall__87WSBJP3.mp4,1,906,1920,1080,h264,3.62,DeepFake,DeepFakeDetection,DFD_SOURCE_21,DFD_SOURCE_21,,DFD_SOURCE_21,,train
DFD_0002838,DeepFakeDetection (DFD),raw/DFD/DFD_manipulated_sequences/DFD_manipulated_sequences/21_15__talking_against_wall__JDPD580N.mp4,1,906,1920,1080,h264,3.69,DeepFake,DeepFakeDetection,DFD_SOURCE_21,DFD_SOURCE_21,,DFD_SOURCE_21,,train
DFD_0002839,DeepFakeDetection (DFD),raw/DFD/DFD_manipulated_sequences/DFD_manipulated_sequences/21_15__walking_down_indoor_hall_disgust__87WSBJP3.mp4,1,912,1920,1080,h264,12.54,DeepFake,DeepFakeDetection,DFD_SOURCE_21,DFD_SOURCE_21,,DFD_SOURCE_21,,train
DFD_0002840,DeepFakeDetection (DFD),raw/DFD/DFD_manipulated_sequences/DFD_manipulated_sequences/21_15__walking_outside_cafe_disgusted__87WSBJP3.mp4,1,375,1920,1080,h264,2.52,DeepFake,DeepFakeDetection,DFD_SOURCE_21,DFD_SOURCE_21,,DFD_SOURCE_21,,train
DFD_0002841,DeepFakeDetection (DFD),raw/DFD/DFD_manipulated_sequences/DFD_manipulated_sequences/21_18__outside_talking_pan_laughing__PQFTWVRQ.mp4,1,461,1920,1080,h264,4.4,DeepFake,DeepFakeDetection,DFD_SOURCE_21,DFD_SOURCE_21,,DFD_SOURCE_21,,train
DFD_0002842,DeepFakeDetection (DFD),raw/DFD/DFD_manipulated_sequences/DFD_manipulated_sequences/21_18__walking_down_indoor_hall_disgust__PQFTWVRQ.mp4,1,1087,1920,1080,h264,14.7,DeepFake,DeepFakeDetection,DFD_SOURCE_21,DFD_SOURCE_21,,DFD_SOURCE_21,,train
DFD_0002843,DeepFakeDetection (DFD),raw/DFD/DFD_manipulated_sequences/DFD_manipulated_sequences/21_20__hugging_happy__ZCB5OMEW.mp4,1,841,1920,1080,h264,8.45,DeepFake,DeepFakeDetection,DFD_SOURCE_21,DFD_SOURCE_21,,DFD_SOURCE_21,,train
DFD_0002844,DeepFakeDetection (DFD),raw/DFD/DFD_manipulated_sequences/DFD_manipulated_sequences/21_20__kitchen_still__ZCB5OMEW.mp4,1,846,1920,1080,h264,5.02,DeepFake,DeepFakeDetection,DFD_SOURCE_21,DFD_SOURCE_21,,DFD_SOURCE_21,,train
DFD_0002845,DeepFakeDetection (DFD),raw/DFD/DFD_manipulated_sequences/DFD_manipulated_sequences/21_20__walk_down_hall_angry__ZCB5OMEW.mp4,1,384,1920,1080,h264,2.06,DeepFake,DeepFakeDetection,DFD_SOURCE_21,DFD_SOURCE_21,,DFD_SOURCE_21,,train
DFD_0002846,DeepFakeDetection (DFD),raw/DFD/DFD_manipulated_sequences/DFD_manipulated_sequences/21_20__walking_down_indoor_hall_disgust__5LWO5ZDA.mp4,1,1107,1920,1080,h264,14.99,DeepFake,DeepFakeDetection,DFD_SOURCE_21,DFD_SOURCE_21,,DFD_SOURCE_21,,train
DFD_0002847,DeepFakeDetection (DFD),raw/DFD/DFD_manipulated_sequences/DFD_manipulated_sequences/21_20__walking_down_indoor_hall_disgust__ZCB5OMEW.mp4,1,922,1920,1080,h264,12.7,DeepFake,DeepFakeDetection,DFD_SOURCE_21,DFD_SOURCE_21,,DFD_SOURCE_21,,train
DFD_0002848,DeepFakeDetection (DFD),raw/DFD/DFD_manipulated_sequences/DFD_manipulated_sequences/21_20__walking_down_street_outside_angry__ZCB5OMEW.mp4,1,497,1920,1080,h264,3.89,DeepFake,DeepFakeDetection,DFD_SOURCE_21,DFD_SOURCE_21,,DFD_SOURCE_21,,train
DFD_0002849,DeepFakeDetection (DFD),raw/DFD/DFD_manipulated_sequences/DFD_manipulated_sequences/21_25__hugging_happy__2R46UX3R.mp4,1,705,1920,1080,h264,7.26,DeepFake,DeepFakeDetection,DFD_SOURCE_21,DFD_SOURCE_21,,DFD_SOURCE_21,,train
DFD_0002850,DeepFakeDetection (DFD),raw/DFD/DFD_manipulated_sequences/DFD_manipulated_sequences/21_25__hugging_happy__NFBISHIN.mp4,1,821,1920,1080,h264,8.41,DeepFake,DeepFakeDetection,DFD_SOURCE_21,DFD_SOURCE_21,,DFD_SOURCE_21,,train
DFD_0002851,DeepFakeDetection (DFD),raw/DFD/DFD_manipulated_sequences/DFD_manipulated_sequences/21_25__outside_talking_pan_laughing__2R46UX3R.mp4,1,394,1920,1080,h264,3.87,DeepFake,DeepFakeDetection,DFD_SOURCE_21,DFD_SOURCE_21,,DFD_SOURCE_21,,train
DFD_0002852,DeepFakeDetection (DFD),raw/DFD/DFD_manipulated_sequences/DFD_manipulated_sequences/21_25__outside_talking_pan_laughing__NFBISHIN.mp4,1,495,1920,1080,h264,4.57,DeepFake,DeepFakeDetection,DFD_SOURCE_21,DFD_SOURCE_21,,DFD_SOURCE_21,,train
DFD_0002853,DeepFakeDetection (DFD),raw/DFD/DFD_manipulated_sequences/DFD_manipulated_sequences/21_25__podium_speech_happy__NFBISHIN.mp4,1,1579,1920,1080,h264,9.52,DeepFake,DeepFakeDetection,DFD_SOURCE_21,DFD_SOURCE_21,,DFD_SOURCE_21,,train
DFD_0002854,DeepFakeDetection (DFD),raw/DFD/DFD_manipulated_sequences/DFD_manipulated_sequences/21_25__talking_against_wall__NFBISHIN.mp4,1,906,1920,1080,h264,3.86,DeepFake,DeepFakeDetection,DFD_SOURCE_21,DFD_SOURCE_21,,DFD_SOURCE_21,,train
DFD_0002855,DeepFakeDetection (DFD),raw/DFD/DFD_manipulated_sequences/DFD_manipulated_sequences/21_25__talking_angry_couch__NFBISHIN.mp4,1,1269,1920,1080,h264,10.41,DeepFake,DeepFakeDetection,DFD_SOURCE_21,DFD_SOURCE_21,,DFD_SOURCE_21,,train
DFD_0002856,DeepFakeDetection (DFD),raw/DFD/DFD_manipulated_sequences/DFD_manipulated_sequences/21_25__walk_down_hall_angry__NFBISHIN.mp4,1,363,1920,1080,h264,1.98,DeepFake,DeepFakeDetection,DFD_SOURCE_21,DFD_SOURCE_21,,DFD_SOURCE_21,,train
DFD_0002857,DeepFakeDetection (DFD),raw/DFD/DFD_manipulated_sequences/DFD_manipulated_sequences/21_25__walking_and_outside_surprised__NFBISHIN.mp4,1,1015,1920,1080,h264,17.45,DeepFake,DeepFakeDetection,DFD_SOURCE_21,DFD_SOURCE_21,,DFD_SOURCE_21,,train
DFD_0002858,DeepFakeDetection (DFD),raw/DFD/DFD_manipulated_sequences/DFD_manipulated_sequences/21_25__walking_down_indoor_hall_disgust__2R46UX3R.mp4,1,994,1920,1080,h264,13.9,DeepFake,DeepFakeDetection,DFD_SOURCE_21,DFD_SOURCE_21,,DFD_SOURCE_21,,train
DFD_0002859,DeepFakeDetection (DFD),raw/DFD/DFD_manipulated_sequences/DFD_manipulated_sequences/21_25__walking_down_street_outside_angry__2R46UX3R.mp4,1,497,1920,1080,h264,3.9,DeepFake,DeepFakeDetection,DFD_SOURCE_21,DFD_SOURCE_21,,DFD_SOURCE_21,,train
DFD_0002860,DeepFakeDetection (DFD),raw/DFD/DFD_manipulated_sequences/DFD_manipulated_sequences/21_25__walking_down_street_outside_angry__NFBISHIN.mp4,1,477,1920,1080,h264,3.75,DeepFake,DeepFakeDetection,DFD_SOURCE_21,DFD_SOURCE_21,,DFD_SOURCE_21,,train
DFD_0002861,DeepFakeDetection (DFD),raw/DFD/DFD_manipulated_sequences/DFD_manipulated_sequences/21_25__walking_outside_cafe_disgusted__2R46UX3R.mp4,1,413,1920,1080,h264,2.79,DeepFake,DeepFakeDetection,DFD_SOURCE_21,DFD_SOURCE_21,,DFD_SOURCE_21,,train
DFD_0002862,DeepFakeDetection (DFD),raw/DFD/DFD_manipulated_sequences/DFD_manipulated_sequences/21_25__walking_outside_cafe_disgusted__NFBISHIN.mp4,1,374,1920,1080,h264,2.54,DeepFake,DeepFakeDetection,DFD_SOURCE_21,DFD_SOURCE_21,,DFD_SOURCE_21,,train
DFD_0002981,DeepFakeDetection (DFD),raw/DFD/DFD_manipulated_sequences/DFD_manipulated_sequences/24_10__walking_down_street_outside_angry__356HPS7R.mp4,1,941,1920,1080,h264,7.74,DeepFake,DeepFakeDetection,DFD_SOURCE_24,DFD_SOURCE_24,,DFD_SOURCE_24,,train
DFD_0002982,DeepFakeDetection (DFD),raw/DFD/DFD_manipulated_sequences/DFD_manipulated_sequences/24_19__exit_phone_room__0ZFOV5ZE.mp4,1,494,1920,1080,h264,2.8,DeepFake,DeepFakeDetection,DFD_SOURCE_24,DFD_SOURCE_24,,DFD_SOURCE_24,,train
DFD_0002983,DeepFakeDetection (DFD),raw/DFD/DFD_manipulated_sequences/DFD_manipulated_sequences/24_19__exit_phone_room__59PN7WZ2.mp4,1,541,1920,1080,h264,3.17,DeepFake,DeepFakeDetection,DFD_SOURCE_24,DFD_SOURCE_24,,DFD_SOURCE_24,,train
DFD_0002984,DeepFakeDetection (DFD),raw/DFD/DFD_manipulated_sequences/DFD_manipulated_sequences/24_19__exit_phone_room__QD5K7BP2.mp4,1,516,1920,1080,h264,3.09,DeepFake,DeepFakeDetection,DFD_SOURCE_24,DFD_SOURCE_24,,DFD_SOURCE_24,,train
DFD_0002985,DeepFakeDetection (DFD),raw/DFD/DFD_manipulated_sequences/DFD_manipulated_sequences/24_19__kitchen_pan__QD5K7BP2.mp4,1,721,1920,1080,h264,5.08,DeepFake,DeepFakeDetection,DFD_SOURCE_24,DFD_SOURCE_24,,DFD_SOURCE_24,,train
DFD_0002986,DeepFakeDetection (DFD),raw/DFD/DFD_manipulated_sequences/DFD_manipulated_sequences/24_19__kitchen_still__RKQTC50P.mp4,1,779,1920,1080,h264,5.95,DeepFake,DeepFakeDetection,DFD_SOURCE_24,DFD_SOURCE_24,,DFD_SOURCE_24,,train
DFD_0002987,DeepFakeDetection (DFD),raw/DFD/DFD_manipulated_sequences/DFD_manipulated_sequences/24_19__outside_talking_pan_laughing__59PN7WZ2.mp4,1,653,1920,1080,h264,5.83,DeepFake,DeepFakeDetection,DFD_SOURCE_24,DFD_SOURCE_24,,DFD_SOURCE_24,,train
DFD_0002988,DeepFakeDetection (DFD),raw/DFD/DFD_manipulated_sequences/DFD_manipulated_sequences/24_19__outside_talking_pan_laughing__LVZNRK9S.mp4,1,651,1920,1080,h264,5.85,DeepFake,DeepFakeDetection,DFD_SOURCE_24,DFD_SOURCE_24,,DFD_SOURCE_24,,train
DFD_0002989,DeepFakeDetection (DFD),raw/DFD/DFD_manipulated_sequences/DFD_manipulated_sequences/24_19__outside_talking_pan_laughing__W1DEM0XM.mp4,1,663,1920,1080,h264,5.92,DeepFake,DeepFakeDetection,DFD_SOURCE_24,DFD_SOURCE_24,,DFD_SOURCE_24,,train
DFD_0002990,DeepFakeDetection (DFD),raw/DFD/DFD_manipulated_sequences/DFD_manipulated_sequences/24_19__outside_talking_still_laughing__59PN7WZ2.mp4,1,842,1920,1080,h264,5.14,DeepFake,DeepFakeDetection,DFD_SOURCE_24,DFD_SOURCE_24,,DFD_SOURCE_24,,train
DFD_0002991,DeepFakeDetection (DFD),raw/DFD/DFD_manipulated_sequences/DFD_manipulated_sequences/24_19__outside_talking_still_laughing__NPZW2Z9L.mp4,1,837,1920,1080,h264,5.13,DeepFake,DeepFakeDetection,DFD_SOURCE_24,DFD_SOURCE_24,,DFD_SOURCE_24,,train
DFD_0002992,DeepFakeDetection (DFD),raw/DFD/DFD_manipulated_sequences/DFD_manipulated_sequences/24_19__outside_talking_still_laughing__RKQTC50P.mp4,1,844,1920,1080,h264,5.17,DeepFake,DeepFakeDetection,DFD_SOURCE_24,DFD_SOURCE_24,,DFD_SOURCE_24,,train
DFD_0002993,DeepFakeDetection (DFD),raw/DFD/DFD_manipulated_sequences/DFD_manipulated_sequences/24_19__podium_speech_happy__OF8LF68K.mp4,1,1117,1920,1080,h264,8.38,DeepFake,DeepFakeDetection,DFD_SOURCE_24,DFD_SOURCE_24,,DFD_SOURCE_24,,train
DFD_0002994,DeepFakeDetection (DFD),raw/DFD/DFD_manipulated_sequences/DFD_manipulated_sequences/24_19__podium_speech_happy__QD5K7BP2.mp4,1,1117,1920,1080,h264,8.32,DeepFake,DeepFakeDetection,DFD_SOURCE_24,DFD_SOURCE_24,,DFD_SOURCE_24,,train
DFD_0002995,DeepFakeDetection (DFD),raw/DFD/DFD_manipulated_sequences/DFD_manipulated_sequences/24_19__secret_conversation__LVZNRK9S.mp4,1,415,1920,1080,h264,2.69,DeepFake,DeepFakeDetection,DFD_SOURCE_24,DFD_SOURCE_24,,DFD_SOURCE_24,,train
DFD_0002996,DeepFakeDetection (DFD),raw/DFD/DFD_manipulated_sequences/DFD_manipulated_sequences/24_19__secret_conversation__NPZW2Z9L.mp4,1,11,1920,1080,h264,0.17,DeepFake,DeepFakeDetection,DFD_SOURCE_24,DFD_SOURCE_24,,DFD_SOURCE_24,,train
DFD_0002997,DeepFakeDetection (DFD),raw/DFD/DFD_manipulated_sequences/DFD_manipulated_sequences/24_19__secret_conversation__QD5K7BP2.mp4,1,13,1920,1080,h264,0.18,DeepFake,DeepFakeDetection,DFD_SOURCE_24,DFD_SOURCE_24,,DFD_SOURCE_24,,train
DFD_0002998,DeepFakeDetection (DFD),raw/DFD/DFD_manipulated_sequences/DFD_manipulated_sequences/24_19__talking_against_wall__QD5K7BP2.mp4,1,1072,1920,1080,h264,4.82,DeepFake,DeepFakeDetection,DFD_SOURCE_24,DFD_SOURCE_24,,DFD_SOURCE_24,,train
DFD_0002999,DeepFakeDetection (DFD),raw/DFD/DFD_manipulated_sequences/DFD_manipulated_sequences/24_19__talking_angry_couch__0ZFOV5ZE.mp4,1,1160,1920,1080,h264,12.05,DeepFake,DeepFakeDetection,DFD_SOURCE_24,DFD_SOURCE_24,,DFD_SOURCE_24,,train
DFD_0003000,DeepFakeDetection (DFD),raw/DFD/DFD_manipulated_sequences/DFD_manipulated_sequences/24_19__walk_down_hall_angry__59PN7WZ2.mp4,1,413,1920,1080,h264,2.12,DeepFake,DeepFakeDetection,DFD_SOURCE_24,DFD_SOURCE_24,,DFD_SOURCE_24,,train
DFD_0003001,DeepFakeDetection (DFD),raw/DFD/DFD_manipulated_sequences/DFD_manipulated_sequences/24_19__walk_down_hall_angry__OF8LF68K.mp4,1,398,1920,1080,h264,2.05,DeepFake,DeepFakeDetection,DFD_SOURCE_24,DFD_SOURCE_24,,DFD_SOURCE_24,,train
DFD_0003002,DeepFakeDetection (DFD),raw/DFD/DFD_manipulated_sequences/DFD_manipulated_sequences/24_19__walk_down_hall_angry__QD5K7BP2.mp4,1,400,1920,1080,h264,2.08,DeepFake,DeepFakeDetection,DFD_SOURCE_24,DFD_SOURCE_24,,DFD_SOURCE_24,,train
DFD_0003003,DeepFakeDetection (DFD),raw/DFD/DFD_manipulated_sequences/DFD_manipulated_sequences/24_19__walking_down_street_outside_angry__59PN7WZ2.mp4,1,941,1920,1080,h264,7.72,DeepFake,DeepFakeDetection,DFD_SOURCE_24,DFD_SOURCE_24,,DFD_SOURCE_24,,train
DFD_0003004,DeepFakeDetection (DFD),raw/DFD/DFD_manipulated_sequences/DFD_manipulated_sequences/24_19__walking_down_street_outside_angry__GNHYZ84G.mp4,1,924,1920,1080,h264,7.63,DeepFake,DeepFakeDetection,DFD_SOURCE_24,DFD_SOURCE_24,,DFD_SOURCE_24,,train
DFD_0003005,DeepFakeDetection (DFD),raw/DFD/DFD_manipulated_sequences/DFD_manipulated_sequences/24_19__walking_down_street_outside_angry__QD5K7BP2.mp4,1,924,1920,1080,h264,7.64,DeepFake,DeepFakeDetection,DFD_SOURCE_24,DFD_SOURCE_24,,DFD_SOURCE_24,,train
DFD_0003006,DeepFakeDetection (DFD),raw/DFD/DFD_manipulated_sequences/DFD_manipulated_sequences/24_19__walking_outside_cafe_disgusted__GNHYZ84G.mp4,1,731,1920,1080,h264,4.7,DeepFake,DeepFakeDetection,DFD_SOURCE_24,DFD_SOURCE_24,,DFD_SOURCE_24,,train
DFD_0003007,DeepFakeDetection (DFD),raw/DFD/DFD_manipulated_sequences/DFD_manipulated_sequences/24_19__walking_outside_cafe_disgusted__NPZW2Z9L.mp4,1,745,1920,1080,h264,4.82,DeepFake,DeepFakeDetection,DFD_SOURCE_24,DFD_SOURCE_24,,DFD_SOURCE_24,,train
DFD_0003008,DeepFakeDetection (DFD),raw/DFD/DFD_manipulated_sequences/DFD_manipulated_sequences/24_22__kitchen_pan__XL557XC6.mp4,1,741,1920,1080,h264,5.16,DeepFake,DeepFakeDetection,DFD_SOURCE_24,DFD_SOURCE_24,,DFD_SOURCE_24,,train
DFD_0003009,DeepFakeDetection (DFD),raw/DFD/DFD_manipulated_sequences/DFD_manipulated_sequences/24_22__kitchen_still__7E3GY85F.mp4,1,786,1920,1080,h264,6.02,DeepFake,DeepFakeDetection,DFD_SOURCE_24,DFD_SOURCE_24,,DFD_SOURCE_24,,train
DFD_0003010,DeepFakeDetection (DFD),raw/DFD/DFD_manipulated_sequences/DFD_manipulated_sequences/24_22__outside_talking_pan_laughing__XL557XC6.mp4,1,660,1920,1080,h264,6.0,DeepFake,DeepFakeDetection,DFD_SOURCE_24,DFD_SOURCE_24,,DFD_SOURCE_24,,train
DFD_0003011,DeepFakeDetection (DFD),raw/DFD/DFD_manipulated_sequences/DFD_manipulated_sequences/24_22__outside_talking_still_laughing__XL557XC6.mp4,1,853,1920,1080,h264,5.24,DeepFake,DeepFakeDetection,DFD_SOURCE_24,DFD_SOURCE_24,,DFD_SOURCE_24,,train
DFD_0003012,DeepFakeDetection (DFD),raw/DFD/DFD_manipulated_sequences/DFD_manipulated_sequences/24_22__talking_against_wall__7E3GY85F.mp4,1,1070,1920,1080,h264,4.78,DeepFake,DeepFakeDetection,DFD_SOURCE_24,DFD_SOURCE_24,,DFD_SOURCE_24,,train
DFD_0003013,DeepFakeDetection (DFD),raw/DFD/DFD_manipulated_sequences/DFD_manipulated_sequences/24_22__talking_against_wall__XL557XC6.mp4,1,1081,1920,1080,h264,4.87,DeepFake,DeepFakeDetection,DFD_SOURCE_24,DFD_SOURCE_24,,DFD_SOURCE_24,,train
DFD_0003014,DeepFakeDetection (DFD),raw/DFD/DFD_manipulated_sequences/DFD_manipulated_sequences/24_22__talking_angry_couch__7E3GY85F.mp4,1,1160,1920,1080,h264,12.02,DeepFake,DeepFakeDetection,DFD_SOURCE_24,DFD_SOURCE_24,,DFD_SOURCE_24,,train
DFD_0003015,DeepFakeDetection (DFD),raw/DFD/DFD_manipulated_sequences/DFD_manipulated_sequences/24_22__talking_angry_couch__XL557XC6.mp4,1,1165,1920,1080,h264,12.18,DeepFake,DeepFakeDetection,DFD_SOURCE_24,DFD_SOURCE_24,,DFD_SOURCE_24,,train
DFD_0003016,DeepFakeDetection (DFD),raw/DFD/DFD_manipulated_sequences/DFD_manipulated_sequences/24_22__walk_down_hall_angry__7E3GY85F.mp4,1,399,1920,1080,h264,2.09,DeepFake,DeepFakeDetection,DFD_SOURCE_24,DFD_SOURCE_24,,DFD_SOURCE_24,,train
DFD_0003017,DeepFakeDetection (DFD),raw/DFD/DFD_manipulated_sequences/DFD_manipulated_sequences/24_22__walking_down_street_outside_angry__7E3GY85F.mp4,1,941,1920,1080,h264,7.78,DeepFake,DeepFakeDetection,DFD_SOURCE_24,DFD_SOURCE_24,,DFD_SOURCE_24,,train
DFD_0003018,DeepFakeDetection (DFD),raw/DFD/DFD_manipulated_sequences/DFD_manipulated_sequences/24_22__walking_down_street_outside_angry__XL557XC6.mp4,1,907,1920,1080,h264,7.41,DeepFake,DeepFakeDetection,DFD_SOURCE_24,DFD_SOURCE_24,,DFD_SOURCE_24,,train
DFD_0003019,DeepFakeDetection (DFD),raw/DFD/DFD_manipulated_sequences/DFD_manipulated_sequences/24_22__walking_outside_cafe_disgusted__XL557XC6.mp4,1,721,1920,1080,h264,4.65,DeepFake,DeepFakeDetection,DFD_SOURCE_24,DFD_SOURCE_24,,DFD_SOURCE_24,,train
DFD_0003020,DeepFakeDetection (DFD),raw/DFD/DFD_manipulated_sequences/DFD_manipulated_sequences/24_23__kitchen_pan__YR5OVD4S.mp4,1,753,1920,1080,h264,5.32,DeepFake,DeepFakeDetection,DFD_SOURCE_24,DFD_SOURCE_24,,DFD_SOURCE_24,,train
DFD_0003021,DeepFakeDetection (DFD),raw/DFD/DFD_manipulated_sequences/DFD_manipulated_sequences/24_23__kitchen_still__MDSDXSNU.mp4,1,716,1920,1080,h264,5.62,DeepFake,DeepFakeDetection,DFD_SOURCE_24,DFD_SOURCE_24,,DFD_SOURCE_24,,train
DFD_0003022,DeepFakeDetection (DFD),raw/DFD/DFD_manipulated_sequences/DFD_manipulated_sequences/24_23__kitchen_still__YR5OVD4S.mp4,1,784,1920,1080,h264,6.08,DeepFake,DeepFakeDetection,DFD_SOURCE_24,DFD_SOURCE_24,,DFD_SOURCE_24,,train
DFD_0003023,DeepFakeDetection (DFD),raw/DFD/DFD_manipulated_sequences/DFD_manipulated_sequences/24_23__outside_talking_still_laughing__YR5OVD4S.mp4,1,849,1920,1080,h264,5.21,DeepFake,DeepFakeDetection,DFD_SOURCE_24,DFD_SOURCE_24,,DFD_SOURCE_24,,train
DFD_0003024,DeepFakeDetection (DFD),raw/DFD/DFD_manipulated_sequences/DFD_manipulated_sequences/24_23__podium_speech_happy__YR5OVD4S.mp4,1,1122,1920,1080,h264,8.3,DeepFake,DeepFakeDetection,DFD_SOURCE_24,DFD_SOURCE_24,,DFD_SOURCE_24,,train
DFD_0003025,DeepFakeDetection (DFD),raw/DFD/DFD_manipulated_sequences/DFD_manipulated_sequences/24_23__talking_against_wall__YR5OVD4S.mp4,1,1079,1920,1080,h264,4.81,DeepFake,DeepFakeDetection,DFD_SOURCE_24,DFD_SOURCE_24,,DFD_SOURCE_24,,train
DFD_0003026,DeepFakeDetection (DFD),raw/DFD/DFD_manipulated_sequences/DFD_manipulated_sequences/24_23__talking_angry_couch__MDSDXSNU.mp4,1,1162,1920,1080,h264,12.1,DeepFake,DeepFakeDetection,DFD_SOURCE_24,DFD_SOURCE_24,,DFD_SOURCE_24,,train
DFD_0003027,DeepFakeDetection (DFD),raw/DFD/DFD_manipulated_sequences/DFD_manipulated_sequences/24_23__talking_angry_couch__YR5OVD4S.mp4,1,1172,1920,1080,h264,12.22,DeepFake,DeepFakeDetection,DFD_SOURCE_24,DFD_SOURCE_24,,DFD_SOURCE_24,,train
DFD_0003028,DeepFakeDetection (DFD),raw/DFD/DFD_manipulated_sequences/DFD_manipulated_sequences/24_23__walking_down_street_outside_angry__YR5OVD4S.mp4,1,906,1920,1080,h264,7.48,DeepFake,DeepFakeDetection,DFD_SOURCE_24,DFD_SOURCE_24,,DFD_SOURCE_24,,train
DFD_0003029,DeepFakeDetection (DFD),raw/DFD/DFD_manipulated_sequences/DFD_manipulated_sequences/25_02__exit_phone_room__Z7FQ69VP.mp4,1,387,1920,1080,h264,2.39,DeepFake,DeepFakeDetection,DFD_SOURCE_25,DFD_SOURCE_25,,DFD_SOURCE_25,,train
DFD_0003030,DeepFakeDetection (DFD),raw/DFD/DFD_manipulated_sequences/DFD_manipulated_sequences/25_02__outside_talking_pan_laughing__Z7FQ69VP.mp4,1,291,1920,1080,h264,3.03,DeepFake,DeepFakeDetection,DFD_SOURCE_25,DFD_SOURCE_25,,DFD_SOURCE_25,,train
DFD_0003031,DeepFakeDetection (DFD),raw/DFD/DFD_manipulated_sequences/DFD_manipulated_sequences/25_02__outside_talking_still_laughing__Z7FQ69VP.mp4,1,340,1920,1080,h264,2.81,DeepFake,DeepFakeDetection,DFD_SOURCE_25,DFD_SOURCE_25,,DFD_SOURCE_25,,train
DFD_0003032,DeepFakeDetection (DFD),raw/DFD/DFD_manipulated_sequences/DFD_manipulated_sequences/25_02__secret_conversation__Z7FQ69VP.mp4,1,163,1920,1080,h264,1.47,DeepFake,DeepFakeDetection,DFD_SOURCE_25,DFD_SOURCE_25,,DFD_SOURCE_25,,train
DFD_0003033,DeepFakeDetection (DFD),raw/DFD/DFD_manipulated_sequences/DFD_manipulated_sequences/25_02__talking_against_wall__Z7FQ69VP.mp4,1,234,1920,1080,h264,1.88,DeepFake,DeepFakeDetection,DFD_SOURCE_25,DFD_SOURCE_25,,DFD_SOURCE_25,,train
DFD_0003034,DeepFakeDetection (DFD),raw/DFD/DFD_manipulated_sequences/DFD_manipulated_sequences/25_02__walking_down_street_outside_angry__Z7FQ69VP.mp4,1,369,1920,1080,h264,2.73,DeepFake,DeepFakeDetection,DFD_SOURCE_25,DFD_SOURCE_25,,DFD_SOURCE_25,,train
DFD_0003035,DeepFakeDetection (DFD),raw/DFD/DFD_manipulated_sequences/DFD_manipulated_sequences/25_02__walking_outside_cafe_disgusted__Z7FQ69VP.mp4,1,304,1920,1080,h264,2.26,DeepFake,DeepFakeDetection,DFD_SOURCE_25,DFD_SOURCE_25,,DFD_SOURCE_25,,train
DFD_0003036,DeepFakeDetection (DFD),raw/DFD/DFD_manipulated_sequences/DFD_manipulated_sequences/25_06__exit_phone_room__MI9BDQ7M.mp4,1,322,1920,1080,h264,2.0,DeepFake,DeepFakeDetection,DFD_SOURCE_25,DFD_SOURCE_25,,DFD_SOURCE_25,,train
DFD_0003037,DeepFakeDetection (DFD),raw/DFD/DFD_manipulated_sequences/DFD_manipulated_sequences/25_06__outside_talking_pan_laughing__3QQBVBYN.mp4,1,284,1920,1080,h264,3.01,DeepFake,DeepFakeDetection,DFD_SOURCE_25,DFD_SOURCE_25,,DFD_SOURCE_25,,train
DFD_0003038,DeepFakeDetection (DFD),raw/DFD/DFD_manipulated_sequences/DFD_manipulated_sequences/25_06__outside_talking_pan_laughing__MI9BDQ7M.mp4,1,291,1920,1080,h264,3.05,DeepFake,DeepFakeDetection,DFD_SOURCE_25,DFD_SOURCE_25,,DFD_SOURCE_25,,train
DFD_0003039,DeepFakeDetection (DFD),raw/DFD/DFD_manipulated_sequences/DFD_manipulated_sequences/25_06__outside_talking_still_laughing__3QQBVBYN.mp4,1,351,1920,1080,h264,2.89,DeepFake,DeepFakeDetection,DFD_SOURCE_25,DFD_SOURCE_25,,DFD_SOURCE_25,,train
DFD_0003040,DeepFakeDetection (DFD),raw/DFD/DFD_manipulated_sequences/DFD_manipulated_sequences/25_06__outside_talking_still_laughing__MI9BDQ7M.mp4,1,354,1920,1080,h264,2.92,DeepFake,DeepFakeDetection,DFD_SOURCE_25,DFD_SOURCE_25,,DFD_SOURCE_25,,train
DFD_0003041,DeepFakeDetection (DFD),raw/DFD/DFD_manipulated_sequences/DFD_manipulated_sequences/25_06__secret_conversation__3QQBVBYN.mp4,1,510,1920,1080,h264,4.35,DeepFake,DeepFakeDetection,DFD_SOURCE_25,DFD_SOURCE_25,,DFD_SOURCE_25,,train
DFD_0003042,DeepFakeDetection (DFD),raw/DFD/DFD_manipulated_sequences/DFD_manipulated_sequences/25_06__walk_down_hall_angry__3QQBVBYN.mp4,1,442,1920,1080,h264,2.49,DeepFake,DeepFakeDetection,DFD_SOURCE_25,DFD_SOURCE_25,,DFD_SOURCE_25,,train
DFD_0003043,DeepFakeDetection (DFD),raw/DFD/DFD_manipulated_sequences/DFD_manipulated_sequences/25_07__exit_phone_room__IKMKYKPG.mp4,1,328,1920,1080,h264,2.06,DeepFake,DeepFakeDetection,DFD_SOURCE_25,DFD_SOURCE_25,,DFD_SOURCE_25,,train
DFD_0003044,DeepFakeDetection (DFD),raw/DFD/DFD_manipulated_sequences/DFD_manipulated_sequences/25_07__outside_talking_pan_laughing__IKMKYKPG.mp4,1,279,1920,1080,h264,2.96,DeepFake,DeepFakeDetection,DFD_SOURCE_25,DFD_SOURCE_25,,DFD_SOURCE_25,,train
DFD_0003045,DeepFakeDetection (DFD),raw/DFD/DFD_manipulated_sequences/DFD_manipulated_sequences/25_07__outside_talking_pan_laughing__LZYKF7LK.mp4,1,287,1920,1080,h264,3.01,DeepFake,DeepFakeDetection,DFD_SOURCE_25,DFD_SOURCE_25,,DFD_SOURCE_25,,train
DFD_0003046,DeepFakeDetection (DFD),raw/DFD/DFD_manipulated_sequences/DFD_manipulated_sequences/25_07__walk_down_hall_angry__PAE9HCA8.mp4,1,432,1920,1080,h264,2.44,DeepFake,DeepFakeDetection,DFD_SOURCE_25,DFD_SOURCE_25,,DFD_SOURCE_25,,train
DFD_0003047,DeepFakeDetection (DFD),raw/DFD/DFD_manipulated_sequences/DFD_manipulated_sequences/25_07__walking_down_street_outside_angry__IKMKYKPG.mp4,1,362,1920,1080,h264,2.7,DeepFake,DeepFakeDetection,DFD_SOURCE_25,DFD_SOURCE_25,,DFD_SOURCE_25,,train
DFD_0003048,DeepFakeDetection (DFD),raw/DFD/DFD_manipulated_sequences/DFD_manipulated_sequences/25_07__walking_outside_cafe_disgusted__PAE9HCA8.mp4,1,275,1920,1080,h264,2.03,DeepFake,DeepFakeDetection,DFD_SOURCE_25,DFD_SOURCE_25,,DFD_SOURCE_25,,train
DFD_0003049,DeepFakeDetection (DFD),raw/DFD/DFD_manipulated_sequences/DFD_manipulated_sequences/25_09__outside_talking_pan_laughing__ODAQ7BZL.mp4,1,293,1920,1080,h264,3.07,DeepFake,DeepFakeDetection,DFD_SOURCE_25,DFD_SOURCE_25,,DFD_SOURCE_25,,train
DFD_0003050,DeepFakeDetection (DFD),raw/DFD/DFD_manipulated_sequences/DFD_manipulated_sequences/25_09__outside_talking_still_laughing__ODAQ7BZL.mp4,1,317,1920,1080,h264,2.66,DeepFake,DeepFakeDetection,DFD_SOURCE_25,DFD_SOURCE_25,,DFD_SOURCE_25,,train
DFD_0003051,DeepFakeDetection (DFD),raw/DFD/DFD_manipulated_sequences/DFD_manipulated_sequences/25_09__secret_conversation__ODAQ7BZL.mp4,1,489,1920,1080,h264,4.05,DeepFake,DeepFakeDetection,DFD_SOURCE_25,DFD_SOURCE_25,,DFD_SOURCE_25,,train
DFD_0003052,DeepFakeDetection (DFD),raw/DFD/DFD_manipulated_sequences/DFD_manipulated_sequences/25_09__talking_against_wall__ODAQ7BZL.mp4,1,227,1920,1080,h264,1.77,DeepFake,DeepFakeDetection,DFD_SOURCE_25,DFD_SOURCE_25,,DFD_SOURCE_25,,train
DFD_0003053,DeepFakeDetection (DFD),raw/DFD/DFD_manipulated_sequences/DFD_manipulated_sequences/25_09__walking_down_street_outside_angry__5041ODBN.mp4,1,355,1920,1080,h264,2.48,DeepFake,DeepFakeDetection,DFD_SOURCE_25,DFD_SOURCE_25,,DFD_SOURCE_25,,train
DFD_0003054,DeepFakeDetection (DFD),raw/DFD/DFD_manipulated_sequences/DFD_manipulated_sequences/25_09__walking_outside_cafe_disgusted__5041ODBN.mp4,1,293,1920,1080,h264,2.2,DeepFake,DeepFakeDetection,DFD_SOURCE_25,DFD_SOURCE_25,,DFD_SOURCE_25,,train
DFD_0003055,DeepFakeDetection (DFD),raw/DFD/DFD_manipulated_sequences/DFD_manipulated_sequences/25_09__walking_outside_cafe_disgusted__ODAQ7BZL.mp4,1,264,1920,1080,h264,1.94,DeepFake,DeepFakeDetection,DFD_SOURCE_25,DFD_SOURCE_25,,DFD_SOURCE_25,,train
DFD_0003056,DeepFakeDetection (DFD),raw/DFD/DFD_manipulated_sequences/DFD_manipulated_sequences/25_11__podium_speech_happy__JX0SAMTC.mp4,1,1514,1920,1080,h264,10.86,DeepFake,DeepFakeDetection,DFD_SOURCE_25,DFD_SOURCE_25,,DFD_SOURCE_25,,train
DFD_0003057,DeepFakeDetection (DFD),raw/DFD/DFD_manipulated_sequences/DFD_manipulated_sequences/25_11__walk_down_hall_angry__JX0SAMTC.mp4,1,467,1920,1080,h264,2.71,DeepFake,DeepFakeDetection,DFD_SOURCE_25,DFD_SOURCE_25,,DFD_SOURCE_25,,train
DFD_0003058,DeepFakeDetection (DFD),raw/DFD/DFD_manipulated_sequences/DFD_manipulated_sequences/25_12__outside_talking_pan_laughing__0SA36BZ5.mp4,1,211,1920,1080,h264,2.27,DeepFake,DeepFakeDetection,DFD_SOURCE_25,DFD_SOURCE_25,,DFD_SOURCE_25,,train
DFD_0003059,DeepFakeDetection (DFD),raw/DFD/DFD_manipulated_sequences/DFD_manipulated_sequences/25_12__outside_talking_still_laughing__3PS32GAH.mp4,1,284,1920,1080,h264,2.4,DeepFake,DeepFakeDetection,DFD_SOURCE_25,DFD_SOURCE_25,,DFD_SOURCE_25,,train
DFD_0003060,DeepFakeDetection (DFD),raw/DFD/DFD_manipulated_sequences/DFD_manipulated_sequences/25_12__secret_conversation__0SA36BZ5.mp4,1,59,1920,1080,h264,0.6,DeepFake,DeepFakeDetection,DFD_SOURCE_25,DFD_SOURCE_25,,DFD_SOURCE_25,,train
DFD_0003061,DeepFakeDetection (DFD),raw/DFD/DFD_manipulated_sequences/DFD_manipulated_sequences/25_12__secret_conversation__MA71PDNV.mp4,1,143,1920,1080,h264,1.32,DeepFake,DeepFakeDetection,DFD_SOURCE_25,DFD_SOURCE_25,,DFD_SOURCE_25,,train
DFD_0003062,DeepFakeDetection (DFD),raw/DFD/DFD_manipulated_sequences/DFD_manipulated_sequences/25_12__walk_down_hall_angry__I2X1XTCC.mp4,1,429,1920,1080,h264,2.41,DeepFake,DeepFakeDetection,DFD_SOURCE_25,DFD_SOURCE_25,,DFD_SOURCE_25,,train
DFD_0003063,DeepFakeDetection (DFD),raw/DFD/DFD_manipulated_sequences/DFD_manipulated_sequences/25_12__walking_down_street_outside_angry__MA71PDNV.mp4,1,264,1920,1080,h264,1.91,DeepFake,DeepFakeDetection,DFD_SOURCE_25,DFD_SOURCE_25,,DFD_SOURCE_25,,train
DFD_0003064,DeepFakeDetection (DFD),raw/DFD/DFD_manipulated_sequences/DFD_manipulated_sequences/25_12__walking_outside_cafe_disgusted__3PS32GAH.mp4,1,278,1920,1080,h264,2.1,DeepFake,DeepFakeDetection,DFD_SOURCE_25,DFD_SOURCE_25,,DFD_SOURCE_25,,train
DFD_0003065,DeepFakeDetection (DFD),raw/DFD/DFD_manipulated_sequences/DFD_manipulated_sequences/25_12__walking_outside_cafe_disgusted__FQE07ND1.mp4,1,48,1920,1080,h264,0.5,DeepFake,DeepFakeDetection,DFD_SOURCE_25,DFD_SOURCE_25,,DFD_SOURCE_25,,train
DFD_0003066,DeepFakeDetection (DFD),raw/DFD/DFD_manipulated_sequences/DFD_manipulated_sequences/25_12__walking_outside_cafe_disgusted__G26LG5N7.mp4,1,278,1920,1080,h264,2.09,DeepFake,DeepFakeDetection,DFD_SOURCE_25,DFD_SOURCE_25,,DFD_SOURCE_25,,train
DFD_0003067,DeepFakeDetection (DFD),raw/DFD/DFD_manipulated_sequences/DFD_manipulated_sequences/25_13__exit_phone_room__7YMTAF29.mp4,1,344,1920,1080,h264,2.07,DeepFake,DeepFakeDetection,DFD_SOURCE_25,DFD_SOURCE_25,,DFD_SOURCE_25,,train
DFD_0003068,DeepFakeDetection (DFD),raw/DFD/DFD_manipulated_sequences/DFD_manipulated_sequences/25_13__outside_talking_pan_laughing__PBM86HKZ.mp4,1,294,1920,1080,h264,3.05,DeepFake,DeepFakeDetection,DFD_SOURCE_25,DFD_SOURCE_25,,DFD_SOURCE_25,,train
DFD_0003069,DeepFakeDetection (DFD),raw/DFD/DFD_manipulated_sequences/DFD_manipulated_sequences/25_13__outside_talking_still_laughing__IW9OFVMG.mp4,1,336,1920,1080,h264,2.78,DeepFake,DeepFakeDetection,DFD_SOURCE_25,DFD_SOURCE_25,,DFD_SOURCE_25,,train
DFD_0003070,DeepFakeDetection (DFD),raw/DFD/DFD_manipulated_sequences/DFD_manipulated_sequences/25_15__secret_conversation__BXVA6VQB.mp4,1,153,1920,1080,h264,1.36,DeepFake,DeepFakeDetection,DFD_SOURCE_25,DFD_SOURCE_25,,DFD_SOURCE_25,,train
DFD_0003071,DeepFakeDetection (DFD),raw/DFD/DFD_manipulated_sequences/DFD_manipulated_sequences/25_15__walk_down_hall_angry__BXVA6VQB.mp4,1,456,1920,1080,h264,2.61,DeepFake,DeepFakeDetection,DFD_SOURCE_25,DFD_SOURCE_25,,DFD_SOURCE_25,,train
DFD_0003072,DeepFakeDetection (DFD),raw/DFD/DFD_manipulated_sequences/DFD_manipulated_sequences/25_15__walking_down_street_outside_angry__BXVA6VQB.mp4,1,389,1920,1080,h264,2.81,DeepFake,DeepFakeDetection,DFD_SOURCE_25,DFD_SOURCE_25,,DFD_SOURCE_25,,train
DFD_0003073,DeepFakeDetection (DFD),raw/DFD/DFD_manipulated_sequences/DFD_manipulated_sequences/25_15__walking_down_street_outside_angry__FF95NMIQ.mp4,1,394,1920,1080,h264,2.83,DeepFake,DeepFakeDetection,DFD_SOURCE_25,DFD_SOURCE_25,,DFD_SOURCE_25,,train
DFD_0003074,DeepFakeDetection (DFD),raw/DFD/DFD_manipulated_sequences/DFD_manipulated_sequences/25_18__outside_talking_pan_laughing__41UL3HO6.mp4,1,287,1920,1080,h264,3.02,DeepFake,DeepFakeDetection,DFD_SOURCE_25,DFD_SOURCE_25,,DFD_SOURCE_25,,train
DFD_0003075,DeepFakeDetection (DFD),raw/DFD/DFD_manipulated_sequences/DFD_manipulated_sequences/25_18__outside_talking_pan_laughing__SEGFKFJG.mp4,1,295,1920,1080,h264,3.08,DeepFake,DeepFakeDetection,DFD_SOURCE_25,DFD_SOURCE_25,,DFD_SOURCE_25,,train
DFD_0003076,DeepFakeDetection (DFD),raw/DFD/DFD_manipulated_sequences/DFD_manipulated_sequences/25_18__podium_speech_happy__SEGFKFJG.mp4,1,1508,1920,1080,h264,10.68,DeepFake,DeepFakeDetection,DFD_SOURCE_25,DFD_SOURCE_25,,DFD_SOURCE_25,,train
DFD_0003077,DeepFakeDetection (DFD),raw/DFD/DFD_manipulated_sequences/DFD_manipulated_sequences/25_18__talking_against_wall__SEGFKFJG.mp4,1,240,1920,1080,h264,1.85,DeepFake,DeepFakeDetection,DFD_SOURCE_25,DFD_SOURCE_25,,DFD_SOURCE_25,,train
DFD_0003078,DeepFakeDetection (DFD),raw/DFD/DFD_manipulated_sequences/DFD_manipulated_sequences/25_18__walk_down_hall_angry__AUC0HY5T.mp4,1,432,1920,1080,h264,2.51,DeepFake,DeepFakeDetection,DFD_SOURCE_25,DFD_SOURCE_25,,DFD_SOURCE_25,,train
DFD_0003079,DeepFakeDetection (DFD),raw/DFD/DFD_manipulated_sequences/DFD_manipulated_sequences/25_18__walking_down_street_outside_angry__41UL3HO6.mp4,1,329,1920,1080,h264,2.43,DeepFake,DeepFakeDetection,DFD_SOURCE_25,DFD_SOURCE_25,,DFD_SOURCE_25,,train
DFD_0003080,DeepFakeDetection (DFD),raw/DFD/DFD_manipulated_sequences/DFD_manipulated_sequences/25_18__walking_outside_cafe_disgusted__SEGFKFJG.mp4,1,275,1920,1080,h264,2.0,DeepFake,DeepFakeDetection,DFD_SOURCE_25,DFD_SOURCE_25,,DFD_SOURCE_25,,train
DFD_0003081,DeepFakeDetection (DFD),raw/DFD/DFD_manipulated_sequences/DFD_manipulated_sequences/25_20__exit_phone_room__FZHCQNKV.mp4,1,365,1920,1080,h264,2.27,DeepFake,DeepFakeDetection,DFD_SOURCE_25,DFD_SOURCE_25,,DFD_SOURCE_25,,train
DFD_0003082,DeepFakeDetection (DFD),raw/DFD/DFD_manipulated_sequences/DFD_manipulated_sequences/25_20__exit_phone_room__M86GQTHK.mp4,1,350,1920,1080,h264,2.15,DeepFake,DeepFakeDetection,DFD_SOURCE_25,DFD_SOURCE_25,,DFD_SOURCE_25,,train
DFD_0003083,DeepFakeDetection (DFD),raw/DFD/DFD_manipulated_sequences/DFD_manipulated_sequences/25_20__outside_talking_pan_laughing__M86GQTHK.mp4,1,303,1920,1080,h264,3.17,DeepFake,DeepFakeDetection,DFD_SOURCE_25,DFD_SOURCE_25,,DFD_SOURCE_25,,train
DFD_0003084,DeepFakeDetection (DFD),raw/DFD/DFD_manipulated_sequences/DFD_manipulated_sequences/25_20__outside_talking_pan_laughing__NPM0ENKD.mp4,1,298,1920,1080,h264,3.13,DeepFake,DeepFakeDetection,DFD_SOURCE_25,DFD_SOURCE_25,,DFD_SOURCE_25,,train
DFD_0003085,DeepFakeDetection (DFD),raw/DFD/DFD_manipulated_sequences/DFD_manipulated_sequences/25_20__outside_talking_still_laughing__AMY6M1KL.mp4,1,349,1920,1080,h264,2.86,DeepFake,DeepFakeDetection,DFD_SOURCE_25,DFD_SOURCE_25,,DFD_SOURCE_25,,train
DFD_0003086,DeepFakeDetection (DFD),raw/DFD/DFD_manipulated_sequences/DFD_manipulated_sequences/25_20__outside_talking_still_laughing__M786RTSM.mp4,1,345,1920,1080,h264,2.84,DeepFake,DeepFakeDetection,DFD_SOURCE_25,DFD_SOURCE_25,,DFD_SOURCE_25,,train
DFD_0003087,DeepFakeDetection (DFD),raw/DFD/DFD_manipulated_sequences/DFD_manipulated_sequences/25_20__outside_talking_still_laughing__M86GQTHK.mp4,1,356,1920,1080,h264,2.91,DeepFake,DeepFakeDetection,DFD_SOURCE_25,DFD_SOURCE_25,,DFD_SOURCE_25,,train
DFD_0003088,DeepFakeDetection (DFD),raw/DFD/DFD_manipulated_sequences/DFD_manipulated_sequences/25_20__outside_talking_still_laughing__MUS0X71T.mp4,1,352,1920,1080,h264,2.89,DeepFake,DeepFakeDetection,DFD_SOURCE_25,DFD_SOURCE_25,,DFD_SOURCE_25,,train
DFD_0003089,DeepFakeDetection (DFD),raw/DFD/DFD_manipulated_sequences/DFD_manipulated_sequences/25_20__outside_talking_still_laughing__NPM0ENKD.mp4,1,345,1920,1080,h264,2.83,DeepFake,DeepFakeDetection,DFD_SOURCE_25,DFD_SOURCE_25,,DFD_SOURCE_25,,train
DFD_0003090,DeepFakeDetection (DFD),raw/DFD/DFD_manipulated_sequences/DFD_manipulated_sequences/25_20__talking_against_wall__CYKLS79C.mp4,1,220,1920,1080,h264,1.69,DeepFake,DeepFakeDetection,DFD_SOURCE_25,DFD_SOURCE_25,,DFD_SOURCE_25,,train
DFD_0003091,DeepFakeDetection (DFD),raw/DFD/DFD_manipulated_sequences/DFD_manipulated_sequences/25_20__talking_against_wall__MUS0X71T.mp4,1,242,1920,1080,h264,1.89,DeepFake,DeepFakeDetection,DFD_SOURCE_25,DFD_SOURCE_25,,DFD_SOURCE_25,,train
DFD_0003092,DeepFakeDetection (DFD),raw/DFD/DFD_manipulated_sequences/DFD_manipulated_sequences/25_20__talking_against_wall__ZG0SRZOA.mp4,1,233,1920,1080,h264,1.82,DeepFake,DeepFakeDetection,DFD_SOURCE_25,DFD_SOURCE_25,,DFD_SOURCE_25,,train
DFD_0003093,DeepFakeDetection (DFD),raw/DFD/DFD_manipulated_sequences/DFD_manipulated_sequences/25_20__walking_down_street_outside_angry__DW2L6D2V.mp4,1,383,1920,1080,h264,2.8,DeepFake,DeepFakeDetection,DFD_SOURCE_25,DFD_SOURCE_25,,DFD_SOURCE_25,,train
DFD_0003094,DeepFakeDetection (DFD),raw/DFD/DFD_manipulated_sequences/DFD_manipulated_sequences/25_20__walking_outside_cafe_disgusted__AMY6M1KL.mp4,1,273,1920,1080,h264,2.02,DeepFake,DeepFakeDetection,DFD_SOURCE_25,DFD_SOURCE_25,,DFD_SOURCE_25,,train
DFD_0003095,DeepFakeDetection (DFD),raw/DFD/DFD_manipulated_sequences/DFD_manipulated_sequences/25_20__walking_outside_cafe_disgusted__RSCD7KXO.mp4,1,289,1920,1080,h264,2.17,DeepFake,DeepFakeDetection,DFD_SOURCE_25,DFD_SOURCE_25,,DFD_SOURCE_25,,train
DFD_0003096,DeepFakeDetection (DFD),raw/DFD/DFD_manipulated_sequences/DFD_manipulated_sequences/25_21__outside_talking_pan_laughing__2R46UX3R.mp4,1,286,1920,1080,h264,3.04,DeepFake,DeepFakeDetection,DFD_SOURCE_25,DFD_SOURCE_25,,DFD_SOURCE_25,,train
DFD_0003097,DeepFakeDetection (DFD),raw/DFD/DFD_manipulated_sequences/DFD_manipulated_sequences/25_21__outside_talking_pan_laughing__NFBISHIN.mp4,1,297,1920,1080,h264,3.09,DeepFake,DeepFakeDetection,DFD_SOURCE_25,DFD_SOURCE_25,,DFD_SOURCE_25,,train
DFD_0003098,DeepFakeDetection (DFD),raw/DFD/DFD_manipulated_sequences/DFD_manipulated_sequences/25_21__podium_speech_happy__NFBISHIN.mp4,1,1521,1920,1080,h264,10.74,DeepFake,DeepFakeDetection,DFD_SOURCE_25,DFD_SOURCE_25,,DFD_SOURCE_25,,train
DFD_0003099,DeepFakeDetection (DFD),raw/DFD/DFD_manipulated_sequences/DFD_manipulated_sequences/25_21__talking_against_wall__NFBISHIN.mp4,1,215,1920,1080,h264,1.69,DeepFake,DeepFakeDetection,DFD_SOURCE_25,DFD_SOURCE_25,,DFD_SOURCE_25,,train
DFD_0003100,DeepFakeDetection (DFD),raw/DFD/DFD_manipulated_sequences/DFD_manipulated_sequences/25_21__walk_down_hall_angry__NFBISHIN.mp4,1,458,1920,1080,h264,2.64,DeepFake,DeepFakeDetection,DFD_SOURCE_25,DFD_SOURCE_25,,DFD_SOURCE_25,,train
DFD_0003101,DeepFakeDetection (DFD),raw/DFD/DFD_manipulated_sequences/DFD_manipulated_sequences/25_21__walking_down_street_outside_angry__2R46UX3R.mp4,1,374,1920,1080,h264,2.72,DeepFake,DeepFakeDetection,DFD_SOURCE_25,DFD_SOURCE_25,,DFD_SOURCE_25,,train
DFD_0003102,DeepFakeDetection (DFD),raw/DFD/DFD_manipulated_sequences/DFD_manipulated_sequences/25_21__walking_down_street_outside_angry__NFBISHIN.mp4,1,363,1920,1080,h264,2.77,DeepFake,DeepFakeDetection,DFD_SOURCE_25,DFD_SOURCE_25,,DFD_SOURCE_25,,train
DFD_0003103,DeepFakeDetection (DFD),raw/DFD/DFD_manipulated_sequences/DFD_manipulated_sequences/25_21__walking_outside_cafe_disgusted__2R46UX3R.mp4,1,294,1920,1080,h264,2.25,DeepFake,DeepFakeDetection,DFD_SOURCE_25,DFD_SOURCE_25,,DFD_SOURCE_25,,train
DFD_0003104,DeepFakeDetection (DFD),raw/DFD/DFD_manipulated_sequences/DFD_manipulated_sequences/25_21__walking_outside_cafe_disgusted__NFBISHIN.mp4,1,286,1920,1080,h264,2.15,DeepFake,DeepFakeDetection,DFD_SOURCE_25,DFD_SOURCE_25,,DFD_SOURCE_25,,train
DFD_0003105,DeepFakeDetection (DFD),raw/DFD/DFD_manipulated_sequences/DFD_manipulated_sequences/25_26__exit_phone_room__7ZRKCFMS.mp4,1,331,1920,1080,h264,2.06,DeepFake,DeepFakeDetection,DFD_SOURCE_25,DFD_SOURCE_25,,DFD_SOURCE_25,,train
DFD_0003106,DeepFakeDetection (DFD),raw/DFD/DFD_manipulated_sequences/DFD_manipulated_sequences/25_26__outside_talking_pan_laughing__GJT740J9.mp4,1,299,1920,1080,h264,3.11,DeepFake,DeepFakeDetection,DFD_SOURCE_25,DFD_SOURCE_25,,DFD_SOURCE_25,,train
DFD_0003107,DeepFakeDetection (DFD),raw/DFD/DFD_manipulated_sequences/DFD_manipulated_sequences/25_26__outside_talking_still_laughing__0UFFR3U1.mp4,1,343,1920,1080,h264,2.83,DeepFake,DeepFakeDetection,DFD_SOURCE_25,DFD_SOURCE_25,,DFD_SOURCE_25,,train
DFD_0003108,DeepFakeDetection (DFD),raw/DFD/DFD_manipulated_sequences/DFD_manipulated_sequences/25_26__outside_talking_still_laughing__7ZRKCFMS.mp4,1,349,1920,1080,h264,2.9,DeepFake,DeepFakeDetection,DFD_SOURCE_25,DFD_SOURCE_25,,DFD_SOURCE_25,,train
DFD_0003109,DeepFakeDetection (DFD),raw/DFD/DFD_manipulated_sequences/DFD_manipulated_sequences/25_26__outside_talking_still_laughing__8LPKLIRG.mp4,1,361,1920,1080,h264,2.96,DeepFake,DeepFakeDetection,DFD_SOURCE_25,DFD_SOURCE_25,,DFD_SOURCE_25,,train
DFD_0003110,DeepFakeDetection (DFD),raw/DFD/DFD_manipulated_sequences/DFD_manipulated_sequences/25_26__podium_speech_happy__0UFFR3U1.mp4,1,1516,1920,1080,h264,10.75,DeepFake,DeepFakeDetection,DFD_SOURCE_25,DFD_SOURCE_25,,DFD_SOURCE_25,,train
DFD_0003111,DeepFakeDetection (DFD),raw/DFD/DFD_manipulated_sequences/DFD_manipulated_sequences/25_26__podium_speech_happy__PQ41U3IJ.mp4,1,1521,1920,1080,h264,10.84,DeepFake,DeepFakeDetection,DFD_SOURCE_25,DFD_SOURCE_25,,DFD_SOURCE_25,,train
DFD_0003112,DeepFakeDetection (DFD),raw/DFD/DFD_manipulated_sequences/DFD_manipulated_sequences/25_26__secret_conversation__GJT740J9.mp4,1,506,1920,1080,h264,4.26,DeepFake,DeepFakeDetection,DFD_SOURCE_25,DFD_SOURCE_25,,DFD_SOURCE_25,,train
DFD_0003113,DeepFakeDetection (DFD),raw/DFD/DFD_manipulated_sequences/DFD_manipulated_sequences/25_26__talking_against_wall__8LPKLIRG.mp4,1,242,1920,1080,h264,1.86,DeepFake,DeepFakeDetection,DFD_SOURCE_25,DFD_SOURCE_25,,DFD_SOURCE_25,,train
DFD_0003114,DeepFakeDetection (DFD),raw/DFD/DFD_manipulated_sequences/DFD_manipulated_sequences/25_26__walk_down_hall_angry__XKQAYTLI.mp4,1,429,1920,1080,h264,2.42,DeepFake,DeepFakeDetection,DFD_SOURCE_25,DFD_SOURCE_25,,DFD_SOURCE_25,,train
DFD_0003115,DeepFakeDetection (DFD),raw/DFD/DFD_manipulated_sequences/DFD_manipulated_sequences/25_26__walking_down_street_outside_angry__157Z8P8P.mp4,1,329,1920,1080,h264,2.5,DeepFake,DeepFakeDetection,DFD_SOURCE_25,DFD_SOURCE_25,,DFD_SOURCE_25,,train
DFD_0003116,DeepFakeDetection (DFD),raw/DFD/DFD_manipulated_sequences/DFD_manipulated_sequences/25_26__walking_down_street_outside_angry__XKQAYTLI.mp4,1,258,1920,1080,h264,1.89,DeepFake,DeepFakeDetection,DFD_SOURCE_25,DFD_SOURCE_25,,DFD_SOURCE_25,,train
DFD_0003117,DeepFakeDetection (DFD),raw/DFD/DFD_manipulated_sequences/DFD_manipulated_sequences/25_26__walking_outside_cafe_disgusted__7ZRKCFMS.mp4,1,278,1920,1080,h264,2.01,DeepFake,DeepFakeDetection,DFD_SOURCE_25,DFD_SOURCE_25,,DFD_SOURCE_25,,train
DFD_0003118,DeepFakeDetection (DFD),raw/DFD/DFD_manipulated_sequences/DFD_manipulated_sequences/25_26__walking_outside_cafe_disgusted__WYZ8NJ7O.mp4,1,277,1920,1080,h264,2.01,DeepFake,DeepFakeDetection,DFD_SOURCE_25,DFD_SOURCE_25,,DFD_SOURCE_25,,train
DFD_0003119,DeepFakeDetection (DFD),raw/DFD/DFD_manipulated_sequences/DFD_manipulated_sequences/25_27__exit_phone_room__1KU29EUL.mp4,1,340,1920,1080,h264,2.07,DeepFake,DeepFakeDetection,DFD_SOURCE_25,DFD_SOURCE_25,,DFD_SOURCE_25,,train
DFD_0003120,DeepFakeDetection (DFD),raw/DFD/DFD_manipulated_sequences/DFD_manipulated_sequences/25_27__outside_talking_pan_laughing__1KU29EUL.mp4,1,292,1920,1080,h264,3.04,DeepFake,DeepFakeDetection,DFD_SOURCE_25,DFD_SOURCE_25,,DFD_SOURCE_25,,train
DFD_0003121,DeepFakeDetection (DFD),raw/DFD/DFD_manipulated_sequences/DFD_manipulated_sequences/25_27__outside_talking_pan_laughing__GNIMW95Z.mp4,1,288,1920,1080,h264,3.04,DeepFake,DeepFakeDetection,DFD_SOURCE_25,DFD_SOURCE_25,,DFD_SOURCE_25,,train
DFD_0003122,DeepFakeDetection (DFD),raw/DFD/DFD_manipulated_sequences/DFD_manipulated_sequences/25_27__outside_talking_still_laughing__1KU29EUL.mp4,1,344,1920,1080,h264,2.85,DeepFake,DeepFakeDetection,DFD_SOURCE_25,DFD_SOURCE_25,,DFD_SOURCE_25,,train
DFD_0003123,DeepFakeDetection (DFD),raw/DFD/DFD_manipulated_sequences/DFD_manipulated_sequences/25_27__talking_against_wall__ZTV6TUQ9.mp4,1,238,1920,1080,h264,1.83,DeepFake,DeepFakeDetection,DFD_SOURCE_25,DFD_SOURCE_25,,DFD_SOURCE_25,,train
DFD_0003124,DeepFakeDetection (DFD),raw/DFD/DFD_manipulated_sequences/DFD_manipulated_sequences/25_27__walk_down_hall_angry__1KU29EUL.mp4,1,426,1920,1080,h264,2.44,DeepFake,DeepFakeDetection,DFD_SOURCE_25,DFD_SOURCE_25,,DFD_SOURCE_25,,train
DFD_0003125,DeepFakeDetection (DFD),raw/DFD/DFD_manipulated_sequences/DFD_manipulated_sequences/25_27__walk_down_hall_angry__GNIMW95Z.mp4,1,447,1920,1080,h264,2.59,DeepFake,DeepFakeDetection,DFD_SOURCE_25,DFD_SOURCE_25,,DFD_SOURCE_25,,train
DFD_0003126,DeepFakeDetection (DFD),raw/DFD/DFD_manipulated_sequences/DFD_manipulated_sequences/25_27__walking_down_street_outside_angry__1KU29EUL.mp4,1,393,1920,1080,h264,2.83,DeepFake,DeepFakeDetection,DFD_SOURCE_25,DFD_SOURCE_25,,DFD_SOURCE_25,,train
DFD_0003127,DeepFakeDetection (DFD),raw/DFD/DFD_manipulated_sequences/DFD_manipulated_sequences/25_27__walking_outside_cafe_disgusted__1KU29EUL.mp4,1,282,1920,1080,h264,2.08,DeepFake,DeepFakeDetection,DFD_SOURCE_25,DFD_SOURCE_25,,DFD_SOURCE_25,,train
DFD_0003276,DeepFakeDetection (DFD),raw/DFD/DFD_manipulated_sequences/DFD_manipulated_sequences/27_01__hugging_happy__ZYCZ30C0.mp4,1,852,1920,1080,h264,15.28,DeepFake,DeepFakeDetection,DFD_SOURCE_27,DFD_SOURCE_27,,DFD_SOURCE_27,,train
DFD_0003277,DeepFakeDetection (DFD),raw/DFD/DFD_manipulated_sequences/DFD_manipulated_sequences/27_01__meeting_serious__ZYCZ30C0.mp4,1,910,1920,1080,h264,6.09,DeepFake,DeepFakeDetection,DFD_SOURCE_27,DFD_SOURCE_27,,DFD_SOURCE_27,,train
DFD_0003278,DeepFakeDetection (DFD),raw/DFD/DFD_manipulated_sequences/DFD_manipulated_sequences/27_01__outside_talking_still_laughing__ZYCZ30C0.mp4,1,832,1920,1080,h264,5.63,DeepFake,DeepFakeDetection,DFD_SOURCE_27,DFD_SOURCE_27,,DFD_SOURCE_27,,train
DFD_0003279,DeepFakeDetection (DFD),raw/DFD/DFD_manipulated_sequences/DFD_manipulated_sequences/27_01__podium_speech_happy__S2YCUY48.mp4,1,1054,1920,1080,h264,5.95,DeepFake,DeepFakeDetection,DFD_SOURCE_27,DFD_SOURCE_27,,DFD_SOURCE_27,,train
DFD_0003280,DeepFakeDetection (DFD),raw/DFD/DFD_manipulated_sequences/DFD_manipulated_sequences/27_01__talking_against_wall__ZYCZ30C0.mp4,1,940,1920,1080,h264,5.65,DeepFake,DeepFakeDetection,DFD_SOURCE_27,DFD_SOURCE_27,,DFD_SOURCE_27,,train
DFD_0003281,DeepFakeDetection (DFD),raw/DFD/DFD_manipulated_sequences/DFD_manipulated_sequences/27_01__walking_and_outside_surprised__S2YCUY48.mp4,1,1139,1920,1080,h264,25.66,DeepFake,DeepFakeDetection,DFD_SOURCE_27,DFD_SOURCE_27,,DFD_SOURCE_27,,train
DFD_0003282,DeepFakeDetection (DFD),raw/DFD/DFD_manipulated_sequences/DFD_manipulated_sequences/27_01__walking_outside_cafe_disgusted__S2YCUY48.mp4,1,259,1920,1080,h264,1.81,DeepFake,DeepFakeDetection,DFD_SOURCE_27,DFD_SOURCE_27,,DFD_SOURCE_27,,train
DFD_0003283,DeepFakeDetection (DFD),raw/DFD/DFD_manipulated_sequences/DFD_manipulated_sequences/27_01__walking_outside_cafe_disgusted__ZYCZ30C0.mp4,1,259,1920,1080,h264,1.81,DeepFake,DeepFakeDetection,DFD_SOURCE_27,DFD_SOURCE_27,,DFD_SOURCE_27,,train
DFD_0003284,DeepFakeDetection (DFD),raw/DFD/DFD_manipulated_sequences/DFD_manipulated_sequences/27_02__exit_phone_room__6GC9HY9J.mp4,1,360,1920,1080,h264,2.33,DeepFake,DeepFakeDetection,DFD_SOURCE_27,DFD_SOURCE_27,,DFD_SOURCE_27,,train
DFD_0003285,DeepFakeDetection (DFD),raw/DFD/DFD_manipulated_sequences/DFD_manipulated_sequences/27_02__exit_phone_room__FV8M8O2C.mp4,1,402,1920,1080,h264,2.56,DeepFake,DeepFakeDetection,DFD_SOURCE_27,DFD_SOURCE_27,,DFD_SOURCE_27,,train
DFD_0003286,DeepFakeDetection (DFD),raw/DFD/DFD_manipulated_sequences/DFD_manipulated_sequences/27_02__hugging_happy__UGO2181S.mp4,1,850,1920,1080,h264,15.27,DeepFake,DeepFakeDetection,DFD_SOURCE_27,DFD_SOURCE_27,,DFD_SOURCE_27,,train
DFD_0003287,DeepFakeDetection (DFD),raw/DFD/DFD_manipulated_sequences/DFD_manipulated_sequences/27_02__kitchen_pan__3L1MLH3D.mp4,1,525,1920,1080,h264,4.42,DeepFake,DeepFakeDetection,DFD_SOURCE_27,DFD_SOURCE_27,,DFD_SOURCE_27,,train
DFD_0003288,DeepFakeDetection (DFD),raw/DFD/DFD_manipulated_sequences/DFD_manipulated_sequences/27_02__kitchen_pan__78M8S6M6.mp4,1,521,1920,1080,h264,4.44,DeepFake,DeepFakeDetection,DFD_SOURCE_27,DFD_SOURCE_27,,DFD_SOURCE_27,,train
DFD_0003289,DeepFakeDetection (DFD),raw/DFD/DFD_manipulated_sequences/DFD_manipulated_sequences/27_02__kitchen_pan__B3XHKO27.mp4,1,525,1920,1080,h264,4.48,DeepFake,DeepFakeDetection,DFD_SOURCE_27,DFD_SOURCE_27,,DFD_SOURCE_27,,train
DFD_0003290,DeepFakeDetection (DFD),raw/DFD/DFD_manipulated_sequences/DFD_manipulated_sequences/27_02__meeting_serious__QW05XUUZ.mp4,1,910,1920,1080,h264,6.09,DeepFake,DeepFakeDetection,DFD_SOURCE_27,DFD_SOURCE_27,,DFD_SOURCE_27,,train
DFD_0003291,DeepFakeDetection (DFD),raw/DFD/DFD_manipulated_sequences/DFD_manipulated_sequences/27_02__outside_talking_pan_laughing__QW05XUUZ.mp4,1,660,1920,1080,h264,6.25,DeepFake,DeepFakeDetection,DFD_SOURCE_27,DFD_SOURCE_27,,DFD_SOURCE_27,,train
DFD_0003292,DeepFakeDetection (DFD),raw/DFD/DFD_manipulated_sequences/DFD_manipulated_sequences/27_02__outside_talking_pan_laughing__YQX5Z8GN.mp4,1,665,1920,1080,h264,6.31,DeepFake,DeepFakeDetection,DFD_SOURCE_27,DFD_SOURCE_27,,DFD_SOURCE_27,,train
DFD_0003293,DeepFakeDetection (DFD),raw/DFD/DFD_manipulated_sequences/DFD_manipulated_sequences/27_02__podium_speech_happy__6GC9HY9J.mp4,1,1052,1920,1080,h264,6.03,DeepFake,DeepFakeDetection,DFD_SOURCE_27,DFD_SOURCE_27,,DFD_SOURCE_27,,train
DFD_0003294,DeepFakeDetection (DFD),raw/DFD/DFD_manipulated_sequences/DFD_manipulated_sequences/27_02__podium_speech_happy__FV8M8O2C.mp4,1,1053,1920,1080,h264,5.96,DeepFake,DeepFakeDetection,DFD_SOURCE_27,DFD_SOURCE_27,,DFD_SOURCE_27,,train
DFD_0003295,DeepFakeDetection (DFD),raw/DFD/DFD_manipulated_sequences/DFD_manipulated_sequences/27_02__podium_speech_happy__XFSH3BW7.mp4,1,1054,1920,1080,h264,5.99,DeepFake,DeepFakeDetection,DFD_SOURCE_27,DFD_SOURCE_27,,DFD_SOURCE_27,,train
DFD_0003296,DeepFakeDetection (DFD),raw/DFD/DFD_manipulated_sequences/DFD_manipulated_sequences/27_02__talking_against_wall__B3XHKO27.mp4,1,940,1920,1080,h264,5.62,DeepFake,DeepFakeDetection,DFD_SOURCE_27,DFD_SOURCE_27,,DFD_SOURCE_27,,train
DFD_0003297,DeepFakeDetection (DFD),raw/DFD/DFD_manipulated_sequences/DFD_manipulated_sequences/27_02__talking_angry_couch__78M8S6M6.mp4,1,1465,1920,1080,h264,15.63,DeepFake,DeepFakeDetection,DFD_SOURCE_27,DFD_SOURCE_27,,DFD_SOURCE_27,,train
DFD_0003298,DeepFakeDetection (DFD),raw/DFD/DFD_manipulated_sequences/DFD_manipulated_sequences/27_02__talking_angry_couch__FV8M8O2C.mp4,1,1461,1920,1080,h264,15.53,DeepFake,DeepFakeDetection,DFD_SOURCE_27,DFD_SOURCE_27,,DFD_SOURCE_27,,train
DFD_0003299,DeepFakeDetection (DFD),raw/DFD/DFD_manipulated_sequences/DFD_manipulated_sequences/27_02__talking_angry_couch__GVFLSZD5.mp4,1,1464,1920,1080,h264,15.58,DeepFake,DeepFakeDetection,DFD_SOURCE_27,DFD_SOURCE_27,,DFD_SOURCE_27,,train
DFD_0003300,DeepFakeDetection (DFD),raw/DFD/DFD_manipulated_sequences/DFD_manipulated_sequences/27_02__walk_down_hall_angry__78M8S6M6.mp4,1,236,1920,1080,h264,1.53,DeepFake,DeepFakeDetection,DFD_SOURCE_27,DFD_SOURCE_27,,DFD_SOURCE_27,,train
DFD_0003301,DeepFakeDetection (DFD),raw/DFD/DFD_manipulated_sequences/DFD_manipulated_sequences/27_02__walk_down_hall_angry__B3XHKO27.mp4,1,249,1920,1080,h264,1.6,DeepFake,DeepFakeDetection,DFD_SOURCE_27,DFD_SOURCE_27,,DFD_SOURCE_27,,train
DFD_0003302,DeepFakeDetection (DFD),raw/DFD/DFD_manipulated_sequences/DFD_manipulated_sequences/27_02__walk_down_hall_angry__FV8M8O2C.mp4,1,259,1920,1080,h264,1.75,DeepFake,DeepFakeDetection,DFD_SOURCE_27,DFD_SOURCE_27,,DFD_SOURCE_27,,train
DFD_0003303,DeepFakeDetection (DFD),raw/DFD/DFD_manipulated_sequences/DFD_manipulated_sequences/27_02__walking_and_outside_surprised__QW05XUUZ.mp4,1,1144,1920,1080,h264,25.7,DeepFake,DeepFakeDetection,DFD_SOURCE_27,DFD_SOURCE_27,,DFD_SOURCE_27,,train
DFD_0003304,DeepFakeDetection (DFD),raw/DFD/DFD_manipulated_sequences/DFD_manipulated_sequences/27_02__walking_and_outside_surprised__XFSH3BW7.mp4,1,1138,1920,1080,h264,25.6,DeepFake,DeepFakeDetection,DFD_SOURCE_27,DFD_SOURCE_27,,DFD_SOURCE_27,,train
DFD_0003305,DeepFakeDetection (DFD),raw/DFD/DFD_manipulated_sequences/DFD_manipulated_sequences/27_02__walking_down_indoor_hall_disgust__3L1MLH3D.mp4,1,1462,1920,1080,h264,24.21,DeepFake,DeepFakeDetection,DFD_SOURCE_27,DFD_SOURCE_27,,DFD_SOURCE_27,,train
DFD_0003306,DeepFakeDetection (DFD),raw/DFD/DFD_manipulated_sequences/DFD_manipulated_sequences/27_02__walking_down_street_outside_angry__78M8S6M6.mp4,1,405,1920,1080,h264,2.09,DeepFake,DeepFakeDetection,DFD_SOURCE_27,DFD_SOURCE_27,,DFD_SOURCE_27,,train
DFD_0003307,DeepFakeDetection (DFD),raw/DFD/DFD_manipulated_sequences/DFD_manipulated_sequences/27_02__walking_down_street_outside_angry__XFSH3BW7.mp4,1,455,1920,1080,h264,2.28,DeepFake,DeepFakeDetection,DFD_SOURCE_27,DFD_SOURCE_27,,DFD_SOURCE_27,,train
DFD_0003308,DeepFakeDetection (DFD),raw/DFD/DFD_manipulated_sequences/DFD_manipulated_sequences/27_03__hugging_happy__72BPN7A1.mp4,1,852,1920,1080,h264,15.28,DeepFake,DeepFakeDetection,DFD_SOURCE_27,DFD_SOURCE_27,,DFD_SOURCE_27,,train
DFD_0003309,DeepFakeDetection (DFD),raw/DFD/DFD_manipulated_sequences/DFD_manipulated_sequences/27_03__outside_talking_still_laughing__IL675GCI.mp4,1,836,1920,1080,h264,5.57,DeepFake,DeepFakeDetection,DFD_SOURCE_27,DFD_SOURCE_27,,DFD_SOURCE_27,,train
DFD_0003310,DeepFakeDetection (DFD),raw/DFD/DFD_manipulated_sequences/DFD_manipulated_sequences/27_03__podium_speech_happy__72BPN7A1.mp4,1,1053,1920,1080,h264,5.95,DeepFake,DeepFakeDetection,DFD_SOURCE_27,DFD_SOURCE_27,,DFD_SOURCE_27,,train
DFD_0003311,DeepFakeDetection (DFD),raw/DFD/DFD_manipulated_sequences/DFD_manipulated_sequences/27_03__walking_and_outside_surprised__KWGI1LSZ.mp4,1,1140,1920,1080,h264,25.62,DeepFake,DeepFakeDetection,DFD_SOURCE_27,DFD_SOURCE_27,,DFD_SOURCE_27,,train
DFD_0003312,DeepFakeDetection (DFD),raw/DFD/DFD_manipulated_sequences/DFD_manipulated_sequences/27_04__hugging_happy__2CCI2ND1.mp4,1,844,1920,1080,h264,15.13,DeepFake,DeepFakeDetection,DFD_SOURCE_27,DFD_SOURCE_27,,DFD_SOURCE_27,,train
DFD_0003313,DeepFakeDetection (DFD),raw/DFD/DFD_manipulated_sequences/DFD_manipulated_sequences/27_06__hugging_happy__S3T7SK9O.mp4,1,836,1920,1080,h264,15.05,DeepFake,DeepFakeDetection,DFD_SOURCE_27,DFD_SOURCE_27,,DFD_SOURCE_27,,train
DFD_0003314,DeepFakeDetection (DFD),raw/DFD/DFD_manipulated_sequences/DFD_manipulated_sequences/27_06__kitchen_pan__VN14WY2N.mp4,1,518,1920,1080,h264,4.44,DeepFake,DeepFakeDetection,DFD_SOURCE_27,DFD_SOURCE_27,,DFD_SOURCE_27,,train
DFD_0003315,DeepFakeDetection (DFD),raw/DFD/DFD_manipulated_sequences/DFD_manipulated_sequences/27_06__kitchen_still__SZWVBWY4.mp4,1,905,1920,1080,h264,6.13,DeepFake,DeepFakeDetection,DFD_SOURCE_27,DFD_SOURCE_27,,DFD_SOURCE_27,,train
DFD_0003316,DeepFakeDetection (DFD),raw/DFD/DFD_manipulated_sequences/DFD_manipulated_sequences/27_06__talking_against_wall__S3T7SK9O.mp4,1,940,1920,1080,h264,5.62,DeepFake,DeepFakeDetection,DFD_SOURCE_27,DFD_SOURCE_27,,DFD_SOURCE_27,,train
DFD_0003317,DeepFakeDetection (DFD),raw/DFD/DFD_manipulated_sequences/DFD_manipulated_sequences/27_06__walk_down_hall_angry__S3T7SK9O.mp4,1,259,1920,1080,h264,1.76,DeepFake,DeepFakeDetection,DFD_SOURCE_27,DFD_SOURCE_27,,DFD_SOURCE_27,,train
DFD_0003318,DeepFakeDetection (DFD),raw/DFD/DFD_manipulated_sequences/DFD_manipulated_sequences/27_06__walking_and_outside_surprised__O7L5Z9U8.mp4,1,1143,1920,1080,h264,25.73,DeepFake,DeepFakeDetection,DFD_SOURCE_27,DFD_SOURCE_27,,DFD_SOURCE_27,,train
DFD_0003319,DeepFakeDetection (DFD),raw/DFD/DFD_manipulated_sequences/DFD_manipulated_sequences/27_06__walking_and_outside_surprised__VN14WY2N.mp4,1,1140,1920,1080,h264,25.67,DeepFake,DeepFakeDetection,DFD_SOURCE_27,DFD_SOURCE_27,,DFD_SOURCE_27,,train
DFD_0003320,DeepFakeDetection (DFD),raw/DFD/DFD_manipulated_sequences/DFD_manipulated_sequences/27_06__walking_down_indoor_hall_disgust__JOG5PB18.mp4,1,1460,1920,1080,h264,23.94,DeepFake,DeepFakeDetection,DFD_SOURCE_27,DFD_SOURCE_27,,DFD_SOURCE_27,,train
DFD_0003321,DeepFakeDetection (DFD),raw/DFD/DFD_manipulated_sequences/DFD_manipulated_sequences/27_06__walking_down_street_outside_angry__S3T7SK9O.mp4,1,455,1920,1080,h264,2.3,DeepFake,DeepFakeDetection,DFD_SOURCE_27,DFD_SOURCE_27,,DFD_SOURCE_27,,train
DFD_0003322,DeepFakeDetection (DFD),raw/DFD/DFD_manipulated_sequences/DFD_manipulated_sequences/27_06__walking_outside_cafe_disgusted__S3T7SK9O.mp4,1,273,1920,1080,h264,1.9,DeepFake,DeepFakeDetection,DFD_SOURCE_27,DFD_SOURCE_27,,DFD_SOURCE_27,,train
DFD_0003323,DeepFakeDetection (DFD),raw/DFD/DFD_manipulated_sequences/DFD_manipulated_sequences/27_06__walking_outside_cafe_disgusted__SZWVBWY4.mp4,1,259,1920,1080,h264,1.81,DeepFake,DeepFakeDetection,DFD_SOURCE_27,DFD_SOURCE_27,,DFD_SOURCE_27,,train
DFD_0003324,DeepFakeDetection (DFD),raw/DFD/DFD_manipulated_sequences/DFD_manipulated_sequences/27_07__kitchen_pan__B5S6XY2L.mp4,1,523,1920,1080,h264,4.45,DeepFake,DeepFakeDetection,DFD_SOURCE_27,DFD_SOURCE_27,,DFD_SOURCE_27,,train
DFD_0003325,DeepFakeDetection (DFD),raw/DFD/DFD_manipulated_sequences/DFD_manipulated_sequences/27_07__outside_talking_pan_laughing__LEVU87KC.mp4,1,669,1920,1080,h264,6.3,DeepFake,DeepFakeDetection,DFD_SOURCE_27,DFD_SOURCE_27,,DFD_SOURCE_27,,train
DFD_0003326,DeepFakeDetection (DFD),raw/DFD/DFD_manipulated_sequences/DFD_manipulated_sequences/27_07__podium_speech_happy__LEVU87KC.mp4,1,1053,1920,1080,h264,5.94,DeepFake,DeepFakeDetection,DFD_SOURCE_27,DFD_SOURCE_27,,DFD_SOURCE_27,,train
DFD_0003327,DeepFakeDetection (DFD),raw/DFD/DFD_manipulated_sequences/DFD_manipulated_sequences/27_07__walking_down_street_outside_angry__3RH5PR6S.mp4,1,426,1920,1080,h264,2.11,DeepFake,DeepFakeDetection,DFD_SOURCE_27,DFD_SOURCE_27,,DFD_SOURCE_27,,train
DFD_0003328,DeepFakeDetection (DFD),raw/DFD/DFD_manipulated_sequences/DFD_manipulated_sequences/27_09__talking_against_wall__RC9KATOO.mp4,1,940,1920,1080,h264,5.63,DeepFake,DeepFakeDetection,DFD_SOURCE_27,DFD_SOURCE_27,,DFD_SOURCE_27,,train
DFD_0003329,DeepFakeDetection (DFD),raw/DFD/DFD_manipulated_sequences/DFD_manipulated_sequences/27_09__walking_down_street_outside_angry__RC9KATOO.mp4,1,405,1920,1080,h264,2.09,DeepFake,DeepFakeDetection,DFD_SOURCE_27,DFD_SOURCE_27,,DFD_SOURCE_27,,train
DFD_0003330,DeepFakeDetection (DFD),raw/DFD/DFD_manipulated_sequences/DFD_manipulated_sequences/27_13__hugging_happy__A1OSUJE9.mp4,1,840,1920,1080,h264,15.05,DeepFake,DeepFakeDetection,DFD_SOURCE_27,DFD_SOURCE_27,,DFD_SOURCE_27,,train
DFD_0003331,DeepFakeDetection (DFD),raw/DFD/DFD_manipulated_sequences/DFD_manipulated_sequences/27_13__kitchen_still__A1OSUJE9.mp4,1,905,1920,1080,h264,6.16,DeepFake,DeepFakeDetection,DFD_SOURCE_27,DFD_SOURCE_27,,DFD_SOURCE_27,,train
DFD_0003332,DeepFakeDetection (DFD),raw/DFD/DFD_manipulated_sequences/DFD_manipulated_sequences/27_13__outside_talking_pan_laughing__A1OSUJE9.mp4,1,662,1920,1080,h264,6.28,DeepFake,DeepFakeDetection,DFD_SOURCE_27,DFD_SOURCE_27,,DFD_SOURCE_27,,train
DFD_0003333,DeepFakeDetection (DFD),raw/DFD/DFD_manipulated_sequences/DFD_manipulated_sequences/27_13__talking_against_wall__A1OSUJE9.mp4,1,940,1920,1080,h264,5.63,DeepFake,DeepFakeDetection,DFD_SOURCE_27,DFD_SOURCE_27,,DFD_SOURCE_27,,train
DFD_0003334,DeepFakeDetection (DFD),raw/DFD/DFD_manipulated_sequences/DFD_manipulated_sequences/27_13__walking_and_outside_surprised__A1OSUJE9.mp4,1,1138,1920,1080,h264,25.58,DeepFake,DeepFakeDetection,DFD_SOURCE_27,DFD_SOURCE_27,,DFD_SOURCE_27,,train
DFD_0003335,DeepFakeDetection (DFD),raw/DFD/DFD_manipulated_sequences/DFD_manipulated_sequences/27_13__walking_outside_cafe_disgusted__A1OSUJE9.mp4,1,273,1920,1080,h264,1.9,DeepFake,DeepFakeDetection,DFD_SOURCE_27,DFD_SOURCE_27,,DFD_SOURCE_27,,train
DFD_0003336,DeepFakeDetection (DFD),raw/DFD/DFD_manipulated_sequences/DFD_manipulated_sequences/27_14__kitchen_pan__0KSONKQ2.mp4,1,523,1920,1080,h264,4.4,DeepFake,DeepFakeDetection,DFD_SOURCE_27,DFD_SOURCE_27,,DFD_SOURCE_27,,train
DFD_0003337,DeepFakeDetection (DFD),raw/DFD/DFD_manipulated_sequences/DFD_manipulated_sequences/27_14__walk_down_hall_angry__0KSONKQ2.mp4,1,251,1920,1080,h264,1.68,DeepFake,DeepFakeDetection,DFD_SOURCE_27,DFD_SOURCE_27,,DFD_SOURCE_27,,train
DFD_0003338,DeepFakeDetection (DFD),raw/DFD/DFD_manipulated_sequences/DFD_manipulated_sequences/27_14__walking_outside_cafe_disgusted__0KSONKQ2.mp4,1,258,1920,1080,h264,1.8,DeepFake,DeepFakeDetection,DFD_SOURCE_27,DFD_SOURCE_27,,DFD_SOURCE_27,,train
DFD_0003339,DeepFakeDetection (DFD),raw/DFD/DFD_manipulated_sequences/DFD_manipulated_sequences/27_15__kitchen_pan__2ERUWYH8.mp4,1,524,1920,1080,h264,4.44,DeepFake,DeepFakeDetection,DFD_SOURCE_27,DFD_SOURCE_27,,DFD_SOURCE_27,,train
DFD_0003340,DeepFakeDetection (DFD),raw/DFD/DFD_manipulated_sequences/DFD_manipulated_sequences/27_15__outside_talking_pan_laughing__WZ4MLUAV.mp4,1,669,1920,1080,h264,6.32,DeepFake,DeepFakeDetection,DFD_SOURCE_27,DFD_SOURCE_27,,DFD_SOURCE_27,,train
DFD_0003341,DeepFakeDetection (DFD),raw/DFD/DFD_manipulated_sequences/DFD_manipulated_sequences/27_15__outside_talking_still_laughing__2ERUWYH8.mp4,1,836,1920,1080,h264,5.57,DeepFake,DeepFakeDetection,DFD_SOURCE_27,DFD_SOURCE_27,,DFD_SOURCE_27,,train
DFD_0003342,DeepFakeDetection (DFD),raw/DFD/DFD_manipulated_sequences/DFD_manipulated_sequences/27_15__walking_and_outside_surprised__WZ4MLUAV.mp4,1,1141,1920,1080,h264,25.66,DeepFake,DeepFakeDetection,DFD_SOURCE_27,DFD_SOURCE_27,,DFD_SOURCE_27,,train
DFD_0003343,DeepFakeDetection (DFD),raw/DFD/DFD_manipulated_sequences/DFD_manipulated_sequences/27_18__hugging_happy__NYHE8D0J.mp4,1,849,1920,1080,h264,15.29,DeepFake,DeepFakeDetection,DFD_SOURCE_27,DFD_SOURCE_27,,DFD_SOURCE_27,,train
DFD_0003344,DeepFakeDetection (DFD),raw/DFD/DFD_manipulated_sequences/DFD_manipulated_sequences/27_18__kitchen_pan__3GLHD5MH.mp4,1,525,1920,1080,h264,4.48,DeepFake,DeepFakeDetection,DFD_SOURCE_27,DFD_SOURCE_27,,DFD_SOURCE_27,,train
DFD_0003345,DeepFakeDetection (DFD),raw/DFD/DFD_manipulated_sequences/DFD_manipulated_sequences/27_18__kitchen_pan__BSOLX3SI.mp4,1,526,1920,1080,h264,4.44,DeepFake,DeepFakeDetection,DFD_SOURCE_27,DFD_SOURCE_27,,DFD_SOURCE_27,,train
DFD_0003346,DeepFakeDetection (DFD),raw/DFD/DFD_manipulated_sequences/DFD_manipulated_sequences/27_18__kitchen_still__NYHE8D0J.mp4,1,905,1920,1080,h264,6.2,DeepFake,DeepFakeDetection,DFD_SOURCE_27,DFD_SOURCE_27,,DFD_SOURCE_27,,train
DFD_0003347,DeepFakeDetection (DFD),raw/DFD/DFD_manipulated_sequences/DFD_manipulated_sequences/27_18__meeting_serious__NYHE8D0J.mp4,1,910,1920,1080,h264,6.08,DeepFake,DeepFakeDetection,DFD_SOURCE_27,DFD_SOURCE_27,,DFD_SOURCE_27,,train
DFD_0003348,DeepFakeDetection (DFD),raw/DFD/DFD_manipulated_sequences/DFD_manipulated_sequences/27_18__outside_talking_pan_laughing__NYHE8D0J.mp4,1,668,1920,1080,h264,6.33,DeepFake,DeepFakeDetection,DFD_SOURCE_27,DFD_SOURCE_27,,DFD_SOURCE_27,,train
DFD_0003349,DeepFakeDetection (DFD),raw/DFD/DFD_manipulated_sequences/DFD_manipulated_sequences/27_18__outside_talking_still_laughing__G7OOOUCX.mp4,1,835,1920,1080,h264,5.56,DeepFake,DeepFakeDetection,DFD_SOURCE_27,DFD_SOURCE_27,,DFD_SOURCE_27,,train
DFD_0003350,DeepFakeDetection (DFD),raw/DFD/DFD_manipulated_sequences/DFD_manipulated_sequences/27_18__outside_talking_still_laughing__NYHE8D0J.mp4,1,835,1920,1080,h264,5.56,DeepFake,DeepFakeDetection,DFD_SOURCE_27,DFD_SOURCE_27,,DFD_SOURCE_27,,train
DFD_0003351,DeepFakeDetection (DFD),raw/DFD/DFD_manipulated_sequences/DFD_manipulated_sequences/27_18__talking_against_wall__3GLHD5MH.mp4,1,940,1920,1080,h264,5.64,DeepFake,DeepFakeDetection,DFD_SOURCE_27,DFD_SOURCE_27,,DFD_SOURCE_27,,train
DFD_0003352,DeepFakeDetection (DFD),raw/DFD/DFD_manipulated_sequences/DFD_manipulated_sequences/27_18__talking_against_wall__NYHE8D0J.mp4,1,940,1920,1080,h264,5.66,DeepFake,DeepFakeDetection,DFD_SOURCE_27,DFD_SOURCE_27,,DFD_SOURCE_27,,train
DFD_0003353,DeepFakeDetection (DFD),raw/DFD/DFD_manipulated_sequences/DFD_manipulated_sequences/27_18__talking_angry_couch__GRZ07XTD.mp4,1,1465,1920,1080,h264,15.64,DeepFake,DeepFakeDetection,DFD_SOURCE_27,DFD_SOURCE_27,,DFD_SOURCE_27,,train
DFD_0003354,DeepFakeDetection (DFD),raw/DFD/DFD_manipulated_sequences/DFD_manipulated_sequences/27_18__walk_down_hall_angry__BSOLX3SI.mp4,1,248,1920,1080,h264,1.6,DeepFake,DeepFakeDetection,DFD_SOURCE_27,DFD_SOURCE_27,,DFD_SOURCE_27,,train
DFD_0003355,DeepFakeDetection (DFD),raw/DFD/DFD_manipulated_sequences/DFD_manipulated_sequences/27_18__walk_down_hall_angry__NYHE8D0J.mp4,1,251,1920,1080,h264,1.68,DeepFake,DeepFakeDetection,DFD_SOURCE_27,DFD_SOURCE_27,,DFD_SOURCE_27,,train
DFD_0003356,DeepFakeDetection (DFD),raw/DFD/DFD_manipulated_sequences/DFD_manipulated_sequences/27_18__walking_and_outside_surprised__NYHE8D0J.mp4,1,1141,1920,1080,h264,25.7,DeepFake,DeepFakeDetection,DFD_SOURCE_27,DFD_SOURCE_27,,DFD_SOURCE_27,,train
DFD_0003357,DeepFakeDetection (DFD),raw/DFD/DFD_manipulated_sequences/DFD_manipulated_sequences/27_18__walking_down_indoor_hall_disgust__NYHE8D0J.mp4,1,1465,1920,1080,h264,24.11,DeepFake,DeepFakeDetection,DFD_SOURCE_27,DFD_SOURCE_27,,DFD_SOURCE_27,,train
DFD_0003358,DeepFakeDetection (DFD),raw/DFD/DFD_manipulated_sequences/DFD_manipulated_sequences/27_18__walking_outside_cafe_disgusted__NYHE8D0J.mp4,1,259,1920,1080,h264,1.81,DeepFake,DeepFakeDetection,DFD_SOURCE_27,DFD_SOURCE_27,,DFD_SOURCE_27,,train
DFD_0003359,DeepFakeDetection (DFD),raw/DFD/DFD_manipulated_sequences/DFD_manipulated_sequences/27_20__kitchen_pan__LM907ECA.mp4,1,520,1920,1080,h264,4.51,DeepFake,DeepFakeDetection,DFD_SOURCE_27,DFD_SOURCE_27,,DFD_SOURCE_27,,train
DFD_0003360,DeepFakeDetection (DFD),raw/DFD/DFD_manipulated_sequences/DFD_manipulated_sequences/27_20__walk_down_hall_angry__LM907ECA.mp4,1,235,1920,1080,h264,1.54,DeepFake,DeepFakeDetection,DFD_SOURCE_27,DFD_SOURCE_27,,DFD_SOURCE_27,,train
DFD_0003361,DeepFakeDetection (DFD),raw/DFD/DFD_manipulated_sequences/DFD_manipulated_sequences/27_20__walking_and_outside_surprised__LM907ECA.mp4,1,1121,1920,1080,h264,25.19,DeepFake,DeepFakeDetection,DFD_SOURCE_27,DFD_SOURCE_27,,DFD_SOURCE_27,,train
DFD_0003362,DeepFakeDetection (DFD),raw/DFD/DFD_manipulated_sequences/DFD_manipulated_sequences/27_25__exit_phone_room__1KU29EUL.mp4,1,360,1920,1080,h264,2.34,DeepFake,DeepFakeDetection,DFD_SOURCE_27,DFD_SOURCE_27,,DFD_SOURCE_27,,train
DFD_0003363,DeepFakeDetection (DFD),raw/DFD/DFD_manipulated_sequences/DFD_manipulated_sequences/27_25__hugging_happy__1KU29EUL.mp4,1,826,1920,1080,h264,14.93,DeepFake,DeepFakeDetection,DFD_SOURCE_27,DFD_SOURCE_27,,DFD_SOURCE_27,,train
DFD_0003364,DeepFakeDetection (DFD),raw/DFD/DFD_manipulated_sequences/DFD_manipulated_sequences/27_25__hugging_happy__GNIMW95Z.mp4,1,827,1920,1080,h264,14.96,DeepFake,DeepFakeDetection,DFD_SOURCE_27,DFD_SOURCE_27,,DFD_SOURCE_27,,train
DFD_0003365,DeepFakeDetection (DFD),raw/DFD/DFD_manipulated_sequences/DFD_manipulated_sequences/27_25__meeting_serious__GNIMW95Z.mp4,1,910,1920,1080,h264,6.08,DeepFake,DeepFakeDetection,DFD_SOURCE_27,DFD_SOURCE_27,,DFD_SOURCE_27,,train
DFD_0003366,DeepFakeDetection (DFD),raw/DFD/DFD_manipulated_sequences/DFD_manipulated_sequences/27_25__outside_talking_pan_laughing__1KU29EUL.mp4,1,664,1920,1080,h264,6.3,DeepFake,DeepFakeDetection,DFD_SOURCE_27,DFD_SOURCE_27,,DFD_SOURCE_27,,train
DFD_0003367,DeepFakeDetection (DFD),raw/DFD/DFD_manipulated_sequences/DFD_manipulated_sequences/27_25__outside_talking_pan_laughing__GNIMW95Z.mp4,1,662,1920,1080,h264,6.32,DeepFake,DeepFakeDetection,DFD_SOURCE_27,DFD_SOURCE_27,,DFD_SOURCE_27,,train
DFD_0003368,DeepFakeDetection (DFD),raw/DFD/DFD_manipulated_sequences/DFD_manipulated_sequences/27_25__outside_talking_pan_laughing__ZTV6TUQ9.mp4,1,666,1920,1080,h264,6.32,DeepFake,DeepFakeDetection,DFD_SOURCE_27,DFD_SOURCE_27,,DFD_SOURCE_27,,train
DFD_0003369,DeepFakeDetection (DFD),raw/DFD/DFD_manipulated_sequences/DFD_manipulated_sequences/27_25__outside_talking_still_laughing__1KU29EUL.mp4,1,828,1920,1080,h264,5.61,DeepFake,DeepFakeDetection,DFD_SOURCE_27,DFD_SOURCE_27,,DFD_SOURCE_27,,train
DFD_0003370,DeepFakeDetection (DFD),raw/DFD/DFD_manipulated_sequences/DFD_manipulated_sequences/27_25__talking_angry_couch__1KU29EUL.mp4,1,1462,1920,1080,h264,15.65,DeepFake,DeepFakeDetection,DFD_SOURCE_27,DFD_SOURCE_27,,DFD_SOURCE_27,,train
DFD_0003371,DeepFakeDetection (DFD),raw/DFD/DFD_manipulated_sequences/DFD_manipulated_sequences/27_25__talking_angry_couch__GNIMW95Z.mp4,1,1467,1920,1080,h264,15.67,DeepFake,DeepFakeDetection,DFD_SOURCE_27,DFD_SOURCE_27,,DFD_SOURCE_27,,train
DFD_0003372,DeepFakeDetection (DFD),raw/DFD/DFD_manipulated_sequences/DFD_manipulated_sequences/27_25__walk_down_hall_angry__1KU29EUL.mp4,1,233,1920,1080,h264,1.51,DeepFake,DeepFakeDetection,DFD_SOURCE_27,DFD_SOURCE_27,,DFD_SOURCE_27,,train
DFD_0003373,DeepFakeDetection (DFD),raw/DFD/DFD_manipulated_sequences/DFD_manipulated_sequences/27_25__walk_down_hall_angry__GNIMW95Z.mp4,1,249,1920,1080,h264,1.6,DeepFake,DeepFakeDetection,DFD_SOURCE_27,DFD_SOURCE_27,,DFD_SOURCE_27,,train
DFD_0003374,DeepFakeDetection (DFD),raw/DFD/DFD_manipulated_sequences/DFD_manipulated_sequences/27_25__walk_down_hall_angry__ZTV6TUQ9.mp4,1,253,1920,1080,h264,1.71,DeepFake,DeepFakeDetection,DFD_SOURCE_27,DFD_SOURCE_27,,DFD_SOURCE_27,,train
DFD_0003375,DeepFakeDetection (DFD),raw/DFD/DFD_manipulated_sequences/DFD_manipulated_sequences/27_25__walking_and_outside_surprised__1KU29EUL.mp4,1,1086,1920,1080,h264,24.59,DeepFake,DeepFakeDetection,DFD_SOURCE_27,DFD_SOURCE_27,,DFD_SOURCE_27,,train
DFD_0003376,DeepFakeDetection (DFD),raw/DFD/DFD_manipulated_sequences/DFD_manipulated_sequences/27_25__walking_and_outside_surprised__GNIMW95Z.mp4,1,1085,1920,1080,h264,24.52,DeepFake,DeepFakeDetection,DFD_SOURCE_27,DFD_SOURCE_27,,DFD_SOURCE_27,,train
DFD_0003377,DeepFakeDetection (DFD),raw/DFD/DFD_manipulated_sequences/DFD_manipulated_sequences/27_25__walking_down_indoor_hall_disgust__GNIMW95Z.mp4,1,1463,1920,1080,h264,24.06,DeepFake,DeepFakeDetection,DFD_SOURCE_27,DFD_SOURCE_27,,DFD_SOURCE_27,,train
DFD_0003378,DeepFakeDetection (DFD),raw/DFD/DFD_manipulated_sequences/DFD_manipulated_sequences/27_25__walking_down_street_outside_angry__1KU29EUL.mp4,1,405,1920,1080,h264,2.11,DeepFake,DeepFakeDetection,DFD_SOURCE_27,DFD_SOURCE_27,,DFD_SOURCE_27,,train
DFD_0003379,DeepFakeDetection (DFD),raw/DFD/DFD_manipulated_sequences/DFD_manipulated_sequences/27_25__walking_down_street_outside_angry__ZTV6TUQ9.mp4,1,426,1920,1080,h264,2.13,DeepFake,DeepFakeDetection,DFD_SOURCE_27,DFD_SOURCE_27,,DFD_SOURCE_27,,train
DFD_0003380,DeepFakeDetection (DFD),raw/DFD/DFD_manipulated_sequences/DFD_manipulated_sequences/27_25__walking_outside_cafe_disgusted__1KU29EUL.mp4,1,229,1920,1080,h264,1.6,DeepFake,DeepFakeDetection,DFD_SOURCE_27,DFD_SOURCE_27,,DFD_SOURCE_27,,train
DFD_0003381,DeepFakeDetection (DFD),raw/DFD/DFD_manipulated_sequences/DFD_manipulated_sequences/27_26__kitchen_pan__IE9N0ZI9.mp4,1,516,1920,1080,h264,4.41,DeepFake,DeepFakeDetection,DFD_SOURCE_27,DFD_SOURCE_27,,DFD_SOURCE_27,,train
DFD_0003382,DeepFakeDetection (DFD),raw/DFD/DFD_manipulated_sequences/DFD_manipulated_sequences/27_26__meeting_serious__IE9N0ZI9.mp4,1,910,1920,1080,h264,6.08,DeepFake,DeepFakeDetection,DFD_SOURCE_27,DFD_SOURCE_27,,DFD_SOURCE_27,,train
DFD_0003383,DeepFakeDetection (DFD),raw/DFD/DFD_manipulated_sequences/DFD_manipulated_sequences/27_26__outside_talking_still_laughing__IE9N0ZI9.mp4,1,833,1920,1080,h264,5.55,DeepFake,DeepFakeDetection,DFD_SOURCE_27,DFD_SOURCE_27,,DFD_SOURCE_27,,train
DFD_0003384,DeepFakeDetection (DFD),raw/DFD/DFD_manipulated_sequences/DFD_manipulated_sequences/27_26__podium_speech_happy__IE9N0ZI9.mp4,1,1050,1920,1080,h264,6.01,DeepFake,DeepFakeDetection,DFD_SOURCE_27,DFD_SOURCE_27,,DFD_SOURCE_27,,train
DFD_0003385,DeepFakeDetection (DFD),raw/DFD/DFD_manipulated_sequences/DFD_manipulated_sequences/27_26__talking_against_wall__IE9N0ZI9.mp4,1,940,1920,1080,h264,5.62,DeepFake,DeepFakeDetection,DFD_SOURCE_27,DFD_SOURCE_27,,DFD_SOURCE_27,,train
DFD_0003386,DeepFakeDetection (DFD),raw/DFD/DFD_manipulated_sequences/DFD_manipulated_sequences/27_26__talking_angry_couch__IE9N0ZI9.mp4,1,1469,1920,1080,h264,15.68,DeepFake,DeepFakeDetection,DFD_SOURCE_27,DFD_SOURCE_27,,DFD_SOURCE_27,,train
DFD_0003387,DeepFakeDetection (DFD),raw/DFD/DFD_manipulated_sequences/DFD_manipulated_sequences/28_05__exit_phone_room__U9LRLJ6N.mp4,1,398,1920,1080,h264,2.55,DeepFake,DeepFakeDetection,DFD_SOURCE_28,DFD_SOURCE_28,,DFD_SOURCE_28,,train
DFD_0003388,DeepFakeDetection (DFD),raw/DFD/DFD_manipulated_sequences/DFD_manipulated_sequences/28_05__exit_phone_room__VR9127O1.mp4,1,428,1920,1080,h264,2.75,DeepFake,DeepFakeDetection,DFD_SOURCE_28,DFD_SOURCE_28,,DFD_SOURCE_28,,train
DFD_0003389,DeepFakeDetection (DFD),raw/DFD/DFD_manipulated_sequences/DFD_manipulated_sequences/28_05__kitchen_pan__2DK5X0Y0.mp4,1,587,1920,1080,h264,5.12,DeepFake,DeepFakeDetection,DFD_SOURCE_28,DFD_SOURCE_28,,DFD_SOURCE_28,,train
DFD_0003390,DeepFakeDetection (DFD),raw/DFD/DFD_manipulated_sequences/DFD_manipulated_sequences/28_05__kitchen_pan__W3J028UG.mp4,1,586,1920,1080,h264,5.1,DeepFake,DeepFakeDetection,DFD_SOURCE_28,DFD_SOURCE_28,,DFD_SOURCE_28,,train
DFD_0003391,DeepFakeDetection (DFD),raw/DFD/DFD_manipulated_sequences/DFD_manipulated_sequences/28_05__podium_speech_happy__U9LRLJ6N.mp4,1,949,1920,1080,h264,7.25,DeepFake,DeepFakeDetection,DFD_SOURCE_28,DFD_SOURCE_28,,DFD_SOURCE_28,,train
DFD_0003392,DeepFakeDetection (DFD),raw/DFD/DFD_manipulated_sequences/DFD_manipulated_sequences/28_05__podium_speech_happy__VR9127O1.mp4,1,951,1920,1080,h264,7.25,DeepFake,DeepFakeDetection,DFD_SOURCE_28,DFD_SOURCE_28,,DFD_SOURCE_28,,train
DFD_0003393,DeepFakeDetection (DFD),raw/DFD/DFD_manipulated_sequences/DFD_manipulated_sequences/28_05__podium_speech_happy__W3J028UG.mp4,1,946,1920,1080,h264,7.17,DeepFake,DeepFakeDetection,DFD_SOURCE_28,DFD_SOURCE_28,,DFD_SOURCE_28,,train
DFD_0003394,DeepFakeDetection (DFD),raw/DFD/DFD_manipulated_sequences/DFD_manipulated_sequences/28_05__secret_conversation__V20UNLJ5.mp4,1,42,1920,1080,h264,0.54,DeepFake,DeepFakeDetection,DFD_SOURCE_28,DFD_SOURCE_28,,DFD_SOURCE_28,,train
DFD_0003395,DeepFakeDetection (DFD),raw/DFD/DFD_manipulated_sequences/DFD_manipulated_sequences/28_05__secret_conversation__W3J028UG.mp4,1,408,1920,1080,h264,3.53,DeepFake,DeepFakeDetection,DFD_SOURCE_28,DFD_SOURCE_28,,DFD_SOURCE_28,,train
DFD_0003396,DeepFakeDetection (DFD),raw/DFD/DFD_manipulated_sequences/DFD_manipulated_sequences/28_05__talking_angry_couch__V20UNLJ5.mp4,1,1182,1920,1080,h264,14.76,DeepFake,DeepFakeDetection,DFD_SOURCE_28,DFD_SOURCE_28,,DFD_SOURCE_28,,train
DFD_0003397,DeepFakeDetection (DFD),raw/DFD/DFD_manipulated_sequences/DFD_manipulated_sequences/28_05__walking_down_street_outside_angry__U9LRLJ6N.mp4,1,1157,1920,1080,h264,4.71,DeepFake,DeepFakeDetection,DFD_SOURCE_28,DFD_SOURCE_28,,DFD_SOURCE_28,,train
DFD_0003398,DeepFakeDetection (DFD),raw/DFD/DFD_manipulated_sequences/DFD_manipulated_sequences/28_05__walking_down_street_outside_angry__W3J028UG.mp4,1,1157,1920,1080,h264,4.72,DeepFake,DeepFakeDetection,DFD_SOURCE_28,DFD_SOURCE_28,,DFD_SOURCE_28,,train
DFD_0003399,DeepFakeDetection (DFD),raw/DFD/DFD_manipulated_sequences/DFD_manipulated_sequences/28_05__walking_outside_cafe_disgusted__U9LRLJ6N.mp4,1,373,1920,1080,h264,2.5,DeepFake,DeepFakeDetection,DFD_SOURCE_28,DFD_SOURCE_28,,DFD_SOURCE_28,,train
DFD_0003400,DeepFakeDetection (DFD),raw/DFD/DFD_manipulated_sequences/DFD_manipulated_sequences/28_08__exit_phone_room__5DCAESDA.mp4,1,466,1920,1080,h264,2.99,DeepFake,DeepFakeDetection,DFD_SOURCE_28,DFD_SOURCE_28,,DFD_SOURCE_28,,train
DFD_0003401,DeepFakeDetection (DFD),raw/DFD/DFD_manipulated_sequences/DFD_manipulated_sequences/28_08__exit_phone_room__KXO8S7OP.mp4,1,426,1920,1080,h264,2.71,DeepFake,DeepFakeDetection,DFD_SOURCE_28,DFD_SOURCE_28,,DFD_SOURCE_28,,train
DFD_0003402,DeepFakeDetection (DFD),raw/DFD/DFD_manipulated_sequences/DFD_manipulated_sequences/28_08__kitchen_pan__6HFK6PB4.mp4,1,620,1920,1080,h264,5.36,DeepFake,DeepFakeDetection,DFD_SOURCE_28,DFD_SOURCE_28,,DFD_SOURCE_28,,train
DFD_0003403,DeepFakeDetection (DFD),raw/DFD/DFD_manipulated_sequences/DFD_manipulated_sequences/28_08__kitchen_pan__8BC35RFU.mp4,1,596,1920,1080,h264,5.16,DeepFake,DeepFakeDetection,DFD_SOURCE_28,DFD_SOURCE_28,,DFD_SOURCE_28,,train
DFD_0003404,DeepFakeDetection (DFD),raw/DFD/DFD_manipulated_sequences/DFD_manipulated_sequences/28_08__kitchen_pan__GQN9WHLD.mp4,1,609,1920,1080,h264,5.26,DeepFake,DeepFakeDetection,DFD_SOURCE_28,DFD_SOURCE_28,,DFD_SOURCE_28,,train
DFD_0003405,DeepFakeDetection (DFD),raw/DFD/DFD_manipulated_sequences/DFD_manipulated_sequences/28_08__kitchen_still__8BC35RFU.mp4,1,781,1920,1080,h264,7.01,DeepFake,DeepFakeDetection,DFD_SOURCE_28,DFD_SOURCE_28,,DFD_SOURCE_28,,train
DFD_0003406,DeepFakeDetection (DFD),raw/DFD/DFD_manipulated_sequences/DFD_manipulated_sequences/28_08__kitchen_still__HIOU8Z8I.mp4,1,799,1920,1080,h264,7.15,DeepFake,DeepFakeDetection,DFD_SOURCE_28,DFD_SOURCE_28,,DFD_SOURCE_28,,train
DFD_0003407,DeepFakeDetection (DFD),raw/DFD/DFD_manipulated_sequences/DFD_manipulated_sequences/28_08__outside_talking_pan_laughing__8BC35RFU.mp4,1,621,1920,1080,h264,4.74,DeepFake,DeepFakeDetection,DFD_SOURCE_28,DFD_SOURCE_28,,DFD_SOURCE_28,,train
DFD_0003408,DeepFakeDetection (DFD),raw/DFD/DFD_manipulated_sequences/DFD_manipulated_sequences/28_08__outside_talking_pan_laughing__GGCUYQA4.mp4,1,626,1920,1080,h264,4.78,DeepFake,DeepFakeDetection,DFD_SOURCE_28,DFD_SOURCE_28,,DFD_SOURCE_28,,train
DFD_0003409,DeepFakeDetection (DFD),raw/DFD/DFD_manipulated_sequences/DFD_manipulated_sequences/28_08__outside_talking_still_laughing__GQN9WHLD.mp4,1,908,1920,1080,h264,5.72,DeepFake,DeepFakeDetection,DFD_SOURCE_28,DFD_SOURCE_28,,DFD_SOURCE_28,,train
DFD_0003410,DeepFakeDetection (DFD),raw/DFD/DFD_manipulated_sequences/DFD_manipulated_sequences/28_08__podium_speech_happy__5DCAESDA.mp4,1,951,1920,1080,h264,7.28,DeepFake,DeepFakeDetection,DFD_SOURCE_28,DFD_SOURCE_28,,DFD_SOURCE_28,,train
DFD_0003411,DeepFakeDetection (DFD),raw/DFD/DFD_manipulated_sequences/DFD_manipulated_sequences/28_08__podium_speech_happy__KXO8S7OP.mp4,1,949,1920,1080,h264,7.26,DeepFake,DeepFakeDetection,DFD_SOURCE_28,DFD_SOURCE_28,,DFD_SOURCE_28,,train
DFD_0003412,DeepFakeDetection (DFD),raw/DFD/DFD_manipulated_sequences/DFD_manipulated_sequences/28_08__secret_conversation__5DCAESDA.mp4,1,639,1920,1080,h264,5.19,DeepFake,DeepFakeDetection,DFD_SOURCE_28,DFD_SOURCE_28,,DFD_SOURCE_28,,train
DFD_0003413,DeepFakeDetection (DFD),raw/DFD/DFD_manipulated_sequences/DFD_manipulated_sequences/28_08__talking_angry_couch__KXO8S7OP.mp4,1,1279,1920,1080,h264,15.78,DeepFake,DeepFakeDetection,DFD_SOURCE_28,DFD_SOURCE_28,,DFD_SOURCE_28,,train
DFD_0003414,DeepFakeDetection (DFD),raw/DFD/DFD_manipulated_sequences/DFD_manipulated_sequences/28_08__walking_outside_cafe_disgusted__6HFK6PB4.mp4,1,373,1920,1080,h264,2.51,DeepFake,DeepFakeDetection,DFD_SOURCE_28,DFD_SOURCE_28,,DFD_SOURCE_28,,train
DFD_0003415,DeepFakeDetection (DFD),raw/DFD/DFD_manipulated_sequences/DFD_manipulated_sequences/28_08__walking_outside_cafe_disgusted__8BC35RFU.mp4,1,371,1920,1080,h264,2.49,DeepFake,DeepFakeDetection,DFD_SOURCE_28,DFD_SOURCE_28,,DFD_SOURCE_28,,train
DFD_0003416,DeepFakeDetection (DFD),raw/DFD/DFD_manipulated_sequences/DFD_manipulated_sequences/28_08__walking_outside_cafe_disgusted__KXO8S7OP.mp4,1,399,1920,1080,h264,2.7,DeepFake,DeepFakeDetection,DFD_SOURCE_28,DFD_SOURCE_28,,DFD_SOURCE_28,,train
DFD_0003417,DeepFakeDetection (DFD),raw/DFD/DFD_manipulated_sequences/DFD_manipulated_sequences/28_16__exit_phone_room__OANAQYD5.mp4,1,468,1920,1080,h264,3.08,DeepFake,DeepFakeDetection,DFD_SOURCE_28,DFD_SOURCE_28,,DFD_SOURCE_28,,train
DFD_0003418,DeepFakeDetection (DFD),raw/DFD/DFD_manipulated_sequences/DFD_manipulated_sequences/28_16__exit_phone_room__U757192N.mp4,1,401,1920,1080,h264,2.58,DeepFake,DeepFakeDetection,DFD_SOURCE_28,DFD_SOURCE_28,,DFD_SOURCE_28,,train
DFD_0003419,DeepFakeDetection (DFD),raw/DFD/DFD_manipulated_sequences/DFD_manipulated_sequences/28_16__kitchen_pan__X5FNCYON.mp4,1,600,1920,1080,h264,5.19,DeepFake,DeepFakeDetection,DFD_SOURCE_28,DFD_SOURCE_28,,DFD_SOURCE_28,,train
DFD_0003420,DeepFakeDetection (DFD),raw/DFD/DFD_manipulated_sequences/DFD_manipulated_sequences/28_16__kitchen_still__U757192N.mp4,1,780,1920,1080,h264,6.98,DeepFake,DeepFakeDetection,DFD_SOURCE_28,DFD_SOURCE_28,,DFD_SOURCE_28,,train
DFD_0003421,DeepFakeDetection (DFD),raw/DFD/DFD_manipulated_sequences/DFD_manipulated_sequences/28_16__podium_speech_happy__6DWLCU6T.mp4,1,951,1920,1080,h264,7.29,DeepFake,DeepFakeDetection,DFD_SOURCE_28,DFD_SOURCE_28,,DFD_SOURCE_28,,train
DFD_0003422,DeepFakeDetection (DFD),raw/DFD/DFD_manipulated_sequences/DFD_manipulated_sequences/28_16__podium_speech_happy__ZA8XJIE9.mp4,1,951,1920,1080,h264,7.31,DeepFake,DeepFakeDetection,DFD_SOURCE_28,DFD_SOURCE_28,,DFD_SOURCE_28,,train
DFD_0003423,DeepFakeDetection (DFD),raw/DFD/DFD_manipulated_sequences/DFD_manipulated_sequences/28_16__secret_conversation__R1QD0XDQ.mp4,1,585,1920,1080,h264,4.86,DeepFake,DeepFakeDetection,DFD_SOURCE_28,DFD_SOURCE_28,,DFD_SOURCE_28,,train
DFD_0003424,DeepFakeDetection (DFD),raw/DFD/DFD_manipulated_sequences/DFD_manipulated_sequences/28_16__secret_conversation__X5FNCYON.mp4,1,43,1920,1080,h264,0.54,DeepFake,DeepFakeDetection,DFD_SOURCE_28,DFD_SOURCE_28,,DFD_SOURCE_28,,train
DFD_0003425,DeepFakeDetection (DFD),raw/DFD/DFD_manipulated_sequences/DFD_manipulated_sequences/28_16__secret_conversation__ZA8XJIE9.mp4,1,43,1920,1080,h264,0.54,DeepFake,DeepFakeDetection,DFD_SOURCE_28,DFD_SOURCE_28,,DFD_SOURCE_28,,train
DFD_0003426,DeepFakeDetection (DFD),raw/DFD/DFD_manipulated_sequences/DFD_manipulated_sequences/28_16__walk_down_hall_angry__X5FNCYON.mp4,1,533,1920,1080,h264,3.64,DeepFake,DeepFakeDetection,DFD_SOURCE_28,DFD_SOURCE_28,,DFD_SOURCE_28,,train
DFD_0003427,DeepFakeDetection (DFD),raw/DFD/DFD_manipulated_sequences/DFD_manipulated_sequences/28_16__walking_down_street_outside_angry__6DWLCU6T.mp4,1,1198,1920,1080,h264,5.06,DeepFake,DeepFakeDetection,DFD_SOURCE_28,DFD_SOURCE_28,,DFD_SOURCE_28,,train
DFD_0003428,DeepFakeDetection (DFD),raw/DFD/DFD_manipulated_sequences/DFD_manipulated_sequences/28_16__walking_down_street_outside_angry__U757192N.mp4,1,1157,1920,1080,h264,4.73,DeepFake,DeepFakeDetection,DFD_SOURCE_28,DFD_SOURCE_28,,DFD_SOURCE_28,,train
DFD_0003429,DeepFakeDetection (DFD),raw/DFD/DFD_manipulated_sequences/DFD_manipulated_sequences/28_16__walking_down_street_outside_angry__ZA8XJIE9.mp4,1,1180,1920,1080,h264,5.02,DeepFake,DeepFakeDetection,DFD_SOURCE_28,DFD_SOURCE_28,,DFD_SOURCE_28,,train
DFD_0003430,DeepFakeDetection (DFD),raw/DFD/DFD_manipulated_sequences/DFD_manipulated_sequences/28_16__walking_outside_cafe_disgusted__NAZP864W.mp4,1,373,1920,1080,h264,2.51,DeepFake,DeepFakeDetection,DFD_SOURCE_28,DFD_SOURCE_28,,DFD_SOURCE_28,,train
