sample_id,dataset,video_path,label,frame_count,width,height,codec,file_size_mb,manipulation,generator,subject_id,source_id,original_video_id,split_group_id,audio_path,split
CELEBDF_0000000,Celeb-DF v2,Celeb-real/id0_0000.mp4,0,469,942,500,FMP4,2.24,Original,None,id0,id0,,CELEB_COMPONENT_000,,train
CELEBDF_0000001,Celeb-DF v2,Celeb-real/id0_0001.mp4,0,303,942,500,FMP4,1.54,Original,None,id0,id0,,CELEB_COMPONENT_000,,train
CELEBDF_0000002,Celeb-DF v2,Celeb-real/id0_0002.mp4,0,350,942,500,FMP4,1.6,Original,None,id0,id0,,CELEB_COMPONENT_000,,train
CELEBDF_0000003,Celeb-DF v2,Celeb-real/id0_0003.mp4,0,529,942,500,FMP4,2.14,Original,None,id0,id0,,CELEB_COMPONENT_000,,train
CELEBDF_0000004,Celeb-DF v2,Celeb-real/id0_0004.mp4,0,326,942,500,FMP4,2.18,Original,None,id0,id0,,CELEB_COMPONENT_000,,train
CELEBDF_0000005,Celeb-DF v2,Celeb-real/id0_0005.mp4,0,459,942,500,FMP4,2.13,Original,None,id0,id0,,CELEB_COMPONENT_000,,train
CELEBDF_0000006,Celeb-DF v2,Celeb-real/id0_0006.mp4,0,534,942,500,FMP4,3.47,Original,None,id0,id0,,CELEB_COMPONENT_000,,train
CELEBDF_0000007,Celeb-DF v2,Celeb-real/id0_0007.mp4,0,479,942,500,FMP4,2.18,Original,None,id0,id0,,CELEB_COMPONENT_000,,train
CELEBDF_0000008,Celeb-DF v2,Celeb-real/id0_0008.mp4,0,464,942,500,FMP4,4.2,Original,None,id0,id0,,CELEB_COMPONENT_000,,train
CELEBDF_0000009,Celeb-DF v2,Celeb-real/id0_0009.mp4,0,520,942,500,FMP4,2.47,Original,None,id0,id0,,CELEB_COMPONENT_000,,train
CELEBDF_0000010,Celeb-DF v2,Celeb-real/id10_0000.mp4,0,239,658,500,FMP4,1.05,Original,None,id10,id10,,CELEB_COMPONENT_000,,train
CELEBDF_0000011,Celeb-DF v2,Celeb-real/id10_0001.mp4,0,145,948,500,FMP4,1.03,Original,None,id10,id10,,CELEB_COMPONENT_000,,train
CELEBDF_0000012,Celeb-DF v2,Celeb-real/id10_0002.mp4,0,322,956,500,FMP4,1.1,Original,None,id10,id10,,CELEB_COMPONENT_000,,train
CELEBDF_0000013,Celeb-DF v2,Celeb-real/id10_0003.mp4,0,351,956,500,FMP4,1.26,Original,None,id10,id10,,CELEB_COMPONENT_000,,train
CELEBDF_0000014,Celeb-DF v2,Celeb-real/id10_0004.mp4,0,517,962,500,FMP4,2.2,Original,None,id10,id10,,CELEB_COMPONENT_000,,train
CELEBDF_0000015,Celeb-DF v2,Celeb-real/id10_0005.mp4,0,318,956,500,FMP4,1.46,Original,None,id10,id10,,CELEB_COMPONENT_000,,train
CELEBDF_0000016,Celeb-DF v2,Celeb-real/id10_0006.mp4,0,172,612,500,FMP4,1.18,Original,None,id10,id10,,CELEB_COMPONENT_000,,train
CELEBDF_0000017,Celeb-DF v2,Celeb-real/id10_0007.mp4,0,502,956,500,FMP4,1.94,Original,None,id10,id10,,CELEB_COMPONENT_000,,train
CELEBDF_0000018,Celeb-DF v2,Celeb-real/id10_0008.mp4,0,380,544,500,FMP4,0.81,Original,None,id10,id10,,CELEB_COMPONENT_000,,train
CELEBDF_0000019,Celeb-DF v2,Celeb-real/id10_0009.mp4,0,535,960,500,FMP4,3.0,Original,None,id10,id10,,CELEB_COMPONENT_000,,train
CELEBDF_0000020,Celeb-DF v2,Celeb-real/id11_0000.mp4,0,373,450,500,FMP4,1.16,Original,None,id11,id11,,CELEB_COMPONENT_000,,train
CELEBDF_0000021,Celeb-DF v2,Celeb-real/id11_0001.mp4,0,441,938,500,FMP4,1.76,Original,None,id11,id11,,CELEB_COMPONENT_000,,train
CELEBDF_0000022,Celeb-DF v2,Celeb-real/id11_0002.mp4,0,357,966,500,FMP4,1.54,Original,None,id11,id11,,CELEB_COMPONENT_000,,train
CELEBDF_0000023,Celeb-DF v2,Celeb-real/id11_0003.mp4,0,313,950,500,FMP4,1.61,Original,None,id11,id11,,CELEB_COMPONENT_000,,train
CELEBDF_0000024,Celeb-DF v2,Celeb-real/id11_0004.mp4,0,350,950,500,FMP4,1.59,Original,None,id11,id11,,CELEB_COMPONENT_000,,train
CELEBDF_0000025,Celeb-DF v2,Celeb-real/id11_0005.mp4,0,327,950,500,FMP4,1.81,Original,None,id11,id11,,CELEB_COMPONENT_000,,train
CELEBDF_0000026,Celeb-DF v2,Celeb-real/id11_0006.mp4,0,316,950,500,FMP4,1.31,Original,None,id11,id11,,CELEB_COMPONENT_000,,train
CELEBDF_0000027,Celeb-DF v2,Celeb-real/id11_0007.mp4,0,320,950,500,FMP4,1.24,Original,None,id11,id11,,CELEB_COMPONENT_000,,train
CELEBDF_0000028,Celeb-DF v2,Celeb-real/id11_0008.mp4,0,371,950,500,FMP4,1.48,Original,None,id11,id11,,CELEB_COMPONENT_000,,train
CELEBDF_0000029,Celeb-DF v2,Celeb-real/id11_0009.mp4,0,397,950,500,FMP4,1.7,Original,None,id11,id11,,CELEB_COMPONENT_000,,train
CELEBDF_0000030,Celeb-DF v2,Celeb-real/id11_0010.mp4,0,330,776,500,FMP4,1.21,Original,None,id11,id11,,CELEB_COMPONENT_000,,train
CELEBDF_0000031,Celeb-DF v2,Celeb-real/id12_0000.mp4,0,376,962,500,FMP4,1.16,Original,None,id12,id12,,CELEB_COMPONENT_000,,train
CELEBDF_0000032,Celeb-DF v2,Celeb-real/id12_0001.mp4,0,398,950,500,FMP4,1.7,Original,None,id12,id12,,CELEB_COMPONENT_000,,train
CELEBDF_0000033,Celeb-DF v2,Celeb-real/id12_0002.mp4,0,364,922,500,FMP4,1.35,Original,None,id12,id12,,CELEB_COMPONENT_000,,train
CELEBDF_0000034,Celeb-DF v2,Celeb-real/id12_0003.mp4,0,379,922,500,FMP4,1.44,Original,None,id12,id12,,CELEB_COMPONENT_000,,train
CELEBDF_0000035,Celeb-DF v2,Celeb-real/id12_0004.mp4,0,339,922,500,FMP4,1.34,Original,None,id12,id12,,CELEB_COMPONENT_000,,train
CELEBDF_0000036,Celeb-DF v2,Celeb-real/id12_0005.mp4,0,314,952,500,FMP4,1.59,Original,None,id12,id12,,CELEB_COMPONENT_000,,train
CELEBDF_0000037,Celeb-DF v2,Celeb-real/id12_0006.mp4,0,308,952,500,FMP4,2.29,Original,None,id12,id12,,CELEB_COMPONENT_000,,train
CELEBDF_0000038,Celeb-DF v2,Celeb-real/id13_0000.mp4,0,327,952,500,FMP4,0.93,Original,None,id13,id13,,CELEB_COMPONENT_000,,train
CELEBDF_0000039,Celeb-DF v2,Celeb-real/id13_0001.mp4,0,349,952,500,FMP4,0.89,Original,None,id13,id13,,CELEB_COMPONENT_000,,train
CELEBDF_0000040,Celeb-DF v2,Celeb-real/id13_0002.mp4,0,400,952,500,FMP4,1.24,Original,None,id13,id13,,CELEB_COMPONENT_000,,train
CELEBDF_0000041,Celeb-DF v2,Celeb-real/id13_0003.mp4,0,340,952,500,FMP4,1.38,Original,None,id13,id13,,CELEB_COMPONENT_000,,train
CELEBDF_0000042,Celeb-DF v2,Celeb-real/id13_0004.mp4,0,352,666,500,FMP4,1.26,Original,None,id13,id13,,CELEB_COMPONENT_000,,train
CELEBDF_0000043,Celeb-DF v2,Celeb-real/id13_0005.mp4,0,309,666,500,FMP4,1.12,Original,None,id13,id13,,CELEB_COMPONENT_000,,train
CELEBDF_0000044,Celeb-DF v2,Celeb-real/id13_0006.mp4,0,333,942,500,FMP4,2.05,Original,None,id13,id13,,CELEB_COMPONENT_000,,train
CELEBDF_0000045,Celeb-DF v2,Celeb-real/id13_0007.mp4,0,452,942,500,FMP4,2.0,Original,None,id13,id13,,CELEB_COMPONENT_000,,train
CELEBDF_0000046,Celeb-DF v2,Celeb-real/id13_0008.mp4,0,459,942,500,FMP4,1.45,Original,None,id13,id13,,CELEB_COMPONENT_000,,train
CELEBDF_0000047,Celeb-DF v2,Celeb-real/id13_0009.mp4,0,435,942,500,FMP4,0.95,Original,None,id13,id13,,CELEB_COMPONENT_000,,train
CELEBDF_0000048,Celeb-DF v2,Celeb-real/id13_0010.mp4,0,332,942,500,FMP4,1.84,Original,None,id13,id13,,CELEB_COMPONENT_000,,train
CELEBDF_0000049,Celeb-DF v2,Celeb-real/id13_0011.mp4,0,466,942,500,FMP4,2.6,Original,None,id13,id13,,CELEB_COMPONENT_000,,train
CELEBDF_0000050,Celeb-DF v2,Celeb-real/id13_0012.mp4,0,510,942,500,FMP4,1.41,Original,None,id13,id13,,CELEB_COMPONENT_000,,train
CELEBDF_0000051,Celeb-DF v2,Celeb-real/id13_0013.mp4,0,459,942,500,FMP4,1.46,Original,None,id13,id13,,CELEB_COMPONENT_000,,train
CELEBDF_0000052,Celeb-DF v2,Celeb-real/id13_0014.mp4,0,390,942,500,FMP4,3.37,Original,None,id13,id13,,CELEB_COMPONENT_000,,train
CELEBDF_0000053,Celeb-DF v2,Celeb-real/id13_0015.mp4,0,489,942,500,FMP4,1.99,Original,None,id13,id13,,CELEB_COMPONENT_000,,train
CELEBDF_0000054,Celeb-DF v2,Celeb-real/id16_0000.mp4,0,317,950,500,FMP4,1.48,Original,None,id16,id16,,CELEB_COMPONENT_000,,train
CELEBDF_0000055,Celeb-DF v2,Celeb-real/id16_0001.mp4,0,316,950,500,FMP4,1.18,Original,None,id16,id16,,CELEB_COMPONENT_000,,train
CELEBDF_0000056,Celeb-DF v2,Celeb-real/id16_0002.mp4,0,363,950,500,FMP4,1.08,Original,None,id16,id16,,CELEB_COMPONENT_000,,train
CELEBDF_0000057,Celeb-DF v2,Celeb-real/id16_0003.mp4,0,303,950,500,FMP4,1.49,Original,None,id16,id16,,CELEB_COMPONENT_000,,train
CELEBDF_0000058,Celeb-DF v2,Celeb-real/id16_0004.mp4,0,410,950,500,FMP4,1.87,Original,None,id16,id16,,CELEB_COMPONENT_000,,train
CELEBDF_0000059,Celeb-DF v2,Celeb-real/id16_0005.mp4,0,345,950,500,FMP4,0.86,Original,None,id16,id16,,CELEB_COMPONENT_000,,train
CELEBDF_0000060,Celeb-DF v2,Celeb-real/id16_0006.mp4,0,224,950,500,FMP4,0.78,Original,None,id16,id16,,CELEB_COMPONENT_000,,train
CELEBDF_0000061,Celeb-DF v2,Celeb-real/id16_0007.mp4,0,284,950,500,FMP4,1.64,Original,None,id16,id16,,CELEB_COMPONENT_000,,train
CELEBDF_0000062,Celeb-DF v2,Celeb-real/id16_0008.mp4,0,337,950,500,FMP4,1.61,Original,None,id16,id16,,CELEB_COMPONENT_000,,train
CELEBDF_0000063,Celeb-DF v2,Celeb-real/id16_0009.mp4,0,315,950,500,FMP4,1.49,Original,None,id16,id16,,CELEB_COMPONENT_000,,train
CELEBDF_0000064,Celeb-DF v2,Celeb-real/id16_0010.mp4,0,325,950,500,FMP4,1.23,Original,None,id16,id16,,CELEB_COMPONENT_000,,train
CELEBDF_0000065,Celeb-DF v2,Celeb-real/id16_0011.mp4,0,272,456,500,FMP4,0.92,Original,None,id16,id16,,CELEB_COMPONENT_000,,train
CELEBDF_0000066,Celeb-DF v2,Celeb-real/id16_0012.mp4,0,308,974,500,FMP4,0.96,Original,None,id16,id16,,CELEB_COMPONENT_000,,train
CELEBDF_0000067,Celeb-DF v2,Celeb-real/id16_0013.mp4,0,311,590,500,FMP4,0.83,Original,None,id16,id16,,CELEB_COMPONENT_000,,train
CELEBDF_0000068,Celeb-DF v2,Celeb-real/id17_0000.mp4,0,305,590,500,FMP4,1.67,Original,None,id17,id17,,CELEB_COMPONENT_000,,train
CELEBDF_0000069,Celeb-DF v2,Celeb-real/id17_0001.mp4,0,315,532,500,FMP4,1.56,Original,None,id17,id17,,CELEB_COMPONENT_000,,train
CELEBDF_0000070,Celeb-DF v2,Celeb-real/id17_0002.mp4,0,334,556,500,FMP4,1.79,Original,None,id17,id17,,CELEB_COMPONENT_000,,train
CELEBDF_0000071,Celeb-DF v2,Celeb-real/id17_0003.mp4,0,247,612,440,FMP4,0.74,Original,None,id17,id17,,CELEB_COMPONENT_000,,train
CELEBDF_0000072,Celeb-DF v2,Celeb-real/id17_0004.mp4,0,306,354,500,FMP4,1.05,Original,None,id17,id17,,CELEB_COMPONENT_000,,train
CELEBDF_0000073,Celeb-DF v2,Celeb-real/id17_0005.mp4,0,312,894,500,FMP4,1.93,Original,None,id17,id17,,CELEB_COMPONENT_000,,train
CELEBDF_0000074,Celeb-DF v2,Celeb-real/id17_0006.mp4,0,201,894,500,FMP4,0.98,Original,None,id17,id17,,CELEB_COMPONENT_000,,train
CELEBDF_0000075,Celeb-DF v2,Celeb-real/id17_0007.mp4,0,274,894,500,FMP4,1.14,Original,None,id17,id17,,CELEB_COMPONENT_000,,train
CELEBDF_0000076,Celeb-DF v2,Celeb-real/id17_0008.mp4,0,269,894,500,FMP4,1.42,Original,None,id17,id17,,CELEB_COMPONENT_000,,train
CELEBDF_0000077,Celeb-DF v2,Celeb-real/id17_0009.mp4,0,298,894,500,FMP4,1.21,Original,None,id17,id17,,CELEB_COMPONENT_000,,train
CELEBDF_0000078,Celeb-DF v2,Celeb-real/id19_0000.mp4,0,327,856,432,FMP4,0.55,Original,None,id19,id19,,CELEB_COMPONENT_000,,train
CELEBDF_0000079,Celeb-DF v2,Celeb-real/id19_0001.mp4,0,335,856,432,FMP4,1.07,Original,None,id19,id19,,CELEB_COMPONENT_000,,train
CELEBDF_0000080,Celeb-DF v2,Celeb-real/id19_0002.mp4,0,320,424,384,FMP4,0.44,Original,None,id19,id19,,CELEB_COMPONENT_000,,train
CELEBDF_0000081,Celeb-DF v2,Celeb-real/id19_0003.mp4,0,337,714,500,FMP4,1.83,Original,None,id19,id19,,CELEB_COMPONENT_000,,train
CELEBDF_0000082,Celeb-DF v2,Celeb-real/id19_0004.mp4,0,323,826,420,FMP4,0.47,Original,None,id19,id19,,CELEB_COMPONENT_000,,train
CELEBDF_0000083,Celeb-DF v2,Celeb-real/id19_0005.mp4,0,322,826,420,FMP4,0.9,Original,None,id19,id19,,CELEB_COMPONENT_000,,train
CELEBDF_0000084,Celeb-DF v2,Celeb-real/id19_0006.mp4,0,338,826,420,FMP4,0.77,Original,None,id19,id19,,CELEB_COMPONENT_000,,train
CELEBDF_0000085,Celeb-DF v2,Celeb-real/id19_0007.mp4,0,328,826,420,FMP4,0.87,Original,None,id19,id19,,CELEB_COMPONENT_000,,train
CELEBDF_0000086,Celeb-DF v2,Celeb-real/id19_0008.mp4,0,324,670,500,FMP4,0.74,Original,None,id19,id19,,CELEB_COMPONENT_000,,train
CELEBDF_0000087,Celeb-DF v2,Celeb-real/id19_0009.mp4,0,341,856,476,FMP4,0.75,Original,None,id19,id19,,CELEB_COMPONENT_000,,train
CELEBDF_0000088,Celeb-DF v2,Celeb-real/id1_0000.mp4,0,371,582,500,FMP4,0.78,Original,None,id1,id1,,CELEB_COMPONENT_000,,train
CELEBDF_0000089,Celeb-DF v2,Celeb-real/id1_0001.mp4,0,276,530,500,FMP4,0.56,Original,None,id1,id1,,CELEB_COMPONENT_000,,train
CELEBDF_0000090,Celeb-DF v2,Celeb-real/id1_0002.mp4,0,400,492,500,FMP4,1.29,Original,None,id1,id1,,CELEB_COMPONENT_000,,train
CELEBDF_0000091,Celeb-DF v2,Celeb-real/id1_0003.mp4,0,451,590,500,FMP4,2.2,Original,None,id1,id1,,CELEB_COMPONENT_000,,train
CELEBDF_0000092,Celeb-DF v2,Celeb-real/id1_0004.mp4,0,409,430,500,FMP4,0.58,Original,None,id1,id1,,CELEB_COMPONENT_000,,train
CELEBDF_0000093,Celeb-DF v2,Celeb-real/id1_0005.mp4,0,422,510,500,FMP4,1.15,Original,None,id1,id1,,CELEB_COMPONENT_000,,train
CELEBDF_0000094,Celeb-DF v2,Celeb-real/id1_0006.mp4,0,505,572,500,FMP4,0.92,Original,None,id1,id1,,CELEB_COMPONENT_000,,train
CELEBDF_0000095,Celeb-DF v2,Celeb-real/id1_0007.mp4,0,328,518,498,FMP4,0.71,Original,None,id1,id1,,CELEB_COMPONENT_000,,train
CELEBDF_0000096,Celeb-DF v2,Celeb-real/id1_0008.mp4,0,519,574,500,FMP4,1.49,Original,None,id1,id1,,CELEB_COMPONENT_000,,train
CELEBDF_0000097,Celeb-DF v2,Celeb-real/id1_0009.mp4,0,412,478,500,FMP4,1.95,Original,None,id1,id1,,CELEB_COMPONENT_000,,train
CELEBDF_0000098,Celeb-DF v2,Celeb-real/id20_0000.mp4,0,315,856,476,FMP4,0.76,Original,None,id20,id20,,CELEB_COMPONENT_000,,train
CELEBDF_0000099,Celeb-DF v2,Celeb-real/id20_0001.mp4,0,306,856,476,FMP4,1.47,Original,None,id20,id20,,CELEB_COMPONENT_000,,train
CELEBDF_0000100,Celeb-DF v2,Celeb-real/id20_0002.mp4,0,311,620,500,FMP4,1.29,Original,None,id20,id20,,CELEB_COMPONENT_000,,train
CELEBDF_0000101,Celeb-DF v2,Celeb-real/id20_0003.mp4,0,337,844,452,FMP4,1.03,Original,None,id20,id20,,CELEB_COMPONENT_000,,train
CELEBDF_0000102,Celeb-DF v2,Celeb-real/id20_0004.mp4,0,325,844,452,FMP4,0.88,Original,None,id20,id20,,CELEB_COMPONENT_000,,train
CELEBDF_0000103,Celeb-DF v2,Celeb-real/id20_0005.mp4,0,324,844,452,FMP4,0.82,Original,None,id20,id20,,CELEB_COMPONENT_000,,train
CELEBDF_0000104,Celeb-DF v2,Celeb-real/id20_0006.mp4,0,328,844,452,FMP4,0.88,Original,None,id20,id20,,CELEB_COMPONENT_000,,train
CELEBDF_0000105,Celeb-DF v2,Celeb-real/id20_0007.mp4,0,347,672,500,FMP4,1.69,Original,None,id20,id20,,CELEB_COMPONENT_000,,train
CELEBDF_0000106,Celeb-DF v2,Celeb-real/id20_0008.mp4,0,338,674,500,FMP4,0.95,Original,None,id20,id20,,CELEB_COMPONENT_000,,train
CELEBDF_0000107,Celeb-DF v2,Celeb-real/id20_0009.mp4,0,334,666,500,FMP4,1.1,Original,None,id20,id20,,CELEB_COMPONENT_000,,train
CELEBDF_0000108,Celeb-DF v2,Celeb-real/id21_0000.mp4,0,234,852,480,FMP4,1.21,Original,None,id21,id21,,CELEB_COMPONENT_000,,train
CELEBDF_0000109,Celeb-DF v2,Celeb-real/id21_0001.mp4,0,262,852,480,FMP4,0.84,Original,None,id21,id21,,CELEB_COMPONENT_000,,train
CELEBDF_0000110,Celeb-DF v2,Celeb-real/id21_0002.mp4,0,334,852,480,FMP4,0.79,Original,None,id21,id21,,CELEB_COMPONENT_000,,train
CELEBDF_0000111,Celeb-DF v2,Celeb-real/id21_0003.mp4,0,178,704,500,FMP4,0.53,Original,None,id21,id21,,CELEB_COMPONENT_000,,train
CELEBDF_0000112,Celeb-DF v2,Celeb-real/id21_0004.mp4,0,225,812,456,FMP4,0.45,Original,None,id21,id21,,CELEB_COMPONENT_000,,train
CELEBDF_0000113,Celeb-DF v2,Celeb-real/id21_0005.mp4,0,165,812,456,FMP4,0.41,Original,None,id21,id21,,CELEB_COMPONENT_000,,train
CELEBDF_0000114,Celeb-DF v2,Celeb-real/id21_0006.mp4,0,359,812,456,FMP4,1.09,Original,None,id21,id21,,CELEB_COMPONENT_000,,train
CELEBDF_0000115,Celeb-DF v2,Celeb-real/id21_0007.mp4,0,317,812,456,FMP4,0.9,Original,None,id21,id21,,CELEB_COMPONENT_000,,train
CELEBDF_0000116,Celeb-DF v2,Celeb-real/id21_0008.mp4,0,322,472,500,FMP4,0.58,Original,None,id21,id21,,CELEB_COMPONENT_000,,train
CELEBDF_0000117,Celeb-DF v2,Celeb-real/id21_0009.mp4,0,319,662,500,FMP4,0.97,Original,None,id21,id21,,CELEB_COMPONENT_000,,train
CELEBDF_0000118,Celeb-DF v2,Celeb-real/id22_0000.mp4,0,199,846,476,FMP4,0.74,Original,None,id22,id22,,CELEB_COMPONENT_000,,train
CELEBDF_0000119,Celeb-DF v2,Celeb-real/id22_0001.mp4,0,310,846,476,FMP4,0.76,Original,None,id22,id22,,CELEB_COMPONENT_000,,train
CELEBDF_0000120,Celeb-DF v2,Celeb-real/id22_0002.mp4,0,283,846,476,FMP4,1.28,Original,None,id22,id22,,CELEB_COMPONENT_000,,train
CELEBDF_0000121,Celeb-DF v2,Celeb-real/id22_0003.mp4,0,273,846,476,FMP4,1.29,Original,None,id22,id22,,CELEB_COMPONENT_000,,train
CELEBDF_0000122,Celeb-DF v2,Celeb-real/id22_0004.mp4,0,312,846,476,FMP4,1.01,Original,None,id22,id22,,CELEB_COMPONENT_000,,train
CELEBDF_0000123,Celeb-DF v2,Celeb-real/id22_0005.mp4,0,365,846,476,FMP4,0.99,Original,None,id22,id22,,CELEB_COMPONENT_000,,train
CELEBDF_0000124,Celeb-DF v2,Celeb-real/id22_0006.mp4,0,333,846,476,FMP4,0.81,Original,None,id22,id22,,CELEB_COMPONENT_000,,train
CELEBDF_0000125,Celeb-DF v2,Celeb-real/id22_0007.mp4,0,333,846,476,FMP4,1.35,Original,None,id22,id22,,CELEB_COMPONENT_000,,train
CELEBDF_0000126,Celeb-DF v2,Celeb-real/id22_0008.mp4,0,325,846,476,FMP4,0.94,Original,None,id22,id22,,CELEB_COMPONENT_000,,train
CELEBDF_0000127,Celeb-DF v2,Celeb-real/id22_0009.mp4,0,332,846,476,FMP4,1.81,Original,None,id22,id22,,CELEB_COMPONENT_000,,train
CELEBDF_0000128,Celeb-DF v2,Celeb-real/id23_0000.mp4,0,318,846,476,FMP4,0.78,Original,None,id23,id23,,CELEB_COMPONENT_000,,train
CELEBDF_0000129,Celeb-DF v2,Celeb-real/id23_0001.mp4,0,309,846,476,FMP4,1.36,Original,None,id23,id23,,CELEB_COMPONENT_000,,train
CELEBDF_0000130,Celeb-DF v2,Celeb-real/id23_0002.mp4,0,319,846,476,FMP4,1.09,Original,None,id23,id23,,CELEB_COMPONENT_000,,train
CELEBDF_0000131,Celeb-DF v2,Celeb-real/id23_0003.mp4,0,186,846,476,FMP4,0.51,Original,None,id23,id23,,CELEB_COMPONENT_000,,train
CELEBDF_0000132,Celeb-DF v2,Celeb-real/id23_0004.mp4,0,307,674,500,FMP4,1.23,Original,None,id23,id23,,CELEB_COMPONENT_000,,train
CELEBDF_0000133,Celeb-DF v2,Celeb-real/id23_0005.mp4,0,308,610,298,FMP4,0.33,Original,None,id23,id23,,CELEB_COMPONENT_000,,train
CELEBDF_0000134,Celeb-DF v2,Celeb-real/id23_0006.mp4,0,314,636,480,FMP4,0.61,Original,None,id23,id23,,CELEB_COMPONENT_000,,train
CELEBDF_0000135,Celeb-DF v2,Celeb-real/id23_0007.mp4,0,306,814,464,FMP4,1.0,Original,None,id23,id23,,CELEB_COMPONENT_000,,train
CELEBDF_0000136,Celeb-DF v2,Celeb-real/id23_0008.mp4,0,308,814,464,FMP4,1.64,Original,None,id23,id23,,CELEB_COMPONENT_000,,train
CELEBDF_0000137,Celeb-DF v2,Celeb-real/id23_0009.mp4,0,316,662,500,FMP4,0.94,Original,None,id23,id23,,CELEB_COMPONENT_000,,train
CELEBDF_0000138,Celeb-DF v2,Celeb-real/id24_0000.mp4,0,292,840,470,FMP4,1.43,Original,None,id24,id24,,CELEB_COMPONENT_000,,train
CELEBDF_0000139,Celeb-DF v2,Celeb-real/id24_0001.mp4,0,315,840,470,FMP4,1.22,Original,None,id24,id24,,CELEB_COMPONENT_000,,train
CELEBDF_0000140,Celeb-DF v2,Celeb-real/id24_0002.mp4,0,317,438,480,FMP4,0.46,Original,None,id24,id24,,CELEB_COMPONENT_000,,train
CELEBDF_0000141,Celeb-DF v2,Celeb-real/id24_0003.mp4,0,319,286,300,FMP4,0.51,Original,None,id24,id24,,CELEB_COMPONENT_000,,train
CELEBDF_0000142,Celeb-DF v2,Celeb-real/id24_0004.mp4,0,321,470,472,FMP4,0.53,Original,None,id24,id24,,CELEB_COMPONENT_000,,train
CELEBDF_0000143,Celeb-DF v2,Celeb-real/id24_0005.mp4,0,337,848,478,FMP4,0.69,Original,None,id24,id24,,CELEB_COMPONENT_000,,train
CELEBDF_0000144,Celeb-DF v2,Celeb-real/id24_0006.mp4,0,339,564,470,FMP4,0.65,Original,None,id24,id24,,CELEB_COMPONENT_000,,train
CELEBDF_0000145,Celeb-DF v2,Celeb-real/id24_0007.mp4,0,308,850,472,FMP4,1.38,Original,None,id24,id24,,CELEB_COMPONENT_000,,train
CELEBDF_0000146,Celeb-DF v2,Celeb-real/id24_0008.mp4,0,323,850,472,FMP4,1.27,Original,None,id24,id24,,CELEB_COMPONENT_000,,train
CELEBDF_0000147,Celeb-DF v2,Celeb-real/id24_0009.mp4,0,310,850,472,FMP4,0.91,Original,None,id24,id24,,CELEB_COMPONENT_000,,train
CELEBDF_0000148,Celeb-DF v2,Celeb-real/id25_0000.mp4,0,243,850,472,FMP4,0.77,Original,None,id25,id25,,CELEB_COMPONENT_000,,train
CELEBDF_0000149,Celeb-DF v2,Celeb-real/id25_0001.mp4,0,342,850,472,FMP4,1.51,Original,None,id25,id25,,CELEB_COMPONENT_000,,train
CELEBDF_0000150,Celeb-DF v2,Celeb-real/id25_0002.mp4,0,341,850,472,FMP4,1.02,Original,None,id25,id25,,CELEB_COMPONENT_000,,train
CELEBDF_0000151,Celeb-DF v2,Celeb-real/id25_0003.mp4,0,250,850,472,FMP4,1.78,Original,None,id25,id25,,CELEB_COMPONENT_000,,train
CELEBDF_0000152,Celeb-DF v2,Celeb-real/id25_0004.mp4,0,327,850,472,FMP4,0.97,Original,None,id25,id25,,CELEB_COMPONENT_000,,train
CELEBDF_0000153,Celeb-DF v2,Celeb-real/id25_0005.mp4,0,309,742,500,FMP4,0.69,Original,None,id25,id25,,CELEB_COMPONENT_000,,train
CELEBDF_0000154,Celeb-DF v2,Celeb-real/id25_0006.mp4,0,315,814,428,FMP4,0.76,Original,None,id25,id25,,CELEB_COMPONENT_000,,train
CELEBDF_0000155,Celeb-DF v2,Celeb-real/id25_0007.mp4,0,321,672,500,FMP4,1.87,Original,None,id25,id25,,CELEB_COMPONENT_000,,train
CELEBDF_0000156,Celeb-DF v2,Celeb-real/id25_0008.mp4,0,323,672,500,FMP4,0.98,Original,None,id25,id25,,CELEB_COMPONENT_000,,train
CELEBDF_0000157,Celeb-DF v2,Celeb-real/id25_0009.mp4,0,315,672,500,FMP4,0.66,Original,None,id25,id25,,CELEB_COMPONENT_000,,train
CELEBDF_0000158,Celeb-DF v2,Celeb-real/id25_0010.mp4,0,355,848,472,FMP4,1.77,Original,None,id25,id25,,CELEB_COMPONENT_000,,train
CELEBDF_0000159,Celeb-DF v2,Celeb-real/id26_0000.mp4,0,327,848,472,FMP4,1.52,Original,None,id26,id26,,CELEB_COMPONENT_000,,train
CELEBDF_0000160,Celeb-DF v2,Celeb-real/id26_0001.mp4,0,320,848,472,FMP4,2.27,Original,None,id26,id26,,CELEB_COMPONENT_000,,train
CELEBDF_0000161,Celeb-DF v2,Celeb-real/id26_0002.mp4,0,322,848,472,FMP4,1.18,Original,None,id26,id26,,CELEB_COMPONENT_000,,train
CELEBDF_0000162,Celeb-DF v2,Celeb-real/id26_0003.mp4,0,249,848,472,FMP4,0.54,Original,None,id26,id26,,CELEB_COMPONENT_000,,train
CELEBDF_0000163,Celeb-DF v2,Celeb-real/id26_0004.mp4,0,350,848,472,FMP4,0.91,Original,None,id26,id26,,CELEB_COMPONENT_000,,train
CELEBDF_0000164,Celeb-DF v2,Celeb-real/id26_0005.mp4,0,336,526,474,FMP4,0.62,Original,None,id26,id26,,CELEB_COMPONENT_000,,train
CELEBDF_0000165,Celeb-DF v2,Celeb-real/id26_0006.mp4,0,307,834,458,FMP4,1.07,Original,None,id26,id26,,CELEB_COMPONENT_000,,train
CELEBDF_0000166,Celeb-DF v2,Celeb-real/id26_0007.mp4,0,338,834,458,FMP4,0.94,Original,None,id26,id26,,CELEB_COMPONENT_000,,train
CELEBDF_0000167,Celeb-DF v2,Celeb-real/id26_0008.mp4,0,318,834,458,FMP4,0.7,Original,None,id26,id26,,CELEB_COMPONENT_000,,train
CELEBDF_0000168,Celeb-DF v2,Celeb-real/id26_0009.mp4,0,334,834,458,FMP4,2.46,Original,None,id26,id26,,CELEB_COMPONENT_000,,train
CELEBDF_0000169,Celeb-DF v2,Celeb-real/id27_0000.mp4,0,317,834,458,FMP4,1.53,Original,None,id27,id27,,CELEB_COMPONENT_000,,train
CELEBDF_0000170,Celeb-DF v2,Celeb-real/id27_0001.mp4,0,288,834,458,FMP4,0.43,Original,None,id27,id27,,CELEB_COMPONENT_000,,train
CELEBDF_0000171,Celeb-DF v2,Celeb-real/id27_0002.mp4,0,340,834,458,FMP4,1.11,Original,None,id27,id27,,CELEB_COMPONENT_000,,train
CELEBDF_0000172,Celeb-DF v2,Celeb-real/id27_0003.mp4,0,283,834,458,FMP4,1.13,Original,None,id27,id27,,CELEB_COMPONENT_000,,train
CELEBDF_0000173,Celeb-DF v2,Celeb-real/id27_0004.mp4,0,307,834,458,FMP4,0.94,Original,None,id27,id27,,CELEB_COMPONENT_000,,train
CELEBDF_0000174,Celeb-DF v2,Celeb-real/id27_0005.mp4,0,1,834,458,FMP4,0.02,Original,None,id27,id27,,CELEB_COMPONENT_000,,train
CELEBDF_0000175,Celeb-DF v2,Celeb-real/id27_0006.mp4,0,295,626,500,FMP4,1.12,Original,None,id27,id27,,CELEB_COMPONENT_000,,train
CELEBDF_0000176,Celeb-DF v2,Celeb-real/id27_0007.mp4,0,331,342,468,FMP4,0.46,Original,None,id27,id27,,CELEB_COMPONENT_000,,train
CELEBDF_0000177,Celeb-DF v2,Celeb-real/id27_0008.mp4,0,331,348,500,FMP4,0.88,Original,None,id27,id27,,CELEB_COMPONENT_000,,train
CELEBDF_0000178,Celeb-DF v2,Celeb-real/id27_0009.mp4,0,311,844,472,FMP4,0.67,Original,None,id27,id27,,CELEB_COMPONENT_000,,train
CELEBDF_0000179,Celeb-DF v2,Celeb-real/id28_0000.mp4,0,330,844,472,FMP4,0.62,Original,None,id28,id28,,CELEB_COMPONENT_000,,train
CELEBDF_0000180,Celeb-DF v2,Celeb-real/id28_0001.mp4,0,333,846,474,FMP4,1.81,Original,None,id28,id28,,CELEB_COMPONENT_000,,train
CELEBDF_0000181,Celeb-DF v2,Celeb-real/id28_0002.mp4,0,310,846,474,FMP4,1.21,Original,None,id28,id28,,CELEB_COMPONENT_000,,train
CELEBDF_0000182,Celeb-DF v2,Celeb-real/id28_0003.mp4,0,332,846,474,FMP4,1.09,Original,None,id28,id28,,CELEB_COMPONENT_000,,train
CELEBDF_0000183,Celeb-DF v2,Celeb-real/id28_0004.mp4,0,311,846,474,FMP4,1.23,Original,None,id28,id28,,CELEB_COMPONENT_000,,train
CELEBDF_0000184,Celeb-DF v2,Celeb-real/id28_0005.mp4,0,332,846,474,FMP4,1.15,Original,None,id28,id28,,CELEB_COMPONENT_000,,train
CELEBDF_0000185,Celeb-DF v2,Celeb-real/id28_0006.mp4,0,323,846,474,FMP4,1.24,Original,None,id28,id28,,CELEB_COMPONENT_000,,train
CELEBDF_0000186,Celeb-DF v2,Celeb-real/id28_0007.mp4,0,301,684,500,FMP4,1.53,Original,None,id28,id28,,CELEB_COMPONENT_000,,train
CELEBDF_0000187,Celeb-DF v2,Celeb-real/id28_0008.mp4,0,342,842,468,FMP4,1.77,Original,None,id28,id28,,CELEB_COMPONENT_000,,train
CELEBDF_0000188,Celeb-DF v2,Celeb-real/id28_0009.mp4,0,331,842,468,FMP4,0.89,Original,None,id28,id28,,CELEB_COMPONENT_000,,train
CELEBDF_0000189,Celeb-DF v2,Celeb-real/id29_0000.mp4,0,429,852,480,FMP4,1.85,Original,None,id29,id29,,CELEB_COMPONENT_000,,train
CELEBDF_0000190,Celeb-DF v2,Celeb-real/id29_0001.mp4,0,310,852,480,FMP4,1.08,Original,None,id29,id29,,CELEB_COMPONENT_000,,train
CELEBDF_0000191,Celeb-DF v2,Celeb-real/id29_0002.mp4,0,434,852,480,FMP4,2.34,Original,None,id29,id29,,CELEB_COMPONENT_000,,train
CELEBDF_0000192,Celeb-DF v2,Celeb-real/id29_0003.mp4,0,344,852,480,FMP4,1.26,Original,None,id29,id29,,CELEB_COMPONENT_000,,train
CELEBDF_0000193,Celeb-DF v2,Celeb-real/id29_0004.mp4,0,364,852,480,FMP4,2.49,Original,None,id29,id29,,CELEB_COMPONENT_000,,train
CELEBDF_0000194,Celeb-DF v2,Celeb-real/id29_0005.mp4,0,468,852,480,FMP4,1.95,Original,None,id29,id29,,CELEB_COMPONENT_000,,train
CELEBDF_0000195,Celeb-DF v2,Celeb-real/id29_0006.mp4,0,472,852,480,FMP4,2.74,Original,None,id29,id29,,CELEB_COMPONENT_000,,train
CELEBDF_0000196,Celeb-DF v2,Celeb-real/id29_0007.mp4,0,306,852,480,FMP4,1.0,Original,None,id29,id29,,CELEB_COMPONENT_000,,train
CELEBDF_0000197,Celeb-DF v2,Celeb-real/id29_0008.mp4,0,450,852,480,FMP4,1.7,Original,None,id29,id29,,CELEB_COMPONENT_000,,train
CELEBDF_0000198,Celeb-DF v2,Celeb-real/id29_0009.mp4,0,474,476,482,FMP4,1.7,Original,None,id29,id29,,CELEB_COMPONENT_000,,train
CELEBDF_0000199,Celeb-DF v2,Celeb-real/id2_0000.mp4,0,445,588,500,FMP4,1.28,Original,None,id2,id2,,CELEB_COMPONENT_000,,train
CELEBDF_0000200,Celeb-DF v2,Celeb-real/id2_0001.mp4,0,376,608,500,FMP4,0.91,Original,None,id2,id2,,CELEB_COMPONENT_000,,train
CELEBDF_0000201,Celeb-DF v2,Celeb-real/id2_0002.mp4,0,361,588,500,FMP4,1.41,Original,None,id2,id2,,CELEB_COMPONENT_000,,train
CELEBDF_0000202,Celeb-DF v2,Celeb-real/id2_0003.mp4,0,383,554,500,FMP4,0.97,Original,None,id2,id2,,CELEB_COMPONENT_000,,train
CELEBDF_0000203,Celeb-DF v2,Celeb-real/id2_0004.mp4,0,425,524,500,FMP4,0.97,Original,None,id2,id2,,CELEB_COMPONENT_000,,train
CELEBDF_0000204,Celeb-DF v2,Celeb-real/id2_0005.mp4,0,307,616,500,FMP4,0.49,Original,None,id2,id2,,CELEB_COMPONENT_000,,train
CELEBDF_0000205,Celeb-DF v2,Celeb-real/id2_0006.mp4,0,380,640,500,FMP4,1.33,Original,None,id2,id2,,CELEB_COMPONENT_000,,train
CELEBDF_0000206,Celeb-DF v2,Celeb-real/id2_0007.mp4,0,470,638,500,FMP4,2.7,Original,None,id2,id2,,CELEB_COMPONENT_000,,train
CELEBDF_0000207,Celeb-DF v2,Celeb-real/id2_0008.mp4,0,516,888,500,FMP4,5.26,Original,None,id2,id2,,CELEB_COMPONENT_000,,train
CELEBDF_0000208,Celeb-DF v2,Celeb-real/id2_0009.mp4,0,322,632,500,FMP4,0.59,Original,None,id2,id2,,CELEB_COMPONENT_000,,train
CELEBDF_0000209,Celeb-DF v2,Celeb-real/id30_0000.mp4,0,504,850,472,FMP4,2.14,Original,None,id30,id30,,CELEB_COMPONENT_000,,train
CELEBDF_0000210,Celeb-DF v2,Celeb-real/id30_0001.mp4,0,451,850,472,FMP4,1.81,Original,None,id30,id30,,CELEB_COMPONENT_000,,train
CELEBDF_0000211,Celeb-DF v2,Celeb-real/id30_0002.mp4,0,465,850,472,FMP4,1.55,Original,None,id30,id30,,CELEB_COMPONENT_000,,train
CELEBDF_0000212,Celeb-DF v2,Celeb-real/id30_0003.mp4,0,470,850,472,FMP4,1.38,Original,None,id30,id30,,CELEB_COMPONENT_000,,train
CELEBDF_0000213,Celeb-DF v2,Celeb-real/id30_0004.mp4,0,404,850,472,FMP4,1.44,Original,None,id30,id30,,CELEB_COMPONENT_000,,train
CELEBDF_0000214,Celeb-DF v2,Celeb-real/id30_0005.mp4,0,448,850,472,FMP4,1.51,Original,None,id30,id30,,CELEB_COMPONENT_000,,train
CELEBDF_0000215,Celeb-DF v2,Celeb-real/id30_0006.mp4,0,366,850,472,FMP4,1.41,Original,None,id30,id30,,CELEB_COMPONENT_000,,train
CELEBDF_0000216,Celeb-DF v2,Celeb-real/id30_0007.mp4,0,456,850,472,FMP4,1.12,Original,None,id30,id30,,CELEB_COMPONENT_000,,train
CELEBDF_0000217,Celeb-DF v2,Celeb-real/id30_0008.mp4,0,497,850,472,FMP4,1.91,Original,None,id30,id30,,CELEB_COMPONENT_000,,train
CELEBDF_0000218,Celeb-DF v2,Celeb-real/id30_0009.mp4,0,479,850,472,FMP4,1.56,Original,None,id30,id30,,CELEB_COMPONENT_000,,train
CELEBDF_0000219,Celeb-DF v2,Celeb-real/id31_0000.mp4,0,423,850,472,FMP4,1.45,Original,None,id31,id31,,CELEB_COMPONENT_000,,train
CELEBDF_0000220,Celeb-DF v2,Celeb-real/id31_0001.mp4,0,369,850,472,FMP4,1.28,Original,None,id31,id31,,CELEB_COMPONENT_000,,train
CELEBDF_0000221,Celeb-DF v2,Celeb-real/id31_0002.mp4,0,485,850,472,FMP4,1.42,Original,None,id31,id31,,CELEB_COMPONENT_000,,train
CELEBDF_0000222,Celeb-DF v2,Celeb-real/id31_0003.mp4,0,467,850,472,FMP4,1.59,Original,None,id31,id31,,CELEB_COMPONENT_000,,train
CELEBDF_0000223,Celeb-DF v2,Celeb-real/id31_0004.mp4,0,465,850,472,FMP4,2.86,Original,None,id31,id31,,CELEB_COMPONENT_000,,train
CELEBDF_0000224,Celeb-DF v2,Celeb-real/id31_0005.mp4,0,349,850,472,FMP4,1.02,Original,None,id31,id31,,CELEB_COMPONENT_000,,train
CELEBDF_0000225,Celeb-DF v2,Celeb-real/id31_0006.mp4,0,365,850,472,FMP4,1.63,Original,None,id31,id31,,CELEB_COMPONENT_000,,train
CELEBDF_0000226,Celeb-DF v2,Celeb-real/id31_0007.mp4,0,455,850,472,FMP4,3.56,Original,None,id31,id31,,CELEB_COMPONENT_000,,train
CELEBDF_0000227,Celeb-DF v2,Celeb-real/id31_0008.mp4,0,461,850,472,FMP4,1.46,Original,None,id31,id31,,CELEB_COMPONENT_000,,train
CELEBDF_0000228,Celeb-DF v2,Celeb-real/id31_0009.mp4,0,475,850,472,FMP4,0.93,Original,None,id31,id31,,CELEB_COMPONENT_000,,train
CELEBDF_0000229,Celeb-DF v2,Celeb-real/id32_0000.mp4,0,516,850,472,FMP4,1.87,Original,None,id32,id32,,CELEB_COMPONENT_000,,train
CELEBDF_0000230,Celeb-DF v2,Celeb-real/id32_0001.mp4,0,571,850,472,FMP4,2.12,Original,None,id32,id32,,CELEB_COMPONENT_000,,train
CELEBDF_0000231,Celeb-DF v2,Celeb-real/id32_0002.mp4,0,494,850,472,FMP4,1.84,Original,None,id32,id32,,CELEB_COMPONENT_000,,train
CELEBDF_0000232,Celeb-DF v2,Celeb-real/id32_0003.mp4,0,448,848,466,FMP4,2.17,Original,None,id32,id32,,CELEB_COMPONENT_000,,train
CELEBDF_0000233,Celeb-DF v2,Celeb-real/id32_0004.mp4,0,428,544,468,FMP4,1.04,Original,None,id32,id32,,CELEB_COMPONENT_000,,train
CELEBDF_0000234,Celeb-DF v2,Celeb-real/id32_0005.mp4,0,431,848,466,FMP4,1.99,Original,None,id32,id32,,CELEB_COMPONENT_000,,train
CELEBDF_0000235,Celeb-DF v2,Celeb-real/id32_0006.mp4,0,464,848,466,FMP4,4.3,Original,None,id32,id32,,CELEB_COMPONENT_000,,train
CELEBDF_0000236,Celeb-DF v2,Celeb-real/id32_0007.mp4,0,457,848,466,FMP4,2.25,Original,None,id32,id32,,CELEB_COMPONENT_000,,train
CELEBDF_0000237,Celeb-DF v2,Celeb-real/id32_0008.mp4,0,473,848,466,FMP4,2.06,Original,None,id32,id32,,CELEB_COMPONENT_000,,train
CELEBDF_0000238,Celeb-DF v2,Celeb-real/id32_0009.mp4,0,479,848,466,FMP4,1.38,Original,None,id32,id32,,CELEB_COMPONENT_000,,train
CELEBDF_0000239,Celeb-DF v2,Celeb-real/id33_0000.mp4,0,441,848,466,FMP4,2.79,Original,None,id33,id33,,CELEB_COMPONENT_000,,train
CELEBDF_0000240,Celeb-DF v2,Celeb-real/id33_0001.mp4,0,446,848,466,FMP4,1.65,Original,None,id33,id33,,CELEB_COMPONENT_000,,train
CELEBDF_0000241,Celeb-DF v2,Celeb-real/id33_0002.mp4,0,452,848,466,FMP4,1.67,Original,None,id33,id33,,CELEB_COMPONENT_000,,train
CELEBDF_0000242,Celeb-DF v2,Celeb-real/id33_0003.mp4,0,490,848,466,FMP4,1.72,Original,None,id33,id33,,CELEB_COMPONENT_000,,train
CELEBDF_0000243,Celeb-DF v2,Celeb-real/id33_0004.mp4,0,417,848,466,FMP4,1.22,Original,None,id33,id33,,CELEB_COMPONENT_000,,train
CELEBDF_0000244,Celeb-DF v2,Celeb-real/id33_0005.mp4,0,376,848,466,FMP4,1.61,Original,None,id33,id33,,CELEB_COMPONENT_000,,train
CELEBDF_0000245,Celeb-DF v2,Celeb-real/id33_0006.mp4,0,266,848,466,FMP4,1.83,Original,None,id33,id33,,CELEB_COMPONENT_000,,train
CELEBDF_0000246,Celeb-DF v2,Celeb-real/id33_0007.mp4,0,503,848,466,FMP4,1.26,Original,None,id33,id33,,CELEB_COMPONENT_000,,train
CELEBDF_0000247,Celeb-DF v2,Celeb-real/id33_0008.mp4,0,504,848,466,FMP4,3.87,Original,None,id33,id33,,CELEB_COMPONENT_000,,train
CELEBDF_0000248,Celeb-DF v2,Celeb-real/id33_0009.mp4,0,455,848,466,FMP4,2.25,Original,None,id33,id33,,CELEB_COMPONENT_000,,train
CELEBDF_0000249,Celeb-DF v2,Celeb-real/id34_0000.mp4,0,480,848,466,FMP4,1.99,Original,None,id34,id34,,CELEB_COMPONENT_000,,train
CELEBDF_0000250,Celeb-DF v2,Celeb-real/id34_0001.mp4,0,419,848,466,FMP4,1.91,Original,None,id34,id34,,CELEB_COMPONENT_000,,train
CELEBDF_0000251,Celeb-DF v2,Celeb-real/id34_0002.mp4,0,322,848,466,FMP4,1.4,Original,None,id34,id34,,CELEB_COMPONENT_000,,train
CELEBDF_0000252,Celeb-DF v2,Celeb-real/id34_0003.mp4,0,394,848,466,FMP4,1.78,Original,None,id34,id34,,CELEB_COMPONENT_000,,train
CELEBDF_0000253,Celeb-DF v2,Celeb-real/id34_0004.mp4,0,472,848,466,FMP4,1.67,Original,None,id34,id34,,CELEB_COMPONENT_000,,train
CELEBDF_0000254,Celeb-DF v2,Celeb-real/id34_0005.mp4,0,478,848,466,FMP4,2.81,Original,None,id34,id34,,CELEB_COMPONENT_000,,train
CELEBDF_0000255,Celeb-DF v2,Celeb-real/id34_0006.mp4,0,441,848,466,FMP4,2.34,Original,None,id34,id34,,CELEB_COMPONENT_000,,train
CELEBDF_0000256,Celeb-DF v2,Celeb-real/id34_0007.mp4,0,470,848,466,FMP4,6.3,Original,None,id34,id34,,CELEB_COMPONENT_000,,train
CELEBDF_0000257,Celeb-DF v2,Celeb-real/id34_0008.mp4,0,516,848,466,FMP4,2.23,Original,None,id34,id34,,CELEB_COMPONENT_000,,train
CELEBDF_0000258,Celeb-DF v2,Celeb-real/id34_0009.mp4,0,485,848,466,FMP4,2.73,Original,None,id34,id34,,CELEB_COMPONENT_000,,train
CELEBDF_0000259,Celeb-DF v2,Celeb-real/id35_0000.mp4,0,487,848,466,FMP4,2.5,Original,None,id35,id35,,CELEB_COMPONENT_000,,train
CELEBDF_0000260,Celeb-DF v2,Celeb-real/id35_0001.mp4,0,508,848,466,FMP4,2.09,Original,None,id35,id35,,CELEB_COMPONENT_000,,train
CELEBDF_0000261,Celeb-DF v2,Celeb-real/id35_0002.mp4,0,380,848,466,FMP4,1.27,Original,None,id35,id35,,CELEB_COMPONENT_000,,train
CELEBDF_0000262,Celeb-DF v2,Celeb-real/id35_0003.mp4,0,454,848,466,FMP4,1.23,Original,None,id35,id35,,CELEB_COMPONENT_000,,train
CELEBDF_0000263,Celeb-DF v2,Celeb-real/id35_0004.mp4,0,256,848,466,FMP4,0.93,Original,None,id35,id35,,CELEB_COMPONENT_000,,train
CELEBDF_0000264,Celeb-DF v2,Celeb-real/id35_0005.mp4,0,295,848,466,FMP4,1.34,Original,None,id35,id35,,CELEB_COMPONENT_000,,train
CELEBDF_0000265,Celeb-DF v2,Celeb-real/id35_0006.mp4,0,228,848,466,FMP4,0.91,Original,None,id35,id35,,CELEB_COMPONENT_000,,train
CELEBDF_0000266,Celeb-DF v2,Celeb-real/id35_0007.mp4,0,399,848,466,FMP4,2.0,Original,None,id35,id35,,CELEB_COMPONENT_000,,train
CELEBDF_0000267,Celeb-DF v2,Celeb-real/id35_0008.mp4,0,209,848,466,FMP4,0.83,Original,None,id35,id35,,CELEB_COMPONENT_000,,train
CELEBDF_0000268,Celeb-DF v2,Celeb-real/id35_0009.mp4,0,321,848,466,FMP4,1.52,Original,None,id35,id35,,CELEB_COMPONENT_000,,train
CELEBDF_0000269,Celeb-DF v2,Celeb-real/id36_0000.mp4,0,416,848,466,FMP4,2.15,Original,None,id36,id36,,CELEB_COMPONENT_001,,train
CELEBDF_0000270,Celeb-DF v2,Celeb-real/id36_0001.mp4,0,427,848,466,FMP4,1.49,Original,None,id36,id36,,CELEB_COMPONENT_001,,train
CELEBDF_0000271,Celeb-DF v2,Celeb-real/id36_0002.mp4,0,456,848,466,FMP4,2.26,Original,None,id36,id36,,CELEB_COMPONENT_001,,train
CELEBDF_0000272,Celeb-DF v2,Celeb-real/id36_0003.mp4,0,448,848,466,FMP4,1.47,Original,None,id36,id36,,CELEB_COMPONENT_001,,train
CELEBDF_0000273,Celeb-DF v2,Celeb-real/id36_0004.mp4,0,468,848,466,FMP4,1.67,Original,None,id36,id36,,CELEB_COMPONENT_001,,train
CELEBDF_0000274,Celeb-DF v2,Celeb-real/id36_0005.mp4,0,478,848,466,FMP4,1.11,Original,None,id36,id36,,CELEB_COMPONENT_001,,train
CELEBDF_0000275,Celeb-DF v2,Celeb-real/id36_0006.mp4,0,470,848,466,FMP4,2.16,Original,None,id36,id36,,CELEB_COMPONENT_001,,train
CELEBDF_0000276,Celeb-DF v2,Celeb-real/id36_0007.mp4,0,482,848,466,FMP4,3.16,Original,None,id36,id36,,CELEB_COMPONENT_001,,train
CELEBDF_0000277,Celeb-DF v2,Celeb-real/id36_0008.mp4,0,463,486,480,FMP4,0.93,Original,None,id36,id36,,CELEB_COMPONENT_001,,train
CELEBDF_0000278,Celeb-DF v2,Celeb-real/id36_0009.mp4,0,307,486,480,FMP4,0.91,Original,None,id36,id36,,CELEB_COMPONENT_001,,train
CELEBDF_0000279,Celeb-DF v2,Celeb-real/id37_0000.mp4,0,502,856,478,FMP4,1.74,Original,None,id37,id37,,CELEB_COMPONENT_000,,train
CELEBDF_0000280,Celeb-DF v2,Celeb-real/id37_0001.mp4,0,290,856,478,FMP4,1.31,Original,None,id37,id37,,CELEB_COMPONENT_000,,train
CELEBDF_0000281,Celeb-DF v2,Celeb-real/id37_0002.mp4,0,458,856,478,FMP4,1.76,Original,None,id37,id37,,CELEB_COMPONENT_000,,train
CELEBDF_0000282,Celeb-DF v2,Celeb-real/id37_0003.mp4,0,353,856,478,FMP4,1.25,Original,None,id37,id37,,CELEB_COMPONENT_000,,train
CELEBDF_0000283,Celeb-DF v2,Celeb-real/id37_0004.mp4,0,370,856,478,FMP4,1.1,Original,None,id37,id37,,CELEB_COMPONENT_000,,train
CELEBDF_0000284,Celeb-DF v2,Celeb-real/id37_0005.mp4,0,458,856,478,FMP4,0.86,Original,None,id37,id37,,CELEB_COMPONENT_000,,train
CELEBDF_0000285,Celeb-DF v2,Celeb-real/id37_0006.mp4,0,454,856,478,FMP4,1.4,Original,None,id37,id37,,CELEB_COMPONENT_000,,train
CELEBDF_0000286,Celeb-DF v2,Celeb-real/id37_0007.mp4,0,473,856,478,FMP4,1.7,Original,None,id37,id37,,CELEB_COMPONENT_000,,train
CELEBDF_0000287,Celeb-DF v2,Celeb-real/id37_0008.mp4,0,483,856,478,FMP4,1.66,Original,None,id37,id37,,CELEB_COMPONENT_000,,train
CELEBDF_0000288,Celeb-DF v2,Celeb-real/id37_0009.mp4,0,473,856,478,FMP4,1.41,Original,None,id37,id37,,CELEB_COMPONENT_000,,train
CELEBDF_0000289,Celeb-DF v2,Celeb-real/id38_0000.mp4,0,466,856,478,FMP4,2.35,Original,None,id38,id38,,CELEB_COMPONENT_000,,train
CELEBDF_0000290,Celeb-DF v2,Celeb-real/id38_0001.mp4,0,261,856,478,FMP4,1.45,Original,None,id38,id38,,CELEB_COMPONENT_000,,train
CELEBDF_0000291,Celeb-DF v2,Celeb-real/id38_0002.mp4,0,301,856,478,FMP4,1.88,Original,None,id38,id38,,CELEB_COMPONENT_000,,train
CELEBDF_0000292,Celeb-DF v2,Celeb-real/id38_0003.mp4,0,475,856,478,FMP4,1.81,Original,None,id38,id38,,CELEB_COMPONENT_000,,train
CELEBDF_0000293,Celeb-DF v2,Celeb-real/id38_0004.mp4,0,457,856,478,FMP4,1.68,Original,None,id38,id38,,CELEB_COMPONENT_000,,train
CELEBDF_0000294,Celeb-DF v2,Celeb-real/id38_0005.mp4,0,459,856,478,FMP4,1.4,Original,None,id38,id38,,CELEB_COMPONENT_000,,train
CELEBDF_0000295,Celeb-DF v2,Celeb-real/id38_0006.mp4,0,467,856,478,FMP4,2.31,Original,None,id38,id38,,CELEB_COMPONENT_000,,train
CELEBDF_0000296,Celeb-DF v2,Celeb-real/id38_0007.mp4,0,456,856,478,FMP4,1.8,Original,None,id38,id38,,CELEB_COMPONENT_000,,train
CELEBDF_0000297,Celeb-DF v2,Celeb-real/id38_0008.mp4,0,492,856,478,FMP4,1.67,Original,None,id38,id38,,CELEB_COMPONENT_000,,train
CELEBDF_0000298,Celeb-DF v2,Celeb-real/id38_0009.mp4,0,585,856,478,FMP4,2.16,Original,None,id38,id38,,CELEB_COMPONENT_000,,train
CELEBDF_0000299,Celeb-DF v2,Celeb-real/id39_0000.mp4,0,321,840,406,FMP4,0.81,Original,None,id39,id39,,CELEB_COMPONENT_002,,test
CELEBDF_0000300,Celeb-DF v2,Celeb-real/id39_0001.mp4,0,315,836,474,FMP4,1.3,Original,None,id39,id39,,CELEB_COMPONENT_002,,test
CELEBDF_0000301,Celeb-DF v2,Celeb-real/id39_0002.mp4,0,310,850,476,FMP4,1.42,Original,None,id39,id39,,CELEB_COMPONENT_002,,test
CELEBDF_0000302,Celeb-DF v2,Celeb-real/id39_0003.mp4,0,315,850,476,FMP4,1.44,Original,None,id39,id39,,CELEB_COMPONENT_002,,test
CELEBDF_0000303,Celeb-DF v2,Celeb-real/id39_0004.mp4,0,280,850,476,FMP4,1.96,Original,None,id39,id39,,CELEB_COMPONENT_002,,test
CELEBDF_0000304,Celeb-DF v2,Celeb-real/id39_0005.mp4,0,267,754,500,FMP4,1.11,Original,None,id39,id39,,CELEB_COMPONENT_002,,test
CELEBDF_0000305,Celeb-DF v2,Celeb-real/id39_0006.mp4,0,335,846,480,FMP4,1.55,Original,None,id39,id39,,CELEB_COMPONENT_002,,test
CELEBDF_0000306,Celeb-DF v2,Celeb-real/id39_0007.mp4,0,334,846,478,FMP4,1.17,Original,None,id39,id39,,CELEB_COMPONENT_002,,test
CELEBDF_0000307,Celeb-DF v2,Celeb-real/id39_0008.mp4,0,312,846,478,FMP4,1.04,Original,None,id39,id39,,CELEB_COMPONENT_002,,test
CELEBDF_0000308,Celeb-DF v2,Celeb-real/id39_0009.mp4,0,313,666,500,FMP4,1.32,Original,None,id39,id39,,CELEB_COMPONENT_002,,test
CELEBDF_0000309,Celeb-DF v2,Celeb-real/id3_0000.mp4,0,458,474,500,FMP4,0.89,Original,None,id3,id3,,CELEB_COMPONENT_000,,train
CELEBDF_0000310,Celeb-DF v2,Celeb-real/id3_0001.mp4,0,380,528,500,FMP4,1.38,Original,None,id3,id3,,CELEB_COMPONENT_000,,train
CELEBDF_0000311,Celeb-DF v2,Celeb-real/id3_0002.mp4,0,428,530,500,FMP4,1.39,Original,None,id3,id3,,CELEB_COMPONENT_000,,train
CELEBDF_0000312,Celeb-DF v2,Celeb-real/id3_0003.mp4,0,372,650,500,FMP4,1.18,Original,None,id3,id3,,CELEB_COMPONENT_000,,train
CELEBDF_0000313,Celeb-DF v2,Celeb-real/id3_0004.mp4,0,499,514,500,FMP4,1.13,Original,None,id3,id3,,CELEB_COMPONENT_000,,train
CELEBDF_0000314,Celeb-DF v2,Celeb-real/id3_0005.mp4,0,398,490,500,FMP4,1.25,Original,None,id3,id3,,CELEB_COMPONENT_000,,train
CELEBDF_0000315,Celeb-DF v2,Celeb-real/id3_0006.mp4,0,409,568,500,FMP4,1.31,Original,None,id3,id3,,CELEB_COMPONENT_000,,train
CELEBDF_0000316,Celeb-DF v2,Celeb-real/id3_0007.mp4,0,361,668,500,FMP4,1.28,Original,None,id3,id3,,CELEB_COMPONENT_000,,train
CELEBDF_0000317,Celeb-DF v2,Celeb-real/id3_0008.mp4,0,458,488,500,FMP4,1.38,Original,None,id3,id3,,CELEB_COMPONENT_000,,train
CELEBDF_0000318,Celeb-DF v2,Celeb-real/id3_0009.mp4,0,497,884,498,FMP4,1.12,Original,None,id3,id3,,CELEB_COMPONENT_000,,train
CELEBDF_0000319,Celeb-DF v2,Celeb-real/id40_0000.mp4,0,319,418,466,FMP4,0.89,Original,None,id40,id40,,CELEB_COMPONENT_002,,test
CELEBDF_0000320,Celeb-DF v2,Celeb-real/id40_0001.mp4,0,320,440,390,FMP4,1.2,Original,None,id40,id40,,CELEB_COMPONENT_002,,test
CELEBDF_0000321,Celeb-DF v2,Celeb-real/id40_0002.mp4,0,332,848,478,FMP4,1.39,Original,None,id40,id40,,CELEB_COMPONENT_002,,test
CELEBDF_0000322,Celeb-DF v2,Celeb-real/id40_0003.mp4,0,319,848,478,FMP4,1.32,Original,None,id40,id40,,CELEB_COMPONENT_002,,test
CELEBDF_0000323,Celeb-DF v2,Celeb-real/id40_0004.mp4,0,326,848,478,FMP4,1.77,Original,None,id40,id40,,CELEB_COMPONENT_002,,test
CELEBDF_0000324,Celeb-DF v2,Celeb-real/id40_0005.mp4,0,322,848,478,FMP4,1.02,Original,None,id40,id40,,CELEB_COMPONENT_002,,test
CELEBDF_0000325,Celeb-DF v2,Celeb-real/id40_0006.mp4,0,317,848,478,FMP4,1.27,Original,None,id40,id40,,CELEB_COMPONENT_002,,test
CELEBDF_0000326,Celeb-DF v2,Celeb-real/id40_0007.mp4,0,331,848,478,FMP4,1.45,Original,None,id40,id40,,CELEB_COMPONENT_002,,test
CELEBDF_0000327,Celeb-DF v2,Celeb-real/id40_0008.mp4,0,310,848,478,FMP4,1.35,Original,None,id40,id40,,CELEB_COMPONENT_002,,test
CELEBDF_0000328,Celeb-DF v2,Celeb-real/id40_0009.mp4,0,316,848,478,FMP4,0.82,Original,None,id40,id40,,CELEB_COMPONENT_002,,test
CELEBDF_0000329,Celeb-DF v2,Celeb-real/id41_0000.mp4,0,306,850,472,FMP4,0.67,Original,None,id41,id41,,CELEB_COMPONENT_002,,test
CELEBDF_0000330,Celeb-DF v2,Celeb-real/id41_0001.mp4,0,310,850,472,FMP4,1.21,Original,None,id41,id41,,CELEB_COMPONENT_002,,test
CELEBDF_0000331,Celeb-DF v2,Celeb-real/id41_0002.mp4,0,332,844,474,FMP4,1.29,Original,None,id41,id41,,CELEB_COMPONENT_002,,test
CELEBDF_0000332,Celeb-DF v2,Celeb-real/id41_0003.mp4,0,332,844,474,FMP4,1.24,Original,None,id41,id41,,CELEB_COMPONENT_002,,test
CELEBDF_0000333,Celeb-DF v2,Celeb-real/id41_0004.mp4,0,314,844,474,FMP4,1.36,Original,None,id41,id41,,CELEB_COMPONENT_002,,test
CELEBDF_0000334,Celeb-DF v2,Celeb-real/id41_0005.mp4,0,230,844,474,FMP4,1.09,Original,None,id41,id41,,CELEB_COMPONENT_002,,test
CELEBDF_0000335,Celeb-DF v2,Celeb-real/id41_0006.mp4,0,321,844,474,FMP4,1.0,Original,None,id41,id41,,CELEB_COMPONENT_002,,test
CELEBDF_0000336,Celeb-DF v2,Celeb-real/id41_0007.mp4,0,332,844,474,FMP4,1.19,Original,None,id41,id41,,CELEB_COMPONENT_002,,test
CELEBDF_0000337,Celeb-DF v2,Celeb-real/id41_0008.mp4,0,329,844,474,FMP4,0.85,Original,None,id41,id41,,CELEB_COMPONENT_002,,test
CELEBDF_0000338,Celeb-DF v2,Celeb-real/id41_0009.mp4,0,315,844,474,FMP4,0.58,Original,None,id41,id41,,CELEB_COMPONENT_002,,test
CELEBDF_0000339,Celeb-DF v2,Celeb-real/id42_0000.mp4,0,347,844,474,FMP4,0.92,Original,None,id42,id42,,CELEB_COMPONENT_002,,test
CELEBDF_0000340,Celeb-DF v2,Celeb-real/id42_0001.mp4,0,315,426,448,FMP4,0.87,Original,None,id42,id42,,CELEB_COMPONENT_002,,test
CELEBDF_0000341,Celeb-DF v2,Celeb-real/id42_0002.mp4,0,317,852,478,FMP4,1.06,Original,None,id42,id42,,CELEB_COMPONENT_002,,test
CELEBDF_0000342,Celeb-DF v2,Celeb-real/id42_0003.mp4,0,310,852,478,FMP4,1.26,Original,None,id42,id42,,CELEB_COMPONENT_002,,test
CELEBDF_0000343,Celeb-DF v2,Celeb-real/id42_0004.mp4,0,352,852,478,FMP4,1.31,Original,None,id42,id42,,CELEB_COMPONENT_002,,test
CELEBDF_0000344,Celeb-DF v2,Celeb-real/id43_0000.mp4,0,319,852,478,FMP4,1.28,Original,None,id43,id43,,CELEB_COMPONENT_002,,test
CELEBDF_0000345,Celeb-DF v2,Celeb-real/id43_0001.mp4,0,341,676,500,FMP4,0.99,Original,None,id43,id43,,CELEB_COMPONENT_002,,test
CELEBDF_0000346,Celeb-DF v2,Celeb-real/id43_0002.mp4,0,335,848,480,FMP4,1.46,Original,None,id43,id43,,CELEB_COMPONENT_002,,test
CELEBDF_0000347,Celeb-DF v2,Celeb-real/id43_0003.mp4,0,492,848,480,FMP4,1.35,Original,None,id43,id43,,CELEB_COMPONENT_002,,test
CELEBDF_0000348,Celeb-DF v2,Celeb-real/id43_0004.mp4,0,319,676,500,FMP4,0.85,Original,None,id43,id43,,CELEB_COMPONENT_002,,test
CELEBDF_0000349,Celeb-DF v2,Celeb-real/id43_0005.mp4,0,333,848,474,FMP4,1.29,Original,None,id43,id43,,CELEB_COMPONENT_002,,test
CELEBDF_0000350,Celeb-DF v2,Celeb-real/id43_0006.mp4,0,319,848,474,FMP4,1.47,Original,None,id43,id43,,CELEB_COMPONENT_002,,test
CELEBDF_0000351,Celeb-DF v2,Celeb-real/id43_0007.mp4,0,313,848,474,FMP4,1.19,Original,None,id43,id43,,CELEB_COMPONENT_002,,test
CELEBDF_0000352,Celeb-DF v2,Celeb-real/id43_0008.mp4,0,314,848,474,FMP4,1.39,Original,None,id43,id43,,CELEB_COMPONENT_002,,test
CELEBDF_0000353,Celeb-DF v2,Celeb-real/id43_0009.mp4,0,334,666,500,FMP4,0.95,Original,None,id43,id43,,CELEB_COMPONENT_002,,test
CELEBDF_0000354,Celeb-DF v2,Celeb-real/id44_0000.mp4,0,305,666,500,FMP4,0.56,Original,None,id44,id44,,CELEB_COMPONENT_002,,test
CELEBDF_0000355,Celeb-DF v2,Celeb-real/id44_0001.mp4,0,314,844,474,FMP4,1.0,Original,None,id44,id44,,CELEB_COMPONENT_002,,test
CELEBDF_0000356,Celeb-DF v2,Celeb-real/id44_0002.mp4,0,315,844,474,FMP4,1.35,Original,None,id44,id44,,CELEB_COMPONENT_002,,test
CELEBDF_0000357,Celeb-DF v2,Celeb-real/id44_0003.mp4,0,342,748,500,FMP4,1.43,Original,None,id44,id44,,CELEB_COMPONENT_002,,test
CELEBDF_0000358,Celeb-DF v2,Celeb-real/id44_0004.mp4,0,331,848,472,FMP4,1.1,Original,None,id44,id44,,CELEB_COMPONENT_002,,test
CELEBDF_0000359,Celeb-DF v2,Celeb-real/id44_0005.mp4,0,333,848,472,FMP4,1.5,Original,None,id44,id44,,CELEB_COMPONENT_002,,test
CELEBDF_0000360,Celeb-DF v2,Celeb-real/id45_0000.mp4,0,312,848,472,FMP4,1.42,Original,None,id45,id45,,CELEB_COMPONENT_002,,test
CELEBDF_0000361,Celeb-DF v2,Celeb-real/id45_0001.mp4,0,257,848,472,FMP4,1.27,Original,None,id45,id45,,CELEB_COMPONENT_002,,test
CELEBDF_0000362,Celeb-DF v2,Celeb-real/id45_0002.mp4,0,286,848,472,FMP4,1.97,Original,None,id45,id45,,CELEB_COMPONENT_002,,test
CELEBDF_0000363,Celeb-DF v2,Celeb-real/id45_0003.mp4,0,313,848,472,FMP4,1.2,Original,None,id45,id45,,CELEB_COMPONENT_002,,test
CELEBDF_0000364,Celeb-DF v2,Celeb-real/id45_0004.mp4,0,312,848,472,FMP4,1.27,Original,None,id45,id45,,CELEB_COMPONENT_002,,test
CELEBDF_0000365,Celeb-DF v2,Celeb-real/id45_0005.mp4,0,327,848,472,FMP4,1.41,Original,None,id45,id45,,CELEB_COMPONENT_002,,test
CELEBDF_0000366,Celeb-DF v2,Celeb-real/id45_0006.mp4,0,317,848,472,FMP4,1.21,Original,None,id45,id45,,CELEB_COMPONENT_002,,test
CELEBDF_0000367,Celeb-DF v2,Celeb-real/id45_0007.mp4,0,333,848,472,FMP4,0.58,Original,None,id45,id45,,CELEB_COMPONENT_002,,test
CELEBDF_0000368,Celeb-DF v2,Celeb-real/id45_0008.mp4,0,321,848,472,FMP4,0.82,Original,None,id45,id45,,CELEB_COMPONENT_002,,test
CELEBDF_0000369,Celeb-DF v2,Celeb-real/id45_0009.mp4,0,328,848,472,FMP4,1.58,Original,None,id45,id45,,CELEB_COMPONENT_002,,test
CELEBDF_0000370,Celeb-DF v2,Celeb-real/id46_0000.mp4,0,335,822,458,FMP4,0.98,Original,None,id46,id46,,CELEB_COMPONENT_002,,test
CELEBDF_0000371,Celeb-DF v2,Celeb-real/id46_0001.mp4,0,330,802,436,FMP4,0.74,Original,None,id46,id46,,CELEB_COMPONENT_002,,test
CELEBDF_0000372,Celeb-DF v2,Celeb-real/id46_0002.mp4,0,313,670,500,FMP4,0.74,Original,None,id46,id46,,CELEB_COMPONENT_002,,test
CELEBDF_0000373,Celeb-DF v2,Celeb-real/id46_0003.mp4,0,291,744,466,FMP4,1.11,Original,None,id46,id46,,CELEB_COMPONENT_002,,test
CELEBDF_0000374,Celeb-DF v2,Celeb-real/id46_0004.mp4,0,310,744,466,FMP4,0.99,Original,None,id46,id46,,CELEB_COMPONENT_002,,test
CELEBDF_0000375,Celeb-DF v2,Celeb-real/id46_0005.mp4,0,342,744,466,FMP4,1.11,Original,None,id46,id46,,CELEB_COMPONENT_002,,test
CELEBDF_0000376,Celeb-DF v2,Celeb-real/id46_0006.mp4,0,334,750,438,FMP4,0.91,Original,None,id46,id46,,CELEB_COMPONENT_002,,test
CELEBDF_0000377,Celeb-DF v2,Celeb-real/id46_0007.mp4,0,335,750,438,FMP4,1.69,Original,None,id46,id46,,CELEB_COMPONENT_002,,test
CELEBDF_0000378,Celeb-DF v2,Celeb-real/id46_0008.mp4,0,309,826,474,FMP4,0.84,Original,None,id46,id46,,CELEB_COMPONENT_002,,test
CELEBDF_0000379,Celeb-DF v2,Celeb-real/id46_0009.mp4,0,308,826,474,FMP4,1.19,Original,None,id46,id46,,CELEB_COMPONENT_002,,test
CELEBDF_0000380,Celeb-DF v2,Celeb-real/id47_0000.mp4,0,315,610,500,FMP4,0.89,Original,None,id47,id47,,CELEB_COMPONENT_002,,test
CELEBDF_0000381,Celeb-DF v2,Celeb-real/id47_0001.mp4,0,316,830,470,FMP4,1.37,Original,None,id47,id47,,CELEB_COMPONENT_002,,test
CELEBDF_0000382,Celeb-DF v2,Celeb-real/id47_0002.mp4,0,323,836,470,FMP4,1.53,Original,None,id47,id47,,CELEB_COMPONENT_002,,test
CELEBDF_0000383,Celeb-DF v2,Celeb-real/id47_0003.mp4,0,295,540,456,FMP4,0.67,Original,None,id47,id47,,CELEB_COMPONENT_002,,test
CELEBDF_0000384,Celeb-DF v2,Celeb-real/id47_0004.mp4,0,314,656,500,FMP4,0.68,Original,None,id47,id47,,CELEB_COMPONENT_002,,test
CELEBDF_0000385,Celeb-DF v2,Celeb-real/id47_0005.mp4,0,317,656,500,FMP4,1.16,Original,None,id47,id47,,CELEB_COMPONENT_002,,test
CELEBDF_0000386,Celeb-DF v2,Celeb-real/id47_0006.mp4,0,334,694,456,FMP4,1.2,Original,None,id47,id47,,CELEB_COMPONENT_002,,test
CELEBDF_0000387,Celeb-DF v2,Celeb-real/id47_0007.mp4,0,342,694,456,FMP4,1.1,Original,None,id47,id47,,CELEB_COMPONENT_002,,test
CELEBDF_0000388,Celeb-DF v2,Celeb-real/id47_0008.mp4,0,331,842,476,FMP4,1.01,Original,None,id47,id47,,CELEB_COMPONENT_002,,test
CELEBDF_0000389,Celeb-DF v2,Celeb-real/id47_0009.mp4,0,342,842,476,FMP4,1.85,Original,None,id47,id47,,CELEB_COMPONENT_002,,test
CELEBDF_0000390,Celeb-DF v2,Celeb-real/id48_0000.mp4,0,338,850,476,FMP4,1.03,Original,None,id48,id48,,CELEB_COMPONENT_002,,test
CELEBDF_0000391,Celeb-DF v2,Celeb-real/id48_0001.mp4,0,310,850,476,FMP4,1.3,Original,None,id48,id48,,CELEB_COMPONENT_002,,test
CELEBDF_0000392,Celeb-DF v2,Celeb-real/id48_0002.mp4,0,319,850,476,FMP4,1.05,Original,None,id48,id48,,CELEB_COMPONENT_002,,test
CELEBDF_0000393,Celeb-DF v2,Celeb-real/id48_0003.mp4,0,335,850,476,FMP4,0.79,Original,None,id48,id48,,CELEB_COMPONENT_002,,test
CELEBDF_0000394,Celeb-DF v2,Celeb-real/id48_0004.mp4,0,329,850,476,FMP4,0.79,Original,None,id48,id48,,CELEB_COMPONENT_002,,test
CELEBDF_0000395,Celeb-DF v2,Celeb-real/id48_0005.mp4,0,336,850,476,FMP4,0.94,Original,None,id48,id48,,CELEB_COMPONENT_002,,test
CELEBDF_0000396,Celeb-DF v2,Celeb-real/id48_0006.mp4,0,327,656,500,FMP4,1.01,Original,None,id48,id48,,CELEB_COMPONENT_002,,test
CELEBDF_0000397,Celeb-DF v2,Celeb-real/id48_0007.mp4,0,306,656,500,FMP4,0.9,Original,None,id48,id48,,CELEB_COMPONENT_002,,test
CELEBDF_0000398,Celeb-DF v2,Celeb-real/id48_0008.mp4,0,338,498,500,FMP4,0.98,Original,None,id48,id48,,CELEB_COMPONENT_002,,test
CELEBDF_0000399,Celeb-DF v2,Celeb-real/id48_0009.mp4,0,338,844,472,FMP4,1.37,Original,None,id48,id48,,CELEB_COMPONENT_002,,test
CELEBDF_0000400,Celeb-DF v2,Celeb-real/id49_0000.mp4,0,278,856,478,FMP4,1.66,Original,None,id49,id49,,CELEB_COMPONENT_003,,validation
CELEBDF_0000401,Celeb-DF v2,Celeb-real/id49_0001.mp4,0,460,856,478,FMP4,1.67,Original,None,id49,id49,,CELEB_COMPONENT_003,,validation
CELEBDF_0000402,Celeb-DF v2,Celeb-real/id49_0002.mp4,0,437,856,478,FMP4,2.89,Original,None,id49,id49,,CELEB_COMPONENT_003,,validation
CELEBDF_0000403,Celeb-DF v2,Celeb-real/id49_0003.mp4,0,391,856,478,FMP4,1.92,Original,None,id49,id49,,CELEB_COMPONENT_003,,validation
CELEBDF_0000404,Celeb-DF v2,Celeb-real/id49_0004.mp4,0,414,856,478,FMP4,2.78,Original,None,id49,id49,,CELEB_COMPONENT_003,,validation
CELEBDF_0000405,Celeb-DF v2,Celeb-real/id49_0005.mp4,0,479,856,478,FMP4,3.62,Original,None,id49,id49,,CELEB_COMPONENT_003,,validation
CELEBDF_0000406,Celeb-DF v2,Celeb-real/id49_0006.mp4,0,330,856,478,FMP4,1.71,Original,None,id49,id49,,CELEB_COMPONENT_003,,validation
CELEBDF_0000407,Celeb-DF v2,Celeb-real/id49_0007.mp4,0,383,856,478,FMP4,2.46,Original,None,id49,id49,,CELEB_COMPONENT_003,,validation
CELEBDF_0000408,Celeb-DF v2,Celeb-real/id49_0008.mp4,0,311,856,478,FMP4,1.48,Original,None,id49,id49,,CELEB_COMPONENT_003,,validation
CELEBDF_0000409,Celeb-DF v2,Celeb-real/id49_0009.mp4,0,459,856,478,FMP4,2.42,Original,None,id49,id49,,CELEB_COMPONENT_003,,validation
CELEBDF_0000410,Celeb-DF v2,Celeb-real/id4_0000.mp4,0,477,942,500,FMP4,1.7,Original,None,id4,id4,,CELEB_COMPONENT_000,,train
CELEBDF_0000411,Celeb-DF v2,Celeb-real/id4_0001.mp4,0,459,942,500,FMP4,1.54,Original,None,id4,id4,,CELEB_COMPONENT_000,,train
CELEBDF_0000412,Celeb-DF v2,Celeb-real/id4_0002.mp4,0,491,942,500,FMP4,1.58,Original,None,id4,id4,,CELEB_COMPONENT_000,,train
CELEBDF_0000413,Celeb-DF v2,Celeb-real/id4_0003.mp4,0,444,942,500,FMP4,1.64,Original,None,id4,id4,,CELEB_COMPONENT_000,,train
CELEBDF_0000414,Celeb-DF v2,Celeb-real/id4_0004.mp4,0,439,942,500,FMP4,1.76,Original,None,id4,id4,,CELEB_COMPONENT_000,,train
CELEBDF_0000415,Celeb-DF v2,Celeb-real/id4_0005.mp4,0,467,942,500,FMP4,1.83,Original,None,id4,id4,,CELEB_COMPONENT_000,,train
CELEBDF_0000416,Celeb-DF v2,Celeb-real/id4_0006.mp4,0,304,942,500,FMP4,1.38,Original,None,id4,id4,,CELEB_COMPONENT_000,,train
CELEBDF_0000417,Celeb-DF v2,Celeb-real/id4_0007.mp4,0,446,942,500,FMP4,1.55,Original,None,id4,id4,,CELEB_COMPONENT_000,,train
CELEBDF_0000418,Celeb-DF v2,Celeb-real/id4_0008.mp4,0,326,942,500,FMP4,1.18,Original,None,id4,id4,,CELEB_COMPONENT_000,,train
CELEBDF_0000419,Celeb-DF v2,Celeb-real/id4_0009.mp4,0,483,942,500,FMP4,1.8,Original,None,id4,id4,,CELEB_COMPONENT_000,,train
CELEBDF_0000420,Celeb-DF v2,Celeb-real/id50_0000.mp4,0,283,856,478,FMP4,1.14,Original,None,id50,id50,,CELEB_COMPONENT_003,,validation
CELEBDF_0000421,Celeb-DF v2,Celeb-real/id50_0001.mp4,0,383,856,478,FMP4,1.55,Original,None,id50,id50,,CELEB_COMPONENT_003,,validation
CELEBDF_0000422,Celeb-DF v2,Celeb-real/id50_0002.mp4,0,464,856,478,FMP4,1.1,Original,None,id50,id50,,CELEB_COMPONENT_003,,validation
CELEBDF_0000423,Celeb-DF v2,Celeb-real/id50_0003.mp4,0,467,856,478,FMP4,1.34,Original,None,id50,id50,,CELEB_COMPONENT_003,,validation
CELEBDF_0000424,Celeb-DF v2,Celeb-real/id50_0004.mp4,0,473,856,478,FMP4,2.26,Original,None,id50,id50,,CELEB_COMPONENT_003,,validation
CELEBDF_0000425,Celeb-DF v2,Celeb-real/id50_0005.mp4,0,489,856,478,FMP4,1.53,Original,None,id50,id50,,CELEB_COMPONENT_003,,validation
CELEBDF_0000426,Celeb-DF v2,Celeb-real/id50_0006.mp4,0,449,856,478,FMP4,1.77,Original,None,id50,id50,,CELEB_COMPONENT_003,,validation
CELEBDF_0000427,Celeb-DF v2,Celeb-real/id50_0007.mp4,0,438,856,478,FMP4,1.34,Original,None,id50,id50,,CELEB_COMPONENT_003,,validation
CELEBDF_0000428,Celeb-DF v2,Celeb-real/id50_0008.mp4,0,301,856,478,FMP4,1.58,Original,None,id50,id50,,CELEB_COMPONENT_003,,validation
CELEBDF_0000429,Celeb-DF v2,Celeb-real/id50_0009.mp4,0,451,856,478,FMP4,1.44,Original,None,id50,id50,,CELEB_COMPONENT_003,,validation
CELEBDF_0000430,Celeb-DF v2,Celeb-real/id51_0000.mp4,0,438,856,478,FMP4,1.49,Original,None,id51,id51,,CELEB_COMPONENT_003,,validation
CELEBDF_0000431,Celeb-DF v2,Celeb-real/id51_0001.mp4,0,408,856,478,FMP4,2.13,Original,None,id51,id51,,CELEB_COMPONENT_003,,validation
CELEBDF_0000432,Celeb-DF v2,Celeb-real/id51_0002.mp4,0,302,856,478,FMP4,1.58,Original,None,id51,id51,,CELEB_COMPONENT_003,,validation
CELEBDF_0000433,Celeb-DF v2,Celeb-real/id51_0003.mp4,0,329,856,478,FMP4,1.62,Original,None,id51,id51,,CELEB_COMPONENT_003,,validation
CELEBDF_0000434,Celeb-DF v2,Celeb-real/id51_0004.mp4,0,447,856,478,FMP4,2.53,Original,None,id51,id51,,CELEB_COMPONENT_003,,validation
CELEBDF_0000435,Celeb-DF v2,Celeb-real/id51_0005.mp4,0,383,856,478,FMP4,1.07,Original,None,id51,id51,,CELEB_COMPONENT_003,,validation
CELEBDF_0000436,Celeb-DF v2,Celeb-real/id51_0006.mp4,0,461,856,478,FMP4,2.09,Original,None,id51,id51,,CELEB_COMPONENT_003,,validation
CELEBDF_0000437,Celeb-DF v2,Celeb-real/id51_0007.mp4,0,450,856,478,FMP4,1.99,Original,None,id51,id51,,CELEB_COMPONENT_003,,validation
CELEBDF_0000438,Celeb-DF v2,Celeb-real/id51_0008.mp4,0,454,856,478,FMP4,1.81,Original,None,id51,id51,,CELEB_COMPONENT_003,,validation
CELEBDF_0000439,Celeb-DF v2,Celeb-real/id51_0009.mp4,0,527,856,478,FMP4,1.74,Original,None,id51,id51,,CELEB_COMPONENT_003,,validation
CELEBDF_0000440,Celeb-DF v2,Celeb-real/id52_0000.mp4,0,377,856,478,FMP4,1.06,Original,None,id52,id52,,CELEB_COMPONENT_003,,validation
CELEBDF_0000441,Celeb-DF v2,Celeb-real/id52_0001.mp4,0,466,856,478,FMP4,4.07,Original,None,id52,id52,,CELEB_COMPONENT_003,,validation
CELEBDF_0000442,Celeb-DF v2,Celeb-real/id52_0002.mp4,0,541,856,478,FMP4,2.06,Original,None,id52,id52,,CELEB_COMPONENT_003,,validation
CELEBDF_0000443,Celeb-DF v2,Celeb-real/id52_0003.mp4,0,466,856,478,FMP4,1.41,Original,None,id52,id52,,CELEB_COMPONENT_003,,validation
CELEBDF_0000444,Celeb-DF v2,Celeb-real/id52_0004.mp4,0,513,856,478,FMP4,1.94,Original,None,id52,id52,,CELEB_COMPONENT_003,,validation
CELEBDF_0000445,Celeb-DF v2,Celeb-real/id52_0005.mp4,0,464,856,478,FMP4,1.64,Original,None,id52,id52,,CELEB_COMPONENT_003,,validation
CELEBDF_0000446,Celeb-DF v2,Celeb-real/id52_0006.mp4,0,455,856,478,FMP4,1.57,Original,None,id52,id52,,CELEB_COMPONENT_003,,validation
CELEBDF_0000447,Celeb-DF v2,Celeb-real/id52_0007.mp4,0,494,856,478,FMP4,1.5,Original,None,id52,id52,,CELEB_COMPONENT_003,,validation
CELEBDF_0000448,Celeb-DF v2,Celeb-real/id52_0008.mp4,0,551,856,478,FMP4,2.87,Original,None,id52,id52,,CELEB_COMPONENT_003,,validation
CELEBDF_0000449,Celeb-DF v2,Celeb-real/id52_0009.mp4,0,327,856,478,FMP4,1.43,Original,None,id52,id52,,CELEB_COMPONENT_003,,validation
CELEBDF_0000450,Celeb-DF v2,Celeb-real/id53_0000.mp4,0,473,856,478,FMP4,1.64,Original,None,id53,id53,,CELEB_COMPONENT_003,,validation
CELEBDF_0000451,Celeb-DF v2,Celeb-real/id53_0001.mp4,0,328,856,478,FMP4,1.61,Original,None,id53,id53,,CELEB_COMPONENT_003,,validation
CELEBDF_0000452,Celeb-DF v2,Celeb-real/id53_0002.mp4,0,305,856,478,FMP4,1.44,Original,None,id53,id53,,CELEB_COMPONENT_003,,validation
CELEBDF_0000453,Celeb-DF v2,Celeb-real/id53_0003.mp4,0,472,856,478,FMP4,1.74,Original,None,id53,id53,,CELEB_COMPONENT_003,,validation
CELEBDF_0000454,Celeb-DF v2,Celeb-real/id53_0004.mp4,0,477,856,478,FMP4,1.25,Original,None,id53,id53,,CELEB_COMPONENT_003,,validation
CELEBDF_0000455,Celeb-DF v2,Celeb-real/id53_0005.mp4,0,466,856,478,FMP4,1.01,Original,None,id53,id53,,CELEB_COMPONENT_003,,validation
CELEBDF_0000456,Celeb-DF v2,Celeb-real/id53_0006.mp4,0,485,856,478,FMP4,1.91,Original,None,id53,id53,,CELEB_COMPONENT_003,,validation
CELEBDF_0000457,Celeb-DF v2,Celeb-real/id53_0007.mp4,0,447,856,478,FMP4,1.27,Original,None,id53,id53,,CELEB_COMPONENT_003,,validation
CELEBDF_0000458,Celeb-DF v2,Celeb-real/id53_0008.mp4,0,449,856,478,FMP4,1.04,Original,None,id53,id53,,CELEB_COMPONENT_003,,validation
CELEBDF_0000459,Celeb-DF v2,Celeb-real/id53_0009.mp4,0,451,856,478,FMP4,1.57,Original,None,id53,id53,,CELEB_COMPONENT_003,,validation
CELEBDF_0000460,Celeb-DF v2,Celeb-real/id54_0000.mp4,0,483,856,478,FMP4,1.91,Original,None,id54,id54,,CELEB_COMPONENT_003,,validation
CELEBDF_0000461,Celeb-DF v2,Celeb-real/id54_0001.mp4,0,579,856,478,FMP4,4.31,Original,None,id54,id54,,CELEB_COMPONENT_003,,validation
CELEBDF_0000462,Celeb-DF v2,Celeb-real/id54_0002.mp4,0,447,856,478,FMP4,2.81,Original,None,id54,id54,,CELEB_COMPONENT_003,,validation
CELEBDF_0000463,Celeb-DF v2,Celeb-real/id54_0003.mp4,0,314,856,478,FMP4,1.4,Original,None,id54,id54,,CELEB_COMPONENT_003,,validation
CELEBDF_0000464,Celeb-DF v2,Celeb-real/id54_0004.mp4,0,494,856,478,FMP4,2.15,Original,None,id54,id54,,CELEB_COMPONENT_003,,validation
CELEBDF_0000465,Celeb-DF v2,Celeb-real/id54_0005.mp4,0,266,856,478,FMP4,1.15,Original,None,id54,id54,,CELEB_COMPONENT_003,,validation
CELEBDF_0000466,Celeb-DF v2,Celeb-real/id54_0006.mp4,0,441,856,478,FMP4,2.24,Original,None,id54,id54,,CELEB_COMPONENT_003,,validation
CELEBDF_0000467,Celeb-DF v2,Celeb-real/id54_0007.mp4,0,571,856,478,FMP4,2.69,Original,None,id54,id54,,CELEB_COMPONENT_003,,validation
CELEBDF_0000468,Celeb-DF v2,Celeb-real/id54_0008.mp4,0,349,856,478,FMP4,1.32,Original,None,id54,id54,,CELEB_COMPONENT_003,,validation
CELEBDF_0000469,Celeb-DF v2,Celeb-real/id54_0009.mp4,0,464,856,478,FMP4,2.44,Original,None,id54,id54,,CELEB_COMPONENT_003,,validation
CELEBDF_0000470,Celeb-DF v2,Celeb-real/id55_0000.mp4,0,449,856,478,FMP4,1.81,Original,None,id55,id55,,CELEB_COMPONENT_003,,validation
CELEBDF_0000471,Celeb-DF v2,Celeb-real/id55_0001.mp4,0,322,856,478,FMP4,1.77,Original,None,id55,id55,,CELEB_COMPONENT_003,,validation
CELEBDF_0000472,Celeb-DF v2,Celeb-real/id55_0002.mp4,0,418,856,478,FMP4,1.49,Original,None,id55,id55,,CELEB_COMPONENT_003,,validation
CELEBDF_0000473,Celeb-DF v2,Celeb-real/id55_0003.mp4,0,474,856,478,FMP4,2.42,Original,None,id55,id55,,CELEB_COMPONENT_003,,validation
CELEBDF_0000474,Celeb-DF v2,Celeb-real/id55_0004.mp4,0,449,856,478,FMP4,1.97,Original,None,id55,id55,,CELEB_COMPONENT_003,,validation
CELEBDF_0000475,Celeb-DF v2,Celeb-real/id55_0005.mp4,0,468,856,478,FMP4,4.02,Original,None,id55,id55,,CELEB_COMPONENT_003,,validation
CELEBDF_0000476,Celeb-DF v2,Celeb-real/id55_0006.mp4,0,259,856,478,FMP4,1.79,Original,None,id55,id55,,CELEB_COMPONENT_003,,validation
CELEBDF_0000477,Celeb-DF v2,Celeb-real/id55_0007.mp4,0,481,856,478,FMP4,1.98,Original,None,id55,id55,,CELEB_COMPONENT_003,,validation
CELEBDF_0000478,Celeb-DF v2,Celeb-real/id55_0008.mp4,0,427,856,478,FMP4,3.41,Original,None,id55,id55,,CELEB_COMPONENT_003,,validation
CELEBDF_0000479,Celeb-DF v2,Celeb-real/id55_0009.mp4,0,610,856,478,FMP4,1.84,Original,None,id55,id55,,CELEB_COMPONENT_003,,validation
CELEBDF_0000480,Celeb-DF v2,Celeb-real/id56_0000.mp4,0,469,856,478,FMP4,1.1,Original,None,id56,id56,,CELEB_COMPONENT_003,,validation
CELEBDF_0000481,Celeb-DF v2,Celeb-real/id56_0001.mp4,0,464,856,478,FMP4,1.45,Original,None,id56,id56,,CELEB_COMPONENT_003,,validation
CELEBDF_0000482,Celeb-DF v2,Celeb-real/id56_0002.mp4,0,362,856,478,FMP4,1.53,Original,None,id56,id56,,CELEB_COMPONENT_003,,validation
CELEBDF_0000483,Celeb-DF v2,Celeb-real/id56_0003.mp4,0,447,856,478,FMP4,1.64,Original,None,id56,id56,,CELEB_COMPONENT_003,,validation
CELEBDF_0000484,Celeb-DF v2,Celeb-real/id56_0004.mp4,0,449,856,478,FMP4,2.69,Original,None,id56,id56,,CELEB_COMPONENT_003,,validation
CELEBDF_0000485,Celeb-DF v2,Celeb-real/id56_0005.mp4,0,469,856,478,FMP4,1.48,Original,None,id56,id56,,CELEB_COMPONENT_003,,validation
CELEBDF_0000486,Celeb-DF v2,Celeb-real/id56_0006.mp4,0,267,856,478,FMP4,0.91,Original,None,id56,id56,,CELEB_COMPONENT_003,,validation
CELEBDF_0000487,Celeb-DF v2,Celeb-real/id56_0007.mp4,0,235,856,478,FMP4,1.12,Original,None,id56,id56,,CELEB_COMPONENT_003,,validation
CELEBDF_0000488,Celeb-DF v2,Celeb-real/id56_0008.mp4,0,351,856,478,FMP4,1.69,Original,None,id56,id56,,CELEB_COMPONENT_003,,validation
CELEBDF_0000489,Celeb-DF v2,Celeb-real/id56_0009.mp4,0,297,856,478,FMP4,1.2,Original,None,id56,id56,,CELEB_COMPONENT_003,,validation
CELEBDF_0000490,Celeb-DF v2,Celeb-real/id57_0000.mp4,0,639,856,478,FMP4,2.26,Original,None,id57,id57,,CELEB_COMPONENT_003,,validation
CELEBDF_0000491,Celeb-DF v2,Celeb-real/id57_0001.mp4,0,457,856,478,FMP4,1.59,Original,None,id57,id57,,CELEB_COMPONENT_003,,validation
CELEBDF_0000492,Celeb-DF v2,Celeb-real/id57_0002.mp4,0,313,856,478,FMP4,0.92,Original,None,id57,id57,,CELEB_COMPONENT_003,,validation
CELEBDF_0000493,Celeb-DF v2,Celeb-real/id57_0003.mp4,0,455,856,478,FMP4,1.29,Original,None,id57,id57,,CELEB_COMPONENT_003,,validation
CELEBDF_0000494,Celeb-DF v2,Celeb-real/id57_0004.mp4,0,451,856,478,FMP4,2.15,Original,None,id57,id57,,CELEB_COMPONENT_003,,validation
CELEBDF_0000495,Celeb-DF v2,Celeb-real/id57_0005.mp4,0,468,856,478,FMP4,2.19,Original,None,id57,id57,,CELEB_COMPONENT_003,,validation
CELEBDF_0000496,Celeb-DF v2,Celeb-real/id57_0006.mp4,0,453,856,478,FMP4,2.16,Original,None,id57,id57,,CELEB_COMPONENT_003,,validation
CELEBDF_0000497,Celeb-DF v2,Celeb-real/id57_0007.mp4,0,441,856,478,FMP4,1.36,Original,None,id57,id57,,CELEB_COMPONENT_003,,validation
CELEBDF_0000498,Celeb-DF v2,Celeb-real/id57_0008.mp4,0,455,856,478,FMP4,1.55,Original,None,id57,id57,,CELEB_COMPONENT_003,,validation
CELEBDF_0000499,Celeb-DF v2,Celeb-real/id57_0009.mp4,0,335,856,478,FMP4,2.24,Original,None,id57,id57,,CELEB_COMPONENT_003,,validation
CELEBDF_0000500,Celeb-DF v2,Celeb-real/id58_0000.mp4,0,446,856,478,FMP4,1.44,Original,None,id58,id58,,CELEB_COMPONENT_003,,validation
CELEBDF_0000501,Celeb-DF v2,Celeb-real/id58_0001.mp4,0,458,856,478,FMP4,1.36,Original,None,id58,id58,,CELEB_COMPONENT_003,,validation
CELEBDF_0000502,Celeb-DF v2,Celeb-real/id58_0002.mp4,0,466,856,478,FMP4,1.75,Original,None,id58,id58,,CELEB_COMPONENT_003,,validation
CELEBDF_0000503,Celeb-DF v2,Celeb-real/id58_0003.mp4,0,501,856,478,FMP4,1.53,Original,None,id58,id58,,CELEB_COMPONENT_003,,validation
CELEBDF_0000504,Celeb-DF v2,Celeb-real/id58_0004.mp4,0,460,856,478,FMP4,1.7,Original,None,id58,id58,,CELEB_COMPONENT_003,,validation
CELEBDF_0000505,Celeb-DF v2,Celeb-real/id58_0005.mp4,0,461,856,478,FMP4,1.73,Original,None,id58,id58,,CELEB_COMPONENT_003,,validation
CELEBDF_0000506,Celeb-DF v2,Celeb-real/id58_0006.mp4,0,458,856,478,FMP4,1.94,Original,None,id58,id58,,CELEB_COMPONENT_003,,validation
CELEBDF_0000507,Celeb-DF v2,Celeb-real/id58_0007.mp4,0,314,856,478,FMP4,1.74,Original,None,id58,id58,,CELEB_COMPONENT_003,,validation
CELEBDF_0000508,Celeb-DF v2,Celeb-real/id58_0008.mp4,0,388,856,478,FMP4,1.55,Original,None,id58,id58,,CELEB_COMPONENT_003,,validation
CELEBDF_0000509,Celeb-DF v2,Celeb-real/id58_0009.mp4,0,449,856,478,FMP4,1.76,Original,None,id58,id58,,CELEB_COMPONENT_003,,validation
CELEBDF_0000510,Celeb-DF v2,Celeb-real/id59_0000.mp4,0,563,856,478,FMP4,1.73,Original,None,id59,id59,,CELEB_COMPONENT_000,,train
CELEBDF_0000511,Celeb-DF v2,Celeb-real/id59_0001.mp4,0,237,856,478,FMP4,0.76,Original,None,id59,id59,,CELEB_COMPONENT_000,,train
CELEBDF_0000512,Celeb-DF v2,Celeb-real/id59_0002.mp4,0,501,856,478,FMP4,1.85,Original,None,id59,id59,,CELEB_COMPONENT_000,,train
CELEBDF_0000513,Celeb-DF v2,Celeb-real/id59_0003.mp4,0,479,856,478,FMP4,2.77,Original,None,id59,id59,,CELEB_COMPONENT_000,,train
CELEBDF_0000514,Celeb-DF v2,Celeb-real/id59_0004.mp4,0,380,856,478,FMP4,1.53,Original,None,id59,id59,,CELEB_COMPONENT_000,,train
CELEBDF_0000515,Celeb-DF v2,Celeb-real/id59_0005.mp4,0,324,856,478,FMP4,0.68,Original,None,id59,id59,,CELEB_COMPONENT_000,,train
CELEBDF_0000516,Celeb-DF v2,Celeb-real/id59_0006.mp4,0,467,856,478,FMP4,1.91,Original,None,id59,id59,,CELEB_COMPONENT_000,,train
CELEBDF_0000517,Celeb-DF v2,Celeb-real/id59_0007.mp4,0,332,856,478,FMP4,1.06,Original,None,id59,id59,,CELEB_COMPONENT_000,,train
CELEBDF_0000518,Celeb-DF v2,Celeb-real/id59_0008.mp4,0,463,856,478,FMP4,0.91,Original,None,id59,id59,,CELEB_COMPONENT_000,,train
CELEBDF_0000519,Celeb-DF v2,Celeb-real/id59_0009.mp4,0,363,856,478,FMP4,1.52,Original,None,id59,id59,,CELEB_COMPONENT_000,,train
CELEBDF_0000520,Celeb-DF v2,Celeb-real/id5_0000.mp4,0,307,942,500,FMP4,1.01,Original,None,id5,id5,,CELEB_COMPONENT_000,,train
CELEBDF_0000521,Celeb-DF v2,Celeb-real/id5_0001.mp4,0,380,942,500,FMP4,2.17,Original,None,id5,id5,,CELEB_COMPONENT_000,,train
CELEBDF_0000522,Celeb-DF v2,Celeb-real/id5_0002.mp4,0,534,942,500,FMP4,3.96,Original,None,id5,id5,,CELEB_COMPONENT_000,,train
CELEBDF_0000523,Celeb-DF v2,Celeb-real/id5_0003.mp4,0,497,942,500,FMP4,2.08,Original,None,id5,id5,,CELEB_COMPONENT_000,,train
CELEBDF_0000524,Celeb-DF v2,Celeb-real/id5_0004.mp4,0,478,942,500,FMP4,2.64,Original,None,id5,id5,,CELEB_COMPONENT_000,,train
CELEBDF_0000525,Celeb-DF v2,Celeb-real/id5_0005.mp4,0,405,942,500,FMP4,1.36,Original,None,id5,id5,,CELEB_COMPONENT_000,,train
CELEBDF_0000526,Celeb-DF v2,Celeb-real/id5_0006.mp4,0,307,942,500,FMP4,1.19,Original,None,id5,id5,,CELEB_COMPONENT_000,,train
CELEBDF_0000527,Celeb-DF v2,Celeb-real/id5_0007.mp4,0,411,942,500,FMP4,1.6,Original,None,id5,id5,,CELEB_COMPONENT_000,,train
CELEBDF_0000528,Celeb-DF v2,Celeb-real/id5_0008.mp4,0,584,942,500,FMP4,2.56,Original,None,id5,id5,,CELEB_COMPONENT_000,,train
CELEBDF_0000529,Celeb-DF v2,Celeb-real/id5_0009.mp4,0,368,942,500,FMP4,2.05,Original,None,id5,id5,,CELEB_COMPONENT_000,,train
CELEBDF_0000530,Celeb-DF v2,Celeb-real/id60_0000.mp4,0,477,856,478,FMP4,3.19,Original,None,id60,id60,,CELEB_COMPONENT_000,,train
CELEBDF_0000531,Celeb-DF v2,Celeb-real/id60_0001.mp4,0,433,856,478,FMP4,2.44,Original,None,id60,id60,,CELEB_COMPONENT_000,,train
CELEBDF_0000532,Celeb-DF v2,Celeb-real/id60_0002.mp4,0,365,856,478,FMP4,1.74,Original,None,id60,id60,,CELEB_COMPONENT_000,,train
CELEBDF_0000533,Celeb-DF v2,Celeb-real/id60_0003.mp4,0,472,856,478,FMP4,2.54,Original,None,id60,id60,,CELEB_COMPONENT_000,,train
CELEBDF_0000534,Celeb-DF v2,Celeb-real/id60_0004.mp4,0,320,856,478,FMP4,0.83,Original,None,id60,id60,,CELEB_COMPONENT_000,,train
CELEBDF_0000535,Celeb-DF v2,Celeb-real/id60_0005.mp4,0,450,856,478,FMP4,1.7,Original,None,id60,id60,,CELEB_COMPONENT_000,,train
CELEBDF_0000536,Celeb-DF v2,Celeb-real/id60_0006.mp4,0,451,856,478,FMP4,2.42,Original,None,id60,id60,,CELEB_COMPONENT_000,,train
CELEBDF_0000537,Celeb-DF v2,Celeb-real/id60_0007.mp4,0,494,856,478,FMP4,1.04,Original,None,id60,id60,,CELEB_COMPONENT_000,,train
CELEBDF_0000538,Celeb-DF v2,Celeb-real/id60_0008.mp4,0,460,856,478,FMP4,1.52,Original,None,id60,id60,,CELEB_COMPONENT_000,,train
CELEBDF_0000539,Celeb-DF v2,Celeb-real/id60_0009.mp4,0,470,856,478,FMP4,1.84,Original,None,id60,id60,,CELEB_COMPONENT_000,,train
CELEBDF_0000540,Celeb-DF v2,Celeb-real/id61_0000.mp4,0,420,856,478,FMP4,1.39,Original,None,id61,id61,,CELEB_COMPONENT_000,,train
CELEBDF_0000541,Celeb-DF v2,Celeb-real/id61_0001.mp4,0,373,856,478,FMP4,1.37,Original,None,id61,id61,,CELEB_COMPONENT_000,,train
CELEBDF_0000542,Celeb-DF v2,Celeb-real/id61_0002.mp4,0,468,856,478,FMP4,1.75,Original,None,id61,id61,,CELEB_COMPONENT_000,,train
CELEBDF_0000543,Celeb-DF v2,Celeb-real/id61_0003.mp4,0,457,856,478,FMP4,1.39,Original,None,id61,id61,,CELEB_COMPONENT_000,,train
CELEBDF_0000544,Celeb-DF v2,Celeb-real/id61_0004.mp4,0,460,856,478,FMP4,2.0,Original,None,id61,id61,,CELEB_COMPONENT_000,,train
CELEBDF_0000545,Celeb-DF v2,Celeb-real/id61_0005.mp4,0,582,856,478,FMP4,1.52,Original,None,id61,id61,,CELEB_COMPONENT_000,,train
CELEBDF_0000546,Celeb-DF v2,Celeb-real/id61_0006.mp4,0,470,856,478,FMP4,1.75,Original,None,id61,id61,,CELEB_COMPONENT_000,,train
CELEBDF_0000547,Celeb-DF v2,Celeb-real/id61_0007.mp4,0,521,856,478,FMP4,1.41,Original,None,id61,id61,,CELEB_COMPONENT_000,,train
CELEBDF_0000548,Celeb-DF v2,Celeb-real/id61_0008.mp4,0,481,856,478,FMP4,2.53,Original,None,id61,id61,,CELEB_COMPONENT_000,,train
CELEBDF_0000549,Celeb-DF v2,Celeb-real/id61_0009.mp4,0,457,856,478,FMP4,2.1,Original,None,id61,id61,,CELEB_COMPONENT_000,,train
CELEBDF_0000550,Celeb-DF v2,Celeb-real/id6_0000.mp4,0,630,942,500,FMP4,1.71,Original,None,id6,id6,,CELEB_COMPONENT_000,,train
CELEBDF_0000551,Celeb-DF v2,Celeb-real/id6_0001.mp4,0,323,942,500,FMP4,2.4,Original,None,id6,id6,,CELEB_COMPONENT_000,,train
CELEBDF_0000552,Celeb-DF v2,Celeb-real/id6_0002.mp4,0,611,942,500,FMP4,2.06,Original,None,id6,id6,,CELEB_COMPONENT_000,,train
CELEBDF_0000553,Celeb-DF v2,Celeb-real/id6_0003.mp4,0,372,942,500,FMP4,3.48,Original,None,id6,id6,,CELEB_COMPONENT_000,,train
CELEBDF_0000554,Celeb-DF v2,Celeb-real/id6_0004.mp4,0,458,942,500,FMP4,1.78,Original,None,id6,id6,,CELEB_COMPONENT_000,,train
CELEBDF_0000555,Celeb-DF v2,Celeb-real/id6_0005.mp4,0,372,942,500,FMP4,2.91,Original,None,id6,id6,,CELEB_COMPONENT_000,,train
CELEBDF_0000556,Celeb-DF v2,Celeb-real/id6_0006.mp4,0,294,942,500,FMP4,1.13,Original,None,id6,id6,,CELEB_COMPONENT_000,,train
CELEBDF_0000557,Celeb-DF v2,Celeb-real/id6_0007.mp4,0,557,942,500,FMP4,2.49,Original,None,id6,id6,,CELEB_COMPONENT_000,,train
CELEBDF_0000558,Celeb-DF v2,Celeb-real/id6_0008.mp4,0,381,942,500,FMP4,1.41,Original,None,id6,id6,,CELEB_COMPONENT_000,,train
CELEBDF_0000559,Celeb-DF v2,Celeb-real/id6_0009.mp4,0,530,942,500,FMP4,2.28,Original,None,id6,id6,,CELEB_COMPONENT_000,,train
CELEBDF_0000560,Celeb-DF v2,Celeb-real/id7_0000.mp4,0,280,942,500,FMP4,1.4,Original,None,id7,id7,,CELEB_COMPONENT_000,,train
CELEBDF_0000561,Celeb-DF v2,Celeb-real/id7_0001.mp4,0,295,942,500,FMP4,1.28,Original,None,id7,id7,,CELEB_COMPONENT_000,,train
CELEBDF_0000562,Celeb-DF v2,Celeb-real/id7_0002.mp4,0,270,942,500,FMP4,0.85,Original,None,id7,id7,,CELEB_COMPONENT_000,,train
CELEBDF_0000563,Celeb-DF v2,Celeb-real/id7_0003.mp4,0,555,942,500,FMP4,3.96,Original,None,id7,id7,,CELEB_COMPONENT_000,,train
CELEBDF_0000564,Celeb-DF v2,Celeb-real/id7_0004.mp4,0,740,942,500,FMP4,1.38,Original,None,id7,id7,,CELEB_COMPONENT_000,,train
CELEBDF_0000565,Celeb-DF v2,Celeb-real/id7_0005.mp4,0,161,942,500,FMP4,0.49,Original,None,id7,id7,,CELEB_COMPONENT_000,,train
CELEBDF_0000566,Celeb-DF v2,Celeb-real/id7_0006.mp4,0,214,942,500,FMP4,1.04,Original,None,id7,id7,,CELEB_COMPONENT_000,,train
CELEBDF_0000567,Celeb-DF v2,Celeb-real/id7_0007.mp4,0,415,942,500,FMP4,2.08,Original,None,id7,id7,,CELEB_COMPONENT_000,,train
CELEBDF_0000568,Celeb-DF v2,Celeb-real/id7_0008.mp4,0,291,942,500,FMP4,1.27,Original,None,id7,id7,,CELEB_COMPONENT_000,,train
CELEBDF_0000569,Celeb-DF v2,Celeb-real/id7_0009.mp4,0,458,942,500,FMP4,1.48,Original,None,id7,id7,,CELEB_COMPONENT_000,,train
CELEBDF_0000570,Celeb-DF v2,Celeb-real/id8_0000.mp4,0,477,942,500,FMP4,2.29,Original,None,id8,id8,,CELEB_COMPONENT_000,,train
CELEBDF_0000571,Celeb-DF v2,Celeb-real/id8_0001.mp4,0,457,942,500,FMP4,1.66,Original,None,id8,id8,,CELEB_COMPONENT_000,,train
CELEBDF_0000572,Celeb-DF v2,Celeb-real/id8_0002.mp4,0,525,942,500,FMP4,1.69,Original,None,id8,id8,,CELEB_COMPONENT_000,,train
CELEBDF_0000573,Celeb-DF v2,Celeb-real/id8_0003.mp4,0,401,942,500,FMP4,1.89,Original,None,id8,id8,,CELEB_COMPONENT_000,,train
CELEBDF_0000574,Celeb-DF v2,Celeb-real/id8_0004.mp4,0,566,942,500,FMP4,2.57,Original,None,id8,id8,,CELEB_COMPONENT_000,,train
CELEBDF_0000575,Celeb-DF v2,Celeb-real/id8_0005.mp4,0,215,942,500,FMP4,0.84,Original,None,id8,id8,,CELEB_COMPONENT_000,,train
CELEBDF_0000576,Celeb-DF v2,Celeb-real/id8_0006.mp4,0,514,942,500,FMP4,2.97,Original,None,id8,id8,,CELEB_COMPONENT_000,,train
CELEBDF_0000577,Celeb-DF v2,Celeb-real/id8_0007.mp4,0,387,942,500,FMP4,2.62,Original,None,id8,id8,,CELEB_COMPONENT_000,,train
CELEBDF_0000578,Celeb-DF v2,Celeb-real/id8_0008.mp4,0,570,942,500,FMP4,3.06,Original,None,id8,id8,,CELEB_COMPONENT_000,,train
CELEBDF_0000579,Celeb-DF v2,Celeb-real/id8_0009.mp4,0,378,942,500,FMP4,2.2,Original,None,id8,id8,,CELEB_COMPONENT_000,,train
CELEBDF_0000580,Celeb-DF v2,Celeb-real/id9_0000.mp4,0,448,942,500,FMP4,1.81,Original,None,id9,id9,,CELEB_COMPONENT_000,,train
CELEBDF_0000581,Celeb-DF v2,Celeb-real/id9_0001.mp4,0,437,942,500,FMP4,2.55,Original,None,id9,id9,,CELEB_COMPONENT_000,,train
CELEBDF_0000582,Celeb-DF v2,Celeb-real/id9_0002.mp4,0,364,942,500,FMP4,1.41,Original,None,id9,id9,,CELEB_COMPONENT_000,,train
CELEBDF_0000583,Celeb-DF v2,Celeb-real/id9_0003.mp4,0,492,942,500,FMP4,1.87,Original,None,id9,id9,,CELEB_COMPONENT_000,,train
CELEBDF_0000584,Celeb-DF v2,Celeb-real/id9_0004.mp4,0,362,942,500,FMP4,1.65,Original,None,id9,id9,,CELEB_COMPONENT_000,,train
CELEBDF_0000585,Celeb-DF v2,Celeb-real/id9_0005.mp4,0,420,942,500,FMP4,2.15,Original,None,id9,id9,,CELEB_COMPONENT_000,,train
CELEBDF_0000586,Celeb-DF v2,Celeb-real/id9_0006.mp4,0,401,942,500,FMP4,2.12,Original,None,id9,id9,,CELEB_COMPONENT_000,,train
CELEBDF_0000587,Celeb-DF v2,Celeb-real/id9_0007.mp4,0,456,942,500,FMP4,2.38,Original,None,id9,id9,,CELEB_COMPONENT_000,,train
CELEBDF_0000588,Celeb-DF v2,Celeb-real/id9_0008.mp4,0,461,942,500,FMP4,2.34,Original,None,id9,id9,,CELEB_COMPONENT_000,,train
CELEBDF_0000589,Celeb-DF v2,Celeb-real/id9_0009.mp4,0,314,942,500,FMP4,1.6,Original,None,id9,id9,,CELEB_COMPONENT_000,,train
CELEBDF_0000590,Celeb-DF v2,Celeb-synthesis/id0_id16_0000.mp4,1,469,944,500,FMP4,2.1,DeepFake,Celeb-synthesis,id0,id16,,CELEB_COMPONENT_000,,train
CELEBDF_0000591,Celeb-DF v2,Celeb-synthesis/id0_id16_0001.mp4,1,303,944,500,FMP4,1.47,DeepFake,Celeb-synthesis,id0,id16,,CELEB_COMPONENT_000,,train
CELEBDF_0000592,Celeb-DF v2,Celeb-synthesis/id0_id16_0002.mp4,1,350,944,500,FMP4,1.51,DeepFake,Celeb-synthesis,id0,id16,,CELEB_COMPONENT_000,,train
CELEBDF_0000593,Celeb-DF v2,Celeb-synthesis/id0_id16_0003.mp4,1,529,944,500,FMP4,2.05,DeepFake,Celeb-synthesis,id0,id16,,CELEB_COMPONENT_000,,train
CELEBDF_0000594,Celeb-DF v2,Celeb-synthesis/id0_id16_0004.mp4,1,326,944,500,FMP4,2.13,DeepFake,Celeb-synthesis,id0,id16,,CELEB_COMPONENT_000,,train
CELEBDF_0000595,Celeb-DF v2,Celeb-synthesis/id0_id16_0005.mp4,1,459,944,500,FMP4,2.02,DeepFake,Celeb-synthesis,id0,id16,,CELEB_COMPONENT_000,,train
CELEBDF_0000596,Celeb-DF v2,Celeb-synthesis/id0_id16_0006.mp4,1,534,944,500,FMP4,3.35,DeepFake,Celeb-synthesis,id0,id16,,CELEB_COMPONENT_000,,train
CELEBDF_0000597,Celeb-DF v2,Celeb-synthesis/id0_id16_0007.mp4,1,479,944,500,FMP4,2.02,DeepFake,Celeb-synthesis,id0,id16,,CELEB_COMPONENT_000,,train
CELEBDF_0000598,Celeb-DF v2,Celeb-synthesis/id0_id16_0008.mp4,1,464,944,500,FMP4,4.08,DeepFake,Celeb-synthesis,id0,id16,,CELEB_COMPONENT_000,,train
CELEBDF_0000599,Celeb-DF v2,Celeb-synthesis/id0_id16_0009.mp4,1,520,944,500,FMP4,2.34,DeepFake,Celeb-synthesis,id0,id16,,CELEB_COMPONENT_000,,train
CELEBDF_0000600,Celeb-DF v2,Celeb-synthesis/id0_id17_0000.mp4,1,469,944,500,FMP4,2.1,DeepFake,Celeb-synthesis,id0,id17,,CELEB_COMPONENT_000,,train
CELEBDF_0000601,Celeb-DF v2,Celeb-synthesis/id0_id17_0001.mp4,1,303,944,500,FMP4,1.47,DeepFake,Celeb-synthesis,id0,id17,,CELEB_COMPONENT_000,,train
CELEBDF_0000602,Celeb-DF v2,Celeb-synthesis/id0_id17_0002.mp4,1,350,944,500,FMP4,1.52,DeepFake,Celeb-synthesis,id0,id17,,CELEB_COMPONENT_000,,train
CELEBDF_0000603,Celeb-DF v2,Celeb-synthesis/id0_id17_0003.mp4,1,529,944,500,FMP4,2.04,DeepFake,Celeb-synthesis,id0,id17,,CELEB_COMPONENT_000,,train
CELEBDF_0000604,Celeb-DF v2,Celeb-synthesis/id0_id17_0005.mp4,1,459,944,500,FMP4,2.03,DeepFake,Celeb-synthesis,id0,id17,,CELEB_COMPONENT_000,,train
CELEBDF_0000605,Celeb-DF v2,Celeb-synthesis/id0_id17_0006.mp4,1,534,944,500,FMP4,3.35,DeepFake,Celeb-synthesis,id0,id17,,CELEB_COMPONENT_000,,train
CELEBDF_0000606,Celeb-DF v2,Celeb-synthesis/id0_id17_0007.mp4,1,479,944,500,FMP4,2.02,DeepFake,Celeb-synthesis,id0,id17,,CELEB_COMPONENT_000,,train
CELEBDF_0000607,Celeb-DF v2,Celeb-synthesis/id0_id17_0009.mp4,1,520,944,500,FMP4,2.35,DeepFake,Celeb-synthesis,id0,id17,,CELEB_COMPONENT_000,,train
CELEBDF_0000608,Celeb-DF v2,Celeb-synthesis/id0_id1_0000.mp4,1,469,944,500,FMP4,2.1,DeepFake,Celeb-synthesis,id0,id1,,CELEB_COMPONENT_000,,train
CELEBDF_0000609,Celeb-DF v2,Celeb-synthesis/id0_id1_0001.mp4,1,303,944,500,FMP4,1.47,DeepFake,Celeb-synthesis,id0,id1,,CELEB_COMPONENT_000,,train
CELEBDF_0000610,Celeb-DF v2,Celeb-synthesis/id0_id1_0002.mp4,1,350,944,500,FMP4,1.52,DeepFake,Celeb-synthesis,id0,id1,,CELEB_COMPONENT_000,,train
CELEBDF_0000611,Celeb-DF v2,Celeb-synthesis/id0_id1_0003.mp4,1,529,944,500,FMP4,2.05,DeepFake,Celeb-synthesis,id0,id1,,CELEB_COMPONENT_000,,train
CELEBDF_0000612,Celeb-DF v2,Celeb-synthesis/id0_id1_0005.mp4,1,459,944,500,FMP4,2.04,DeepFake,Celeb-synthesis,id0,id1,,CELEB_COMPONENT_000,,train
CELEBDF_0000613,Celeb-DF v2,Celeb-synthesis/id0_id1_0006.mp4,1,534,944,500,FMP4,3.35,DeepFake,Celeb-synthesis,id0,id1,,CELEB_COMPONENT_000,,train
CELEBDF_0000614,Celeb-DF v2,Celeb-synthesis/id0_id1_0007.mp4,1,479,944,500,FMP4,2.03,DeepFake,Celeb-synthesis,id0,id1,,CELEB_COMPONENT_000,,train
CELEBDF_0000615,Celeb-DF v2,Celeb-synthesis/id0_id1_0009.mp4,1,520,944,500,FMP4,2.35,DeepFake,Celeb-synthesis,id0,id1,,CELEB_COMPONENT_000,,train
CELEBDF_0000616,Celeb-DF v2,Celeb-synthesis/id0_id20_0000.mp4,1,469,944,500,FMP4,2.22,DeepFake,Celeb-synthesis,id0,id20,,CELEB_COMPONENT_000,,train
CELEBDF_0000617,Celeb-DF v2,Celeb-synthesis/id0_id20_0001.mp4,1,303,944,500,FMP4,1.54,DeepFake,Celeb-synthesis,id0,id20,,CELEB_COMPONENT_000,,train
CELEBDF_0000618,Celeb-DF v2,Celeb-synthesis/id0_id20_0002.mp4,1,350,944,500,FMP4,1.57,DeepFake,Celeb-synthesis,id0,id20,,CELEB_COMPONENT_000,,train
CELEBDF_0000619,Celeb-DF v2,Celeb-synthesis/id0_id20_0003.mp4,1,529,944,500,FMP4,2.11,DeepFake,Celeb-synthesis,id0,id20,,CELEB_COMPONENT_000,,train
CELEBDF_0000620,Celeb-DF v2,Celeb-synthesis/id0_id20_0004.mp4,1,326,944,500,FMP4,2.18,DeepFake,Celeb-synthesis,id0,id20,,CELEB_COMPONENT_000,,train
CELEBDF_0000621,Celeb-DF v2,Celeb-synthesis/id0_id20_0005.mp4,1,459,944,500,FMP4,2.13,DeepFake,Celeb-synthesis,id0,id20,,CELEB_COMPONENT_000,,train
CELEBDF_0000622,Celeb-DF v2,Celeb-synthesis/id0_id20_0006.mp4,1,534,944,500,FMP4,3.43,DeepFake,Celeb-synthesis,id0,id20,,CELEB_COMPONENT_000,,train
CELEBDF_0000623,Celeb-DF v2,Celeb-synthesis/id0_id20_0007.mp4,1,479,944,500,FMP4,2.16,DeepFake,Celeb-synthesis,id0,id20,,CELEB_COMPONENT_000,,train
CELEBDF_0000624,Celeb-DF v2,Celeb-synthesis/id0_id20_0009.mp4,1,520,944,500,FMP4,2.44,DeepFake,Celeb-synthesis,id0,id20,,CELEB_COMPONENT_000,,train
CELEBDF_0000625,Celeb-DF v2,Celeb-synthesis/id0_id21_0000.mp4,1,469,944,500,FMP4,2.22,DeepFake,Celeb-synthesis,id0,id21,,CELEB_COMPONENT_000,,train
CELEBDF_0000626,Celeb-DF v2,Celeb-synthesis/id0_id21_0001.mp4,1,303,944,500,FMP4,1.54,DeepFake,Celeb-synthesis,id0,id21,,CELEB_COMPONENT_000,,train
CELEBDF_0000627,Celeb-DF v2,Celeb-synthesis/id0_id21_0002.mp4,1,350,944,500,FMP4,1.57,DeepFake,Celeb-synthesis,id0,id21,,CELEB_COMPONENT_000,,train
CELEBDF_0000628,Celeb-DF v2,Celeb-synthesis/id0_id21_0003.mp4,1,529,944,500,FMP4,2.12,DeepFake,Celeb-synthesis,id0,id21,,CELEB_COMPONENT_000,,train
CELEBDF_0000629,Celeb-DF v2,Celeb-synthesis/id0_id21_0004.mp4,1,326,944,500,FMP4,2.17,DeepFake,Celeb-synthesis,id0,id21,,CELEB_COMPONENT_000,,train
CELEBDF_0000630,Celeb-DF v2,Celeb-synthesis/id0_id21_0005.mp4,1,459,944,500,FMP4,2.13,DeepFake,Celeb-synthesis,id0,id21,,CELEB_COMPONENT_000,,train
CELEBDF_0000631,Celeb-DF v2,Celeb-synthesis/id0_id21_0006.mp4,1,534,944,500,FMP4,3.42,DeepFake,Celeb-synthesis,id0,id21,,CELEB_COMPONENT_000,,train
CELEBDF_0000632,Celeb-DF v2,Celeb-synthesis/id0_id21_0007.mp4,1,479,944,500,FMP4,2.14,DeepFake,Celeb-synthesis,id0,id21,,CELEB_COMPONENT_000,,train
CELEBDF_0000633,Celeb-DF v2,Celeb-synthesis/id0_id21_0009.mp4,1,520,944,500,FMP4,2.43,DeepFake,Celeb-synthesis,id0,id21,,CELEB_COMPONENT_000,,train
CELEBDF_0000634,Celeb-DF v2,Celeb-synthesis/id0_id23_0000.mp4,1,469,944,500,FMP4,2.22,DeepFake,Celeb-synthesis,id0,id23,,CELEB_COMPONENT_000,,train
CELEBDF_0000635,Celeb-DF v2,Celeb-synthesis/id0_id23_0001.mp4,1,303,944,500,FMP4,1.54,DeepFake,Celeb-synthesis,id0,id23,,CELEB_COMPONENT_000,,train
CELEBDF_0000636,Celeb-DF v2,Celeb-synthesis/id0_id23_0002.mp4,1,350,944,500,FMP4,1.56,DeepFake,Celeb-synthesis,id0,id23,,CELEB_COMPONENT_000,,train
CELEBDF_0000637,Celeb-DF v2,Celeb-synthesis/id0_id23_0004.mp4,1,326,944,500,FMP4,2.16,DeepFake,Celeb-synthesis,id0,id23,,CELEB_COMPONENT_000,,train
CELEBDF_0000638,Celeb-DF v2,Celeb-synthesis/id0_id23_0005.mp4,1,459,944,500,FMP4,2.1,DeepFake,Celeb-synthesis,id0,id23,,CELEB_COMPONENT_000,,train
CELEBDF_0000639,Celeb-DF v2,Celeb-synthesis/id0_id23_0007.mp4,1,479,944,500,FMP4,2.14,DeepFake,Celeb-synthesis,id0,id23,,CELEB_COMPONENT_000,,train
CELEBDF_0000640,Celeb-DF v2,Celeb-synthesis/id0_id23_0009.mp4,1,520,944,500,FMP4,2.42,DeepFake,Celeb-synthesis,id0,id23,,CELEB_COMPONENT_000,,train
CELEBDF_0000641,Celeb-DF v2,Celeb-synthesis/id0_id26_0000.mp4,1,469,944,500,FMP4,2.22,DeepFake,Celeb-synthesis,id0,id26,,CELEB_COMPONENT_000,,train
CELEBDF_0000642,Celeb-DF v2,Celeb-synthesis/id0_id26_0001.mp4,1,303,944,500,FMP4,1.54,DeepFake,Celeb-synthesis,id0,id26,,CELEB_COMPONENT_000,,train
CELEBDF_0000643,Celeb-DF v2,Celeb-synthesis/id0_id26_0002.mp4,1,350,944,500,FMP4,1.57,DeepFake,Celeb-synthesis,id0,id26,,CELEB_COMPONENT_000,,train
CELEBDF_0000644,Celeb-DF v2,Celeb-synthesis/id0_id26_0003.mp4,1,529,944,500,FMP4,2.12,DeepFake,Celeb-synthesis,id0,id26,,CELEB_COMPONENT_000,,train
CELEBDF_0000645,Celeb-DF v2,Celeb-synthesis/id0_id26_0004.mp4,1,326,944,500,FMP4,2.17,DeepFake,Celeb-synthesis,id0,id26,,CELEB_COMPONENT_000,,train
CELEBDF_0000646,Celeb-DF v2,Celeb-synthesis/id0_id26_0005.mp4,1,459,944,500,FMP4,2.14,DeepFake,Celeb-synthesis,id0,id26,,CELEB_COMPONENT_000,,train
CELEBDF_0000647,Celeb-DF v2,Celeb-synthesis/id0_id26_0006.mp4,1,534,944,500,FMP4,3.43,DeepFake,Celeb-synthesis,id0,id26,,CELEB_COMPONENT_000,,train
CELEBDF_0000648,Celeb-DF v2,Celeb-synthesis/id0_id26_0007.mp4,1,479,944,500,FMP4,2.14,DeepFake,Celeb-synthesis,id0,id26,,CELEB_COMPONENT_000,,train
CELEBDF_0000649,Celeb-DF v2,Celeb-synthesis/id0_id26_0008.mp4,1,464,944,500,FMP4,4.33,DeepFake,Celeb-synthesis,id0,id26,,CELEB_COMPONENT_000,,train
CELEBDF_0000650,Celeb-DF v2,Celeb-synthesis/id0_id26_0009.mp4,1,520,944,500,FMP4,2.16,DeepFake,Celeb-synthesis,id0,id26,,CELEB_COMPONENT_000,,train
CELEBDF_0000651,Celeb-DF v2,Celeb-synthesis/id0_id28_0000.mp4,1,469,944,500,FMP4,2.22,DeepFake,Celeb-synthesis,id0,id28,,CELEB_COMPONENT_000,,train
CELEBDF_0000652,Celeb-DF v2,Celeb-synthesis/id0_id28_0001.mp4,1,303,944,500,FMP4,1.54,DeepFake,Celeb-synthesis,id0,id28,,CELEB_COMPONENT_000,,train
CELEBDF_0000653,Celeb-DF v2,Celeb-synthesis/id0_id28_0002.mp4,1,350,944,500,FMP4,1.57,DeepFake,Celeb-synthesis,id0,id28,,CELEB_COMPONENT_000,,train
CELEBDF_0000654,Celeb-DF v2,Celeb-synthesis/id0_id28_0003.mp4,1,529,944,500,FMP4,2.13,DeepFake,Celeb-synthesis,id0,id28,,CELEB_COMPONENT_000,,train
CELEBDF_0000655,Celeb-DF v2,Celeb-synthesis/id0_id28_0004.mp4,1,326,944,500,FMP4,2.18,DeepFake,Celeb-synthesis,id0,id28,,CELEB_COMPONENT_000,,train
CELEBDF_0000656,Celeb-DF v2,Celeb-synthesis/id0_id28_0005.mp4,1,459,944,500,FMP4,2.15,DeepFake,Celeb-synthesis,id0,id28,,CELEB_COMPONENT_000,,train
CELEBDF_0000657,Celeb-DF v2,Celeb-synthesis/id0_id28_0006.mp4,1,534,944,500,FMP4,3.43,DeepFake,Celeb-synthesis,id0,id28,,CELEB_COMPONENT_000,,train
CELEBDF_0000658,Celeb-DF v2,Celeb-synthesis/id0_id28_0007.mp4,1,479,944,500,FMP4,2.15,DeepFake,Celeb-synthesis,id0,id28,,CELEB_COMPONENT_000,,train
CELEBDF_0000659,Celeb-DF v2,Celeb-synthesis/id0_id28_0008.mp4,1,464,944,500,FMP4,4.35,DeepFake,Celeb-synthesis,id0,id28,,CELEB_COMPONENT_000,,train
CELEBDF_0000660,Celeb-DF v2,Celeb-synthesis/id0_id28_0009.mp4,1,520,944,500,FMP4,2.44,DeepFake,Celeb-synthesis,id0,id28,,CELEB_COMPONENT_000,,train
CELEBDF_0000661,Celeb-DF v2,Celeb-synthesis/id0_id2_0000.mp4,1,469,944,500,FMP4,2.1,DeepFake,Celeb-synthesis,id0,id2,,CELEB_COMPONENT_000,,train
CELEBDF_0000662,Celeb-DF v2,Celeb-synthesis/id0_id2_0001.mp4,1,303,944,500,FMP4,1.47,DeepFake,Celeb-synthesis,id0,id2,,CELEB_COMPONENT_000,,train
CELEBDF_0000663,Celeb-DF v2,Celeb-synthesis/id0_id2_0002.mp4,1,350,944,500,FMP4,1.53,DeepFake,Celeb-synthesis,id0,id2,,CELEB_COMPONENT_000,,train
CELEBDF_0000664,Celeb-DF v2,Celeb-synthesis/id0_id2_0003.mp4,1,529,944,500,FMP4,2.07,DeepFake,Celeb-synthesis,id0,id2,,CELEB_COMPONENT_000,,train
CELEBDF_0000665,Celeb-DF v2,Celeb-synthesis/id0_id2_0004.mp4,1,326,944,500,FMP4,2.14,DeepFake,Celeb-synthesis,id0,id2,,CELEB_COMPONENT_000,,train
CELEBDF_0000666,Celeb-DF v2,Celeb-synthesis/id0_id2_0005.mp4,1,459,944,500,FMP4,2.05,DeepFake,Celeb-synthesis,id0,id2,,CELEB_COMPONENT_000,,train
CELEBDF_0000667,Celeb-DF v2,Celeb-synthesis/id0_id2_0006.mp4,1,534,944,500,FMP4,3.35,DeepFake,Celeb-synthesis,id0,id2,,CELEB_COMPONENT_000,,train
CELEBDF_0000668,Celeb-DF v2,Celeb-synthesis/id0_id2_0007.mp4,1,479,944,500,FMP4,2.04,DeepFake,Celeb-synthesis,id0,id2,,CELEB_COMPONENT_000,,train
CELEBDF_0000669,Celeb-DF v2,Celeb-synthesis/id0_id2_0008.mp4,1,464,944,500,FMP4,4.09,DeepFake,Celeb-synthesis,id0,id2,,CELEB_COMPONENT_000,,train
CELEBDF_0000670,Celeb-DF v2,Celeb-synthesis/id0_id2_0009.mp4,1,520,944,500,FMP4,2.36,DeepFake,Celeb-synthesis,id0,id2,,CELEB_COMPONENT_000,,train
CELEBDF_0000671,Celeb-DF v2,Celeb-synthesis/id0_id3_0000.mp4,1,469,944,500,FMP4,2.11,DeepFake,Celeb-synthesis,id0,id3,,CELEB_COMPONENT_000,,train
CELEBDF_0000672,Celeb-DF v2,Celeb-synthesis/id0_id3_0001.mp4,1,303,944,500,FMP4,1.47,DeepFake,Celeb-synthesis,id0,id3,,CELEB_COMPONENT_000,,train
CELEBDF_0000673,Celeb-DF v2,Celeb-synthesis/id0_id3_0002.mp4,1,350,944,500,FMP4,1.52,DeepFake,Celeb-synthesis,id0,id3,,CELEB_COMPONENT_000,,train
CELEBDF_0000674,Celeb-DF v2,Celeb-synthesis/id0_id3_0003.mp4,1,529,944,500,FMP4,2.06,DeepFake,Celeb-synthesis,id0,id3,,CELEB_COMPONENT_000,,train
CELEBDF_0000675,Celeb-DF v2,Celeb-synthesis/id0_id3_0004.mp4,1,326,944,500,FMP4,2.13,DeepFake,Celeb-synthesis,id0,id3,,CELEB_COMPONENT_000,,train
CELEBDF_0000676,Celeb-DF v2,Celeb-synthesis/id0_id3_0005.mp4,1,459,944,500,FMP4,2.03,DeepFake,Celeb-synthesis,id0,id3,,CELEB_COMPONENT_000,,train
CELEBDF_0000677,Celeb-DF v2,Celeb-synthesis/id0_id3_0006.mp4,1,534,944,500,FMP4,3.36,DeepFake,Celeb-synthesis,id0,id3,,CELEB_COMPONENT_000,,train
CELEBDF_0000678,Celeb-DF v2,Celeb-synthesis/id0_id3_0007.mp4,1,479,944,500,FMP4,2.03,DeepFake,Celeb-synthesis,id0,id3,,CELEB_COMPONENT_000,,train
CELEBDF_0000679,Celeb-DF v2,Celeb-synthesis/id0_id3_0008.mp4,1,464,944,500,FMP4,4.06,DeepFake,Celeb-synthesis,id0,id3,,CELEB_COMPONENT_000,,train
CELEBDF_0000680,Celeb-DF v2,Celeb-synthesis/id0_id3_0009.mp4,1,520,944,500,FMP4,2.36,DeepFake,Celeb-synthesis,id0,id3,,CELEB_COMPONENT_000,,train
CELEBDF_0000681,Celeb-DF v2,Celeb-synthesis/id0_id4_0000.mp4,1,469,944,500,FMP4,2.1,DeepFake,Celeb-synthesis,id0,id4,,CELEB_COMPONENT_000,,train
CELEBDF_0000682,Celeb-DF v2,Celeb-synthesis/id0_id4_0001.mp4,1,303,944,500,FMP4,1.46,DeepFake,Celeb-synthesis,id0,id4,,CELEB_COMPONENT_000,,train
CELEBDF_0000683,Celeb-DF v2,Celeb-synthesis/id0_id4_0002.mp4,1,350,944,500,FMP4,1.51,DeepFake,Celeb-synthesis,id0,id4,,CELEB_COMPONENT_000,,train
CELEBDF_0000684,Celeb-DF v2,Celeb-synthesis/id0_id4_0003.mp4,1,529,944,500,FMP4,2.03,DeepFake,Celeb-synthesis,id0,id4,,CELEB_COMPONENT_000,,train
CELEBDF_0000685,Celeb-DF v2,Celeb-synthesis/id0_id4_0004.mp4,1,326,944,500,FMP4,2.11,DeepFake,Celeb-synthesis,id0,id4,,CELEB_COMPONENT_000,,train
CELEBDF_0000686,Celeb-DF v2,Celeb-synthesis/id0_id4_0005.mp4,1,459,944,500,FMP4,2.01,DeepFake,Celeb-synthesis,id0,id4,,CELEB_COMPONENT_000,,train
CELEBDF_0000687,Celeb-DF v2,Celeb-synthesis/id0_id4_0006.mp4,1,534,944,500,FMP4,3.34,DeepFake,Celeb-synthesis,id0,id4,,CELEB_COMPONENT_000,,train
CELEBDF_0000688,Celeb-DF v2,Celeb-synthesis/id0_id4_0009.mp4,1,520,944,500,FMP4,2.34,DeepFake,Celeb-synthesis,id0,id4,,CELEB_COMPONENT_000,,train
CELEBDF_0000689,Celeb-DF v2,Celeb-synthesis/id0_id6_0000.mp4,1,469,944,500,FMP4,2.1,DeepFake,Celeb-synthesis,id0,id6,,CELEB_COMPONENT_000,,train
CELEBDF_0000690,Celeb-DF v2,Celeb-synthesis/id0_id6_0001.mp4,1,303,944,500,FMP4,1.47,DeepFake,Celeb-synthesis,id0,id6,,CELEB_COMPONENT_000,,train
CELEBDF_0000691,Celeb-DF v2,Celeb-synthesis/id0_id6_0002.mp4,1,350,944,500,FMP4,1.51,DeepFake,Celeb-synthesis,id0,id6,,CELEB_COMPONENT_000,,train
CELEBDF_0000692,Celeb-DF v2,Celeb-synthesis/id0_id6_0006.mp4,1,534,944,500,FMP4,3.36,DeepFake,Celeb-synthesis,id0,id6,,CELEB_COMPONENT_000,,train
CELEBDF_0000693,Celeb-DF v2,Celeb-synthesis/id0_id6_0007.mp4,1,479,944,500,FMP4,2.02,DeepFake,Celeb-synthesis,id0,id6,,CELEB_COMPONENT_000,,train
CELEBDF_0000694,Celeb-DF v2,Celeb-synthesis/id0_id6_0009.mp4,1,520,944,500,FMP4,2.35,DeepFake,Celeb-synthesis,id0,id6,,CELEB_COMPONENT_000,,train
CELEBDF_0000695,Celeb-DF v2,Celeb-synthesis/id0_id9_0000.mp4,1,469,944,500,FMP4,2.11,DeepFake,Celeb-synthesis,id0,id9,,CELEB_COMPONENT_000,,train
CELEBDF_0000696,Celeb-DF v2,Celeb-synthesis/id0_id9_0001.mp4,1,303,944,500,FMP4,1.48,DeepFake,Celeb-synthesis,id0,id9,,CELEB_COMPONENT_000,,train
CELEBDF_0000697,Celeb-DF v2,Celeb-synthesis/id0_id9_0002.mp4,1,350,944,500,FMP4,1.53,DeepFake,Celeb-synthesis,id0,id9,,CELEB_COMPONENT_000,,train
CELEBDF_0000698,Celeb-DF v2,Celeb-synthesis/id0_id9_0003.mp4,1,529,944,500,FMP4,2.07,DeepFake,Celeb-synthesis,id0,id9,,CELEB_COMPONENT_000,,train
CELEBDF_0000699,Celeb-DF v2,Celeb-synthesis/id0_id9_0005.mp4,1,459,944,500,FMP4,2.07,DeepFake,Celeb-synthesis,id0,id9,,CELEB_COMPONENT_000,,train
CELEBDF_0000700,Celeb-DF v2,Celeb-synthesis/id0_id9_0006.mp4,1,534,944,500,FMP4,3.36,DeepFake,Celeb-synthesis,id0,id9,,CELEB_COMPONENT_000,,train
CELEBDF_0000701,Celeb-DF v2,Celeb-synthesis/id0_id9_0007.mp4,1,479,944,500,FMP4,2.04,DeepFake,Celeb-synthesis,id0,id9,,CELEB_COMPONENT_000,,train
CELEBDF_0000702,Celeb-DF v2,Celeb-synthesis/id0_id9_0008.mp4,1,464,944,500,FMP4,4.09,DeepFake,Celeb-synthesis,id0,id9,,CELEB_COMPONENT_000,,train
CELEBDF_0000703,Celeb-DF v2,Celeb-synthesis/id0_id9_0009.mp4,1,520,944,500,FMP4,2.37,DeepFake,Celeb-synthesis,id0,id9,,CELEB_COMPONENT_000,,train
CELEBDF_0000704,Celeb-DF v2,Celeb-synthesis/id10_id11_0001.mp4,1,105,948,500,FMP4,0.73,DeepFake,Celeb-synthesis,id10,id11,,CELEB_COMPONENT_000,,train
CELEBDF_0000705,Celeb-DF v2,Celeb-synthesis/id10_id11_0002.mp4,1,322,958,500,FMP4,1.05,DeepFake,Celeb-synthesis,id10,id11,,CELEB_COMPONENT_000,,train
CELEBDF_0000706,Celeb-DF v2,Celeb-synthesis/id10_id11_0003.mp4,1,343,958,500,FMP4,1.17,DeepFake,Celeb-synthesis,id10,id11,,CELEB_COMPONENT_000,,train
CELEBDF_0000707,Celeb-DF v2,Celeb-synthesis/id10_id11_0004.mp4,1,517,964,500,FMP4,2.15,DeepFake,Celeb-synthesis,id10,id11,,CELEB_COMPONENT_000,,train
CELEBDF_0000708,Celeb-DF v2,Celeb-synthesis/id10_id11_0005.mp4,1,318,958,500,FMP4,1.4,DeepFake,Celeb-synthesis,id10,id11,,CELEB_COMPONENT_000,,train
CELEBDF_0000709,Celeb-DF v2,Celeb-synthesis/id10_id11_0006.mp4,1,161,612,500,FMP4,1.16,DeepFake,Celeb-synthesis,id10,id11,,CELEB_COMPONENT_000,,train
CELEBDF_0000710,Celeb-DF v2,Celeb-synthesis/id10_id11_0007.mp4,1,496,956,500,FMP4,1.85,DeepFake,Celeb-synthesis,id10,id11,,CELEB_COMPONENT_000,,train
CELEBDF_0000711,Celeb-DF v2,Celeb-synthesis/id10_id11_0008.mp4,1,380,544,500,FMP4,0.78,DeepFake,Celeb-synthesis,id10,id11,,CELEB_COMPONENT_000,,train
CELEBDF_0000712,Celeb-DF v2,Celeb-synthesis/id10_id12_0001.mp4,1,105,948,500,FMP4,0.73,DeepFake,Celeb-synthesis,id10,id12,,CELEB_COMPONENT_000,,train
CELEBDF_0000713,Celeb-DF v2,Celeb-synthesis/id10_id12_0002.mp4,1,322,958,500,FMP4,1.04,DeepFake,Celeb-synthesis,id10,id12,,CELEB_COMPONENT_000,,train
CELEBDF_0000714,Celeb-DF v2,Celeb-synthesis/id10_id12_0003.mp4,1,343,958,500,FMP4,1.16,DeepFake,Celeb-synthesis,id10,id12,,CELEB_COMPONENT_000,,train
CELEBDF_0000715,Celeb-DF v2,Celeb-synthesis/id10_id12_0004.mp4,1,517,964,500,FMP4,2.13,DeepFake,Celeb-synthesis,id10,id12,,CELEB_COMPONENT_000,,train
CELEBDF_0000716,Celeb-DF v2,Celeb-synthesis/id10_id12_0005.mp4,1,318,958,500,FMP4,1.39,DeepFake,Celeb-synthesis,id10,id12,,CELEB_COMPONENT_000,,train
CELEBDF_0000717,Celeb-DF v2,Celeb-synthesis/id10_id12_0006.mp4,1,161,612,500,FMP4,1.16,DeepFake,Celeb-synthesis,id10,id12,,CELEB_COMPONENT_000,,train
CELEBDF_0000718,Celeb-DF v2,Celeb-synthesis/id10_id12_0007.mp4,1,496,956,500,FMP4,1.78,DeepFake,Celeb-synthesis,id10,id12,,CELEB_COMPONENT_000,,train
CELEBDF_0000719,Celeb-DF v2,Celeb-synthesis/id10_id12_0008.mp4,1,380,544,500,FMP4,0.77,DeepFake,Celeb-synthesis,id10,id12,,CELEB_COMPONENT_000,,train
CELEBDF_0000720,Celeb-DF v2,Celeb-synthesis/id10_id13_0001.mp4,1,105,948,500,FMP4,0.73,DeepFake,Celeb-synthesis,id10,id13,,CELEB_COMPONENT_000,,train
CELEBDF_0000721,Celeb-DF v2,Celeb-synthesis/id10_id13_0002.mp4,1,322,958,500,FMP4,1.05,DeepFake,Celeb-synthesis,id10,id13,,CELEB_COMPONENT_000,,train
CELEBDF_0000722,Celeb-DF v2,Celeb-synthesis/id10_id13_0003.mp4,1,343,958,500,FMP4,1.17,DeepFake,Celeb-synthesis,id10,id13,,CELEB_COMPONENT_000,,train
CELEBDF_0000723,Celeb-DF v2,Celeb-synthesis/id10_id13_0004.mp4,1,517,964,500,FMP4,2.15,DeepFake,Celeb-synthesis,id10,id13,,CELEB_COMPONENT_000,,train
CELEBDF_0000724,Celeb-DF v2,Celeb-synthesis/id10_id13_0005.mp4,1,318,958,500,FMP4,1.4,DeepFake,Celeb-synthesis,id10,id13,,CELEB_COMPONENT_000,,train
CELEBDF_0000725,Celeb-DF v2,Celeb-synthesis/id10_id13_0006.mp4,1,161,612,500,FMP4,1.16,DeepFake,Celeb-synthesis,id10,id13,,CELEB_COMPONENT_000,,train
CELEBDF_0000726,Celeb-DF v2,Celeb-synthesis/id10_id13_0007.mp4,1,496,956,500,FMP4,1.8,DeepFake,Celeb-synthesis,id10,id13,,CELEB_COMPONENT_000,,train
CELEBDF_0000727,Celeb-DF v2,Celeb-synthesis/id10_id13_0008.mp4,1,380,544,500,FMP4,0.78,DeepFake,Celeb-synthesis,id10,id13,,CELEB_COMPONENT_000,,train
CELEBDF_0000728,Celeb-DF v2,Celeb-synthesis/id10_id7_0001.mp4,1,105,948,500,FMP4,0.73,DeepFake,Celeb-synthesis,id10,id7,,CELEB_COMPONENT_000,,train
CELEBDF_0000729,Celeb-DF v2,Celeb-synthesis/id10_id7_0002.mp4,1,322,958,500,FMP4,1.05,DeepFake,Celeb-synthesis,id10,id7,,CELEB_COMPONENT_000,,train
CELEBDF_0000730,Celeb-DF v2,Celeb-synthesis/id10_id7_0003.mp4,1,343,958,500,FMP4,1.17,DeepFake,Celeb-synthesis,id10,id7,,CELEB_COMPONENT_000,,train
CELEBDF_0000731,Celeb-DF v2,Celeb-synthesis/id10_id7_0004.mp4,1,517,964,500,FMP4,2.14,DeepFake,Celeb-synthesis,id10,id7,,CELEB_COMPONENT_000,,train
CELEBDF_0000732,Celeb-DF v2,Celeb-synthesis/id10_id7_0005.mp4,1,318,958,500,FMP4,1.4,DeepFake,Celeb-synthesis,id10,id7,,CELEB_COMPONENT_000,,train
CELEBDF_0000733,Celeb-DF v2,Celeb-synthesis/id10_id7_0006.mp4,1,161,612,500,FMP4,1.16,DeepFake,Celeb-synthesis,id10,id7,,CELEB_COMPONENT_000,,train
CELEBDF_0000734,Celeb-DF v2,Celeb-synthesis/id10_id7_0007.mp4,1,496,956,500,FMP4,1.79,DeepFake,Celeb-synthesis,id10,id7,,CELEB_COMPONENT_000,,train
CELEBDF_0000735,Celeb-DF v2,Celeb-synthesis/id10_id7_0008.mp4,1,380,544,500,FMP4,0.78,DeepFake,Celeb-synthesis,id10,id7,,CELEB_COMPONENT_000,,train
CELEBDF_0000736,Celeb-DF v2,Celeb-synthesis/id10_id7_0009.mp4,1,535,960,500,FMP4,2.86,DeepFake,Celeb-synthesis,id10,id7,,CELEB_COMPONENT_000,,train
CELEBDF_0000737,Celeb-DF v2,Celeb-synthesis/id11_id7_0000.mp4,1,349,450,500,FMP4,1.0,DeepFake,Celeb-synthesis,id11,id7,,CELEB_COMPONENT_000,,train
CELEBDF_0000738,Celeb-DF v2,Celeb-synthesis/id11_id7_0001.mp4,1,441,938,500,FMP4,1.68,DeepFake,Celeb-synthesis,id11,id7,,CELEB_COMPONENT_000,,train
CELEBDF_0000739,Celeb-DF v2,Celeb-synthesis/id11_id7_0002.mp4,1,357,966,500,FMP4,1.48,DeepFake,Celeb-synthesis,id11,id7,,CELEB_COMPONENT_000,,train
CELEBDF_0000740,Celeb-DF v2,Celeb-synthesis/id11_id7_0003.mp4,1,313,950,500,FMP4,1.53,DeepFake,Celeb-synthesis,id11,id7,,CELEB_COMPONENT_000,,train
CELEBDF_0000741,Celeb-DF v2,Celeb-synthesis/id11_id7_0004.mp4,1,337,950,500,FMP4,1.45,DeepFake,Celeb-synthesis,id11,id7,,CELEB_COMPONENT_000,,train
CELEBDF_0000742,Celeb-DF v2,Celeb-synthesis/id11_id7_0005.mp4,1,327,950,500,FMP4,1.75,DeepFake,Celeb-synthesis,id11,id7,,CELEB_COMPONENT_000,,train
CELEBDF_0000743,Celeb-DF v2,Celeb-synthesis/id11_id7_0006.mp4,1,316,950,500,FMP4,1.26,DeepFake,Celeb-synthesis,id11,id7,,CELEB_COMPONENT_000,,train
CELEBDF_0000744,Celeb-DF v2,Celeb-synthesis/id11_id7_0007.mp4,1,320,950,500,FMP4,1.18,DeepFake,Celeb-synthesis,id11,id7,,CELEB_COMPONENT_000,,train
CELEBDF_0000745,Celeb-DF v2,Celeb-synthesis/id11_id7_0008.mp4,1,371,950,500,FMP4,1.44,DeepFake,Celeb-synthesis,id11,id7,,CELEB_COMPONENT_000,,train
CELEBDF_0000746,Celeb-DF v2,Celeb-synthesis/id11_id7_0009.mp4,1,397,950,500,FMP4,1.67,DeepFake,Celeb-synthesis,id11,id7,,CELEB_COMPONENT_000,,train
CELEBDF_0000747,Celeb-DF v2,Celeb-synthesis/id11_id7_0010.mp4,1,330,776,500,FMP4,1.16,DeepFake,Celeb-synthesis,id11,id7,,CELEB_COMPONENT_000,,train
CELEBDF_0000748,Celeb-DF v2,Celeb-synthesis/id12_id10_0001.mp4,1,398,950,500,FMP4,1.63,DeepFake,Celeb-synthesis,id12,id10,,CELEB_COMPONENT_000,,train
CELEBDF_0000749,Celeb-DF v2,Celeb-synthesis/id12_id10_0002.mp4,1,364,922,500,FMP4,1.31,DeepFake,Celeb-synthesis,id12,id10,,CELEB_COMPONENT_000,,train
CELEBDF_0000750,Celeb-DF v2,Celeb-synthesis/id12_id10_0004.mp4,1,339,922,500,FMP4,1.27,DeepFake,Celeb-synthesis,id12,id10,,CELEB_COMPONENT_000,,train
CELEBDF_0000751,Celeb-DF v2,Celeb-synthesis/id12_id10_0005.mp4,1,314,954,500,FMP4,1.51,DeepFake,Celeb-synthesis,id12,id10,,CELEB_COMPONENT_000,,train
CELEBDF_0000752,Celeb-DF v2,Celeb-synthesis/id12_id10_0006.mp4,1,308,954,500,FMP4,2.25,DeepFake,Celeb-synthesis,id12,id10,,CELEB_COMPONENT_000,,train
CELEBDF_0000753,Celeb-DF v2,Celeb-synthesis/id12_id7_0000.mp4,1,376,962,500,FMP4,1.15,DeepFake,Celeb-synthesis,id12,id7,,CELEB_COMPONENT_000,,train
CELEBDF_0000754,Celeb-DF v2,Celeb-synthesis/id12_id7_0001.mp4,1,398,950,500,FMP4,1.63,DeepFake,Celeb-synthesis,id12,id7,,CELEB_COMPONENT_000,,train
CELEBDF_0000755,Celeb-DF v2,Celeb-synthesis/id12_id7_0002.mp4,1,364,922,500,FMP4,1.3,DeepFake,Celeb-synthesis,id12,id7,,CELEB_COMPONENT_000,,train
CELEBDF_0000756,Celeb-DF v2,Celeb-synthesis/id12_id7_0004.mp4,1,339,922,500,FMP4,1.28,DeepFake,Celeb-synthesis,id12,id7,,CELEB_COMPONENT_000,,train
CELEBDF_0000757,Celeb-DF v2,Celeb-synthesis/id12_id7_0005.mp4,1,314,954,500,FMP4,1.51,DeepFake,Celeb-synthesis,id12,id7,,CELEB_COMPONENT_000,,train
CELEBDF_0000758,Celeb-DF v2,Celeb-synthesis/id12_id7_0006.mp4,1,308,954,500,FMP4,2.25,DeepFake,Celeb-synthesis,id12,id7,,CELEB_COMPONENT_000,,train
CELEBDF_0000759,Celeb-DF v2,Celeb-synthesis/id13_id10_0000.mp4,1,327,954,500,FMP4,0.91,DeepFake,Celeb-synthesis,id13,id10,,CELEB_COMPONENT_000,,train
CELEBDF_0000760,Celeb-DF v2,Celeb-synthesis/id13_id10_0001.mp4,1,349,954,500,FMP4,0.87,DeepFake,Celeb-synthesis,id13,id10,,CELEB_COMPONENT_000,,train
CELEBDF_0000761,Celeb-DF v2,Celeb-synthesis/id13_id10_0003.mp4,1,340,954,500,FMP4,1.32,DeepFake,Celeb-synthesis,id13,id10,,CELEB_COMPONENT_000,,train
CELEBDF_0000762,Celeb-DF v2,Celeb-synthesis/id13_id10_0004.mp4,1,352,668,500,FMP4,1.2,DeepFake,Celeb-synthesis,id13,id10,,CELEB_COMPONENT_000,,train
CELEBDF_0000763,Celeb-DF v2,Celeb-synthesis/id13_id10_0005.mp4,1,309,668,500,FMP4,1.07,DeepFake,Celeb-synthesis,id13,id10,,CELEB_COMPONENT_000,,train
CELEBDF_0000764,Celeb-DF v2,Celeb-synthesis/id13_id10_0007.mp4,1,452,944,500,FMP4,1.95,DeepFake,Celeb-synthesis,id13,id10,,CELEB_COMPONENT_000,,train
CELEBDF_0000765,Celeb-DF v2,Celeb-synthesis/id13_id10_0008.mp4,1,459,944,500,FMP4,1.4,DeepFake,Celeb-synthesis,id13,id10,,CELEB_COMPONENT_000,,train
CELEBDF_0000766,Celeb-DF v2,Celeb-synthesis/id13_id10_0011.mp4,1,466,944,500,FMP4,2.5,DeepFake,Celeb-synthesis,id13,id10,,CELEB_COMPONENT_000,,train
CELEBDF_0000767,Celeb-DF v2,Celeb-synthesis/id13_id10_0012.mp4,1,510,944,500,FMP4,1.41,DeepFake,Celeb-synthesis,id13,id10,,CELEB_COMPONENT_000,,train
CELEBDF_0000768,Celeb-DF v2,Celeb-synthesis/id13_id10_0014.mp4,1,390,944,500,FMP4,3.21,DeepFake,Celeb-synthesis,id13,id10,,CELEB_COMPONENT_000,,train
CELEBDF_0000769,Celeb-DF v2,Celeb-synthesis/id13_id10_0015.mp4,1,489,944,500,FMP4,1.92,DeepFake,Celeb-synthesis,id13,id10,,CELEB_COMPONENT_000,,train
CELEBDF_0000770,Celeb-DF v2,Celeb-synthesis/id13_id7_0000.mp4,1,327,954,500,FMP4,0.91,DeepFake,Celeb-synthesis,id13,id7,,CELEB_COMPONENT_000,,train
CELEBDF_0000771,Celeb-DF v2,Celeb-synthesis/id13_id7_0001.mp4,1,349,954,500,FMP4,0.87,DeepFake,Celeb-synthesis,id13,id7,,CELEB_COMPONENT_000,,train
CELEBDF_0000772,Celeb-DF v2,Celeb-synthesis/id13_id7_0002.mp4,1,400,954,500,FMP4,1.16,DeepFake,Celeb-synthesis,id13,id7,,CELEB_COMPONENT_000,,train
CELEBDF_0000773,Celeb-DF v2,Celeb-synthesis/id13_id7_0003.mp4,1,340,954,500,FMP4,1.31,DeepFake,Celeb-synthesis,id13,id7,,CELEB_COMPONENT_000,,train
CELEBDF_0000774,Celeb-DF v2,Celeb-synthesis/id13_id7_0004.mp4,1,352,668,500,FMP4,1.19,DeepFake,Celeb-synthesis,id13,id7,,CELEB_COMPONENT_000,,train
CELEBDF_0000775,Celeb-DF v2,Celeb-synthesis/id13_id7_0005.mp4,1,309,668,500,FMP4,1.05,DeepFake,Celeb-synthesis,id13,id7,,CELEB_COMPONENT_000,,train
CELEBDF_0000776,Celeb-DF v2,Celeb-synthesis/id13_id7_0007.mp4,1,452,944,500,FMP4,1.96,DeepFake,Celeb-synthesis,id13,id7,,CELEB_COMPONENT_000,,train
CELEBDF_0000777,Celeb-DF v2,Celeb-synthesis/id13_id7_0008.mp4,1,459,944,500,FMP4,1.4,DeepFake,Celeb-synthesis,id13,id7,,CELEB_COMPONENT_000,,train
CELEBDF_0000778,Celeb-DF v2,Celeb-synthesis/id13_id7_0009.mp4,1,435,944,500,FMP4,0.92,DeepFake,Celeb-synthesis,id13,id7,,CELEB_COMPONENT_000,,train
CELEBDF_0000779,Celeb-DF v2,Celeb-synthesis/id13_id7_0011.mp4,1,466,944,500,FMP4,2.51,DeepFake,Celeb-synthesis,id13,id7,,CELEB_COMPONENT_000,,train
CELEBDF_0000780,Celeb-DF v2,Celeb-synthesis/id13_id7_0012.mp4,1,510,944,500,FMP4,1.38,DeepFake,Celeb-synthesis,id13,id7,,CELEB_COMPONENT_000,,train
CELEBDF_0000781,Celeb-DF v2,Celeb-synthesis/id13_id7_0015.mp4,1,489,944,500,FMP4,1.92,DeepFake,Celeb-synthesis,id13,id7,,CELEB_COMPONENT_000,,train
CELEBDF_0000782,Celeb-DF v2,Celeb-synthesis/id16_id0_0000.mp4,1,317,950,500,FMP4,1.4,DeepFake,Celeb-synthesis,id16,id0,,CELEB_COMPONENT_000,,train
CELEBDF_0000783,Celeb-DF v2,Celeb-synthesis/id16_id0_0001.mp4,1,316,950,500,FMP4,1.13,DeepFake,Celeb-synthesis,id16,id0,,CELEB_COMPONENT_000,,train
CELEBDF_0000784,Celeb-DF v2,Celeb-synthesis/id16_id0_0002.mp4,1,363,950,500,FMP4,1.04,DeepFake,Celeb-synthesis,id16,id0,,CELEB_COMPONENT_000,,train
CELEBDF_0000785,Celeb-DF v2,Celeb-synthesis/id16_id0_0003.mp4,1,303,950,500,FMP4,1.42,DeepFake,Celeb-synthesis,id16,id0,,CELEB_COMPONENT_000,,train
CELEBDF_0000786,Celeb-DF v2,Celeb-synthesis/id16_id0_0004.mp4,1,410,950,500,FMP4,1.82,DeepFake,Celeb-synthesis,id16,id0,,CELEB_COMPONENT_000,,train
CELEBDF_0000787,Celeb-DF v2,Celeb-synthesis/id16_id0_0005.mp4,1,345,950,500,FMP4,0.84,DeepFake,Celeb-synthesis,id16,id0,,CELEB_COMPONENT_000,,train
CELEBDF_0000788,Celeb-DF v2,Celeb-synthesis/id16_id0_0006.mp4,1,224,950,500,FMP4,0.74,DeepFake,Celeb-synthesis,id16,id0,,CELEB_COMPONENT_000,,train
CELEBDF_0000789,Celeb-DF v2,Celeb-synthesis/id16_id0_0007.mp4,1,284,950,500,FMP4,1.59,DeepFake,Celeb-synthesis,id16,id0,,CELEB_COMPONENT_000,,train
CELEBDF_0000790,Celeb-DF v2,Celeb-synthesis/id16_id0_0009.mp4,1,315,950,500,FMP4,1.41,DeepFake,Celeb-synthesis,id16,id0,,CELEB_COMPONENT_000,,train
CELEBDF_0000791,Celeb-DF v2,Celeb-synthesis/id16_id0_0010.mp4,1,325,950,500,FMP4,1.18,DeepFake,Celeb-synthesis,id16,id0,,CELEB_COMPONENT_000,,train
CELEBDF_0000792,Celeb-DF v2,Celeb-synthesis/id16_id0_0011.mp4,1,272,456,500,FMP4,0.89,DeepFake,Celeb-synthesis,id16,id0,,CELEB_COMPONENT_000,,train
CELEBDF_0000793,Celeb-DF v2,Celeb-synthesis/id16_id0_0012.mp4,1,308,974,500,FMP4,0.93,DeepFake,Celeb-synthesis,id16,id0,,CELEB_COMPONENT_000,,train
CELEBDF_0000794,Celeb-DF v2,Celeb-synthesis/id16_id0_0013.mp4,1,311,590,500,FMP4,0.8,DeepFake,Celeb-synthesis,id16,id0,,CELEB_COMPONENT_000,,train
CELEBDF_0000795,Celeb-DF v2,Celeb-synthesis/id16_id17_0000.mp4,1,317,950,500,FMP4,1.4,DeepFake,Celeb-synthesis,id16,id17,,CELEB_COMPONENT_000,,train
CELEBDF_0000796,Celeb-DF v2,Celeb-synthesis/id16_id17_0001.mp4,1,316,950,500,FMP4,1.13,DeepFake,Celeb-synthesis,id16,id17,,CELEB_COMPONENT_000,,train
CELEBDF_0000797,Celeb-DF v2,Celeb-synthesis/id16_id17_0002.mp4,1,363,950,500,FMP4,1.04,DeepFake,Celeb-synthesis,id16,id17,,CELEB_COMPONENT_000,,train
CELEBDF_0000798,Celeb-DF v2,Celeb-synthesis/id16_id17_0003.mp4,1,303,950,500,FMP4,1.42,DeepFake,Celeb-synthesis,id16,id17,,CELEB_COMPONENT_000,,train
CELEBDF_0000799,Celeb-DF v2,Celeb-synthesis/id16_id17_0004.mp4,1,410,950,500,FMP4,1.81,DeepFake,Celeb-synthesis,id16,id17,,CELEB_COMPONENT_000,,train
CELEBDF_0000800,Celeb-DF v2,Celeb-synthesis/id16_id17_0005.mp4,1,345,950,500,FMP4,0.84,DeepFake,Celeb-synthesis,id16,id17,,CELEB_COMPONENT_000,,train
CELEBDF_0000801,Celeb-DF v2,Celeb-synthesis/id16_id17_0006.mp4,1,224,950,500,FMP4,0.75,DeepFake,Celeb-synthesis,id16,id17,,CELEB_COMPONENT_000,,train
CELEBDF_0000802,Celeb-DF v2,Celeb-synthesis/id16_id17_0007.mp4,1,284,950,500,FMP4,1.59,DeepFake,Celeb-synthesis,id16,id17,,CELEB_COMPONENT_000,,train
CELEBDF_0000803,Celeb-DF v2,Celeb-synthesis/id16_id17_0009.mp4,1,315,950,500,FMP4,1.4,DeepFake,Celeb-synthesis,id16,id17,,CELEB_COMPONENT_000,,train
CELEBDF_0000804,Celeb-DF v2,Celeb-synthesis/id16_id17_0010.mp4,1,325,950,500,FMP4,1.17,DeepFake,Celeb-synthesis,id16,id17,,CELEB_COMPONENT_000,,train
CELEBDF_0000805,Celeb-DF v2,Celeb-synthesis/id16_id17_0011.mp4,1,272,456,500,FMP4,0.89,DeepFake,Celeb-synthesis,id16,id17,,CELEB_COMPONENT_000,,train
CELEBDF_0000806,Celeb-DF v2,Celeb-synthesis/id16_id17_0012.mp4,1,308,974,500,FMP4,0.92,DeepFake,Celeb-synthesis,id16,id17,,CELEB_COMPONENT_000,,train
CELEBDF_0000807,Celeb-DF v2,Celeb-synthesis/id16_id17_0013.mp4,1,311,590,500,FMP4,0.8,DeepFake,Celeb-synthesis,id16,id17,,CELEB_COMPONENT_000,,train
CELEBDF_0000808,Celeb-DF v2,Celeb-synthesis/id16_id1_0000.mp4,1,317,950,500,FMP4,1.41,DeepFake,Celeb-synthesis,id16,id1,,CELEB_COMPONENT_000,,train
CELEBDF_0000809,Celeb-DF v2,Celeb-synthesis/id16_id1_0001.mp4,1,316,950,500,FMP4,1.14,DeepFake,Celeb-synthesis,id16,id1,,CELEB_COMPONENT_000,,train
CELEBDF_0000810,Celeb-DF v2,Celeb-synthesis/id16_id1_0002.mp4,1,363,950,500,FMP4,1.04,DeepFake,Celeb-synthesis,id16,id1,,CELEB_COMPONENT_000,,train
CELEBDF_0000811,Celeb-DF v2,Celeb-synthesis/id16_id1_0003.mp4,1,303,950,500,FMP4,1.42,DeepFake,Celeb-synthesis,id16,id1,,CELEB_COMPONENT_000,,train
CELEBDF_0000812,Celeb-DF v2,Celeb-synthesis/id16_id1_0004.mp4,1,410,950,500,FMP4,1.81,DeepFake,Celeb-synthesis,id16,id1,,CELEB_COMPONENT_000,,train
CELEBDF_0000813,Celeb-DF v2,Celeb-synthesis/id16_id1_0005.mp4,1,345,950,500,FMP4,0.84,DeepFake,Celeb-synthesis,id16,id1,,CELEB_COMPONENT_000,,train
CELEBDF_0000814,Celeb-DF v2,Celeb-synthesis/id16_id1_0006.mp4,1,224,950,500,FMP4,0.75,DeepFake,Celeb-synthesis,id16,id1,,CELEB_COMPONENT_000,,train
CELEBDF_0000815,Celeb-DF v2,Celeb-synthesis/id16_id1_0007.mp4,1,284,950,500,FMP4,1.58,DeepFake,Celeb-synthesis,id16,id1,,CELEB_COMPONENT_000,,train
CELEBDF_0000816,Celeb-DF v2,Celeb-synthesis/id16_id1_0009.mp4,1,315,950,500,FMP4,1.4,DeepFake,Celeb-synthesis,id16,id1,,CELEB_COMPONENT_000,,train
CELEBDF_0000817,Celeb-DF v2,Celeb-synthesis/id16_id1_0010.mp4,1,325,950,500,FMP4,1.17,DeepFake,Celeb-synthesis,id16,id1,,CELEB_COMPONENT_000,,train
CELEBDF_0000818,Celeb-DF v2,Celeb-synthesis/id16_id1_0011.mp4,1,272,456,500,FMP4,0.89,DeepFake,Celeb-synthesis,id16,id1,,CELEB_COMPONENT_000,,train
CELEBDF_0000819,Celeb-DF v2,Celeb-synthesis/id16_id1_0012.mp4,1,308,974,500,FMP4,0.92,DeepFake,Celeb-synthesis,id16,id1,,CELEB_COMPONENT_000,,train
CELEBDF_0000820,Celeb-DF v2,Celeb-synthesis/id16_id1_0013.mp4,1,311,590,500,FMP4,0.79,DeepFake,Celeb-synthesis,id16,id1,,CELEB_COMPONENT_000,,train
CELEBDF_0000821,Celeb-DF v2,Celeb-synthesis/id16_id20_0000.mp4,1,317,950,500,FMP4,1.49,DeepFake,Celeb-synthesis,id16,id20,,CELEB_COMPONENT_000,,train
CELEBDF_0000822,Celeb-DF v2,Celeb-synthesis/id16_id20_0001.mp4,1,316,950,500,FMP4,1.18,DeepFake,Celeb-synthesis,id16,id20,,CELEB_COMPONENT_000,,train
CELEBDF_0000823,Celeb-DF v2,Celeb-synthesis/id16_id20_0002.mp4,1,363,950,500,FMP4,1.08,DeepFake,Celeb-synthesis,id16,id20,,CELEB_COMPONENT_000,,train
CELEBDF_0000824,Celeb-DF v2,Celeb-synthesis/id16_id20_0003.mp4,1,303,950,500,FMP4,1.51,DeepFake,Celeb-synthesis,id16,id20,,CELEB_COMPONENT_000,,train
CELEBDF_0000825,Celeb-DF v2,Celeb-synthesis/id16_id20_0004.mp4,1,410,950,500,FMP4,1.87,DeepFake,Celeb-synthesis,id16,id20,,CELEB_COMPONENT_000,,train
CELEBDF_0000826,Celeb-DF v2,Celeb-synthesis/id16_id20_0005.mp4,1,345,950,500,FMP4,0.86,DeepFake,Celeb-synthesis,id16,id20,,CELEB_COMPONENT_000,,train
CELEBDF_0000827,Celeb-DF v2,Celeb-synthesis/id16_id20_0006.mp4,1,224,950,500,FMP4,0.75,DeepFake,Celeb-synthesis,id16,id20,,CELEB_COMPONENT_000,,train
CELEBDF_0000828,Celeb-DF v2,Celeb-synthesis/id16_id20_0007.mp4,1,284,950,500,FMP4,1.62,DeepFake,Celeb-synthesis,id16,id20,,CELEB_COMPONENT_000,,train
CELEBDF_0000829,Celeb-DF v2,Celeb-synthesis/id16_id20_0009.mp4,1,315,950,500,FMP4,1.46,DeepFake,Celeb-synthesis,id16,id20,,CELEB_COMPONENT_000,,train
CELEBDF_0000830,Celeb-DF v2,Celeb-synthesis/id16_id20_0010.mp4,1,325,950,500,FMP4,1.22,DeepFake,Celeb-synthesis,id16,id20,,CELEB_COMPONENT_000,,train
CELEBDF_0000831,Celeb-DF v2,Celeb-synthesis/id16_id20_0011.mp4,1,272,456,500,FMP4,0.93,DeepFake,Celeb-synthesis,id16,id20,,CELEB_COMPONENT_000,,train
CELEBDF_0000832,Celeb-DF v2,Celeb-synthesis/id16_id20_0012.mp4,1,308,974,500,FMP4,0.89,DeepFake,Celeb-synthesis,id16,id20,,CELEB_COMPONENT_000,,train
CELEBDF_0000833,Celeb-DF v2,Celeb-synthesis/id16_id20_0013.mp4,1,311,590,500,FMP4,0.83,DeepFake,Celeb-synthesis,id16,id20,,CELEB_COMPONENT_000,,train
CELEBDF_0000834,Celeb-DF v2,Celeb-synthesis/id16_id21_0000.mp4,1,317,950,500,FMP4,1.49,DeepFake,Celeb-synthesis,id16,id21,,CELEB_COMPONENT_000,,train
CELEBDF_0000835,Celeb-DF v2,Celeb-synthesis/id16_id21_0001.mp4,1,316,950,500,FMP4,1.18,DeepFake,Celeb-synthesis,id16,id21,,CELEB_COMPONENT_000,,train
CELEBDF_0000836,Celeb-DF v2,Celeb-synthesis/id16_id21_0002.mp4,1,363,950,500,FMP4,1.08,DeepFake,Celeb-synthesis,id16,id21,,CELEB_COMPONENT_000,,train
CELEBDF_0000837,Celeb-DF v2,Celeb-synthesis/id16_id21_0003.mp4,1,303,950,500,FMP4,1.51,DeepFake,Celeb-synthesis,id16,id21,,CELEB_COMPONENT_000,,train
CELEBDF_0000838,Celeb-DF v2,Celeb-synthesis/id16_id21_0004.mp4,1,410,950,500,FMP4,1.87,DeepFake,Celeb-synthesis,id16,id21,,CELEB_COMPONENT_000,,train
CELEBDF_0000839,Celeb-DF v2,Celeb-synthesis/id16_id21_0005.mp4,1,345,950,500,FMP4,0.86,DeepFake,Celeb-synthesis,id16,id21,,CELEB_COMPONENT_000,,train
CELEBDF_0000840,Celeb-DF v2,Celeb-synthesis/id16_id21_0006.mp4,1,224,950,500,FMP4,0.78,DeepFake,Celeb-synthesis,id16,id21,,CELEB_COMPONENT_000,,train
CELEBDF_0000841,Celeb-DF v2,Celeb-synthesis/id16_id21_0007.mp4,1,284,950,500,FMP4,1.62,DeepFake,Celeb-synthesis,id16,id21,,CELEB_COMPONENT_000,,train
CELEBDF_0000842,Celeb-DF v2,Celeb-synthesis/id16_id21_0009.mp4,1,315,950,500,FMP4,1.45,DeepFake,Celeb-synthesis,id16,id21,,CELEB_COMPONENT_000,,train
CELEBDF_0000843,Celeb-DF v2,Celeb-synthesis/id16_id21_0010.mp4,1,325,950,500,FMP4,1.22,DeepFake,Celeb-synthesis,id16,id21,,CELEB_COMPONENT_000,,train
CELEBDF_0000844,Celeb-DF v2,Celeb-synthesis/id16_id21_0011.mp4,1,272,456,500,FMP4,0.94,DeepFake,Celeb-synthesis,id16,id21,,CELEB_COMPONENT_000,,train
CELEBDF_0000845,Celeb-DF v2,Celeb-synthesis/id16_id21_0012.mp4,1,308,974,500,FMP4,0.95,DeepFake,Celeb-synthesis,id16,id21,,CELEB_COMPONENT_000,,train
CELEBDF_0000846,Celeb-DF v2,Celeb-synthesis/id16_id21_0013.mp4,1,311,590,500,FMP4,0.84,DeepFake,Celeb-synthesis,id16,id21,,CELEB_COMPONENT_000,,train
CELEBDF_0000847,Celeb-DF v2,Celeb-synthesis/id16_id23_0000.mp4,1,317,950,500,FMP4,1.49,DeepFake,Celeb-synthesis,id16,id23,,CELEB_COMPONENT_000,,train
CELEBDF_0000848,Celeb-DF v2,Celeb-synthesis/id16_id23_0001.mp4,1,316,950,500,FMP4,1.17,DeepFake,Celeb-synthesis,id16,id23,,CELEB_COMPONENT_000,,train
CELEBDF_0000849,Celeb-DF v2,Celeb-synthesis/id16_id23_0002.mp4,1,363,950,500,FMP4,1.07,DeepFake,Celeb-synthesis,id16,id23,,CELEB_COMPONENT_000,,train
CELEBDF_0000850,Celeb-DF v2,Celeb-synthesis/id16_id23_0003.mp4,1,303,950,500,FMP4,1.51,DeepFake,Celeb-synthesis,id16,id23,,CELEB_COMPONENT_000,,train
CELEBDF_0000851,Celeb-DF v2,Celeb-synthesis/id16_id23_0004.mp4,1,410,950,500,FMP4,1.87,DeepFake,Celeb-synthesis,id16,id23,,CELEB_COMPONENT_000,,train
CELEBDF_0000852,Celeb-DF v2,Celeb-synthesis/id16_id23_0005.mp4,1,345,950,500,FMP4,0.85,DeepFake,Celeb-synthesis,id16,id23,,CELEB_COMPONENT_000,,train
CELEBDF_0000853,Celeb-DF v2,Celeb-synthesis/id16_id23_0006.mp4,1,224,950,500,FMP4,0.78,DeepFake,Celeb-synthesis,id16,id23,,CELEB_COMPONENT_000,,train
CELEBDF_0000854,Celeb-DF v2,Celeb-synthesis/id16_id23_0009.mp4,1,315,950,500,FMP4,1.45,DeepFake,Celeb-synthesis,id16,id23,,CELEB_COMPONENT_000,,train
CELEBDF_0000855,Celeb-DF v2,Celeb-synthesis/id16_id23_0010.mp4,1,325,950,500,FMP4,1.22,DeepFake,Celeb-synthesis,id16,id23,,CELEB_COMPONENT_000,,train
CELEBDF_0000856,Celeb-DF v2,Celeb-synthesis/id16_id23_0011.mp4,1,272,456,500,FMP4,0.84,DeepFake,Celeb-synthesis,id16,id23,,CELEB_COMPONENT_000,,train
CELEBDF_0000857,Celeb-DF v2,Celeb-synthesis/id16_id23_0012.mp4,1,308,974,500,FMP4,0.95,DeepFake,Celeb-synthesis,id16,id23,,CELEB_COMPONENT_000,,train
CELEBDF_0000858,Celeb-DF v2,Celeb-synthesis/id16_id23_0013.mp4,1,311,590,500,FMP4,0.82,DeepFake,Celeb-synthesis,id16,id23,,CELEB_COMPONENT_000,,train
CELEBDF_0000859,Celeb-DF v2,Celeb-synthesis/id16_id26_0000.mp4,1,317,950,500,FMP4,1.49,DeepFake,Celeb-synthesis,id16,id26,,CELEB_COMPONENT_000,,train
CELEBDF_0000860,Celeb-DF v2,Celeb-synthesis/id16_id26_0001.mp4,1,316,950,500,FMP4,1.18,DeepFake,Celeb-synthesis,id16,id26,,CELEB_COMPONENT_000,,train
CELEBDF_0000861,Celeb-DF v2,Celeb-synthesis/id16_id26_0002.mp4,1,363,950,500,FMP4,1.08,DeepFake,Celeb-synthesis,id16,id26,,CELEB_COMPONENT_000,,train
CELEBDF_0000862,Celeb-DF v2,Celeb-synthesis/id16_id26_0003.mp4,1,303,950,500,FMP4,1.51,DeepFake,Celeb-synthesis,id16,id26,,CELEB_COMPONENT_000,,train
CELEBDF_0000863,Celeb-DF v2,Celeb-synthesis/id16_id26_0004.mp4,1,410,950,500,FMP4,1.87,DeepFake,Celeb-synthesis,id16,id26,,CELEB_COMPONENT_000,,train
CELEBDF_0000864,Celeb-DF v2,Celeb-synthesis/id16_id26_0005.mp4,1,345,950,500,FMP4,0.87,DeepFake,Celeb-synthesis,id16,id26,,CELEB_COMPONENT_000,,train
CELEBDF_0000865,Celeb-DF v2,Celeb-synthesis/id16_id26_0006.mp4,1,224,950,500,FMP4,0.78,DeepFake,Celeb-synthesis,id16,id26,,CELEB_COMPONENT_000,,train
CELEBDF_0000866,Celeb-DF v2,Celeb-synthesis/id16_id26_0007.mp4,1,284,950,500,FMP4,1.62,DeepFake,Celeb-synthesis,id16,id26,,CELEB_COMPONENT_000,,train
CELEBDF_0000867,Celeb-DF v2,Celeb-synthesis/id16_id26_0009.mp4,1,315,950,500,FMP4,1.46,DeepFake,Celeb-synthesis,id16,id26,,CELEB_COMPONENT_000,,train
CELEBDF_0000868,Celeb-DF v2,Celeb-synthesis/id16_id26_0010.mp4,1,325,950,500,FMP4,1.23,DeepFake,Celeb-synthesis,id16,id26,,CELEB_COMPONENT_000,,train
CELEBDF_0000869,Celeb-DF v2,Celeb-synthesis/id16_id26_0011.mp4,1,272,456,500,FMP4,0.94,DeepFake,Celeb-synthesis,id16,id26,,CELEB_COMPONENT_000,,train
CELEBDF_0000870,Celeb-DF v2,Celeb-synthesis/id16_id26_0012.mp4,1,308,974,500,FMP4,0.95,DeepFake,Celeb-synthesis,id16,id26,,CELEB_COMPONENT_000,,train
CELEBDF_0000871,Celeb-DF v2,Celeb-synthesis/id16_id26_0013.mp4,1,311,590,500,FMP4,0.83,DeepFake,Celeb-synthesis,id16,id26,,CELEB_COMPONENT_000,,train
CELEBDF_0000872,Celeb-DF v2,Celeb-synthesis/id16_id28_0000.mp4,1,317,950,500,FMP4,1.49,DeepFake,Celeb-synthesis,id16,id28,,CELEB_COMPONENT_000,,train
CELEBDF_0000873,Celeb-DF v2,Celeb-synthesis/id16_id28_0001.mp4,1,316,950,500,FMP4,1.18,DeepFake,Celeb-synthesis,id16,id28,,CELEB_COMPONENT_000,,train
CELEBDF_0000874,Celeb-DF v2,Celeb-synthesis/id16_id28_0002.mp4,1,363,950,500,FMP4,1.08,DeepFake,Celeb-synthesis,id16,id28,,CELEB_COMPONENT_000,,train
CELEBDF_0000875,Celeb-DF v2,Celeb-synthesis/id16_id28_0003.mp4,1,303,950,500,FMP4,1.52,DeepFake,Celeb-synthesis,id16,id28,,CELEB_COMPONENT_000,,train
CELEBDF_0000876,Celeb-DF v2,Celeb-synthesis/id16_id28_0004.mp4,1,410,950,500,FMP4,1.88,DeepFake,Celeb-synthesis,id16,id28,,CELEB_COMPONENT_000,,train
CELEBDF_0000877,Celeb-DF v2,Celeb-synthesis/id16_id28_0005.mp4,1,345,950,500,FMP4,0.84,DeepFake,Celeb-synthesis,id16,id28,,CELEB_COMPONENT_000,,train
CELEBDF_0000878,Celeb-DF v2,Celeb-synthesis/id16_id28_0006.mp4,1,224,950,500,FMP4,0.78,DeepFake,Celeb-synthesis,id16,id28,,CELEB_COMPONENT_000,,train
CELEBDF_0000879,Celeb-DF v2,Celeb-synthesis/id16_id28_0007.mp4,1,284,950,500,FMP4,1.62,DeepFake,Celeb-synthesis,id16,id28,,CELEB_COMPONENT_000,,train
CELEBDF_0000880,Celeb-DF v2,Celeb-synthesis/id16_id28_0009.mp4,1,315,950,500,FMP4,1.47,DeepFake,Celeb-synthesis,id16,id28,,CELEB_COMPONENT_000,,train
CELEBDF_0000881,Celeb-DF v2,Celeb-synthesis/id16_id28_0010.mp4,1,325,950,500,FMP4,1.23,DeepFake,Celeb-synthesis,id16,id28,,CELEB_COMPONENT_000,,train
CELEBDF_0000882,Celeb-DF v2,Celeb-synthesis/id16_id28_0011.mp4,1,272,456,500,FMP4,0.93,DeepFake,Celeb-synthesis,id16,id28,,CELEB_COMPONENT_000,,train
CELEBDF_0000883,Celeb-DF v2,Celeb-synthesis/id16_id28_0012.mp4,1,308,974,500,FMP4,0.96,DeepFake,Celeb-synthesis,id16,id28,,CELEB_COMPONENT_000,,train
CELEBDF_0000884,Celeb-DF v2,Celeb-synthesis/id16_id28_0013.mp4,1,311,590,500,FMP4,0.84,DeepFake,Celeb-synthesis,id16,id28,,CELEB_COMPONENT_000,,train
CELEBDF_0000885,Celeb-DF v2,Celeb-synthesis/id16_id2_0000.mp4,1,317,950,500,FMP4,1.41,DeepFake,Celeb-synthesis,id16,id2,,CELEB_COMPONENT_000,,train
CELEBDF_0000886,Celeb-DF v2,Celeb-synthesis/id16_id2_0001.mp4,1,316,950,500,FMP4,1.14,DeepFake,Celeb-synthesis,id16,id2,,CELEB_COMPONENT_000,,train
CELEBDF_0000887,Celeb-DF v2,Celeb-synthesis/id16_id2_0002.mp4,1,363,950,500,FMP4,1.04,DeepFake,Celeb-synthesis,id16,id2,,CELEB_COMPONENT_000,,train
CELEBDF_0000888,Celeb-DF v2,Celeb-synthesis/id16_id2_0003.mp4,1,303,950,500,FMP4,1.43,DeepFake,Celeb-synthesis,id16,id2,,CELEB_COMPONENT_000,,train
CELEBDF_0000889,Celeb-DF v2,Celeb-synthesis/id16_id2_0004.mp4,1,410,950,500,FMP4,1.82,DeepFake,Celeb-synthesis,id16,id2,,CELEB_COMPONENT_000,,train
CELEBDF_0000890,Celeb-DF v2,Celeb-synthesis/id16_id2_0005.mp4,1,345,950,500,FMP4,0.84,DeepFake,Celeb-synthesis,id16,id2,,CELEB_COMPONENT_000,,train
CELEBDF_0000891,Celeb-DF v2,Celeb-synthesis/id16_id2_0006.mp4,1,224,950,500,FMP4,0.75,DeepFake,Celeb-synthesis,id16,id2,,CELEB_COMPONENT_000,,train
CELEBDF_0000892,Celeb-DF v2,Celeb-synthesis/id16_id2_0007.mp4,1,284,950,500,FMP4,1.59,DeepFake,Celeb-synthesis,id16,id2,,CELEB_COMPONENT_000,,train
CELEBDF_0000893,Celeb-DF v2,Celeb-synthesis/id16_id2_0009.mp4,1,315,950,500,FMP4,1.42,DeepFake,Celeb-synthesis,id16,id2,,CELEB_COMPONENT_000,,train
CELEBDF_0000894,Celeb-DF v2,Celeb-synthesis/id16_id2_0010.mp4,1,325,950,500,FMP4,1.18,DeepFake,Celeb-synthesis,id16,id2,,CELEB_COMPONENT_000,,train
CELEBDF_0000895,Celeb-DF v2,Celeb-synthesis/id16_id2_0011.mp4,1,272,456,500,FMP4,0.9,DeepFake,Celeb-synthesis,id16,id2,,CELEB_COMPONENT_000,,train
CELEBDF_0000896,Celeb-DF v2,Celeb-synthesis/id16_id2_0012.mp4,1,308,974,500,FMP4,0.93,DeepFake,Celeb-synthesis,id16,id2,,CELEB_COMPONENT_000,,train
CELEBDF_0000897,Celeb-DF v2,Celeb-synthesis/id16_id2_0013.mp4,1,311,590,500,FMP4,0.81,DeepFake,Celeb-synthesis,id16,id2,,CELEB_COMPONENT_000,,train
CELEBDF_0000898,Celeb-DF v2,Celeb-synthesis/id16_id30_0000.mp4,1,317,950,500,FMP4,1.49,DeepFake,Celeb-synthesis,id16,id30,,CELEB_COMPONENT_000,,train
CELEBDF_0000899,Celeb-DF v2,Celeb-synthesis/id16_id30_0001.mp4,1,316,950,500,FMP4,1.18,DeepFake,Celeb-synthesis,id16,id30,,CELEB_COMPONENT_000,,train
CELEBDF_0000900,Celeb-DF v2,Celeb-synthesis/id16_id30_0002.mp4,1,363,950,500,FMP4,1.08,DeepFake,Celeb-synthesis,id16,id30,,CELEB_COMPONENT_000,,train
CELEBDF_0000901,Celeb-DF v2,Celeb-synthesis/id16_id30_0003.mp4,1,303,950,500,FMP4,1.52,DeepFake,Celeb-synthesis,id16,id30,,CELEB_COMPONENT_000,,train
CELEBDF_0000902,Celeb-DF v2,Celeb-synthesis/id16_id30_0005.mp4,1,345,950,500,FMP4,0.87,DeepFake,Celeb-synthesis,id16,id30,,CELEB_COMPONENT_000,,train
CELEBDF_0000903,Celeb-DF v2,Celeb-synthesis/id16_id30_0006.mp4,1,224,950,500,FMP4,0.78,DeepFake,Celeb-synthesis,id16,id30,,CELEB_COMPONENT_000,,train
CELEBDF_0000904,Celeb-DF v2,Celeb-synthesis/id16_id30_0007.mp4,1,284,950,500,FMP4,1.63,DeepFake,Celeb-synthesis,id16,id30,,CELEB_COMPONENT_000,,train
CELEBDF_0000905,Celeb-DF v2,Celeb-synthesis/id16_id30_0009.mp4,1,315,950,500,FMP4,1.48,DeepFake,Celeb-synthesis,id16,id30,,CELEB_COMPONENT_000,,train
CELEBDF_0000906,Celeb-DF v2,Celeb-synthesis/id16_id30_0010.mp4,1,325,950,500,FMP4,1.22,DeepFake,Celeb-synthesis,id16,id30,,CELEB_COMPONENT_000,,train
CELEBDF_0000907,Celeb-DF v2,Celeb-synthesis/id16_id30_0011.mp4,1,272,456,500,FMP4,0.93,DeepFake,Celeb-synthesis,id16,id30,,CELEB_COMPONENT_000,,train
CELEBDF_0000908,Celeb-DF v2,Celeb-synthesis/id16_id30_0012.mp4,1,308,974,500,FMP4,0.95,DeepFake,Celeb-synthesis,id16,id30,,CELEB_COMPONENT_000,,train
CELEBDF_0000909,Celeb-DF v2,Celeb-synthesis/id16_id30_0013.mp4,1,311,590,500,FMP4,0.84,DeepFake,Celeb-synthesis,id16,id30,,CELEB_COMPONENT_000,,train
CELEBDF_0000910,Celeb-DF v2,Celeb-synthesis/id16_id31_0000.mp4,1,317,950,500,FMP4,1.49,DeepFake,Celeb-synthesis,id16,id31,,CELEB_COMPONENT_000,,train
CELEBDF_0000911,Celeb-DF v2,Celeb-synthesis/id16_id31_0001.mp4,1,316,950,500,FMP4,1.17,DeepFake,Celeb-synthesis,id16,id31,,CELEB_COMPONENT_000,,train
CELEBDF_0000912,Celeb-DF v2,Celeb-synthesis/id16_id31_0002.mp4,1,363,950,500,FMP4,1.07,DeepFake,Celeb-synthesis,id16,id31,,CELEB_COMPONENT_000,,train
CELEBDF_0000913,Celeb-DF v2,Celeb-synthesis/id16_id31_0003.mp4,1,303,950,500,FMP4,1.51,DeepFake,Celeb-synthesis,id16,id31,,CELEB_COMPONENT_000,,train
CELEBDF_0000914,Celeb-DF v2,Celeb-synthesis/id16_id31_0006.mp4,1,224,950,500,FMP4,0.77,DeepFake,Celeb-synthesis,id16,id31,,CELEB_COMPONENT_000,,train
CELEBDF_0000915,Celeb-DF v2,Celeb-synthesis/id16_id31_0007.mp4,1,284,950,500,FMP4,1.62,DeepFake,Celeb-synthesis,id16,id31,,CELEB_COMPONENT_000,,train
CELEBDF_0000916,Celeb-DF v2,Celeb-synthesis/id16_id31_0008.mp4,1,324,950,500,FMP4,1.55,DeepFake,Celeb-synthesis,id16,id31,,CELEB_COMPONENT_000,,train
CELEBDF_0000917,Celeb-DF v2,Celeb-synthesis/id16_id31_0009.mp4,1,315,950,500,FMP4,1.45,DeepFake,Celeb-synthesis,id16,id31,,CELEB_COMPONENT_000,,train
CELEBDF_0000918,Celeb-DF v2,Celeb-synthesis/id16_id31_0010.mp4,1,325,950,500,FMP4,1.22,DeepFake,Celeb-synthesis,id16,id31,,CELEB_COMPONENT_000,,train
CELEBDF_0000919,Celeb-DF v2,Celeb-synthesis/id16_id31_0011.mp4,1,272,456,500,FMP4,0.93,DeepFake,Celeb-synthesis,id16,id31,,CELEB_COMPONENT_000,,train
CELEBDF_0000920,Celeb-DF v2,Celeb-synthesis/id16_id31_0012.mp4,1,308,974,500,FMP4,0.95,DeepFake,Celeb-synthesis,id16,id31,,CELEB_COMPONENT_000,,train
CELEBDF_0000921,Celeb-DF v2,Celeb-synthesis/id16_id31_0013.mp4,1,311,590,500,FMP4,0.83,DeepFake,Celeb-synthesis,id16,id31,,CELEB_COMPONENT_000,,train
CELEBDF_0000922,Celeb-DF v2,Celeb-synthesis/id16_id35_0000.mp4,1,317,950,500,FMP4,1.49,DeepFake,Celeb-synthesis,id16,id35,,CELEB_COMPONENT_000,,train
CELEBDF_0000923,Celeb-DF v2,Celeb-synthesis/id16_id35_0001.mp4,1,316,950,500,FMP4,1.18,DeepFake,Celeb-synthesis,id16,id35,,CELEB_COMPONENT_000,,train
CELEBDF_0000924,Celeb-DF v2,Celeb-synthesis/id16_id35_0002.mp4,1,363,950,500,FMP4,1.07,DeepFake,Celeb-synthesis,id16,id35,,CELEB_COMPONENT_000,,train
CELEBDF_0000925,Celeb-DF v2,Celeb-synthesis/id16_id35_0003.mp4,1,303,950,500,FMP4,1.51,DeepFake,Celeb-synthesis,id16,id35,,CELEB_COMPONENT_000,,train
CELEBDF_0000926,Celeb-DF v2,Celeb-synthesis/id16_id35_0005.mp4,1,345,950,500,FMP4,0.86,DeepFake,Celeb-synthesis,id16,id35,,CELEB_COMPONENT_000,,train
CELEBDF_0000927,Celeb-DF v2,Celeb-synthesis/id16_id35_0006.mp4,1,224,950,500,FMP4,0.77,DeepFake,Celeb-synthesis,id16,id35,,CELEB_COMPONENT_000,,train
CELEBDF_0000928,Celeb-DF v2,Celeb-synthesis/id16_id35_0007.mp4,1,284,950,500,FMP4,1.61,DeepFake,Celeb-synthesis,id16,id35,,CELEB_COMPONENT_000,,train
CELEBDF_0000929,Celeb-DF v2,Celeb-synthesis/id16_id35_0008.mp4,1,324,950,500,FMP4,1.56,DeepFake,Celeb-synthesis,id16,id35,,CELEB_COMPONENT_000,,train
CELEBDF_0000930,Celeb-DF v2,Celeb-synthesis/id16_id35_0009.mp4,1,315,950,500,FMP4,1.46,DeepFake,Celeb-synthesis,id16,id35,,CELEB_COMPONENT_000,,train
CELEBDF_0000931,Celeb-DF v2,Celeb-synthesis/id16_id35_0010.mp4,1,325,950,500,FMP4,1.22,DeepFake,Celeb-synthesis,id16,id35,,CELEB_COMPONENT_000,,train
CELEBDF_0000932,Celeb-DF v2,Celeb-synthesis/id16_id35_0011.mp4,1,272,456,500,FMP4,0.92,DeepFake,Celeb-synthesis,id16,id35,,CELEB_COMPONENT_000,,train
CELEBDF_0000933,Celeb-DF v2,Celeb-synthesis/id16_id35_0012.mp4,1,308,974,500,FMP4,0.95,DeepFake,Celeb-synthesis,id16,id35,,CELEB_COMPONENT_000,,train
CELEBDF_0000934,Celeb-DF v2,Celeb-synthesis/id16_id35_0013.mp4,1,311,590,500,FMP4,0.83,DeepFake,Celeb-synthesis,id16,id35,,CELEB_COMPONENT_000,,train
CELEBDF_0000935,Celeb-DF v2,Celeb-synthesis/id16_id37_0000.mp4,1,317,950,500,FMP4,1.49,DeepFake,Celeb-synthesis,id16,id37,,CELEB_COMPONENT_000,,train
CELEBDF_0000936,Celeb-DF v2,Celeb-synthesis/id16_id37_0001.mp4,1,316,950,500,FMP4,1.18,DeepFake,Celeb-synthesis,id16,id37,,CELEB_COMPONENT_000,,train
CELEBDF_0000937,Celeb-DF v2,Celeb-synthesis/id16_id37_0002.mp4,1,363,950,500,FMP4,1.08,DeepFake,Celeb-synthesis,id16,id37,,CELEB_COMPONENT_000,,train
CELEBDF_0000938,Celeb-DF v2,Celeb-synthesis/id16_id37_0003.mp4,1,303,950,500,FMP4,1.52,DeepFake,Celeb-synthesis,id16,id37,,CELEB_COMPONENT_000,,train
CELEBDF_0000939,Celeb-DF v2,Celeb-synthesis/id16_id37_0004.mp4,1,410,950,500,FMP4,1.88,DeepFake,Celeb-synthesis,id16,id37,,CELEB_COMPONENT_000,,train
CELEBDF_0000940,Celeb-DF v2,Celeb-synthesis/id16_id37_0006.mp4,1,224,950,500,FMP4,0.78,DeepFake,Celeb-synthesis,id16,id37,,CELEB_COMPONENT_000,,train
CELEBDF_0000941,Celeb-DF v2,Celeb-synthesis/id16_id37_0009.mp4,1,315,950,500,FMP4,1.47,DeepFake,Celeb-synthesis,id16,id37,,CELEB_COMPONENT_000,,train
CELEBDF_0000942,Celeb-DF v2,Celeb-synthesis/id16_id37_0010.mp4,1,325,950,500,FMP4,1.22,DeepFake,Celeb-synthesis,id16,id37,,CELEB_COMPONENT_000,,train
CELEBDF_0000943,Celeb-DF v2,Celeb-synthesis/id16_id37_0011.mp4,1,272,456,500,FMP4,0.93,DeepFake,Celeb-synthesis,id16,id37,,CELEB_COMPONENT_000,,train
CELEBDF_0000944,Celeb-DF v2,Celeb-synthesis/id16_id37_0012.mp4,1,308,974,500,FMP4,0.96,DeepFake,Celeb-synthesis,id16,id37,,CELEB_COMPONENT_000,,train
CELEBDF_0000945,Celeb-DF v2,Celeb-synthesis/id16_id37_0013.mp4,1,311,590,500,FMP4,0.84,DeepFake,Celeb-synthesis,id16,id37,,CELEB_COMPONENT_000,,train
CELEBDF_0000946,Celeb-DF v2,Celeb-synthesis/id16_id3_0000.mp4,1,317,950,500,FMP4,1.41,DeepFake,Celeb-synthesis,id16,id3,,CELEB_COMPONENT_000,,train
CELEBDF_0000947,Celeb-DF v2,Celeb-synthesis/id16_id3_0001.mp4,1,316,950,500,FMP4,1.13,DeepFake,Celeb-synthesis,id16,id3,,CELEB_COMPONENT_000,,train
CELEBDF_0000948,Celeb-DF v2,Celeb-synthesis/id16_id3_0002.mp4,1,363,950,500,FMP4,1.04,DeepFake,Celeb-synthesis,id16,id3,,CELEB_COMPONENT_000,,train
CELEBDF_0000949,Celeb-DF v2,Celeb-synthesis/id16_id3_0003.mp4,1,303,950,500,FMP4,1.43,DeepFake,Celeb-synthesis,id16,id3,,CELEB_COMPONENT_000,,train
CELEBDF_0000950,Celeb-DF v2,Celeb-synthesis/id16_id3_0004.mp4,1,410,950,500,FMP4,1.82,DeepFake,Celeb-synthesis,id16,id3,,CELEB_COMPONENT_000,,train
CELEBDF_0000951,Celeb-DF v2,Celeb-synthesis/id16_id3_0005.mp4,1,345,950,500,FMP4,0.83,DeepFake,Celeb-synthesis,id16,id3,,CELEB_COMPONENT_000,,train
CELEBDF_0000952,Celeb-DF v2,Celeb-synthesis/id16_id3_0006.mp4,1,224,950,500,FMP4,0.75,DeepFake,Celeb-synthesis,id16,id3,,CELEB_COMPONENT_000,,train
CELEBDF_0000953,Celeb-DF v2,Celeb-synthesis/id16_id3_0007.mp4,1,284,950,500,FMP4,1.59,DeepFake,Celeb-synthesis,id16,id3,,CELEB_COMPONENT_000,,train
CELEBDF_0000954,Celeb-DF v2,Celeb-synthesis/id16_id3_0009.mp4,1,315,950,500,FMP4,1.42,DeepFake,Celeb-synthesis,id16,id3,,CELEB_COMPONENT_000,,train
CELEBDF_0000955,Celeb-DF v2,Celeb-synthesis/id16_id3_0010.mp4,1,325,950,500,FMP4,1.18,DeepFake,Celeb-synthesis,id16,id3,,CELEB_COMPONENT_000,,train
CELEBDF_0000956,Celeb-DF v2,Celeb-synthesis/id16_id3_0011.mp4,1,272,456,500,FMP4,0.89,DeepFake,Celeb-synthesis,id16,id3,,CELEB_COMPONENT_000,,train
CELEBDF_0000957,Celeb-DF v2,Celeb-synthesis/id16_id3_0012.mp4,1,308,974,500,FMP4,0.93,DeepFake,Celeb-synthesis,id16,id3,,CELEB_COMPONENT_000,,train
CELEBDF_0000958,Celeb-DF v2,Celeb-synthesis/id16_id3_0013.mp4,1,311,590,500,FMP4,0.8,DeepFake,Celeb-synthesis,id16,id3,,CELEB_COMPONENT_000,,train
CELEBDF_0000959,Celeb-DF v2,Celeb-synthesis/id16_id6_0000.mp4,1,317,950,500,FMP4,1.4,DeepFake,Celeb-synthesis,id16,id6,,CELEB_COMPONENT_000,,train
CELEBDF_0000960,Celeb-DF v2,Celeb-synthesis/id16_id6_0001.mp4,1,316,950,500,FMP4,1.13,DeepFake,Celeb-synthesis,id16,id6,,CELEB_COMPONENT_000,,train
CELEBDF_0000961,Celeb-DF v2,Celeb-synthesis/id16_id6_0002.mp4,1,363,950,500,FMP4,1.03,DeepFake,Celeb-synthesis,id16,id6,,CELEB_COMPONENT_000,,train
CELEBDF_0000962,Celeb-DF v2,Celeb-synthesis/id16_id6_0003.mp4,1,303,950,500,FMP4,1.42,DeepFake,Celeb-synthesis,id16,id6,,CELEB_COMPONENT_000,,train
CELEBDF_0000963,Celeb-DF v2,Celeb-synthesis/id16_id6_0004.mp4,1,410,950,500,FMP4,1.8,DeepFake,Celeb-synthesis,id16,id6,,CELEB_COMPONENT_000,,train
CELEBDF_0000964,Celeb-DF v2,Celeb-synthesis/id16_id6_0005.mp4,1,345,950,500,FMP4,0.84,DeepFake,Celeb-synthesis,id16,id6,,CELEB_COMPONENT_000,,train
CELEBDF_0000965,Celeb-DF v2,Celeb-synthesis/id16_id6_0006.mp4,1,224,950,500,FMP4,0.74,DeepFake,Celeb-synthesis,id16,id6,,CELEB_COMPONENT_000,,train
CELEBDF_0000966,Celeb-DF v2,Celeb-synthesis/id16_id6_0007.mp4,1,284,950,500,FMP4,1.59,DeepFake,Celeb-synthesis,id16,id6,,CELEB_COMPONENT_000,,train
CELEBDF_0000967,Celeb-DF v2,Celeb-synthesis/id16_id6_0009.mp4,1,315,950,500,FMP4,1.4,DeepFake,Celeb-synthesis,id16,id6,,CELEB_COMPONENT_000,,train
CELEBDF_0000968,Celeb-DF v2,Celeb-synthesis/id16_id6_0010.mp4,1,325,950,500,FMP4,1.17,DeepFake,Celeb-synthesis,id16,id6,,CELEB_COMPONENT_000,,train
CELEBDF_0000969,Celeb-DF v2,Celeb-synthesis/id16_id6_0011.mp4,1,272,456,500,FMP4,0.89,DeepFake,Celeb-synthesis,id16,id6,,CELEB_COMPONENT_000,,train
CELEBDF_0000970,Celeb-DF v2,Celeb-synthesis/id16_id6_0012.mp4,1,308,974,500,FMP4,0.92,DeepFake,Celeb-synthesis,id16,id6,,CELEB_COMPONENT_000,,train
CELEBDF_0000971,Celeb-DF v2,Celeb-synthesis/id16_id6_0013.mp4,1,311,590,500,FMP4,0.8,DeepFake,Celeb-synthesis,id16,id6,,CELEB_COMPONENT_000,,train
CELEBDF_0000972,Celeb-DF v2,Celeb-synthesis/id16_id9_0000.mp4,1,317,950,500,FMP4,1.41,DeepFake,Celeb-synthesis,id16,id9,,CELEB_COMPONENT_000,,train
CELEBDF_0000973,Celeb-DF v2,Celeb-synthesis/id16_id9_0001.mp4,1,316,950,500,FMP4,1.14,DeepFake,Celeb-synthesis,id16,id9,,CELEB_COMPONENT_000,,train
CELEBDF_0000974,Celeb-DF v2,Celeb-synthesis/id16_id9_0002.mp4,1,363,950,500,FMP4,1.05,DeepFake,Celeb-synthesis,id16,id9,,CELEB_COMPONENT_000,,train
CELEBDF_0000975,Celeb-DF v2,Celeb-synthesis/id16_id9_0003.mp4,1,303,950,500,FMP4,1.44,DeepFake,Celeb-synthesis,id16,id9,,CELEB_COMPONENT_000,,train
CELEBDF_0000976,Celeb-DF v2,Celeb-synthesis/id16_id9_0004.mp4,1,410,950,500,FMP4,1.83,DeepFake,Celeb-synthesis,id16,id9,,CELEB_COMPONENT_000,,train
CELEBDF_0000977,Celeb-DF v2,Celeb-synthesis/id16_id9_0005.mp4,1,345,950,500,FMP4,0.85,DeepFake,Celeb-synthesis,id16,id9,,CELEB_COMPONENT_000,,train
CELEBDF_0000978,Celeb-DF v2,Celeb-synthesis/id16_id9_0006.mp4,1,224,950,500,FMP4,0.75,DeepFake,Celeb-synthesis,id16,id9,,CELEB_COMPONENT_000,,train
CELEBDF_0000979,Celeb-DF v2,Celeb-synthesis/id16_id9_0007.mp4,1,284,950,500,FMP4,1.6,DeepFake,Celeb-synthesis,id16,id9,,CELEB_COMPONENT_000,,train
CELEBDF_0000980,Celeb-DF v2,Celeb-synthesis/id16_id9_0009.mp4,1,315,950,500,FMP4,1.43,DeepFake,Celeb-synthesis,id16,id9,,CELEB_COMPONENT_000,,train
CELEBDF_0000981,Celeb-DF v2,Celeb-synthesis/id16_id9_0010.mp4,1,325,950,500,FMP4,1.18,DeepFake,Celeb-synthesis,id16,id9,,CELEB_COMPONENT_000,,train
CELEBDF_0000982,Celeb-DF v2,Celeb-synthesis/id16_id9_0011.mp4,1,272,456,500,FMP4,0.9,DeepFake,Celeb-synthesis,id16,id9,,CELEB_COMPONENT_000,,train
CELEBDF_0000983,Celeb-DF v2,Celeb-synthesis/id16_id9_0012.mp4,1,308,974,500,FMP4,0.94,DeepFake,Celeb-synthesis,id16,id9,,CELEB_COMPONENT_000,,train
CELEBDF_0000984,Celeb-DF v2,Celeb-synthesis/id16_id9_0013.mp4,1,311,590,500,FMP4,0.81,DeepFake,Celeb-synthesis,id16,id9,,CELEB_COMPONENT_000,,train
CELEBDF_0000985,Celeb-DF v2,Celeb-synthesis/id17_id0_0000.mp4,1,305,590,500,FMP4,1.62,DeepFake,Celeb-synthesis,id17,id0,,CELEB_COMPONENT_000,,train
CELEBDF_0000986,Celeb-DF v2,Celeb-synthesis/id17_id0_0001.mp4,1,315,532,500,FMP4,1.49,DeepFake,Celeb-synthesis,id17,id0,,CELEB_COMPONENT_000,,train
CELEBDF_0000987,Celeb-DF v2,Celeb-synthesis/id17_id0_0002.mp4,1,334,556,500,FMP4,1.71,DeepFake,Celeb-synthesis,id17,id0,,CELEB_COMPONENT_000,,train
CELEBDF_0000988,Celeb-DF v2,Celeb-synthesis/id17_id0_0003.mp4,1,247,612,440,FMP4,0.74,DeepFake,Celeb-synthesis,id17,id0,,CELEB_COMPONENT_000,,train
CELEBDF_0000989,Celeb-DF v2,Celeb-synthesis/id17_id0_0004.mp4,1,306,354,500,FMP4,1.02,DeepFake,Celeb-synthesis,id17,id0,,CELEB_COMPONENT_000,,train
CELEBDF_0000990,Celeb-DF v2,Celeb-synthesis/id17_id0_0005.mp4,1,312,894,500,FMP4,1.88,DeepFake,Celeb-synthesis,id17,id0,,CELEB_COMPONENT_000,,train
CELEBDF_0000991,Celeb-DF v2,Celeb-synthesis/id17_id0_0006.mp4,1,201,894,500,FMP4,0.92,DeepFake,Celeb-synthesis,id17,id0,,CELEB_COMPONENT_000,,train
CELEBDF_0000992,Celeb-DF v2,Celeb-synthesis/id17_id0_0007.mp4,1,274,894,500,FMP4,1.11,DeepFake,Celeb-synthesis,id17,id0,,CELEB_COMPONENT_000,,train
CELEBDF_0000993,Celeb-DF v2,Celeb-synthesis/id17_id0_0009.mp4,1,298,894,500,FMP4,1.18,DeepFake,Celeb-synthesis,id17,id0,,CELEB_COMPONENT_000,,train
CELEBDF_0000994,Celeb-DF v2,Celeb-synthesis/id17_id16_0000.mp4,1,305,590,500,FMP4,1.61,DeepFake,Celeb-synthesis,id17,id16,,CELEB_COMPONENT_000,,train
CELEBDF_0000995,Celeb-DF v2,Celeb-synthesis/id17_id16_0001.mp4,1,315,532,500,FMP4,1.5,DeepFake,Celeb-synthesis,id17,id16,,CELEB_COMPONENT_000,,train
CELEBDF_0000996,Celeb-DF v2,Celeb-synthesis/id17_id16_0002.mp4,1,334,556,500,FMP4,1.71,DeepFake,Celeb-synthesis,id17,id16,,CELEB_COMPONENT_000,,train
CELEBDF_0000997,Celeb-DF v2,Celeb-synthesis/id17_id16_0003.mp4,1,247,612,440,FMP4,0.74,DeepFake,Celeb-synthesis,id17,id16,,CELEB_COMPONENT_000,,train
CELEBDF_0000998,Celeb-DF v2,Celeb-synthesis/id17_id16_0004.mp4,1,306,354,500,FMP4,1.02,DeepFake,Celeb-synthesis,id17,id16,,CELEB_COMPONENT_000,,train
CELEBDF_0000999,Celeb-DF v2,Celeb-synthesis/id17_id16_0005.mp4,1,312,894,500,FMP4,1.88,DeepFake,Celeb-synthesis,id17,id16,,CELEB_COMPONENT_000,,train
CELEBDF_0001000,Celeb-DF v2,Celeb-synthesis/id17_id16_0006.mp4,1,201,894,500,FMP4,0.92,DeepFake,Celeb-synthesis,id17,id16,,CELEB_COMPONENT_000,,train
CELEBDF_0001001,Celeb-DF v2,Celeb-synthesis/id17_id16_0007.mp4,1,274,894,500,FMP4,1.11,DeepFake,Celeb-synthesis,id17,id16,,CELEB_COMPONENT_000,,train
CELEBDF_0001002,Celeb-DF v2,Celeb-synthesis/id17_id16_0009.mp4,1,298,894,500,FMP4,1.18,DeepFake,Celeb-synthesis,id17,id16,,CELEB_COMPONENT_000,,train
CELEBDF_0001003,Celeb-DF v2,Celeb-synthesis/id17_id1_0000.mp4,1,305,590,500,FMP4,1.63,DeepFake,Celeb-synthesis,id17,id1,,CELEB_COMPONENT_000,,train
CELEBDF_0001004,Celeb-DF v2,Celeb-synthesis/id17_id1_0001.mp4,1,315,532,500,FMP4,1.5,DeepFake,Celeb-synthesis,id17,id1,,CELEB_COMPONENT_000,,train
CELEBDF_0001005,Celeb-DF v2,Celeb-synthesis/id17_id1_0002.mp4,1,334,556,500,FMP4,1.71,DeepFake,Celeb-synthesis,id17,id1,,CELEB_COMPONENT_000,,train
CELEBDF_0001006,Celeb-DF v2,Celeb-synthesis/id17_id1_0003.mp4,1,247,612,440,FMP4,0.74,DeepFake,Celeb-synthesis,id17,id1,,CELEB_COMPONENT_000,,train
CELEBDF_0001007,Celeb-DF v2,Celeb-synthesis/id17_id1_0004.mp4,1,306,354,500,FMP4,1.02,DeepFake,Celeb-synthesis,id17,id1,,CELEB_COMPONENT_000,,train
CELEBDF_0001008,Celeb-DF v2,Celeb-synthesis/id17_id1_0005.mp4,1,312,894,500,FMP4,1.88,DeepFake,Celeb-synthesis,id17,id1,,CELEB_COMPONENT_000,,train
CELEBDF_0001009,Celeb-DF v2,Celeb-synthesis/id17_id1_0006.mp4,1,201,894,500,FMP4,0.92,DeepFake,Celeb-synthesis,id17,id1,,CELEB_COMPONENT_000,,train
CELEBDF_0001010,Celeb-DF v2,Celeb-synthesis/id17_id1_0007.mp4,1,274,894,500,FMP4,1.11,DeepFake,Celeb-synthesis,id17,id1,,CELEB_COMPONENT_000,,train
CELEBDF_0001011,Celeb-DF v2,Celeb-synthesis/id17_id1_0009.mp4,1,298,894,500,FMP4,1.18,DeepFake,Celeb-synthesis,id17,id1,,CELEB_COMPONENT_000,,train
CELEBDF_0001012,Celeb-DF v2,Celeb-synthesis/id17_id20_0000.mp4,1,305,590,500,FMP4,1.71,DeepFake,Celeb-synthesis,id17,id20,,CELEB_COMPONENT_000,,train
CELEBDF_0001013,Celeb-DF v2,Celeb-synthesis/id17_id20_0001.mp4,1,315,532,500,FMP4,1.6,DeepFake,Celeb-synthesis,id17,id20,,CELEB_COMPONENT_000,,train
CELEBDF_0001014,Celeb-DF v2,Celeb-synthesis/id17_id20_0002.mp4,1,334,556,500,FMP4,1.81,DeepFake,Celeb-synthesis,id17,id20,,CELEB_COMPONENT_000,,train
CELEBDF_0001015,Celeb-DF v2,Celeb-synthesis/id17_id20_0003.mp4,1,247,612,440,FMP4,0.76,DeepFake,Celeb-synthesis,id17,id20,,CELEB_COMPONENT_000,,train
CELEBDF_0001016,Celeb-DF v2,Celeb-synthesis/id17_id20_0004.mp4,1,306,354,500,FMP4,1.06,DeepFake,Celeb-synthesis,id17,id20,,CELEB_COMPONENT_000,,train
CELEBDF_0001017,Celeb-DF v2,Celeb-synthesis/id17_id20_0005.mp4,1,312,894,500,FMP4,1.92,DeepFake,Celeb-synthesis,id17,id20,,CELEB_COMPONENT_000,,train
CELEBDF_0001018,Celeb-DF v2,Celeb-synthesis/id17_id20_0006.mp4,1,201,894,500,FMP4,0.97,DeepFake,Celeb-synthesis,id17,id20,,CELEB_COMPONENT_000,,train
CELEBDF_0001019,Celeb-DF v2,Celeb-synthesis/id17_id20_0007.mp4,1,274,894,500,FMP4,1.14,DeepFake,Celeb-synthesis,id17,id20,,CELEB_COMPONENT_000,,train
CELEBDF_0001020,Celeb-DF v2,Celeb-synthesis/id17_id20_0009.mp4,1,298,894,500,FMP4,1.21,DeepFake,Celeb-synthesis,id17,id20,,CELEB_COMPONENT_000,,train
CELEBDF_0001021,Celeb-DF v2,Celeb-synthesis/id17_id21_0000.mp4,1,305,590,500,FMP4,1.7,DeepFake,Celeb-synthesis,id17,id21,,CELEB_COMPONENT_000,,train
CELEBDF_0001022,Celeb-DF v2,Celeb-synthesis/id17_id21_0001.mp4,1,315,532,500,FMP4,1.59,DeepFake,Celeb-synthesis,id17,id21,,CELEB_COMPONENT_000,,train
CELEBDF_0001023,Celeb-DF v2,Celeb-synthesis/id17_id21_0002.mp4,1,334,556,500,FMP4,1.81,DeepFake,Celeb-synthesis,id17,id21,,CELEB_COMPONENT_000,,train
CELEBDF_0001024,Celeb-DF v2,Celeb-synthesis/id17_id21_0003.mp4,1,247,612,440,FMP4,0.76,DeepFake,Celeb-synthesis,id17,id21,,CELEB_COMPONENT_000,,train
CELEBDF_0001025,Celeb-DF v2,Celeb-synthesis/id17_id21_0004.mp4,1,306,354,500,FMP4,1.06,DeepFake,Celeb-synthesis,id17,id21,,CELEB_COMPONENT_000,,train
CELEBDF_0001026,Celeb-DF v2,Celeb-synthesis/id17_id21_0005.mp4,1,312,894,500,FMP4,1.93,DeepFake,Celeb-synthesis,id17,id21,,CELEB_COMPONENT_000,,train
CELEBDF_0001027,Celeb-DF v2,Celeb-synthesis/id17_id21_0006.mp4,1,201,894,500,FMP4,0.97,DeepFake,Celeb-synthesis,id17,id21,,CELEB_COMPONENT_000,,train
CELEBDF_0001028,Celeb-DF v2,Celeb-synthesis/id17_id21_0007.mp4,1,274,894,500,FMP4,1.14,DeepFake,Celeb-synthesis,id17,id21,,CELEB_COMPONENT_000,,train
CELEBDF_0001029,Celeb-DF v2,Celeb-synthesis/id17_id23_0000.mp4,1,305,590,500,FMP4,1.69,DeepFake,Celeb-synthesis,id17,id23,,CELEB_COMPONENT_000,,train
CELEBDF_0001030,Celeb-DF v2,Celeb-synthesis/id17_id23_0001.mp4,1,315,532,500,FMP4,1.59,DeepFake,Celeb-synthesis,id17,id23,,CELEB_COMPONENT_000,,train
CELEBDF_0001031,Celeb-DF v2,Celeb-synthesis/id17_id23_0002.mp4,1,334,556,500,FMP4,1.81,DeepFake,Celeb-synthesis,id17,id23,,CELEB_COMPONENT_000,,train
CELEBDF_0001032,Celeb-DF v2,Celeb-synthesis/id17_id23_0003.mp4,1,247,612,440,FMP4,0.76,DeepFake,Celeb-synthesis,id17,id23,,CELEB_COMPONENT_000,,train
CELEBDF_0001033,Celeb-DF v2,Celeb-synthesis/id17_id23_0004.mp4,1,306,354,500,FMP4,1.06,DeepFake,Celeb-synthesis,id17,id23,,CELEB_COMPONENT_000,,train
CELEBDF_0001034,Celeb-DF v2,Celeb-synthesis/id17_id23_0005.mp4,1,312,894,500,FMP4,1.92,DeepFake,Celeb-synthesis,id17,id23,,CELEB_COMPONENT_000,,train
CELEBDF_0001035,Celeb-DF v2,Celeb-synthesis/id17_id23_0006.mp4,1,201,894,500,FMP4,0.96,DeepFake,Celeb-synthesis,id17,id23,,CELEB_COMPONENT_000,,train
CELEBDF_0001036,Celeb-DF v2,Celeb-synthesis/id17_id23_0007.mp4,1,274,894,500,FMP4,1.13,DeepFake,Celeb-synthesis,id17,id23,,CELEB_COMPONENT_000,,train
CELEBDF_0001037,Celeb-DF v2,Celeb-synthesis/id17_id23_0009.mp4,1,298,894,500,FMP4,1.13,DeepFake,Celeb-synthesis,id17,id23,,CELEB_COMPONENT_000,,train
CELEBDF_0001038,Celeb-DF v2,Celeb-synthesis/id17_id26_0000.mp4,1,305,590,500,FMP4,1.7,DeepFake,Celeb-synthesis,id17,id26,,CELEB_COMPONENT_000,,train
CELEBDF_0001039,Celeb-DF v2,Celeb-synthesis/id17_id26_0001.mp4,1,315,532,500,FMP4,1.6,DeepFake,Celeb-synthesis,id17,id26,,CELEB_COMPONENT_000,,train
CELEBDF_0001040,Celeb-DF v2,Celeb-synthesis/id17_id26_0002.mp4,1,334,556,500,FMP4,1.81,DeepFake,Celeb-synthesis,id17,id26,,CELEB_COMPONENT_000,,train
CELEBDF_0001041,Celeb-DF v2,Celeb-synthesis/id17_id26_0003.mp4,1,247,612,440,FMP4,0.76,DeepFake,Celeb-synthesis,id17,id26,,CELEB_COMPONENT_000,,train
CELEBDF_0001042,Celeb-DF v2,Celeb-synthesis/id17_id26_0004.mp4,1,306,354,500,FMP4,1.06,DeepFake,Celeb-synthesis,id17,id26,,CELEB_COMPONENT_000,,train
CELEBDF_0001043,Celeb-DF v2,Celeb-synthesis/id17_id26_0005.mp4,1,312,894,500,FMP4,1.92,DeepFake,Celeb-synthesis,id17,id26,,CELEB_COMPONENT_000,,train
CELEBDF_0001044,Celeb-DF v2,Celeb-synthesis/id17_id26_0006.mp4,1,201,894,500,FMP4,0.91,DeepFake,Celeb-synthesis,id17,id26,,CELEB_COMPONENT_000,,train
CELEBDF_0001045,Celeb-DF v2,Celeb-synthesis/id17_id26_0007.mp4,1,274,894,500,FMP4,1.13,DeepFake,Celeb-synthesis,id17,id26,,CELEB_COMPONENT_000,,train
CELEBDF_0001046,Celeb-DF v2,Celeb-synthesis/id17_id26_0009.mp4,1,298,894,500,FMP4,1.2,DeepFake,Celeb-synthesis,id17,id26,,CELEB_COMPONENT_000,,train
CELEBDF_0001047,Celeb-DF v2,Celeb-synthesis/id17_id28_0000.mp4,1,305,590,500,FMP4,1.7,DeepFake,Celeb-synthesis,id17,id28,,CELEB_COMPONENT_000,,train
CELEBDF_0001048,Celeb-DF v2,Celeb-synthesis/id17_id28_0001.mp4,1,315,532,500,FMP4,1.6,DeepFake,Celeb-synthesis,id17,id28,,CELEB_COMPONENT_000,,train
CELEBDF_0001049,Celeb-DF v2,Celeb-synthesis/id17_id28_0002.mp4,1,334,556,500,FMP4,1.81,DeepFake,Celeb-synthesis,id17,id28,,CELEB_COMPONENT_000,,train
CELEBDF_0001050,Celeb-DF v2,Celeb-synthesis/id17_id28_0003.mp4,1,247,612,440,FMP4,0.76,DeepFake,Celeb-synthesis,id17,id28,,CELEB_COMPONENT_000,,train
CELEBDF_0001051,Celeb-DF v2,Celeb-synthesis/id17_id28_0004.mp4,1,306,354,500,FMP4,1.06,DeepFake,Celeb-synthesis,id17,id28,,CELEB_COMPONENT_000,,train
CELEBDF_0001052,Celeb-DF v2,Celeb-synthesis/id17_id28_0005.mp4,1,312,894,500,FMP4,1.93,DeepFake,Celeb-synthesis,id17,id28,,CELEB_COMPONENT_000,,train
CELEBDF_0001053,Celeb-DF v2,Celeb-synthesis/id17_id28_0006.mp4,1,201,894,500,FMP4,0.97,DeepFake,Celeb-synthesis,id17,id28,,CELEB_COMPONENT_000,,train
CELEBDF_0001054,Celeb-DF v2,Celeb-synthesis/id17_id28_0007.mp4,1,274,894,500,FMP4,1.14,DeepFake,Celeb-synthesis,id17,id28,,CELEB_COMPONENT_000,,train
CELEBDF_0001055,Celeb-DF v2,Celeb-synthesis/id17_id28_0009.mp4,1,298,894,500,FMP4,1.21,DeepFake,Celeb-synthesis,id17,id28,,CELEB_COMPONENT_000,,train
CELEBDF_0001056,Celeb-DF v2,Celeb-synthesis/id17_id2_0000.mp4,1,305,590,500,FMP4,1.63,DeepFake,Celeb-synthesis,id17,id2,,CELEB_COMPONENT_000,,train
CELEBDF_0001057,Celeb-DF v2,Celeb-synthesis/id17_id2_0001.mp4,1,315,532,500,FMP4,1.5,DeepFake,Celeb-synthesis,id17,id2,,CELEB_COMPONENT_000,,train
CELEBDF_0001058,Celeb-DF v2,Celeb-synthesis/id17_id2_0002.mp4,1,334,556,500,FMP4,1.71,DeepFake,Celeb-synthesis,id17,id2,,CELEB_COMPONENT_000,,train
CELEBDF_0001059,Celeb-DF v2,Celeb-synthesis/id17_id2_0003.mp4,1,247,612,440,FMP4,0.74,DeepFake,Celeb-synthesis,id17,id2,,CELEB_COMPONENT_000,,train
CELEBDF_0001060,Celeb-DF v2,Celeb-synthesis/id17_id2_0004.mp4,1,306,354,500,FMP4,1.02,DeepFake,Celeb-synthesis,id17,id2,,CELEB_COMPONENT_000,,train
CELEBDF_0001061,Celeb-DF v2,Celeb-synthesis/id17_id2_0005.mp4,1,312,894,500,FMP4,1.88,DeepFake,Celeb-synthesis,id17,id2,,CELEB_COMPONENT_000,,train
CELEBDF_0001062,Celeb-DF v2,Celeb-synthesis/id17_id2_0006.mp4,1,201,894,500,FMP4,0.92,DeepFake,Celeb-synthesis,id17,id2,,CELEB_COMPONENT_000,,train
CELEBDF_0001063,Celeb-DF v2,Celeb-synthesis/id17_id2_0007.mp4,1,274,894,500,FMP4,1.12,DeepFake,Celeb-synthesis,id17,id2,,CELEB_COMPONENT_000,,train
CELEBDF_0001064,Celeb-DF v2,Celeb-synthesis/id17_id2_0009.mp4,1,298,894,500,FMP4,1.19,DeepFake,Celeb-synthesis,id17,id2,,CELEB_COMPONENT_000,,train
CELEBDF_0001065,Celeb-DF v2,Celeb-synthesis/id17_id30_0000.mp4,1,305,590,500,FMP4,1.69,DeepFake,Celeb-synthesis,id17,id30,,CELEB_COMPONENT_000,,train
CELEBDF_0001066,Celeb-DF v2,Celeb-synthesis/id17_id30_0001.mp4,1,315,532,500,FMP4,1.59,DeepFake,Celeb-synthesis,id17,id30,,CELEB_COMPONENT_000,,train
CELEBDF_0001067,Celeb-DF v2,Celeb-synthesis/id17_id30_0002.mp4,1,334,556,500,FMP4,1.81,DeepFake,Celeb-synthesis,id17,id30,,CELEB_COMPONENT_000,,train
CELEBDF_0001068,Celeb-DF v2,Celeb-synthesis/id17_id30_0003.mp4,1,247,612,440,FMP4,0.76,DeepFake,Celeb-synthesis,id17,id30,,CELEB_COMPONENT_000,,train
CELEBDF_0001069,Celeb-DF v2,Celeb-synthesis/id17_id30_0004.mp4,1,306,354,500,FMP4,1.06,DeepFake,Celeb-synthesis,id17,id30,,CELEB_COMPONENT_000,,train
CELEBDF_0001070,Celeb-DF v2,Celeb-synthesis/id17_id30_0005.mp4,1,312,894,500,FMP4,1.92,DeepFake,Celeb-synthesis,id17,id30,,CELEB_COMPONENT_000,,train
CELEBDF_0001071,Celeb-DF v2,Celeb-synthesis/id17_id30_0006.mp4,1,201,894,500,FMP4,0.96,DeepFake,Celeb-synthesis,id17,id30,,CELEB_COMPONENT_000,,train
CELEBDF_0001072,Celeb-DF v2,Celeb-synthesis/id17_id30_0007.mp4,1,274,894,500,FMP4,1.13,DeepFake,Celeb-synthesis,id17,id30,,CELEB_COMPONENT_000,,train
CELEBDF_0001073,Celeb-DF v2,Celeb-synthesis/id17_id30_0009.mp4,1,298,894,500,FMP4,1.2,DeepFake,Celeb-synthesis,id17,id30,,CELEB_COMPONENT_000,,train
CELEBDF_0001074,Celeb-DF v2,Celeb-synthesis/id17_id31_0000.mp4,1,305,590,500,FMP4,1.7,DeepFake,Celeb-synthesis,id17,id31,,CELEB_COMPONENT_000,,train
CELEBDF_0001075,Celeb-DF v2,Celeb-synthesis/id17_id31_0001.mp4,1,315,532,500,FMP4,1.59,DeepFake,Celeb-synthesis,id17,id31,,CELEB_COMPONENT_000,,train
CELEBDF_0001076,Celeb-DF v2,Celeb-synthesis/id17_id31_0002.mp4,1,334,556,500,FMP4,1.81,DeepFake,Celeb-synthesis,id17,id31,,CELEB_COMPONENT_000,,train
CELEBDF_0001077,Celeb-DF v2,Celeb-synthesis/id17_id31_0003.mp4,1,247,612,440,FMP4,0.76,DeepFake,Celeb-synthesis,id17,id31,,CELEB_COMPONENT_000,,train
CELEBDF_0001078,Celeb-DF v2,Celeb-synthesis/id17_id31_0004.mp4,1,306,354,500,FMP4,1.06,DeepFake,Celeb-synthesis,id17,id31,,CELEB_COMPONENT_000,,train
CELEBDF_0001079,Celeb-DF v2,Celeb-synthesis/id17_id31_0005.mp4,1,312,894,500,FMP4,1.93,DeepFake,Celeb-synthesis,id17,id31,,CELEB_COMPONENT_000,,train
CELEBDF_0001080,Celeb-DF v2,Celeb-synthesis/id17_id31_0006.mp4,1,201,894,500,FMP4,0.97,DeepFake,Celeb-synthesis,id17,id31,,CELEB_COMPONENT_000,,train
CELEBDF_0001081,Celeb-DF v2,Celeb-synthesis/id17_id31_0007.mp4,1,274,894,500,FMP4,1.13,DeepFake,Celeb-synthesis,id17,id31,,CELEB_COMPONENT_000,,train
CELEBDF_0001082,Celeb-DF v2,Celeb-synthesis/id17_id31_0009.mp4,1,298,894,500,FMP4,1.2,DeepFake,Celeb-synthesis,id17,id31,,CELEB_COMPONENT_000,,train
CELEBDF_0001083,Celeb-DF v2,Celeb-synthesis/id17_id35_0000.mp4,1,305,590,500,FMP4,1.68,DeepFake,Celeb-synthesis,id17,id35,,CELEB_COMPONENT_000,,train
CELEBDF_0001084,Celeb-DF v2,Celeb-synthesis/id17_id35_0001.mp4,1,315,532,500,FMP4,1.59,DeepFake,Celeb-synthesis,id17,id35,,CELEB_COMPONENT_000,,train
CELEBDF_0001085,Celeb-DF v2,Celeb-synthesis/id17_id35_0002.mp4,1,334,556,500,FMP4,1.81,DeepFake,Celeb-synthesis,id17,id35,,CELEB_COMPONENT_000,,train
CELEBDF_0001086,Celeb-DF v2,Celeb-synthesis/id17_id35_0003.mp4,1,247,612,440,FMP4,0.76,DeepFake,Celeb-synthesis,id17,id35,,CELEB_COMPONENT_000,,train
CELEBDF_0001087,Celeb-DF v2,Celeb-synthesis/id17_id35_0004.mp4,1,306,354,500,FMP4,1.06,DeepFake,Celeb-synthesis,id17,id35,,CELEB_COMPONENT_000,,train
CELEBDF_0001088,Celeb-DF v2,Celeb-synthesis/id17_id35_0005.mp4,1,312,894,500,FMP4,1.93,DeepFake,Celeb-synthesis,id17,id35,,CELEB_COMPONENT_000,,train
CELEBDF_0001089,Celeb-DF v2,Celeb-synthesis/id17_id35_0006.mp4,1,201,894,500,FMP4,0.96,DeepFake,Celeb-synthesis,id17,id35,,CELEB_COMPONENT_000,,train
CELEBDF_0001090,Celeb-DF v2,Celeb-synthesis/id17_id35_0007.mp4,1,274,894,500,FMP4,1.13,DeepFake,Celeb-synthesis,id17,id35,,CELEB_COMPONENT_000,,train
CELEBDF_0001091,Celeb-DF v2,Celeb-synthesis/id17_id35_0009.mp4,1,298,894,500,FMP4,1.2,DeepFake,Celeb-synthesis,id17,id35,,CELEB_COMPONENT_000,,train
CELEBDF_0001092,Celeb-DF v2,Celeb-synthesis/id17_id37_0000.mp4,1,305,590,500,FMP4,1.69,DeepFake,Celeb-synthesis,id17,id37,,CELEB_COMPONENT_000,,train
CELEBDF_0001093,Celeb-DF v2,Celeb-synthesis/id17_id37_0001.mp4,1,315,532,500,FMP4,1.6,DeepFake,Celeb-synthesis,id17,id37,,CELEB_COMPONENT_000,,train
CELEBDF_0001094,Celeb-DF v2,Celeb-synthesis/id17_id37_0002.mp4,1,334,556,500,FMP4,1.82,DeepFake,Celeb-synthesis,id17,id37,,CELEB_COMPONENT_000,,train
CELEBDF_0001095,Celeb-DF v2,Celeb-synthesis/id17_id37_0003.mp4,1,247,612,440,FMP4,0.76,DeepFake,Celeb-synthesis,id17,id37,,CELEB_COMPONENT_000,,train
CELEBDF_0001096,Celeb-DF v2,Celeb-synthesis/id17_id37_0004.mp4,1,306,354,500,FMP4,1.07,DeepFake,Celeb-synthesis,id17,id37,,CELEB_COMPONENT_000,,train
CELEBDF_0001097,Celeb-DF v2,Celeb-synthesis/id17_id37_0005.mp4,1,312,894,500,FMP4,1.93,DeepFake,Celeb-synthesis,id17,id37,,CELEB_COMPONENT_000,,train
CELEBDF_0001098,Celeb-DF v2,Celeb-synthesis/id17_id37_0006.mp4,1,201,894,500,FMP4,0.97,DeepFake,Celeb-synthesis,id17,id37,,CELEB_COMPONENT_000,,train
CELEBDF_0001099,Celeb-DF v2,Celeb-synthesis/id17_id37_0007.mp4,1,274,894,500,FMP4,1.14,DeepFake,Celeb-synthesis,id17,id37,,CELEB_COMPONENT_000,,train
CELEBDF_0001100,Celeb-DF v2,Celeb-synthesis/id17_id37_0009.mp4,1,298,894,500,FMP4,1.21,DeepFake,Celeb-synthesis,id17,id37,,CELEB_COMPONENT_000,,train
CELEBDF_0001101,Celeb-DF v2,Celeb-synthesis/id17_id3_0000.mp4,1,305,590,500,FMP4,1.62,DeepFake,Celeb-synthesis,id17,id3,,CELEB_COMPONENT_000,,train
CELEBDF_0001102,Celeb-DF v2,Celeb-synthesis/id17_id3_0001.mp4,1,315,532,500,FMP4,1.5,DeepFake,Celeb-synthesis,id17,id3,,CELEB_COMPONENT_000,,train
CELEBDF_0001103,Celeb-DF v2,Celeb-synthesis/id17_id3_0002.mp4,1,334,556,500,FMP4,1.71,DeepFake,Celeb-synthesis,id17,id3,,CELEB_COMPONENT_000,,train
CELEBDF_0001104,Celeb-DF v2,Celeb-synthesis/id17_id3_0003.mp4,1,247,612,440,FMP4,0.74,DeepFake,Celeb-synthesis,id17,id3,,CELEB_COMPONENT_000,,train
CELEBDF_0001105,Celeb-DF v2,Celeb-synthesis/id17_id3_0004.mp4,1,306,354,500,FMP4,1.02,DeepFake,Celeb-synthesis,id17,id3,,CELEB_COMPONENT_000,,train
CELEBDF_0001106,Celeb-DF v2,Celeb-synthesis/id17_id3_0005.mp4,1,312,894,500,FMP4,1.88,DeepFake,Celeb-synthesis,id17,id3,,CELEB_COMPONENT_000,,train
CELEBDF_0001107,Celeb-DF v2,Celeb-synthesis/id17_id3_0006.mp4,1,201,894,500,FMP4,0.92,DeepFake,Celeb-synthesis,id17,id3,,CELEB_COMPONENT_000,,train
CELEBDF_0001108,Celeb-DF v2,Celeb-synthesis/id17_id3_0007.mp4,1,274,894,500,FMP4,1.11,DeepFake,Celeb-synthesis,id17,id3,,CELEB_COMPONENT_000,,train
CELEBDF_0001109,Celeb-DF v2,Celeb-synthesis/id17_id3_0009.mp4,1,298,894,500,FMP4,1.18,DeepFake,Celeb-synthesis,id17,id3,,CELEB_COMPONENT_000,,train
CELEBDF_0001110,Celeb-DF v2,Celeb-synthesis/id17_id6_0000.mp4,1,305,590,500,FMP4,1.62,DeepFake,Celeb-synthesis,id17,id6,,CELEB_COMPONENT_000,,train
CELEBDF_0001111,Celeb-DF v2,Celeb-synthesis/id17_id6_0001.mp4,1,315,532,500,FMP4,1.49,DeepFake,Celeb-synthesis,id17,id6,,CELEB_COMPONENT_000,,train
CELEBDF_0001112,Celeb-DF v2,Celeb-synthesis/id17_id6_0002.mp4,1,334,556,500,FMP4,1.71,DeepFake,Celeb-synthesis,id17,id6,,CELEB_COMPONENT_000,,train
CELEBDF_0001113,Celeb-DF v2,Celeb-synthesis/id17_id6_0003.mp4,1,247,612,440,FMP4,0.74,DeepFake,Celeb-synthesis,id17,id6,,CELEB_COMPONENT_000,,train
CELEBDF_0001114,Celeb-DF v2,Celeb-synthesis/id17_id6_0004.mp4,1,306,354,500,FMP4,1.01,DeepFake,Celeb-synthesis,id17,id6,,CELEB_COMPONENT_000,,train
CELEBDF_0001115,Celeb-DF v2,Celeb-synthesis/id17_id6_0005.mp4,1,312,894,500,FMP4,1.87,DeepFake,Celeb-synthesis,id17,id6,,CELEB_COMPONENT_000,,train
CELEBDF_0001116,Celeb-DF v2,Celeb-synthesis/id17_id6_0006.mp4,1,201,894,500,FMP4,0.92,DeepFake,Celeb-synthesis,id17,id6,,CELEB_COMPONENT_000,,train
CELEBDF_0001117,Celeb-DF v2,Celeb-synthesis/id17_id6_0007.mp4,1,274,894,500,FMP4,1.11,DeepFake,Celeb-synthesis,id17,id6,,CELEB_COMPONENT_000,,train
CELEBDF_0001118,Celeb-DF v2,Celeb-synthesis/id17_id6_0009.mp4,1,298,894,500,FMP4,1.18,DeepFake,Celeb-synthesis,id17,id6,,CELEB_COMPONENT_000,,train
CELEBDF_0001119,Celeb-DF v2,Celeb-synthesis/id17_id9_0000.mp4,1,305,590,500,FMP4,1.64,DeepFake,Celeb-synthesis,id17,id9,,CELEB_COMPONENT_000,,train
CELEBDF_0001120,Celeb-DF v2,Celeb-synthesis/id17_id9_0001.mp4,1,315,532,500,FMP4,1.51,DeepFake,Celeb-synthesis,id17,id9,,CELEB_COMPONENT_000,,train
CELEBDF_0001121,Celeb-DF v2,Celeb-synthesis/id17_id9_0002.mp4,1,334,556,500,FMP4,1.72,DeepFake,Celeb-synthesis,id17,id9,,CELEB_COMPONENT_000,,train
CELEBDF_0001122,Celeb-DF v2,Celeb-synthesis/id17_id9_0003.mp4,1,247,612,440,FMP4,0.75,DeepFake,Celeb-synthesis,id17,id9,,CELEB_COMPONENT_000,,train
CELEBDF_0001123,Celeb-DF v2,Celeb-synthesis/id17_id9_0004.mp4,1,306,354,500,FMP4,1.02,DeepFake,Celeb-synthesis,id17,id9,,CELEB_COMPONENT_000,,train
CELEBDF_0001124,Celeb-DF v2,Celeb-synthesis/id17_id9_0005.mp4,1,312,894,500,FMP4,1.89,DeepFake,Celeb-synthesis,id17,id9,,CELEB_COMPONENT_000,,train
CELEBDF_0001125,Celeb-DF v2,Celeb-synthesis/id17_id9_0006.mp4,1,201,894,500,FMP4,0.93,DeepFake,Celeb-synthesis,id17,id9,,CELEB_COMPONENT_000,,train
CELEBDF_0001126,Celeb-DF v2,Celeb-synthesis/id17_id9_0007.mp4,1,274,894,500,FMP4,1.12,DeepFake,Celeb-synthesis,id17,id9,,CELEB_COMPONENT_000,,train
CELEBDF_0001127,Celeb-DF v2,Celeb-synthesis/id17_id9_0009.mp4,1,298,894,500,FMP4,1.18,DeepFake,Celeb-synthesis,id17,id9,,CELEB_COMPONENT_000,,train
CELEBDF_0001128,Celeb-DF v2,Celeb-synthesis/id19_id20_0000.mp4,1,327,856,432,FMP4,0.53,DeepFake,Celeb-synthesis,id19,id20,,CELEB_COMPONENT_000,,train
CELEBDF_0001129,Celeb-DF v2,Celeb-synthesis/id19_id20_0001.mp4,1,335,856,432,FMP4,1.07,DeepFake,Celeb-synthesis,id19,id20,,CELEB_COMPONENT_000,,train
CELEBDF_0001130,Celeb-DF v2,Celeb-synthesis/id19_id20_0002.mp4,1,320,424,384,FMP4,0.44,DeepFake,Celeb-synthesis,id19,id20,,CELEB_COMPONENT_000,,train
CELEBDF_0001131,Celeb-DF v2,Celeb-synthesis/id19_id20_0004.mp4,1,323,826,420,FMP4,0.46,DeepFake,Celeb-synthesis,id19,id20,,CELEB_COMPONENT_000,,train
CELEBDF_0001132,Celeb-DF v2,Celeb-synthesis/id19_id20_0006.mp4,1,338,826,420,FMP4,0.77,DeepFake,Celeb-synthesis,id19,id20,,CELEB_COMPONENT_000,,train
CELEBDF_0001133,Celeb-DF v2,Celeb-synthesis/id19_id20_0007.mp4,1,328,826,420,FMP4,0.87,DeepFake,Celeb-synthesis,id19,id20,,CELEB_COMPONENT_000,,train
CELEBDF_0001134,Celeb-DF v2,Celeb-synthesis/id19_id20_0008.mp4,1,324,670,500,FMP4,0.74,DeepFake,Celeb-synthesis,id19,id20,,CELEB_COMPONENT_000,,train
CELEBDF_0001135,Celeb-DF v2,Celeb-synthesis/id19_id20_0009.mp4,1,341,856,476,FMP4,0.74,DeepFake,Celeb-synthesis,id19,id20,,CELEB_COMPONENT_000,,train
CELEBDF_0001136,Celeb-DF v2,Celeb-synthesis/id19_id21_0000.mp4,1,327,856,432,FMP4,0.53,DeepFake,Celeb-synthesis,id19,id21,,CELEB_COMPONENT_000,,train
CELEBDF_0001137,Celeb-DF v2,Celeb-synthesis/id19_id21_0001.mp4,1,335,856,432,FMP4,1.07,DeepFake,Celeb-synthesis,id19,id21,,CELEB_COMPONENT_000,,train
CELEBDF_0001138,Celeb-DF v2,Celeb-synthesis/id19_id21_0002.mp4,1,320,424,384,FMP4,0.44,DeepFake,Celeb-synthesis,id19,id21,,CELEB_COMPONENT_000,,train
CELEBDF_0001139,Celeb-DF v2,Celeb-synthesis/id19_id21_0004.mp4,1,323,826,420,FMP4,0.46,DeepFake,Celeb-synthesis,id19,id21,,CELEB_COMPONENT_000,,train
CELEBDF_0001140,Celeb-DF v2,Celeb-synthesis/id19_id21_0006.mp4,1,338,826,420,FMP4,0.77,DeepFake,Celeb-synthesis,id19,id21,,CELEB_COMPONENT_000,,train
CELEBDF_0001141,Celeb-DF v2,Celeb-synthesis/id19_id21_0007.mp4,1,328,826,420,FMP4,0.86,DeepFake,Celeb-synthesis,id19,id21,,CELEB_COMPONENT_000,,train
CELEBDF_0001142,Celeb-DF v2,Celeb-synthesis/id19_id21_0008.mp4,1,324,670,500,FMP4,0.74,DeepFake,Celeb-synthesis,id19,id21,,CELEB_COMPONENT_000,,train
CELEBDF_0001143,Celeb-DF v2,Celeb-synthesis/id19_id21_0009.mp4,1,341,856,476,FMP4,0.73,DeepFake,Celeb-synthesis,id19,id21,,CELEB_COMPONENT_000,,train
CELEBDF_0001144,Celeb-DF v2,Celeb-synthesis/id19_id22_0000.mp4,1,327,856,432,FMP4,0.53,DeepFake,Celeb-synthesis,id19,id22,,CELEB_COMPONENT_000,,train
CELEBDF_0001145,Celeb-DF v2,Celeb-synthesis/id19_id22_0001.mp4,1,335,856,432,FMP4,1.07,DeepFake,Celeb-synthesis,id19,id22,,CELEB_COMPONENT_000,,train
CELEBDF_0001146,Celeb-DF v2,Celeb-synthesis/id19_id22_0002.mp4,1,320,424,384,FMP4,0.44,DeepFake,Celeb-synthesis,id19,id22,,CELEB_COMPONENT_000,,train
CELEBDF_0001147,Celeb-DF v2,Celeb-synthesis/id19_id22_0004.mp4,1,323,826,420,FMP4,0.46,DeepFake,Celeb-synthesis,id19,id22,,CELEB_COMPONENT_000,,train
CELEBDF_0001148,Celeb-DF v2,Celeb-synthesis/id19_id22_0005.mp4,1,322,826,420,FMP4,0.89,DeepFake,Celeb-synthesis,id19,id22,,CELEB_COMPONENT_000,,train
CELEBDF_0001149,Celeb-DF v2,Celeb-synthesis/id19_id22_0006.mp4,1,338,826,420,FMP4,0.77,DeepFake,Celeb-synthesis,id19,id22,,CELEB_COMPONENT_000,,train
CELEBDF_0001150,Celeb-DF v2,Celeb-synthesis/id19_id22_0007.mp4,1,328,826,420,FMP4,0.87,DeepFake,Celeb-synthesis,id19,id22,,CELEB_COMPONENT_000,,train
CELEBDF_0001151,Celeb-DF v2,Celeb-synthesis/id19_id22_0008.mp4,1,324,670,500,FMP4,0.75,DeepFake,Celeb-synthesis,id19,id22,,CELEB_COMPONENT_000,,train
CELEBDF_0001152,Celeb-DF v2,Celeb-synthesis/id19_id22_0009.mp4,1,341,856,476,FMP4,0.73,DeepFake,Celeb-synthesis,id19,id22,,CELEB_COMPONENT_000,,train
CELEBDF_0001153,Celeb-DF v2,Celeb-synthesis/id19_id23_0000.mp4,1,327,856,432,FMP4,0.52,DeepFake,Celeb-synthesis,id19,id23,,CELEB_COMPONENT_000,,train
CELEBDF_0001154,Celeb-DF v2,Celeb-synthesis/id19_id23_0001.mp4,1,335,856,432,FMP4,1.07,DeepFake,Celeb-synthesis,id19,id23,,CELEB_COMPONENT_000,,train
CELEBDF_0001155,Celeb-DF v2,Celeb-synthesis/id19_id23_0002.mp4,1,320,424,384,FMP4,0.44,DeepFake,Celeb-synthesis,id19,id23,,CELEB_COMPONENT_000,,train
CELEBDF_0001156,Celeb-DF v2,Celeb-synthesis/id19_id23_0004.mp4,1,323,826,420,FMP4,0.45,DeepFake,Celeb-synthesis,id19,id23,,CELEB_COMPONENT_000,,train
CELEBDF_0001157,Celeb-DF v2,Celeb-synthesis/id19_id23_0005.mp4,1,322,826,420,FMP4,0.89,DeepFake,Celeb-synthesis,id19,id23,,CELEB_COMPONENT_000,,train
CELEBDF_0001158,Celeb-DF v2,Celeb-synthesis/id19_id23_0006.mp4,1,338,826,420,FMP4,0.76,DeepFake,Celeb-synthesis,id19,id23,,CELEB_COMPONENT_000,,train
CELEBDF_0001159,Celeb-DF v2,Celeb-synthesis/id19_id23_0007.mp4,1,328,826,420,FMP4,0.86,DeepFake,Celeb-synthesis,id19,id23,,CELEB_COMPONENT_000,,train
CELEBDF_0001160,Celeb-DF v2,Celeb-synthesis/id19_id23_0008.mp4,1,324,670,500,FMP4,0.74,DeepFake,Celeb-synthesis,id19,id23,,CELEB_COMPONENT_000,,train
CELEBDF_0001161,Celeb-DF v2,Celeb-synthesis/id19_id23_0009.mp4,1,341,856,476,FMP4,0.73,DeepFake,Celeb-synthesis,id19,id23,,CELEB_COMPONENT_000,,train
CELEBDF_0001162,Celeb-DF v2,Celeb-synthesis/id19_id24_0000.mp4,1,327,856,432,FMP4,0.53,DeepFake,Celeb-synthesis,id19,id24,,CELEB_COMPONENT_000,,train
CELEBDF_0001163,Celeb-DF v2,Celeb-synthesis/id19_id24_0002.mp4,1,320,424,384,FMP4,0.44,DeepFake,Celeb-synthesis,id19,id24,,CELEB_COMPONENT_000,,train
CELEBDF_0001164,Celeb-DF v2,Celeb-synthesis/id19_id24_0004.mp4,1,323,826,420,FMP4,0.46,DeepFake,Celeb-synthesis,id19,id24,,CELEB_COMPONENT_000,,train
CELEBDF_0001165,Celeb-DF v2,Celeb-synthesis/id19_id24_0007.mp4,1,328,826,420,FMP4,0.88,DeepFake,Celeb-synthesis,id19,id24,,CELEB_COMPONENT_000,,train
CELEBDF_0001166,Celeb-DF v2,Celeb-synthesis/id19_id24_0008.mp4,1,324,670,500,FMP4,0.74,DeepFake,Celeb-synthesis,id19,id24,,CELEB_COMPONENT_000,,train
CELEBDF_0001167,Celeb-DF v2,Celeb-synthesis/id19_id24_0009.mp4,1,341,856,476,FMP4,0.73,DeepFake,Celeb-synthesis,id19,id24,,CELEB_COMPONENT_000,,train
CELEBDF_0001168,Celeb-DF v2,Celeb-synthesis/id19_id25_0000.mp4,1,327,856,432,FMP4,0.53,DeepFake,Celeb-synthesis,id19,id25,,CELEB_COMPONENT_000,,train
CELEBDF_0001169,Celeb-DF v2,Celeb-synthesis/id19_id25_0001.mp4,1,335,856,432,FMP4,1.08,DeepFake,Celeb-synthesis,id19,id25,,CELEB_COMPONENT_000,,train
CELEBDF_0001170,Celeb-DF v2,Celeb-synthesis/id19_id25_0002.mp4,1,320,424,384,FMP4,0.44,DeepFake,Celeb-synthesis,id19,id25,,CELEB_COMPONENT_000,,train
CELEBDF_0001171,Celeb-DF v2,Celeb-synthesis/id19_id25_0004.mp4,1,323,826,420,FMP4,0.46,DeepFake,Celeb-synthesis,id19,id25,,CELEB_COMPONENT_000,,train
CELEBDF_0001172,Celeb-DF v2,Celeb-synthesis/id19_id25_0005.mp4,1,322,826,420,FMP4,0.89,DeepFake,Celeb-synthesis,id19,id25,,CELEB_COMPONENT_000,,train
CELEBDF_0001173,Celeb-DF v2,Celeb-synthesis/id19_id25_0006.mp4,1,338,826,420,FMP4,0.77,DeepFake,Celeb-synthesis,id19,id25,,CELEB_COMPONENT_000,,train
CELEBDF_0001174,Celeb-DF v2,Celeb-synthesis/id19_id25_0007.mp4,1,328,826,420,FMP4,0.86,DeepFake,Celeb-synthesis,id19,id25,,CELEB_COMPONENT_000,,train
CELEBDF_0001175,Celeb-DF v2,Celeb-synthesis/id19_id25_0008.mp4,1,324,670,500,FMP4,0.74,DeepFake,Celeb-synthesis,id19,id25,,CELEB_COMPONENT_000,,train
CELEBDF_0001176,Celeb-DF v2,Celeb-synthesis/id19_id25_0009.mp4,1,341,856,476,FMP4,0.73,DeepFake,Celeb-synthesis,id19,id25,,CELEB_COMPONENT_000,,train
CELEBDF_0001177,Celeb-DF v2,Celeb-synthesis/id19_id26_0001.mp4,1,335,856,432,FMP4,1.07,DeepFake,Celeb-synthesis,id19,id26,,CELEB_COMPONENT_000,,train
CELEBDF_0001178,Celeb-DF v2,Celeb-synthesis/id19_id26_0002.mp4,1,320,424,384,FMP4,0.44,DeepFake,Celeb-synthesis,id19,id26,,CELEB_COMPONENT_000,,train
CELEBDF_0001179,Celeb-DF v2,Celeb-synthesis/id19_id26_0004.mp4,1,323,826,420,FMP4,0.46,DeepFake,Celeb-synthesis,id19,id26,,CELEB_COMPONENT_000,,train
CELEBDF_0001180,Celeb-DF v2,Celeb-synthesis/id19_id26_0006.mp4,1,338,826,420,FMP4,0.77,DeepFake,Celeb-synthesis,id19,id26,,CELEB_COMPONENT_000,,train
CELEBDF_0001181,Celeb-DF v2,Celeb-synthesis/id19_id26_0007.mp4,1,328,826,420,FMP4,0.87,DeepFake,Celeb-synthesis,id19,id26,,CELEB_COMPONENT_000,,train
CELEBDF_0001182,Celeb-DF v2,Celeb-synthesis/id19_id26_0008.mp4,1,324,670,500,FMP4,0.74,DeepFake,Celeb-synthesis,id19,id26,,CELEB_COMPONENT_000,,train
CELEBDF_0001183,Celeb-DF v2,Celeb-synthesis/id19_id26_0009.mp4,1,341,856,476,FMP4,0.73,DeepFake,Celeb-synthesis,id19,id26,,CELEB_COMPONENT_000,,train
CELEBDF_0001184,Celeb-DF v2,Celeb-synthesis/id19_id27_0001.mp4,1,335,856,432,FMP4,1.07,DeepFake,Celeb-synthesis,id19,id27,,CELEB_COMPONENT_000,,train
CELEBDF_0001185,Celeb-DF v2,Celeb-synthesis/id19_id27_0002.mp4,1,320,424,384,FMP4,0.44,DeepFake,Celeb-synthesis,id19,id27,,CELEB_COMPONENT_000,,train
CELEBDF_0001186,Celeb-DF v2,Celeb-synthesis/id19_id27_0004.mp4,1,323,826,420,FMP4,0.46,DeepFake,Celeb-synthesis,id19,id27,,CELEB_COMPONENT_000,,train
CELEBDF_0001187,Celeb-DF v2,Celeb-synthesis/id19_id27_0006.mp4,1,338,826,420,FMP4,0.77,DeepFake,Celeb-synthesis,id19,id27,,CELEB_COMPONENT_000,,train
CELEBDF_0001188,Celeb-DF v2,Celeb-synthesis/id19_id27_0007.mp4,1,328,826,420,FMP4,0.87,DeepFake,Celeb-synthesis,id19,id27,,CELEB_COMPONENT_000,,train
CELEBDF_0001189,Celeb-DF v2,Celeb-synthesis/id19_id27_0008.mp4,1,324,670,500,FMP4,0.74,DeepFake,Celeb-synthesis,id19,id27,,CELEB_COMPONENT_000,,train
CELEBDF_0001190,Celeb-DF v2,Celeb-synthesis/id19_id27_0009.mp4,1,341,856,476,FMP4,0.73,DeepFake,Celeb-synthesis,id19,id27,,CELEB_COMPONENT_000,,train
CELEBDF_0001191,Celeb-DF v2,Celeb-synthesis/id19_id28_0000.mp4,1,327,856,432,FMP4,0.53,DeepFake,Celeb-synthesis,id19,id28,,CELEB_COMPONENT_000,,train
CELEBDF_0001192,Celeb-DF v2,Celeb-synthesis/id19_id28_0001.mp4,1,335,856,432,FMP4,1.08,DeepFake,Celeb-synthesis,id19,id28,,CELEB_COMPONENT_000,,train
CELEBDF_0001193,Celeb-DF v2,Celeb-synthesis/id19_id28_0002.mp4,1,320,424,384,FMP4,0.44,DeepFake,Celeb-synthesis,id19,id28,,CELEB_COMPONENT_000,,train
CELEBDF_0001194,Celeb-DF v2,Celeb-synthesis/id19_id28_0004.mp4,1,323,826,420,FMP4,0.46,DeepFake,Celeb-synthesis,id19,id28,,CELEB_COMPONENT_000,,train
CELEBDF_0001195,Celeb-DF v2,Celeb-synthesis/id19_id28_0005.mp4,1,322,826,420,FMP4,0.89,DeepFake,Celeb-synthesis,id19,id28,,CELEB_COMPONENT_000,,train
CELEBDF_0001196,Celeb-DF v2,Celeb-synthesis/id19_id28_0006.mp4,1,338,826,420,FMP4,0.77,DeepFake,Celeb-synthesis,id19,id28,,CELEB_COMPONENT_000,,train
CELEBDF_0001197,Celeb-DF v2,Celeb-synthesis/id19_id28_0007.mp4,1,328,826,420,FMP4,0.87,DeepFake,Celeb-synthesis,id19,id28,,CELEB_COMPONENT_000,,train
CELEBDF_0001198,Celeb-DF v2,Celeb-synthesis/id19_id28_0008.mp4,1,324,670,500,FMP4,0.75,DeepFake,Celeb-synthesis,id19,id28,,CELEB_COMPONENT_000,,train
CELEBDF_0001199,Celeb-DF v2,Celeb-synthesis/id19_id28_0009.mp4,1,341,856,476,FMP4,0.74,DeepFake,Celeb-synthesis,id19,id28,,CELEB_COMPONENT_000,,train
CELEBDF_0001200,Celeb-DF v2,Celeb-synthesis/id1_id0_0000.mp4,1,365,584,500,FMP4,0.72,DeepFake,Celeb-synthesis,id1,id0,,CELEB_COMPONENT_000,,train
CELEBDF_0001201,Celeb-DF v2,Celeb-synthesis/id1_id0_0001.mp4,1,272,532,500,FMP4,0.51,DeepFake,Celeb-synthesis,id1,id0,,CELEB_COMPONENT_000,,train
CELEBDF_0001202,Celeb-DF v2,Celeb-synthesis/id1_id0_0002.mp4,1,400,494,500,FMP4,1.24,DeepFake,Celeb-synthesis,id1,id0,,CELEB_COMPONENT_000,,train
CELEBDF_0001203,Celeb-DF v2,Celeb-synthesis/id1_id0_0003.mp4,1,451,590,500,FMP4,2.11,DeepFake,Celeb-synthesis,id1,id0,,CELEB_COMPONENT_000,,train
CELEBDF_0001204,Celeb-DF v2,Celeb-synthesis/id1_id0_0004.mp4,1,409,432,500,FMP4,0.56,DeepFake,Celeb-synthesis,id1,id0,,CELEB_COMPONENT_000,,train
CELEBDF_0001205,Celeb-DF v2,Celeb-synthesis/id1_id0_0005.mp4,1,422,510,500,FMP4,1.07,DeepFake,Celeb-synthesis,id1,id0,,CELEB_COMPONENT_000,,train
CELEBDF_0001206,Celeb-DF v2,Celeb-synthesis/id1_id0_0006.mp4,1,505,574,500,FMP4,0.86,DeepFake,Celeb-synthesis,id1,id0,,CELEB_COMPONENT_000,,train
CELEBDF_0001207,Celeb-DF v2,Celeb-synthesis/id1_id0_0007.mp4,1,328,518,500,FMP4,0.72,DeepFake,Celeb-synthesis,id1,id0,,CELEB_COMPONENT_000,,train
CELEBDF_0001208,Celeb-DF v2,Celeb-synthesis/id1_id0_0009.mp4,1,412,480,500,FMP4,1.85,DeepFake,Celeb-synthesis,id1,id0,,CELEB_COMPONENT_000,,train
CELEBDF_0001209,Celeb-DF v2,Celeb-synthesis/id1_id16_0000.mp4,1,365,584,500,FMP4,0.73,DeepFake,Celeb-synthesis,id1,id16,,CELEB_COMPONENT_000,,train
CELEBDF_0001210,Celeb-DF v2,Celeb-synthesis/id1_id16_0001.mp4,1,272,532,500,FMP4,0.52,DeepFake,Celeb-synthesis,id1,id16,,CELEB_COMPONENT_000,,train
CELEBDF_0001211,Celeb-DF v2,Celeb-synthesis/id1_id16_0002.mp4,1,400,494,500,FMP4,1.23,DeepFake,Celeb-synthesis,id1,id16,,CELEB_COMPONENT_000,,train
CELEBDF_0001212,Celeb-DF v2,Celeb-synthesis/id1_id16_0003.mp4,1,451,590,500,FMP4,2.12,DeepFake,Celeb-synthesis,id1,id16,,CELEB_COMPONENT_000,,train
CELEBDF_0001213,Celeb-DF v2,Celeb-synthesis/id1_id16_0004.mp4,1,409,432,500,FMP4,0.57,DeepFake,Celeb-synthesis,id1,id16,,CELEB_COMPONENT_000,,train
CELEBDF_0001214,Celeb-DF v2,Celeb-synthesis/id1_id16_0005.mp4,1,422,510,500,FMP4,1.06,DeepFake,Celeb-synthesis,id1,id16,,CELEB_COMPONENT_000,,train
CELEBDF_0001215,Celeb-DF v2,Celeb-synthesis/id1_id16_0006.mp4,1,505,574,500,FMP4,0.86,DeepFake,Celeb-synthesis,id1,id16,,CELEB_COMPONENT_000,,train
CELEBDF_0001216,Celeb-DF v2,Celeb-synthesis/id1_id16_0007.mp4,1,328,518,500,FMP4,0.71,DeepFake,Celeb-synthesis,id1,id16,,CELEB_COMPONENT_000,,train
CELEBDF_0001217,Celeb-DF v2,Celeb-synthesis/id1_id16_0009.mp4,1,412,480,500,FMP4,1.85,DeepFake,Celeb-synthesis,id1,id16,,CELEB_COMPONENT_000,,train
CELEBDF_0001218,Celeb-DF v2,Celeb-synthesis/id1_id17_0000.mp4,1,365,584,500,FMP4,0.72,DeepFake,Celeb-synthesis,id1,id17,,CELEB_COMPONENT_000,,train
CELEBDF_0001219,Celeb-DF v2,Celeb-synthesis/id1_id17_0001.mp4,1,272,532,500,FMP4,0.51,DeepFake,Celeb-synthesis,id1,id17,,CELEB_COMPONENT_000,,train
CELEBDF_0001220,Celeb-DF v2,Celeb-synthesis/id1_id17_0002.mp4,1,400,494,500,FMP4,1.23,DeepFake,Celeb-synthesis,id1,id17,,CELEB_COMPONENT_000,,train
CELEBDF_0001221,Celeb-DF v2,Celeb-synthesis/id1_id17_0003.mp4,1,451,590,500,FMP4,2.11,DeepFake,Celeb-synthesis,id1,id17,,CELEB_COMPONENT_000,,train
CELEBDF_0001222,Celeb-DF v2,Celeb-synthesis/id1_id17_0004.mp4,1,409,432,500,FMP4,0.56,DeepFake,Celeb-synthesis,id1,id17,,CELEB_COMPONENT_000,,train
CELEBDF_0001223,Celeb-DF v2,Celeb-synthesis/id1_id17_0005.mp4,1,422,510,500,FMP4,1.06,DeepFake,Celeb-synthesis,id1,id17,,CELEB_COMPONENT_000,,train
CELEBDF_0001224,Celeb-DF v2,Celeb-synthesis/id1_id17_0006.mp4,1,505,574,500,FMP4,0.85,DeepFake,Celeb-synthesis,id1,id17,,CELEB_COMPONENT_000,,train
CELEBDF_0001225,Celeb-DF v2,Celeb-synthesis/id1_id17_0007.mp4,1,328,518,500,FMP4,0.71,DeepFake,Celeb-synthesis,id1,id17,,CELEB_COMPONENT_000,,train
CELEBDF_0001226,Celeb-DF v2,Celeb-synthesis/id1_id17_0009.mp4,1,412,480,500,FMP4,1.85,DeepFake,Celeb-synthesis,id1,id17,,CELEB_COMPONENT_000,,train
CELEBDF_0001227,Celeb-DF v2,Celeb-synthesis/id1_id20_0000.mp4,1,365,584,500,FMP4,0.76,DeepFake,Celeb-synthesis,id1,id20,,CELEB_COMPONENT_000,,train
CELEBDF_0001228,Celeb-DF v2,Celeb-synthesis/id1_id20_0001.mp4,1,272,532,500,FMP4,0.51,DeepFake,Celeb-synthesis,id1,id20,,CELEB_COMPONENT_000,,train
CELEBDF_0001229,Celeb-DF v2,Celeb-synthesis/id1_id20_0002.mp4,1,400,494,500,FMP4,1.2,DeepFake,Celeb-synthesis,id1,id20,,CELEB_COMPONENT_000,,train
CELEBDF_0001230,Celeb-DF v2,Celeb-synthesis/id1_id20_0003.mp4,1,451,590,500,FMP4,2.23,DeepFake,Celeb-synthesis,id1,id20,,CELEB_COMPONENT_000,,train
CELEBDF_0001231,Celeb-DF v2,Celeb-synthesis/id1_id20_0004.mp4,1,409,432,500,FMP4,0.59,DeepFake,Celeb-synthesis,id1,id20,,CELEB_COMPONENT_000,,train
CELEBDF_0001232,Celeb-DF v2,Celeb-synthesis/id1_id20_0005.mp4,1,422,510,500,FMP4,1.13,DeepFake,Celeb-synthesis,id1,id20,,CELEB_COMPONENT_000,,train
CELEBDF_0001233,Celeb-DF v2,Celeb-synthesis/id1_id20_0006.mp4,1,505,574,500,FMP4,0.93,DeepFake,Celeb-synthesis,id1,id20,,CELEB_COMPONENT_000,,train
CELEBDF_0001234,Celeb-DF v2,Celeb-synthesis/id1_id20_0007.mp4,1,328,518,500,FMP4,0.71,DeepFake,Celeb-synthesis,id1,id20,,CELEB_COMPONENT_000,,train
CELEBDF_0001235,Celeb-DF v2,Celeb-synthesis/id1_id20_0009.mp4,1,412,480,500,FMP4,2.02,DeepFake,Celeb-synthesis,id1,id20,,CELEB_COMPONENT_000,,train
CELEBDF_0001236,Celeb-DF v2,Celeb-synthesis/id1_id21_0000.mp4,1,365,584,500,FMP4,0.75,DeepFake,Celeb-synthesis,id1,id21,,CELEB_COMPONENT_000,,train
CELEBDF_0001237,Celeb-DF v2,Celeb-synthesis/id1_id21_0001.mp4,1,272,532,500,FMP4,0.54,DeepFake,Celeb-synthesis,id1,id21,,CELEB_COMPONENT_000,,train
CELEBDF_0001238,Celeb-DF v2,Celeb-synthesis/id1_id21_0002.mp4,1,400,494,500,FMP4,1.33,DeepFake,Celeb-synthesis,id1,id21,,CELEB_COMPONENT_000,,train
CELEBDF_0001239,Celeb-DF v2,Celeb-synthesis/id1_id21_0003.mp4,1,451,590,500,FMP4,2.23,DeepFake,Celeb-synthesis,id1,id21,,CELEB_COMPONENT_000,,train
CELEBDF_0001240,Celeb-DF v2,Celeb-synthesis/id1_id21_0004.mp4,1,409,432,500,FMP4,0.58,DeepFake,Celeb-synthesis,id1,id21,,CELEB_COMPONENT_000,,train
CELEBDF_0001241,Celeb-DF v2,Celeb-synthesis/id1_id21_0005.mp4,1,422,510,500,FMP4,1.13,DeepFake,Celeb-synthesis,id1,id21,,CELEB_COMPONENT_000,,train
CELEBDF_0001242,Celeb-DF v2,Celeb-synthesis/id1_id21_0006.mp4,1,505,574,500,FMP4,0.89,DeepFake,Celeb-synthesis,id1,id21,,CELEB_COMPONENT_000,,train
CELEBDF_0001243,Celeb-DF v2,Celeb-synthesis/id1_id21_0007.mp4,1,328,518,500,FMP4,0.71,DeepFake,Celeb-synthesis,id1,id21,,CELEB_COMPONENT_000,,train
CELEBDF_0001244,Celeb-DF v2,Celeb-synthesis/id1_id21_0009.mp4,1,412,480,500,FMP4,2.0,DeepFake,Celeb-synthesis,id1,id21,,CELEB_COMPONENT_000,,train
CELEBDF_0001245,Celeb-DF v2,Celeb-synthesis/id1_id23_0001.mp4,1,272,532,500,FMP4,0.54,DeepFake,Celeb-synthesis,id1,id23,,CELEB_COMPONENT_000,,train
CELEBDF_0001246,Celeb-DF v2,Celeb-synthesis/id1_id23_0002.mp4,1,400,494,500,FMP4,1.31,DeepFake,Celeb-synthesis,id1,id23,,CELEB_COMPONENT_000,,train
CELEBDF_0001247,Celeb-DF v2,Celeb-synthesis/id1_id23_0003.mp4,1,451,590,500,FMP4,2.21,DeepFake,Celeb-synthesis,id1,id23,,CELEB_COMPONENT_000,,train
CELEBDF_0001248,Celeb-DF v2,Celeb-synthesis/id1_id23_0004.mp4,1,409,432,500,FMP4,0.59,DeepFake,Celeb-synthesis,id1,id23,,CELEB_COMPONENT_000,,train
CELEBDF_0001249,Celeb-DF v2,Celeb-synthesis/id1_id23_0005.mp4,1,422,510,500,FMP4,1.14,DeepFake,Celeb-synthesis,id1,id23,,CELEB_COMPONENT_000,,train
CELEBDF_0001250,Celeb-DF v2,Celeb-synthesis/id1_id23_0006.mp4,1,505,574,500,FMP4,0.86,DeepFake,Celeb-synthesis,id1,id23,,CELEB_COMPONENT_000,,train
CELEBDF_0001251,Celeb-DF v2,Celeb-synthesis/id1_id23_0007.mp4,1,328,518,500,FMP4,0.71,DeepFake,Celeb-synthesis,id1,id23,,CELEB_COMPONENT_000,,train
CELEBDF_0001252,Celeb-DF v2,Celeb-synthesis/id1_id23_0009.mp4,1,412,480,500,FMP4,2.0,DeepFake,Celeb-synthesis,id1,id23,,CELEB_COMPONENT_000,,train
CELEBDF_0001253,Celeb-DF v2,Celeb-synthesis/id1_id26_0000.mp4,1,365,584,500,FMP4,0.75,DeepFake,Celeb-synthesis,id1,id26,,CELEB_COMPONENT_000,,train
CELEBDF_0001254,Celeb-DF v2,Celeb-synthesis/id1_id26_0001.mp4,1,272,532,500,FMP4,0.54,DeepFake,Celeb-synthesis,id1,id26,,CELEB_COMPONENT_000,,train
CELEBDF_0001255,Celeb-DF v2,Celeb-synthesis/id1_id26_0002.mp4,1,400,494,500,FMP4,1.32,DeepFake,Celeb-synthesis,id1,id26,,CELEB_COMPONENT_000,,train
CELEBDF_0001256,Celeb-DF v2,Celeb-synthesis/id1_id26_0003.mp4,1,451,590,500,FMP4,2.22,DeepFake,Celeb-synthesis,id1,id26,,CELEB_COMPONENT_000,,train
CELEBDF_0001257,Celeb-DF v2,Celeb-synthesis/id1_id26_0004.mp4,1,409,432,500,FMP4,0.58,DeepFake,Celeb-synthesis,id1,id26,,CELEB_COMPONENT_000,,train
CELEBDF_0001258,Celeb-DF v2,Celeb-synthesis/id1_id26_0005.mp4,1,422,510,500,FMP4,1.12,DeepFake,Celeb-synthesis,id1,id26,,CELEB_COMPONENT_000,,train
CELEBDF_0001259,Celeb-DF v2,Celeb-synthesis/id1_id26_0006.mp4,1,505,574,500,FMP4,0.9,DeepFake,Celeb-synthesis,id1,id26,,CELEB_COMPONENT_000,,train
CELEBDF_0001260,Celeb-DF v2,Celeb-synthesis/id1_id26_0007.mp4,1,328,518,500,FMP4,0.72,DeepFake,Celeb-synthesis,id1,id26,,CELEB_COMPONENT_000,,train
CELEBDF_0001261,Celeb-DF v2,Celeb-synthesis/id1_id26_0008.mp4,1,506,574,500,FMP4,1.45,DeepFake,Celeb-synthesis,id1,id26,,CELEB_COMPONENT_000,,train
CELEBDF_0001262,Celeb-DF v2,Celeb-synthesis/id1_id26_0009.mp4,1,412,480,500,FMP4,2.01,DeepFake,Celeb-synthesis,id1,id26,,CELEB_COMPONENT_000,,train
CELEBDF_0001263,Celeb-DF v2,Celeb-synthesis/id1_id28_0000.mp4,1,365,584,500,FMP4,0.75,DeepFake,Celeb-synthesis,id1,id28,,CELEB_COMPONENT_000,,train
CELEBDF_0001264,Celeb-DF v2,Celeb-synthesis/id1_id28_0001.mp4,1,272,532,500,FMP4,0.55,DeepFake,Celeb-synthesis,id1,id28,,CELEB_COMPONENT_000,,train
CELEBDF_0001265,Celeb-DF v2,Celeb-synthesis/id1_id28_0002.mp4,1,400,494,500,FMP4,1.33,DeepFake,Celeb-synthesis,id1,id28,,CELEB_COMPONENT_000,,train
CELEBDF_0001266,Celeb-DF v2,Celeb-synthesis/id1_id28_0003.mp4,1,451,590,500,FMP4,2.24,DeepFake,Celeb-synthesis,id1,id28,,CELEB_COMPONENT_000,,train
CELEBDF_0001267,Celeb-DF v2,Celeb-synthesis/id1_id28_0004.mp4,1,409,432,500,FMP4,0.59,DeepFake,Celeb-synthesis,id1,id28,,CELEB_COMPONENT_000,,train
CELEBDF_0001268,Celeb-DF v2,Celeb-synthesis/id1_id28_0005.mp4,1,422,510,500,FMP4,1.14,DeepFake,Celeb-synthesis,id1,id28,,CELEB_COMPONENT_000,,train
CELEBDF_0001269,Celeb-DF v2,Celeb-synthesis/id1_id28_0006.mp4,1,505,574,500,FMP4,0.91,DeepFake,Celeb-synthesis,id1,id28,,CELEB_COMPONENT_000,,train
CELEBDF_0001270,Celeb-DF v2,Celeb-synthesis/id1_id28_0007.mp4,1,328,518,500,FMP4,0.72,DeepFake,Celeb-synthesis,id1,id28,,CELEB_COMPONENT_000,,train
CELEBDF_0001271,Celeb-DF v2,Celeb-synthesis/id1_id28_0009.mp4,1,412,480,500,FMP4,2.01,DeepFake,Celeb-synthesis,id1,id28,,CELEB_COMPONENT_000,,train
CELEBDF_0001272,Celeb-DF v2,Celeb-synthesis/id1_id2_0000.mp4,1,365,584,500,FMP4,0.73,DeepFake,Celeb-synthesis,id1,id2,,CELEB_COMPONENT_000,,train
CELEBDF_0001273,Celeb-DF v2,Celeb-synthesis/id1_id2_0001.mp4,1,272,532,500,FMP4,0.52,DeepFake,Celeb-synthesis,id1,id2,,CELEB_COMPONENT_000,,train
CELEBDF_0001274,Celeb-DF v2,Celeb-synthesis/id1_id2_0002.mp4,1,400,494,500,FMP4,1.25,DeepFake,Celeb-synthesis,id1,id2,,CELEB_COMPONENT_000,,train
CELEBDF_0001275,Celeb-DF v2,Celeb-synthesis/id1_id2_0003.mp4,1,451,590,500,FMP4,2.11,DeepFake,Celeb-synthesis,id1,id2,,CELEB_COMPONENT_000,,train
CELEBDF_0001276,Celeb-DF v2,Celeb-synthesis/id1_id2_0004.mp4,1,409,432,500,FMP4,0.57,DeepFake,Celeb-synthesis,id1,id2,,CELEB_COMPONENT_000,,train
CELEBDF_0001277,Celeb-DF v2,Celeb-synthesis/id1_id2_0005.mp4,1,422,510,500,FMP4,1.07,DeepFake,Celeb-synthesis,id1,id2,,CELEB_COMPONENT_000,,train
CELEBDF_0001278,Celeb-DF v2,Celeb-synthesis/id1_id2_0006.mp4,1,505,574,500,FMP4,0.87,DeepFake,Celeb-synthesis,id1,id2,,CELEB_COMPONENT_000,,train
CELEBDF_0001279,Celeb-DF v2,Celeb-synthesis/id1_id2_0007.mp4,1,328,518,500,FMP4,0.72,DeepFake,Celeb-synthesis,id1,id2,,CELEB_COMPONENT_000,,train
CELEBDF_0001280,Celeb-DF v2,Celeb-synthesis/id1_id2_0009.mp4,1,412,480,500,FMP4,1.85,DeepFake,Celeb-synthesis,id1,id2,,CELEB_COMPONENT_000,,train
CELEBDF_0001281,Celeb-DF v2,Celeb-synthesis/id1_id30_0000.mp4,1,365,584,500,FMP4,0.76,DeepFake,Celeb-synthesis,id1,id30,,CELEB_COMPONENT_000,,train
CELEBDF_0001282,Celeb-DF v2,Celeb-synthesis/id1_id30_0001.mp4,1,272,532,500,FMP4,0.55,DeepFake,Celeb-synthesis,id1,id30,,CELEB_COMPONENT_000,,train
CELEBDF_0001283,Celeb-DF v2,Celeb-synthesis/id1_id30_0002.mp4,1,400,494,500,FMP4,1.31,DeepFake,Celeb-synthesis,id1,id30,,CELEB_COMPONENT_000,,train
CELEBDF_0001284,Celeb-DF v2,Celeb-synthesis/id1_id30_0003.mp4,1,451,590,500,FMP4,2.24,DeepFake,Celeb-synthesis,id1,id30,,CELEB_COMPONENT_000,,train
CELEBDF_0001285,Celeb-DF v2,Celeb-synthesis/id1_id30_0004.mp4,1,409,432,500,FMP4,0.59,DeepFake,Celeb-synthesis,id1,id30,,CELEB_COMPONENT_000,,train
CELEBDF_0001286,Celeb-DF v2,Celeb-synthesis/id1_id30_0005.mp4,1,422,510,500,FMP4,1.13,DeepFake,Celeb-synthesis,id1,id30,,CELEB_COMPONENT_000,,train
CELEBDF_0001287,Celeb-DF v2,Celeb-synthesis/id1_id30_0006.mp4,1,505,574,500,FMP4,0.91,DeepFake,Celeb-synthesis,id1,id30,,CELEB_COMPONENT_000,,train
CELEBDF_0001288,Celeb-DF v2,Celeb-synthesis/id1_id30_0007.mp4,1,328,518,500,FMP4,0.71,DeepFake,Celeb-synthesis,id1,id30,,CELEB_COMPONENT_000,,train
CELEBDF_0001289,Celeb-DF v2,Celeb-synthesis/id1_id30_0009.mp4,1,412,480,500,FMP4,1.99,DeepFake,Celeb-synthesis,id1,id30,,CELEB_COMPONENT_000,,train
CELEBDF_0001290,Celeb-DF v2,Celeb-synthesis/id1_id31_0000.mp4,1,365,584,500,FMP4,0.74,DeepFake,Celeb-synthesis,id1,id31,,CELEB_COMPONENT_000,,train
CELEBDF_0001291,Celeb-DF v2,Celeb-synthesis/id1_id31_0001.mp4,1,272,532,500,FMP4,0.54,DeepFake,Celeb-synthesis,id1,id31,,CELEB_COMPONENT_000,,train
CELEBDF_0001292,Celeb-DF v2,Celeb-synthesis/id1_id31_0002.mp4,1,400,494,500,FMP4,1.32,DeepFake,Celeb-synthesis,id1,id31,,CELEB_COMPONENT_000,,train
CELEBDF_0001293,Celeb-DF v2,Celeb-synthesis/id1_id31_0003.mp4,1,451,590,500,FMP4,2.22,DeepFake,Celeb-synthesis,id1,id31,,CELEB_COMPONENT_000,,train
CELEBDF_0001294,Celeb-DF v2,Celeb-synthesis/id1_id31_0004.mp4,1,409,432,500,FMP4,0.59,DeepFake,Celeb-synthesis,id1,id31,,CELEB_COMPONENT_000,,train
CELEBDF_0001295,Celeb-DF v2,Celeb-synthesis/id1_id31_0005.mp4,1,422,510,500,FMP4,1.14,DeepFake,Celeb-synthesis,id1,id31,,CELEB_COMPONENT_000,,train
CELEBDF_0001296,Celeb-DF v2,Celeb-synthesis/id1_id31_0006.mp4,1,505,574,500,FMP4,0.9,DeepFake,Celeb-synthesis,id1,id31,,CELEB_COMPONENT_000,,train
CELEBDF_0001297,Celeb-DF v2,Celeb-synthesis/id1_id31_0007.mp4,1,328,518,500,FMP4,0.71,DeepFake,Celeb-synthesis,id1,id31,,CELEB_COMPONENT_000,,train
CELEBDF_0001298,Celeb-DF v2,Celeb-synthesis/id1_id31_0009.mp4,1,412,480,500,FMP4,2.0,DeepFake,Celeb-synthesis,id1,id31,,CELEB_COMPONENT_000,,train
CELEBDF_0001299,Celeb-DF v2,Celeb-synthesis/id1_id35_0000.mp4,1,365,584,500,FMP4,0.75,DeepFake,Celeb-synthesis,id1,id35,,CELEB_COMPONENT_000,,train
CELEBDF_0001300,Celeb-DF v2,Celeb-synthesis/id1_id35_0001.mp4,1,272,532,500,FMP4,0.54,DeepFake,Celeb-synthesis,id1,id35,,CELEB_COMPONENT_000,,train
CELEBDF_0001301,Celeb-DF v2,Celeb-synthesis/id1_id35_0002.mp4,1,400,494,500,FMP4,1.31,DeepFake,Celeb-synthesis,id1,id35,,CELEB_COMPONENT_000,,train
CELEBDF_0001302,Celeb-DF v2,Celeb-synthesis/id1_id35_0003.mp4,1,451,590,500,FMP4,2.23,DeepFake,Celeb-synthesis,id1,id35,,CELEB_COMPONENT_000,,train
CELEBDF_0001303,Celeb-DF v2,Celeb-synthesis/id1_id35_0004.mp4,1,409,432,500,FMP4,0.59,DeepFake,Celeb-synthesis,id1,id35,,CELEB_COMPONENT_000,,train
CELEBDF_0001304,Celeb-DF v2,Celeb-synthesis/id1_id35_0005.mp4,1,422,510,500,FMP4,1.13,DeepFake,Celeb-synthesis,id1,id35,,CELEB_COMPONENT_000,,train
CELEBDF_0001305,Celeb-DF v2,Celeb-synthesis/id1_id35_0006.mp4,1,505,574,500,FMP4,0.91,DeepFake,Celeb-synthesis,id1,id35,,CELEB_COMPONENT_000,,train
CELEBDF_0001306,Celeb-DF v2,Celeb-synthesis/id1_id35_0007.mp4,1,328,518,500,FMP4,0.71,DeepFake,Celeb-synthesis,id1,id35,,CELEB_COMPONENT_000,,train
CELEBDF_0001307,Celeb-DF v2,Celeb-synthesis/id1_id35_0009.mp4,1,412,480,500,FMP4,2.0,DeepFake,Celeb-synthesis,id1,id35,,CELEB_COMPONENT_000,,train
CELEBDF_0001308,Celeb-DF v2,Celeb-synthesis/id1_id37_0000.mp4,1,365,584,500,FMP4,0.76,DeepFake,Celeb-synthesis,id1,id37,,CELEB_COMPONENT_000,,train
CELEBDF_0001309,Celeb-DF v2,Celeb-synthesis/id1_id37_0001.mp4,1,272,532,500,FMP4,0.55,DeepFake,Celeb-synthesis,id1,id37,,CELEB_COMPONENT_000,,train
CELEBDF_0001310,Celeb-DF v2,Celeb-synthesis/id1_id37_0002.mp4,1,400,494,500,FMP4,1.32,DeepFake,Celeb-synthesis,id1,id37,,CELEB_COMPONENT_000,,train
CELEBDF_0001311,Celeb-DF v2,Celeb-synthesis/id1_id37_0003.mp4,1,451,590,500,FMP4,2.26,DeepFake,Celeb-synthesis,id1,id37,,CELEB_COMPONENT_000,,train
CELEBDF_0001312,Celeb-DF v2,Celeb-synthesis/id1_id37_0004.mp4,1,409,432,500,FMP4,0.6,DeepFake,Celeb-synthesis,id1,id37,,CELEB_COMPONENT_000,,train
CELEBDF_0001313,Celeb-DF v2,Celeb-synthesis/id1_id37_0005.mp4,1,422,510,500,FMP4,1.14,DeepFake,Celeb-synthesis,id1,id37,,CELEB_COMPONENT_000,,train
CELEBDF_0001314,Celeb-DF v2,Celeb-synthesis/id1_id37_0006.mp4,1,505,574,500,FMP4,0.91,DeepFake,Celeb-synthesis,id1,id37,,CELEB_COMPONENT_000,,train
CELEBDF_0001315,Celeb-DF v2,Celeb-synthesis/id1_id37_0007.mp4,1,328,518,500,FMP4,0.71,DeepFake,Celeb-synthesis,id1,id37,,CELEB_COMPONENT_000,,train
CELEBDF_0001316,Celeb-DF v2,Celeb-synthesis/id1_id37_0009.mp4,1,412,480,500,FMP4,2.01,DeepFake,Celeb-synthesis,id1,id37,,CELEB_COMPONENT_000,,train
CELEBDF_0001317,Celeb-DF v2,Celeb-synthesis/id1_id3_0000.mp4,1,365,584,500,FMP4,0.74,DeepFake,Celeb-synthesis,id1,id3,,CELEB_COMPONENT_000,,train
CELEBDF_0001318,Celeb-DF v2,Celeb-synthesis/id1_id3_0001.mp4,1,272,532,500,FMP4,0.52,DeepFake,Celeb-synthesis,id1,id3,,CELEB_COMPONENT_000,,train
CELEBDF_0001319,Celeb-DF v2,Celeb-synthesis/id1_id3_0002.mp4,1,400,494,500,FMP4,1.24,DeepFake,Celeb-synthesis,id1,id3,,CELEB_COMPONENT_000,,train
CELEBDF_0001320,Celeb-DF v2,Celeb-synthesis/id1_id3_0003.mp4,1,451,590,500,FMP4,2.12,DeepFake,Celeb-synthesis,id1,id3,,CELEB_COMPONENT_000,,train
CELEBDF_0001321,Celeb-DF v2,Celeb-synthesis/id1_id3_0004.mp4,1,409,432,500,FMP4,0.56,DeepFake,Celeb-synthesis,id1,id3,,CELEB_COMPONENT_000,,train
CELEBDF_0001322,Celeb-DF v2,Celeb-synthesis/id1_id3_0005.mp4,1,422,510,500,FMP4,1.08,DeepFake,Celeb-synthesis,id1,id3,,CELEB_COMPONENT_000,,train
CELEBDF_0001323,Celeb-DF v2,Celeb-synthesis/id1_id3_0006.mp4,1,505,574,500,FMP4,0.87,DeepFake,Celeb-synthesis,id1,id3,,CELEB_COMPONENT_000,,train
CELEBDF_0001324,Celeb-DF v2,Celeb-synthesis/id1_id3_0007.mp4,1,328,518,500,FMP4,0.71,DeepFake,Celeb-synthesis,id1,id3,,CELEB_COMPONENT_000,,train
CELEBDF_0001325,Celeb-DF v2,Celeb-synthesis/id1_id3_0009.mp4,1,412,480,500,FMP4,1.85,DeepFake,Celeb-synthesis,id1,id3,,CELEB_COMPONENT_000,,train
CELEBDF_0001326,Celeb-DF v2,Celeb-synthesis/id1_id4_0000.mp4,1,365,584,500,FMP4,0.71,DeepFake,Celeb-synthesis,id1,id4,,CELEB_COMPONENT_000,,train
CELEBDF_0001327,Celeb-DF v2,Celeb-synthesis/id1_id4_0001.mp4,1,272,532,500,FMP4,0.51,DeepFake,Celeb-synthesis,id1,id4,,CELEB_COMPONENT_000,,train
CELEBDF_0001328,Celeb-DF v2,Celeb-synthesis/id1_id4_0002.mp4,1,400,494,500,FMP4,1.22,DeepFake,Celeb-synthesis,id1,id4,,CELEB_COMPONENT_000,,train
CELEBDF_0001329,Celeb-DF v2,Celeb-synthesis/id1_id4_0003.mp4,1,451,590,500,FMP4,2.11,DeepFake,Celeb-synthesis,id1,id4,,CELEB_COMPONENT_000,,train
CELEBDF_0001330,Celeb-DF v2,Celeb-synthesis/id1_id4_0004.mp4,1,409,432,500,FMP4,0.55,DeepFake,Celeb-synthesis,id1,id4,,CELEB_COMPONENT_000,,train
CELEBDF_0001331,Celeb-DF v2,Celeb-synthesis/id1_id4_0005.mp4,1,422,510,500,FMP4,1.05,DeepFake,Celeb-synthesis,id1,id4,,CELEB_COMPONENT_000,,train
CELEBDF_0001332,Celeb-DF v2,Celeb-synthesis/id1_id4_0006.mp4,1,505,574,500,FMP4,0.85,DeepFake,Celeb-synthesis,id1,id4,,CELEB_COMPONENT_000,,train
CELEBDF_0001333,Celeb-DF v2,Celeb-synthesis/id1_id4_0007.mp4,1,328,518,500,FMP4,0.71,DeepFake,Celeb-synthesis,id1,id4,,CELEB_COMPONENT_000,,train
CELEBDF_0001334,Celeb-DF v2,Celeb-synthesis/id1_id4_0009.mp4,1,412,480,500,FMP4,1.84,DeepFake,Celeb-synthesis,id1,id4,,CELEB_COMPONENT_000,,train
CELEBDF_0001335,Celeb-DF v2,Celeb-synthesis/id1_id6_0000.mp4,1,365,584,500,FMP4,0.72,DeepFake,Celeb-synthesis,id1,id6,,CELEB_COMPONENT_000,,train
CELEBDF_0001336,Celeb-DF v2,Celeb-synthesis/id1_id6_0001.mp4,1,272,532,500,FMP4,0.51,DeepFake,Celeb-synthesis,id1,id6,,CELEB_COMPONENT_000,,train
CELEBDF_0001337,Celeb-DF v2,Celeb-synthesis/id1_id6_0002.mp4,1,400,494,500,FMP4,1.23,DeepFake,Celeb-synthesis,id1,id6,,CELEB_COMPONENT_000,,train
CELEBDF_0001338,Celeb-DF v2,Celeb-synthesis/id1_id6_0003.mp4,1,451,590,500,FMP4,2.1,DeepFake,Celeb-synthesis,id1,id6,,CELEB_COMPONENT_000,,train
CELEBDF_0001339,Celeb-DF v2,Celeb-synthesis/id1_id6_0004.mp4,1,409,432,500,FMP4,0.55,DeepFake,Celeb-synthesis,id1,id6,,CELEB_COMPONENT_000,,train
CELEBDF_0001340,Celeb-DF v2,Celeb-synthesis/id1_id6_0005.mp4,1,422,510,500,FMP4,1.06,DeepFake,Celeb-synthesis,id1,id6,,CELEB_COMPONENT_000,,train
CELEBDF_0001341,Celeb-DF v2,Celeb-synthesis/id1_id6_0006.mp4,1,505,574,500,FMP4,0.86,DeepFake,Celeb-synthesis,id1,id6,,CELEB_COMPONENT_000,,train
CELEBDF_0001342,Celeb-DF v2,Celeb-synthesis/id1_id6_0007.mp4,1,328,518,500,FMP4,0.71,DeepFake,Celeb-synthesis,id1,id6,,CELEB_COMPONENT_000,,train
CELEBDF_0001343,Celeb-DF v2,Celeb-synthesis/id1_id6_0009.mp4,1,412,480,500,FMP4,1.84,DeepFake,Celeb-synthesis,id1,id6,,CELEB_COMPONENT_000,,train
CELEBDF_0001344,Celeb-DF v2,Celeb-synthesis/id1_id9_0000.mp4,1,365,584,500,FMP4,0.74,DeepFake,Celeb-synthesis,id1,id9,,CELEB_COMPONENT_000,,train
CELEBDF_0001345,Celeb-DF v2,Celeb-synthesis/id1_id9_0001.mp4,1,272,532,500,FMP4,0.52,DeepFake,Celeb-synthesis,id1,id9,,CELEB_COMPONENT_000,,train
CELEBDF_0001346,Celeb-DF v2,Celeb-synthesis/id1_id9_0002.mp4,1,400,494,500,FMP4,1.25,DeepFake,Celeb-synthesis,id1,id9,,CELEB_COMPONENT_000,,train
CELEBDF_0001347,Celeb-DF v2,Celeb-synthesis/id1_id9_0003.mp4,1,451,590,500,FMP4,2.13,DeepFake,Celeb-synthesis,id1,id9,,CELEB_COMPONENT_000,,train
CELEBDF_0001348,Celeb-DF v2,Celeb-synthesis/id1_id9_0004.mp4,1,409,432,500,FMP4,0.57,DeepFake,Celeb-synthesis,id1,id9,,CELEB_COMPONENT_000,,train
CELEBDF_0001349,Celeb-DF v2,Celeb-synthesis/id1_id9_0005.mp4,1,422,510,500,FMP4,1.1,DeepFake,Celeb-synthesis,id1,id9,,CELEB_COMPONENT_000,,train
CELEBDF_0001350,Celeb-DF v2,Celeb-synthesis/id1_id9_0006.mp4,1,505,574,500,FMP4,0.88,DeepFake,Celeb-synthesis,id1,id9,,CELEB_COMPONENT_000,,train
CELEBDF_0001351,Celeb-DF v2,Celeb-synthesis/id1_id9_0007.mp4,1,328,518,500,FMP4,0.72,DeepFake,Celeb-synthesis,id1,id9,,CELEB_COMPONENT_000,,train
CELEBDF_0001352,Celeb-DF v2,Celeb-synthesis/id1_id9_0009.mp4,1,412,480,500,FMP4,1.87,DeepFake,Celeb-synthesis,id1,id9,,CELEB_COMPONENT_000,,train
CELEBDF_0001353,Celeb-DF v2,Celeb-synthesis/id20_id0_0000.mp4,1,315,856,476,FMP4,0.77,DeepFake,Celeb-synthesis,id20,id0,,CELEB_COMPONENT_000,,train
CELEBDF_0001354,Celeb-DF v2,Celeb-synthesis/id20_id0_0001.mp4,1,306,856,476,FMP4,1.46,DeepFake,Celeb-synthesis,id20,id0,,CELEB_COMPONENT_000,,train
CELEBDF_0001355,Celeb-DF v2,Celeb-synthesis/id20_id0_0002.mp4,1,311,620,500,FMP4,1.29,DeepFake,Celeb-synthesis,id20,id0,,CELEB_COMPONENT_000,,train
CELEBDF_0001356,Celeb-DF v2,Celeb-synthesis/id20_id0_0003.mp4,1,337,844,452,FMP4,1.03,DeepFake,Celeb-synthesis,id20,id0,,CELEB_COMPONENT_000,,train
CELEBDF_0001357,Celeb-DF v2,Celeb-synthesis/id20_id0_0005.mp4,1,324,844,452,FMP4,0.81,DeepFake,Celeb-synthesis,id20,id0,,CELEB_COMPONENT_000,,train
CELEBDF_0001358,Celeb-DF v2,Celeb-synthesis/id20_id0_0006.mp4,1,328,844,452,FMP4,0.87,DeepFake,Celeb-synthesis,id20,id0,,CELEB_COMPONENT_000,,train
CELEBDF_0001359,Celeb-DF v2,Celeb-synthesis/id20_id0_0008.mp4,1,338,674,500,FMP4,0.96,DeepFake,Celeb-synthesis,id20,id0,,CELEB_COMPONENT_000,,train
CELEBDF_0001360,Celeb-DF v2,Celeb-synthesis/id20_id0_0009.mp4,1,334,666,500,FMP4,1.09,DeepFake,Celeb-synthesis,id20,id0,,CELEB_COMPONENT_000,,train
CELEBDF_0001361,Celeb-DF v2,Celeb-synthesis/id20_id16_0000.mp4,1,315,856,476,FMP4,0.76,DeepFake,Celeb-synthesis,id20,id16,,CELEB_COMPONENT_000,,train
CELEBDF_0001362,Celeb-DF v2,Celeb-synthesis/id20_id16_0001.mp4,1,306,856,476,FMP4,1.46,DeepFake,Celeb-synthesis,id20,id16,,CELEB_COMPONENT_000,,train
CELEBDF_0001363,Celeb-DF v2,Celeb-synthesis/id20_id16_0002.mp4,1,311,620,500,FMP4,1.28,DeepFake,Celeb-synthesis,id20,id16,,CELEB_COMPONENT_000,,train
CELEBDF_0001364,Celeb-DF v2,Celeb-synthesis/id20_id16_0003.mp4,1,337,844,452,FMP4,1.02,DeepFake,Celeb-synthesis,id20,id16,,CELEB_COMPONENT_000,,train
CELEBDF_0001365,Celeb-DF v2,Celeb-synthesis/id20_id16_0005.mp4,1,324,844,452,FMP4,0.81,DeepFake,Celeb-synthesis,id20,id16,,CELEB_COMPONENT_000,,train
CELEBDF_0001366,Celeb-DF v2,Celeb-synthesis/id20_id16_0006.mp4,1,328,844,452,FMP4,0.88,DeepFake,Celeb-synthesis,id20,id16,,CELEB_COMPONENT_000,,train
CELEBDF_0001367,Celeb-DF v2,Celeb-synthesis/id20_id16_0007.mp4,1,347,672,500,FMP4,1.68,DeepFake,Celeb-synthesis,id20,id16,,CELEB_COMPONENT_000,,train
CELEBDF_0001368,Celeb-DF v2,Celeb-synthesis/id20_id16_0008.mp4,1,338,674,500,FMP4,0.95,DeepFake,Celeb-synthesis,id20,id16,,CELEB_COMPONENT_000,,train
CELEBDF_0001369,Celeb-DF v2,Celeb-synthesis/id20_id16_0009.mp4,1,334,666,500,FMP4,1.08,DeepFake,Celeb-synthesis,id20,id16,,CELEB_COMPONENT_000,,train
CELEBDF_0001370,Celeb-DF v2,Celeb-synthesis/id20_id17_0000.mp4,1,315,856,476,FMP4,0.77,DeepFake,Celeb-synthesis,id20,id17,,CELEB_COMPONENT_000,,train
CELEBDF_0001371,Celeb-DF v2,Celeb-synthesis/id20_id17_0001.mp4,1,306,856,476,FMP4,1.46,DeepFake,Celeb-synthesis,id20,id17,,CELEB_COMPONENT_000,,train
CELEBDF_0001372,Celeb-DF v2,Celeb-synthesis/id20_id17_0002.mp4,1,311,620,500,FMP4,1.29,DeepFake,Celeb-synthesis,id20,id17,,CELEB_COMPONENT_000,,train
CELEBDF_0001373,Celeb-DF v2,Celeb-synthesis/id20_id17_0004.mp4,1,325,844,452,FMP4,0.86,DeepFake,Celeb-synthesis,id20,id17,,CELEB_COMPONENT_000,,train
CELEBDF_0001374,Celeb-DF v2,Celeb-synthesis/id20_id17_0005.mp4,1,324,844,452,FMP4,0.81,DeepFake,Celeb-synthesis,id20,id17,,CELEB_COMPONENT_000,,train
CELEBDF_0001375,Celeb-DF v2,Celeb-synthesis/id20_id17_0006.mp4,1,328,844,452,FMP4,0.87,DeepFake,Celeb-synthesis,id20,id17,,CELEB_COMPONENT_000,,train
CELEBDF_0001376,Celeb-DF v2,Celeb-synthesis/id20_id17_0008.mp4,1,338,674,500,FMP4,0.95,DeepFake,Celeb-synthesis,id20,id17,,CELEB_COMPONENT_000,,train
CELEBDF_0001377,Celeb-DF v2,Celeb-synthesis/id20_id17_0009.mp4,1,334,666,500,FMP4,1.09,DeepFake,Celeb-synthesis,id20,id17,,CELEB_COMPONENT_000,,train
CELEBDF_0001378,Celeb-DF v2,Celeb-synthesis/id20_id19_0000.mp4,1,315,856,476,FMP4,0.77,DeepFake,Celeb-synthesis,id20,id19,,CELEB_COMPONENT_000,,train
CELEBDF_0001379,Celeb-DF v2,Celeb-synthesis/id20_id19_0002.mp4,1,311,620,500,FMP4,1.21,DeepFake,Celeb-synthesis,id20,id19,,CELEB_COMPONENT_000,,train
CELEBDF_0001380,Celeb-DF v2,Celeb-synthesis/id20_id19_0005.mp4,1,324,844,452,FMP4,0.82,DeepFake,Celeb-synthesis,id20,id19,,CELEB_COMPONENT_000,,train
CELEBDF_0001381,Celeb-DF v2,Celeb-synthesis/id20_id19_0006.mp4,1,328,844,452,FMP4,0.89,DeepFake,Celeb-synthesis,id20,id19,,CELEB_COMPONENT_000,,train
CELEBDF_0001382,Celeb-DF v2,Celeb-synthesis/id20_id19_0008.mp4,1,338,674,500,FMP4,0.95,DeepFake,Celeb-synthesis,id20,id19,,CELEB_COMPONENT_000,,train
CELEBDF_0001383,Celeb-DF v2,Celeb-synthesis/id20_id19_0009.mp4,1,334,666,500,FMP4,1.11,DeepFake,Celeb-synthesis,id20,id19,,CELEB_COMPONENT_000,,train
CELEBDF_0001384,Celeb-DF v2,Celeb-synthesis/id20_id1_0000.mp4,1,315,856,476,FMP4,0.77,DeepFake,Celeb-synthesis,id20,id1,,CELEB_COMPONENT_000,,train
CELEBDF_0001385,Celeb-DF v2,Celeb-synthesis/id20_id1_0001.mp4,1,306,856,476,FMP4,1.45,DeepFake,Celeb-synthesis,id20,id1,,CELEB_COMPONENT_000,,train
CELEBDF_0001386,Celeb-DF v2,Celeb-synthesis/id20_id1_0002.mp4,1,311,620,500,FMP4,1.29,DeepFake,Celeb-synthesis,id20,id1,,CELEB_COMPONENT_000,,train
CELEBDF_0001387,Celeb-DF v2,Celeb-synthesis/id20_id1_0003.mp4,1,337,844,452,FMP4,1.02,DeepFake,Celeb-synthesis,id20,id1,,CELEB_COMPONENT_000,,train
CELEBDF_0001388,Celeb-DF v2,Celeb-synthesis/id20_id1_0004.mp4,1,325,844,452,FMP4,0.86,DeepFake,Celeb-synthesis,id20,id1,,CELEB_COMPONENT_000,,train
CELEBDF_0001389,Celeb-DF v2,Celeb-synthesis/id20_id1_0005.mp4,1,324,844,452,FMP4,0.8,DeepFake,Celeb-synthesis,id20,id1,,CELEB_COMPONENT_000,,train
CELEBDF_0001390,Celeb-DF v2,Celeb-synthesis/id20_id1_0006.mp4,1,328,844,452,FMP4,0.88,DeepFake,Celeb-synthesis,id20,id1,,CELEB_COMPONENT_000,,train
CELEBDF_0001391,Celeb-DF v2,Celeb-synthesis/id20_id1_0007.mp4,1,347,672,500,FMP4,1.56,DeepFake,Celeb-synthesis,id20,id1,,CELEB_COMPONENT_000,,train
CELEBDF_0001392,Celeb-DF v2,Celeb-synthesis/id20_id1_0008.mp4,1,338,674,500,FMP4,0.95,DeepFake,Celeb-synthesis,id20,id1,,CELEB_COMPONENT_000,,train
CELEBDF_0001393,Celeb-DF v2,Celeb-synthesis/id20_id1_0009.mp4,1,334,666,500,FMP4,1.11,DeepFake,Celeb-synthesis,id20,id1,,CELEB_COMPONENT_000,,train
CELEBDF_0001394,Celeb-DF v2,Celeb-synthesis/id20_id21_0000.mp4,1,315,856,476,FMP4,0.77,DeepFake,Celeb-synthesis,id20,id21,,CELEB_COMPONENT_000,,train
CELEBDF_0001395,Celeb-DF v2,Celeb-synthesis/id20_id21_0001.mp4,1,306,856,476,FMP4,1.46,DeepFake,Celeb-synthesis,id20,id21,,CELEB_COMPONENT_000,,train
CELEBDF_0001396,Celeb-DF v2,Celeb-synthesis/id20_id21_0002.mp4,1,311,620,500,FMP4,1.28,DeepFake,Celeb-synthesis,id20,id21,,CELEB_COMPONENT_000,,train
CELEBDF_0001397,Celeb-DF v2,Celeb-synthesis/id20_id21_0003.mp4,1,337,844,452,FMP4,1.02,DeepFake,Celeb-synthesis,id20,id21,,CELEB_COMPONENT_000,,train
CELEBDF_0001398,Celeb-DF v2,Celeb-synthesis/id20_id21_0005.mp4,1,324,844,452,FMP4,0.8,DeepFake,Celeb-synthesis,id20,id21,,CELEB_COMPONENT_000,,train
CELEBDF_0001399,Celeb-DF v2,Celeb-synthesis/id20_id21_0006.mp4,1,328,844,452,FMP4,0.87,DeepFake,Celeb-synthesis,id20,id21,,CELEB_COMPONENT_000,,train
CELEBDF_0001400,Celeb-DF v2,Celeb-synthesis/id20_id21_0008.mp4,1,338,674,500,FMP4,0.95,DeepFake,Celeb-synthesis,id20,id21,,CELEB_COMPONENT_000,,train
CELEBDF_0001401,Celeb-DF v2,Celeb-synthesis/id20_id21_0009.mp4,1,334,666,500,FMP4,1.07,DeepFake,Celeb-synthesis,id20,id21,,CELEB_COMPONENT_000,,train
CELEBDF_0001402,Celeb-DF v2,Celeb-synthesis/id20_id22_0001.mp4,1,306,856,476,FMP4,1.46,DeepFake,Celeb-synthesis,id20,id22,,CELEB_COMPONENT_000,,train
CELEBDF_0001403,Celeb-DF v2,Celeb-synthesis/id20_id22_0002.mp4,1,311,620,500,FMP4,1.29,DeepFake,Celeb-synthesis,id20,id22,,CELEB_COMPONENT_000,,train
CELEBDF_0001404,Celeb-DF v2,Celeb-synthesis/id20_id22_0003.mp4,1,337,844,452,FMP4,1.02,DeepFake,Celeb-synthesis,id20,id22,,CELEB_COMPONENT_000,,train
CELEBDF_0001405,Celeb-DF v2,Celeb-synthesis/id20_id22_0005.mp4,1,324,844,452,FMP4,0.8,DeepFake,Celeb-synthesis,id20,id22,,CELEB_COMPONENT_000,,train
CELEBDF_0001406,Celeb-DF v2,Celeb-synthesis/id20_id22_0006.mp4,1,328,844,452,FMP4,0.87,DeepFake,Celeb-synthesis,id20,id22,,CELEB_COMPONENT_000,,train
CELEBDF_0001407,Celeb-DF v2,Celeb-synthesis/id20_id22_0008.mp4,1,338,674,500,FMP4,0.95,DeepFake,Celeb-synthesis,id20,id22,,CELEB_COMPONENT_000,,train
CELEBDF_0001408,Celeb-DF v2,Celeb-synthesis/id20_id22_0009.mp4,1,334,666,500,FMP4,1.08,DeepFake,Celeb-synthesis,id20,id22,,CELEB_COMPONENT_000,,train
CELEBDF_0001409,Celeb-DF v2,Celeb-synthesis/id20_id23_0000.mp4,1,315,856,476,FMP4,0.76,DeepFake,Celeb-synthesis,id20,id23,,CELEB_COMPONENT_000,,train
CELEBDF_0001410,Celeb-DF v2,Celeb-synthesis/id20_id23_0002.mp4,1,311,620,500,FMP4,1.28,DeepFake,Celeb-synthesis,id20,id23,,CELEB_COMPONENT_000,,train
CELEBDF_0001411,Celeb-DF v2,Celeb-synthesis/id20_id23_0003.mp4,1,337,844,452,FMP4,1.02,DeepFake,Celeb-synthesis,id20,id23,,CELEB_COMPONENT_000,,train
CELEBDF_0001412,Celeb-DF v2,Celeb-synthesis/id20_id23_0005.mp4,1,324,844,452,FMP4,0.8,DeepFake,Celeb-synthesis,id20,id23,,CELEB_COMPONENT_000,,train
CELEBDF_0001413,Celeb-DF v2,Celeb-synthesis/id20_id23_0006.mp4,1,328,844,452,FMP4,0.87,DeepFake,Celeb-synthesis,id20,id23,,CELEB_COMPONENT_000,,train
CELEBDF_0001414,Celeb-DF v2,Celeb-synthesis/id20_id23_0007.mp4,1,347,672,500,FMP4,1.69,DeepFake,Celeb-synthesis,id20,id23,,CELEB_COMPONENT_000,,train
CELEBDF_0001415,Celeb-DF v2,Celeb-synthesis/id20_id23_0008.mp4,1,338,674,500,FMP4,0.95,DeepFake,Celeb-synthesis,id20,id23,,CELEB_COMPONENT_000,,train
CELEBDF_0001416,Celeb-DF v2,Celeb-synthesis/id20_id23_0009.mp4,1,334,666,500,FMP4,1.07,DeepFake,Celeb-synthesis,id20,id23,,CELEB_COMPONENT_000,,train
CELEBDF_0001417,Celeb-DF v2,Celeb-synthesis/id20_id24_0000.mp4,1,315,856,476,FMP4,0.76,DeepFake,Celeb-synthesis,id20,id24,,CELEB_COMPONENT_000,,train
CELEBDF_0001418,Celeb-DF v2,Celeb-synthesis/id20_id24_0001.mp4,1,306,856,476,FMP4,1.45,DeepFake,Celeb-synthesis,id20,id24,,CELEB_COMPONENT_000,,train
CELEBDF_0001419,Celeb-DF v2,Celeb-synthesis/id20_id24_0002.mp4,1,311,620,500,FMP4,1.28,DeepFake,Celeb-synthesis,id20,id24,,CELEB_COMPONENT_000,,train
CELEBDF_0001420,Celeb-DF v2,Celeb-synthesis/id20_id24_0003.mp4,1,337,844,452,FMP4,1.01,DeepFake,Celeb-synthesis,id20,id24,,CELEB_COMPONENT_000,,train
CELEBDF_0001421,Celeb-DF v2,Celeb-synthesis/id20_id24_0005.mp4,1,324,844,452,FMP4,0.8,DeepFake,Celeb-synthesis,id20,id24,,CELEB_COMPONENT_000,,train
CELEBDF_0001422,Celeb-DF v2,Celeb-synthesis/id20_id24_0006.mp4,1,328,844,452,FMP4,0.87,DeepFake,Celeb-synthesis,id20,id24,,CELEB_COMPONENT_000,,train
CELEBDF_0001423,Celeb-DF v2,Celeb-synthesis/id20_id24_0008.mp4,1,338,674,500,FMP4,0.95,DeepFake,Celeb-synthesis,id20,id24,,CELEB_COMPONENT_000,,train
CELEBDF_0001424,Celeb-DF v2,Celeb-synthesis/id20_id24_0009.mp4,1,334,666,500,FMP4,1.08,DeepFake,Celeb-synthesis,id20,id24,,CELEB_COMPONENT_000,,train
CELEBDF_0001425,Celeb-DF v2,Celeb-synthesis/id20_id25_0000.mp4,1,315,856,476,FMP4,0.76,DeepFake,Celeb-synthesis,id20,id25,,CELEB_COMPONENT_000,,train
CELEBDF_0001426,Celeb-DF v2,Celeb-synthesis/id20_id25_0001.mp4,1,306,856,476,FMP4,1.45,DeepFake,Celeb-synthesis,id20,id25,,CELEB_COMPONENT_000,,train
CELEBDF_0001427,Celeb-DF v2,Celeb-synthesis/id20_id25_0002.mp4,1,311,620,500,FMP4,1.28,DeepFake,Celeb-synthesis,id20,id25,,CELEB_COMPONENT_000,,train
CELEBDF_0001428,Celeb-DF v2,Celeb-synthesis/id20_id25_0003.mp4,1,337,844,452,FMP4,1.01,DeepFake,Celeb-synthesis,id20,id25,,CELEB_COMPONENT_000,,train
CELEBDF_0001429,Celeb-DF v2,Celeb-synthesis/id20_id25_0005.mp4,1,324,844,452,FMP4,0.81,DeepFake,Celeb-synthesis,id20,id25,,CELEB_COMPONENT_000,,train
CELEBDF_0001430,Celeb-DF v2,Celeb-synthesis/id20_id25_0006.mp4,1,328,844,452,FMP4,0.87,DeepFake,Celeb-synthesis,id20,id25,,CELEB_COMPONENT_000,,train
CELEBDF_0001431,Celeb-DF v2,Celeb-synthesis/id20_id25_0008.mp4,1,338,674,500,FMP4,0.95,DeepFake,Celeb-synthesis,id20,id25,,CELEB_COMPONENT_000,,train
CELEBDF_0001432,Celeb-DF v2,Celeb-synthesis/id20_id26_0002.mp4,1,311,620,500,FMP4,1.29,DeepFake,Celeb-synthesis,id20,id26,,CELEB_COMPONENT_000,,train
CELEBDF_0001433,Celeb-DF v2,Celeb-synthesis/id20_id26_0008.mp4,1,338,674,500,FMP4,0.96,DeepFake,Celeb-synthesis,id20,id26,,CELEB_COMPONENT_000,,train
CELEBDF_0001434,Celeb-DF v2,Celeb-synthesis/id20_id26_0009.mp4,1,334,666,500,FMP4,1.08,DeepFake,Celeb-synthesis,id20,id26,,CELEB_COMPONENT_000,,train
CELEBDF_0001435,Celeb-DF v2,Celeb-synthesis/id20_id27_0000.mp4,1,315,856,476,FMP4,0.77,DeepFake,Celeb-synthesis,id20,id27,,CELEB_COMPONENT_000,,train
CELEBDF_0001436,Celeb-DF v2,Celeb-synthesis/id20_id27_0001.mp4,1,306,856,476,FMP4,1.46,DeepFake,Celeb-synthesis,id20,id27,,CELEB_COMPONENT_000,,train
CELEBDF_0001437,Celeb-DF v2,Celeb-synthesis/id20_id27_0002.mp4,1,311,620,500,FMP4,1.28,DeepFake,Celeb-synthesis,id20,id27,,CELEB_COMPONENT_000,,train
CELEBDF_0001438,Celeb-DF v2,Celeb-synthesis/id20_id27_0005.mp4,1,324,844,452,FMP4,0.81,DeepFake,Celeb-synthesis,id20,id27,,CELEB_COMPONENT_000,,train
CELEBDF_0001439,Celeb-DF v2,Celeb-synthesis/id20_id27_0008.mp4,1,338,674,500,FMP4,0.95,DeepFake,Celeb-synthesis,id20,id27,,CELEB_COMPONENT_000,,train
CELEBDF_0001440,Celeb-DF v2,Celeb-synthesis/id20_id27_0009.mp4,1,334,666,500,FMP4,1.08,DeepFake,Celeb-synthesis,id20,id27,,CELEB_COMPONENT_000,,train
CELEBDF_0001441,Celeb-DF v2,Celeb-synthesis/id20_id28_0000.mp4,1,315,856,476,FMP4,0.77,DeepFake,Celeb-synthesis,id20,id28,,CELEB_COMPONENT_000,,train
CELEBDF_0001442,Celeb-DF v2,Celeb-synthesis/id20_id28_0001.mp4,1,306,856,476,FMP4,1.46,DeepFake,Celeb-synthesis,id20,id28,,CELEB_COMPONENT_000,,train
CELEBDF_0001443,Celeb-DF v2,Celeb-synthesis/id20_id28_0002.mp4,1,311,620,500,FMP4,1.29,DeepFake,Celeb-synthesis,id20,id28,,CELEB_COMPONENT_000,,train
CELEBDF_0001444,Celeb-DF v2,Celeb-synthesis/id20_id28_0003.mp4,1,337,844,452,FMP4,1.02,DeepFake,Celeb-synthesis,id20,id28,,CELEB_COMPONENT_000,,train
CELEBDF_0001445,Celeb-DF v2,Celeb-synthesis/id20_id28_0005.mp4,1,324,844,452,FMP4,0.81,DeepFake,Celeb-synthesis,id20,id28,,CELEB_COMPONENT_000,,train
CELEBDF_0001446,Celeb-DF v2,Celeb-synthesis/id20_id28_0006.mp4,1,328,844,452,FMP4,0.88,DeepFake,Celeb-synthesis,id20,id28,,CELEB_COMPONENT_000,,train
CELEBDF_0001447,Celeb-DF v2,Celeb-synthesis/id20_id28_0008.mp4,1,338,674,500,FMP4,0.96,DeepFake,Celeb-synthesis,id20,id28,,CELEB_COMPONENT_000,,train
CELEBDF_0001448,Celeb-DF v2,Celeb-synthesis/id20_id28_0009.mp4,1,334,666,500,FMP4,1.08,DeepFake,Celeb-synthesis,id20,id28,,CELEB_COMPONENT_000,,train
CELEBDF_0001449,Celeb-DF v2,Celeb-synthesis/id20_id29_0000.mp4,1,315,856,476,FMP4,0.76,DeepFake,Celeb-synthesis,id20,id29,,CELEB_COMPONENT_000,,train
CELEBDF_0001450,Celeb-DF v2,Celeb-synthesis/id20_id29_0002.mp4,1,311,620,500,FMP4,1.29,DeepFake,Celeb-synthesis,id20,id29,,CELEB_COMPONENT_000,,train
CELEBDF_0001451,Celeb-DF v2,Celeb-synthesis/id20_id29_0003.mp4,1,337,844,452,FMP4,1.01,DeepFake,Celeb-synthesis,id20,id29,,CELEB_COMPONENT_000,,train
CELEBDF_0001452,Celeb-DF v2,Celeb-synthesis/id20_id29_0005.mp4,1,324,844,452,FMP4,0.8,DeepFake,Celeb-synthesis,id20,id29,,CELEB_COMPONENT_000,,train
CELEBDF_0001453,Celeb-DF v2,Celeb-synthesis/id20_id29_0006.mp4,1,328,844,452,FMP4,0.87,DeepFake,Celeb-synthesis,id20,id29,,CELEB_COMPONENT_000,,train
CELEBDF_0001454,Celeb-DF v2,Celeb-synthesis/id20_id29_0008.mp4,1,338,674,500,FMP4,0.95,DeepFake,Celeb-synthesis,id20,id29,,CELEB_COMPONENT_000,,train
CELEBDF_0001455,Celeb-DF v2,Celeb-synthesis/id20_id29_0009.mp4,1,334,666,500,FMP4,1.08,DeepFake,Celeb-synthesis,id20,id29,,CELEB_COMPONENT_000,,train
CELEBDF_0001456,Celeb-DF v2,Celeb-synthesis/id20_id2_0000.mp4,1,315,856,476,FMP4,0.77,DeepFake,Celeb-synthesis,id20,id2,,CELEB_COMPONENT_000,,train
CELEBDF_0001457,Celeb-DF v2,Celeb-synthesis/id20_id2_0001.mp4,1,306,856,476,FMP4,1.46,DeepFake,Celeb-synthesis,id20,id2,,CELEB_COMPONENT_000,,train
CELEBDF_0001458,Celeb-DF v2,Celeb-synthesis/id20_id2_0002.mp4,1,311,620,500,FMP4,1.29,DeepFake,Celeb-synthesis,id20,id2,,CELEB_COMPONENT_000,,train
CELEBDF_0001459,Celeb-DF v2,Celeb-synthesis/id20_id2_0003.mp4,1,337,844,452,FMP4,1.02,DeepFake,Celeb-synthesis,id20,id2,,CELEB_COMPONENT_000,,train
CELEBDF_0001460,Celeb-DF v2,Celeb-synthesis/id20_id2_0005.mp4,1,324,844,452,FMP4,0.81,DeepFake,Celeb-synthesis,id20,id2,,CELEB_COMPONENT_000,,train
CELEBDF_0001461,Celeb-DF v2,Celeb-synthesis/id20_id2_0006.mp4,1,328,844,452,FMP4,0.88,DeepFake,Celeb-synthesis,id20,id2,,CELEB_COMPONENT_000,,train
CELEBDF_0001462,Celeb-DF v2,Celeb-synthesis/id20_id2_0007.mp4,1,347,672,500,FMP4,1.68,DeepFake,Celeb-synthesis,id20,id2,,CELEB_COMPONENT_000,,train
CELEBDF_0001463,Celeb-DF v2,Celeb-synthesis/id20_id2_0008.mp4,1,338,674,500,FMP4,0.95,DeepFake,Celeb-synthesis,id20,id2,,CELEB_COMPONENT_000,,train
CELEBDF_0001464,Celeb-DF v2,Celeb-synthesis/id20_id2_0009.mp4,1,334,666,500,FMP4,1.1,DeepFake,Celeb-synthesis,id20,id2,,CELEB_COMPONENT_000,,train
CELEBDF_0001465,Celeb-DF v2,Celeb-synthesis/id20_id30_0000.mp4,1,315,856,476,FMP4,0.76,DeepFake,Celeb-synthesis,id20,id30,,CELEB_COMPONENT_000,,train
CELEBDF_0001466,Celeb-DF v2,Celeb-synthesis/id20_id30_0001.mp4,1,306,856,476,FMP4,1.45,DeepFake,Celeb-synthesis,id20,id30,,CELEB_COMPONENT_000,,train
CELEBDF_0001467,Celeb-DF v2,Celeb-synthesis/id20_id30_0002.mp4,1,311,620,500,FMP4,1.29,DeepFake,Celeb-synthesis,id20,id30,,CELEB_COMPONENT_000,,train
CELEBDF_0001468,Celeb-DF v2,Celeb-synthesis/id20_id30_0003.mp4,1,337,844,452,FMP4,1.03,DeepFake,Celeb-synthesis,id20,id30,,CELEB_COMPONENT_000,,train
CELEBDF_0001469,Celeb-DF v2,Celeb-synthesis/id20_id30_0005.mp4,1,324,844,452,FMP4,0.81,DeepFake,Celeb-synthesis,id20,id30,,CELEB_COMPONENT_000,,train
CELEBDF_0001470,Celeb-DF v2,Celeb-synthesis/id20_id30_0006.mp4,1,328,844,452,FMP4,0.87,DeepFake,Celeb-synthesis,id20,id30,,CELEB_COMPONENT_000,,train
CELEBDF_0001471,Celeb-DF v2,Celeb-synthesis/id20_id30_0008.mp4,1,338,674,500,FMP4,0.95,DeepFake,Celeb-synthesis,id20,id30,,CELEB_COMPONENT_000,,train
CELEBDF_0001472,Celeb-DF v2,Celeb-synthesis/id20_id30_0009.mp4,1,334,666,500,FMP4,1.08,DeepFake,Celeb-synthesis,id20,id30,,CELEB_COMPONENT_000,,train
CELEBDF_0001473,Celeb-DF v2,Celeb-synthesis/id20_id31_0000.mp4,1,315,856,476,FMP4,0.76,DeepFake,Celeb-synthesis,id20,id31,,CELEB_COMPONENT_000,,train
CELEBDF_0001474,Celeb-DF v2,Celeb-synthesis/id20_id31_0001.mp4,1,306,856,476,FMP4,1.45,DeepFake,Celeb-synthesis,id20,id31,,CELEB_COMPONENT_000,,train
CELEBDF_0001475,Celeb-DF v2,Celeb-synthesis/id20_id31_0002.mp4,1,311,620,500,FMP4,1.28,DeepFake,Celeb-synthesis,id20,id31,,CELEB_COMPONENT_000,,train
CELEBDF_0001476,Celeb-DF v2,Celeb-synthesis/id20_id31_0003.mp4,1,337,844,452,FMP4,1.02,DeepFake,Celeb-synthesis,id20,id31,,CELEB_COMPONENT_000,,train
CELEBDF_0001477,Celeb-DF v2,Celeb-synthesis/id20_id31_0005.mp4,1,324,844,452,FMP4,0.8,DeepFake,Celeb-synthesis,id20,id31,,CELEB_COMPONENT_000,,train
CELEBDF_0001478,Celeb-DF v2,Celeb-synthesis/id20_id31_0006.mp4,1,328,844,452,FMP4,0.87,DeepFake,Celeb-synthesis,id20,id31,,CELEB_COMPONENT_000,,train
CELEBDF_0001479,Celeb-DF v2,Celeb-synthesis/id20_id31_0007.mp4,1,347,672,500,FMP4,1.67,DeepFake,Celeb-synthesis,id20,id31,,CELEB_COMPONENT_000,,train
CELEBDF_0001480,Celeb-DF v2,Celeb-synthesis/id20_id31_0008.mp4,1,338,674,500,FMP4,0.95,DeepFake,Celeb-synthesis,id20,id31,,CELEB_COMPONENT_000,,train
CELEBDF_0001481,Celeb-DF v2,Celeb-synthesis/id20_id31_0009.mp4,1,334,666,500,FMP4,1.08,DeepFake,Celeb-synthesis,id20,id31,,CELEB_COMPONENT_000,,train
CELEBDF_0001482,Celeb-DF v2,Celeb-synthesis/id20_id32_0000.mp4,1,315,856,476,FMP4,0.77,DeepFake,Celeb-synthesis,id20,id32,,CELEB_COMPONENT_000,,train
CELEBDF_0001483,Celeb-DF v2,Celeb-synthesis/id20_id32_0001.mp4,1,306,856,476,FMP4,1.45,DeepFake,Celeb-synthesis,id20,id32,,CELEB_COMPONENT_000,,train
CELEBDF_0001484,Celeb-DF v2,Celeb-synthesis/id20_id32_0002.mp4,1,311,620,500,FMP4,1.29,DeepFake,Celeb-synthesis,id20,id32,,CELEB_COMPONENT_000,,train
CELEBDF_0001485,Celeb-DF v2,Celeb-synthesis/id20_id32_0003.mp4,1,337,844,452,FMP4,1.02,DeepFake,Celeb-synthesis,id20,id32,,CELEB_COMPONENT_000,,train
CELEBDF_0001486,Celeb-DF v2,Celeb-synthesis/id20_id32_0005.mp4,1,324,844,452,FMP4,0.81,DeepFake,Celeb-synthesis,id20,id32,,CELEB_COMPONENT_000,,train
CELEBDF_0001487,Celeb-DF v2,Celeb-synthesis/id20_id32_0006.mp4,1,328,844,452,FMP4,0.87,DeepFake,Celeb-synthesis,id20,id32,,CELEB_COMPONENT_000,,train
CELEBDF_0001488,Celeb-DF v2,Celeb-synthesis/id20_id32_0007.mp4,1,347,672,500,FMP4,1.69,DeepFake,Celeb-synthesis,id20,id32,,CELEB_COMPONENT_000,,train
CELEBDF_0001489,Celeb-DF v2,Celeb-synthesis/id20_id32_0008.mp4,1,338,674,500,FMP4,0.95,DeepFake,Celeb-synthesis,id20,id32,,CELEB_COMPONENT_000,,train
CELEBDF_0001490,Celeb-DF v2,Celeb-synthesis/id20_id32_0009.mp4,1,334,666,500,FMP4,1.09,DeepFake,Celeb-synthesis,id20,id32,,CELEB_COMPONENT_000,,train
CELEBDF_0001491,Celeb-DF v2,Celeb-synthesis/id20_id33_0000.mp4,1,315,856,476,FMP4,0.76,DeepFake,Celeb-synthesis,id20,id33,,CELEB_COMPONENT_000,,train
CELEBDF_0001492,Celeb-DF v2,Celeb-synthesis/id20_id33_0001.mp4,1,306,856,476,FMP4,1.46,DeepFake,Celeb-synthesis,id20,id33,,CELEB_COMPONENT_000,,train
CELEBDF_0001493,Celeb-DF v2,Celeb-synthesis/id20_id33_0002.mp4,1,311,620,500,FMP4,1.28,DeepFake,Celeb-synthesis,id20,id33,,CELEB_COMPONENT_000,,train
CELEBDF_0001494,Celeb-DF v2,Celeb-synthesis/id20_id33_0003.mp4,1,337,844,452,FMP4,1.02,DeepFake,Celeb-synthesis,id20,id33,,CELEB_COMPONENT_000,,train
CELEBDF_0001495,Celeb-DF v2,Celeb-synthesis/id20_id33_0005.mp4,1,324,844,452,FMP4,0.81,DeepFake,Celeb-synthesis,id20,id33,,CELEB_COMPONENT_000,,train
CELEBDF_0001496,Celeb-DF v2,Celeb-synthesis/id20_id33_0006.mp4,1,328,844,452,FMP4,0.87,DeepFake,Celeb-synthesis,id20,id33,,CELEB_COMPONENT_000,,train
CELEBDF_0001497,Celeb-DF v2,Celeb-synthesis/id20_id33_0007.mp4,1,347,672,500,FMP4,1.68,DeepFake,Celeb-synthesis,id20,id33,,CELEB_COMPONENT_000,,train
CELEBDF_0001498,Celeb-DF v2,Celeb-synthesis/id20_id33_0008.mp4,1,338,674,500,FMP4,0.96,DeepFake,Celeb-synthesis,id20,id33,,CELEB_COMPONENT_000,,train
CELEBDF_0001499,Celeb-DF v2,Celeb-synthesis/id20_id33_0009.mp4,1,334,666,500,FMP4,1.08,DeepFake,Celeb-synthesis,id20,id33,,CELEB_COMPONENT_000,,train
CELEBDF_0001500,Celeb-DF v2,Celeb-synthesis/id20_id34_0000.mp4,1,315,856,476,FMP4,0.77,DeepFake,Celeb-synthesis,id20,id34,,CELEB_COMPONENT_000,,train
CELEBDF_0001501,Celeb-DF v2,Celeb-synthesis/id20_id34_0002.mp4,1,311,620,500,FMP4,1.28,DeepFake,Celeb-synthesis,id20,id34,,CELEB_COMPONENT_000,,train
CELEBDF_0001502,Celeb-DF v2,Celeb-synthesis/id20_id34_0003.mp4,1,337,844,452,FMP4,1.02,DeepFake,Celeb-synthesis,id20,id34,,CELEB_COMPONENT_000,,train
CELEBDF_0001503,Celeb-DF v2,Celeb-synthesis/id20_id34_0006.mp4,1,328,844,452,FMP4,0.87,DeepFake,Celeb-synthesis,id20,id34,,CELEB_COMPONENT_000,,train
CELEBDF_0001504,Celeb-DF v2,Celeb-synthesis/id20_id34_0008.mp4,1,338,674,500,FMP4,0.95,DeepFake,Celeb-synthesis,id20,id34,,CELEB_COMPONENT_000,,train
CELEBDF_0001505,Celeb-DF v2,Celeb-synthesis/id20_id34_0009.mp4,1,334,666,500,FMP4,1.09,DeepFake,Celeb-synthesis,id20,id34,,CELEB_COMPONENT_000,,train
CELEBDF_0001506,Celeb-DF v2,Celeb-synthesis/id20_id35_0000.mp4,1,315,856,476,FMP4,0.76,DeepFake,Celeb-synthesis,id20,id35,,CELEB_COMPONENT_000,,train
CELEBDF_0001507,Celeb-DF v2,Celeb-synthesis/id20_id35_0001.mp4,1,306,856,476,FMP4,1.45,DeepFake,Celeb-synthesis,id20,id35,,CELEB_COMPONENT_000,,train
CELEBDF_0001508,Celeb-DF v2,Celeb-synthesis/id20_id35_0002.mp4,1,311,620,500,FMP4,1.28,DeepFake,Celeb-synthesis,id20,id35,,CELEB_COMPONENT_000,,train
CELEBDF_0001509,Celeb-DF v2,Celeb-synthesis/id20_id35_0003.mp4,1,337,844,452,FMP4,1.02,DeepFake,Celeb-synthesis,id20,id35,,CELEB_COMPONENT_000,,train
CELEBDF_0001510,Celeb-DF v2,Celeb-synthesis/id20_id35_0004.mp4,1,325,844,452,FMP4,0.86,DeepFake,Celeb-synthesis,id20,id35,,CELEB_COMPONENT_000,,train
CELEBDF_0001511,Celeb-DF v2,Celeb-synthesis/id20_id35_0005.mp4,1,324,844,452,FMP4,0.8,DeepFake,Celeb-synthesis,id20,id35,,CELEB_COMPONENT_000,,train
CELEBDF_0001512,Celeb-DF v2,Celeb-synthesis/id20_id35_0006.mp4,1,328,844,452,FMP4,0.87,DeepFake,Celeb-synthesis,id20,id35,,CELEB_COMPONENT_000,,train
CELEBDF_0001513,Celeb-DF v2,Celeb-synthesis/id20_id35_0007.mp4,1,347,672,500,FMP4,1.67,DeepFake,Celeb-synthesis,id20,id35,,CELEB_COMPONENT_000,,train
CELEBDF_0001514,Celeb-DF v2,Celeb-synthesis/id20_id35_0008.mp4,1,338,674,500,FMP4,0.95,DeepFake,Celeb-synthesis,id20,id35,,CELEB_COMPONENT_000,,train
CELEBDF_0001515,Celeb-DF v2,Celeb-synthesis/id20_id35_0009.mp4,1,334,666,500,FMP4,1.08,DeepFake,Celeb-synthesis,id20,id35,,CELEB_COMPONENT_000,,train
CELEBDF_0001516,Celeb-DF v2,Celeb-synthesis/id20_id37_0000.mp4,1,315,856,476,FMP4,0.76,DeepFake,Celeb-synthesis,id20,id37,,CELEB_COMPONENT_000,,train
CELEBDF_0001517,Celeb-DF v2,Celeb-synthesis/id20_id37_0002.mp4,1,311,620,500,FMP4,1.29,DeepFake,Celeb-synthesis,id20,id37,,CELEB_COMPONENT_000,,train
CELEBDF_0001518,Celeb-DF v2,Celeb-synthesis/id20_id37_0003.mp4,1,337,844,452,FMP4,1.02,DeepFake,Celeb-synthesis,id20,id37,,CELEB_COMPONENT_000,,train
CELEBDF_0001519,Celeb-DF v2,Celeb-synthesis/id20_id37_0004.mp4,1,325,844,452,FMP4,0.86,DeepFake,Celeb-synthesis,id20,id37,,CELEB_COMPONENT_000,,train
CELEBDF_0001520,Celeb-DF v2,Celeb-synthesis/id20_id37_0005.mp4,1,324,844,452,FMP4,0.81,DeepFake,Celeb-synthesis,id20,id37,,CELEB_COMPONENT_000,,train
CELEBDF_0001521,Celeb-DF v2,Celeb-synthesis/id20_id37_0006.mp4,1,328,844,452,FMP4,0.88,DeepFake,Celeb-synthesis,id20,id37,,CELEB_COMPONENT_000,,train
CELEBDF_0001522,Celeb-DF v2,Celeb-synthesis/id20_id37_0007.mp4,1,347,672,500,FMP4,1.68,DeepFake,Celeb-synthesis,id20,id37,,CELEB_COMPONENT_000,,train
CELEBDF_0001523,Celeb-DF v2,Celeb-synthesis/id20_id37_0008.mp4,1,338,674,500,FMP4,0.95,DeepFake,Celeb-synthesis,id20,id37,,CELEB_COMPONENT_000,,train
CELEBDF_0001524,Celeb-DF v2,Celeb-synthesis/id20_id37_0009.mp4,1,334,666,500,FMP4,1.09,DeepFake,Celeb-synthesis,id20,id37,,CELEB_COMPONENT_000,,train
CELEBDF_0001525,Celeb-DF v2,Celeb-synthesis/id20_id38_0000.mp4,1,315,856,476,FMP4,0.76,DeepFake,Celeb-synthesis,id20,id38,,CELEB_COMPONENT_000,,train
CELEBDF_0001526,Celeb-DF v2,Celeb-synthesis/id20_id38_0002.mp4,1,311,620,500,FMP4,1.28,DeepFake,Celeb-synthesis,id20,id38,,CELEB_COMPONENT_000,,train
CELEBDF_0001527,Celeb-DF v2,Celeb-synthesis/id20_id38_0006.mp4,1,328,844,452,FMP4,0.87,DeepFake,Celeb-synthesis,id20,id38,,CELEB_COMPONENT_000,,train
CELEBDF_0001528,Celeb-DF v2,Celeb-synthesis/id20_id38_0008.mp4,1,338,674,500,FMP4,0.94,DeepFake,Celeb-synthesis,id20,id38,,CELEB_COMPONENT_000,,train
CELEBDF_0001529,Celeb-DF v2,Celeb-synthesis/id20_id38_0009.mp4,1,334,666,500,FMP4,1.07,DeepFake,Celeb-synthesis,id20,id38,,CELEB_COMPONENT_000,,train
CELEBDF_0001530,Celeb-DF v2,Celeb-synthesis/id20_id3_0000.mp4,1,315,856,476,FMP4,0.77,DeepFake,Celeb-synthesis,id20,id3,,CELEB_COMPONENT_000,,train
CELEBDF_0001531,Celeb-DF v2,Celeb-synthesis/id20_id3_0001.mp4,1,306,856,476,FMP4,1.46,DeepFake,Celeb-synthesis,id20,id3,,CELEB_COMPONENT_000,,train
CELEBDF_0001532,Celeb-DF v2,Celeb-synthesis/id20_id3_0002.mp4,1,311,620,500,FMP4,1.3,DeepFake,Celeb-synthesis,id20,id3,,CELEB_COMPONENT_000,,train
CELEBDF_0001533,Celeb-DF v2,Celeb-synthesis/id20_id3_0003.mp4,1,337,844,452,FMP4,1.02,DeepFake,Celeb-synthesis,id20,id3,,CELEB_COMPONENT_000,,train
CELEBDF_0001534,Celeb-DF v2,Celeb-synthesis/id20_id3_0004.mp4,1,325,844,452,FMP4,0.87,DeepFake,Celeb-synthesis,id20,id3,,CELEB_COMPONENT_000,,train
CELEBDF_0001535,Celeb-DF v2,Celeb-synthesis/id20_id3_0005.mp4,1,324,844,452,FMP4,0.82,DeepFake,Celeb-synthesis,id20,id3,,CELEB_COMPONENT_000,,train
CELEBDF_0001536,Celeb-DF v2,Celeb-synthesis/id20_id3_0006.mp4,1,328,844,452,FMP4,0.88,DeepFake,Celeb-synthesis,id20,id3,,CELEB_COMPONENT_000,,train
CELEBDF_0001537,Celeb-DF v2,Celeb-synthesis/id20_id3_0007.mp4,1,347,672,500,FMP4,1.7,DeepFake,Celeb-synthesis,id20,id3,,CELEB_COMPONENT_000,,train
CELEBDF_0001538,Celeb-DF v2,Celeb-synthesis/id20_id3_0008.mp4,1,338,674,500,FMP4,0.96,DeepFake,Celeb-synthesis,id20,id3,,CELEB_COMPONENT_000,,train
CELEBDF_0001539,Celeb-DF v2,Celeb-synthesis/id20_id3_0009.mp4,1,334,666,500,FMP4,1.11,DeepFake,Celeb-synthesis,id20,id3,,CELEB_COMPONENT_000,,train
CELEBDF_0001540,Celeb-DF v2,Celeb-synthesis/id20_id4_0000.mp4,1,315,856,476,FMP4,0.76,DeepFake,Celeb-synthesis,id20,id4,,CELEB_COMPONENT_000,,train
CELEBDF_0001541,Celeb-DF v2,Celeb-synthesis/id20_id4_0001.mp4,1,306,856,476,FMP4,1.45,DeepFake,Celeb-synthesis,id20,id4,,CELEB_COMPONENT_000,,train
CELEBDF_0001542,Celeb-DF v2,Celeb-synthesis/id20_id4_0002.mp4,1,311,620,500,FMP4,1.29,DeepFake,Celeb-synthesis,id20,id4,,CELEB_COMPONENT_000,,train
CELEBDF_0001543,Celeb-DF v2,Celeb-synthesis/id20_id4_0003.mp4,1,337,844,452,FMP4,1.02,DeepFake,Celeb-synthesis,id20,id4,,CELEB_COMPONENT_000,,train
CELEBDF_0001544,Celeb-DF v2,Celeb-synthesis/id20_id4_0004.mp4,1,325,844,452,FMP4,0.86,DeepFake,Celeb-synthesis,id20,id4,,CELEB_COMPONENT_000,,train
CELEBDF_0001545,Celeb-DF v2,Celeb-synthesis/id20_id4_0005.mp4,1,324,844,452,FMP4,0.8,DeepFake,Celeb-synthesis,id20,id4,,CELEB_COMPONENT_000,,train
CELEBDF_0001546,Celeb-DF v2,Celeb-synthesis/id20_id4_0006.mp4,1,328,844,452,FMP4,0.87,DeepFake,Celeb-synthesis,id20,id4,,CELEB_COMPONENT_000,,train
CELEBDF_0001547,Celeb-DF v2,Celeb-synthesis/id20_id4_0007.mp4,1,347,672,500,FMP4,1.68,DeepFake,Celeb-synthesis,id20,id4,,CELEB_COMPONENT_000,,train
CELEBDF_0001548,Celeb-DF v2,Celeb-synthesis/id20_id4_0008.mp4,1,338,674,500,FMP4,0.95,DeepFake,Celeb-synthesis,id20,id4,,CELEB_COMPONENT_000,,train
CELEBDF_0001549,Celeb-DF v2,Celeb-synthesis/id20_id4_0009.mp4,1,334,666,500,FMP4,1.07,DeepFake,Celeb-synthesis,id20,id4,,CELEB_COMPONENT_000,,train
CELEBDF_0001550,Celeb-DF v2,Celeb-synthesis/id20_id6_0000.mp4,1,315,856,476,FMP4,0.77,DeepFake,Celeb-synthesis,id20,id6,,CELEB_COMPONENT_000,,train
CELEBDF_0001551,Celeb-DF v2,Celeb-synthesis/id20_id6_0005.mp4,1,324,844,452,FMP4,0.8,DeepFake,Celeb-synthesis,id20,id6,,CELEB_COMPONENT_000,,train
CELEBDF_0001552,Celeb-DF v2,Celeb-synthesis/id20_id6_0006.mp4,1,328,844,452,FMP4,0.87,DeepFake,Celeb-synthesis,id20,id6,,CELEB_COMPONENT_000,,train
CELEBDF_0001553,Celeb-DF v2,Celeb-synthesis/id20_id6_0008.mp4,1,338,674,500,FMP4,0.95,DeepFake,Celeb-synthesis,id20,id6,,CELEB_COMPONENT_000,,train
CELEBDF_0001554,Celeb-DF v2,Celeb-synthesis/id20_id6_0009.mp4,1,334,666,500,FMP4,1.09,DeepFake,Celeb-synthesis,id20,id6,,CELEB_COMPONENT_000,,train
CELEBDF_0001555,Celeb-DF v2,Celeb-synthesis/id20_id9_0000.mp4,1,315,856,476,FMP4,0.77,DeepFake,Celeb-synthesis,id20,id9,,CELEB_COMPONENT_000,,train
CELEBDF_0001556,Celeb-DF v2,Celeb-synthesis/id20_id9_0001.mp4,1,306,856,476,FMP4,1.47,DeepFake,Celeb-synthesis,id20,id9,,CELEB_COMPONENT_000,,train
CELEBDF_0001557,Celeb-DF v2,Celeb-synthesis/id20_id9_0002.mp4,1,311,620,500,FMP4,1.29,DeepFake,Celeb-synthesis,id20,id9,,CELEB_COMPONENT_000,,train
CELEBDF_0001558,Celeb-DF v2,Celeb-synthesis/id20_id9_0003.mp4,1,337,844,452,FMP4,1.03,DeepFake,Celeb-synthesis,id20,id9,,CELEB_COMPONENT_000,,train
CELEBDF_0001559,Celeb-DF v2,Celeb-synthesis/id20_id9_0004.mp4,1,325,844,452,FMP4,0.87,DeepFake,Celeb-synthesis,id20,id9,,CELEB_COMPONENT_000,,train
CELEBDF_0001560,Celeb-DF v2,Celeb-synthesis/id20_id9_0005.mp4,1,324,844,452,FMP4,0.81,DeepFake,Celeb-synthesis,id20,id9,,CELEB_COMPONENT_000,,train
CELEBDF_0001561,Celeb-DF v2,Celeb-synthesis/id20_id9_0006.mp4,1,328,844,452,FMP4,0.88,DeepFake,Celeb-synthesis,id20,id9,,CELEB_COMPONENT_000,,train
CELEBDF_0001562,Celeb-DF v2,Celeb-synthesis/id20_id9_0007.mp4,1,347,672,500,FMP4,1.7,DeepFake,Celeb-synthesis,id20,id9,,CELEB_COMPONENT_000,,train
CELEBDF_0001563,Celeb-DF v2,Celeb-synthesis/id20_id9_0008.mp4,1,338,674,500,FMP4,0.98,DeepFake,Celeb-synthesis,id20,id9,,CELEB_COMPONENT_000,,train
CELEBDF_0001564,Celeb-DF v2,Celeb-synthesis/id20_id9_0009.mp4,1,334,666,500,FMP4,1.12,DeepFake,Celeb-synthesis,id20,id9,,CELEB_COMPONENT_000,,train
CELEBDF_0001565,Celeb-DF v2,Celeb-synthesis/id21_id0_0000.mp4,1,234,852,480,FMP4,1.21,DeepFake,Celeb-synthesis,id21,id0,,CELEB_COMPONENT_000,,train
CELEBDF_0001566,Celeb-DF v2,Celeb-synthesis/id21_id0_0002.mp4,1,334,852,480,FMP4,0.79,DeepFake,Celeb-synthesis,id21,id0,,CELEB_COMPONENT_000,,train
CELEBDF_0001567,Celeb-DF v2,Celeb-synthesis/id21_id0_0004.mp4,1,225,812,456,FMP4,0.44,DeepFake,Celeb-synthesis,id21,id0,,CELEB_COMPONENT_000,,train
CELEBDF_0001568,Celeb-DF v2,Celeb-synthesis/id21_id0_0005.mp4,1,165,812,456,FMP4,0.41,DeepFake,Celeb-synthesis,id21,id0,,CELEB_COMPONENT_000,,train
CELEBDF_0001569,Celeb-DF v2,Celeb-synthesis/id21_id0_0006.mp4,1,359,812,456,FMP4,1.05,DeepFake,Celeb-synthesis,id21,id0,,CELEB_COMPONENT_000,,train
CELEBDF_0001570,Celeb-DF v2,Celeb-synthesis/id21_id0_0007.mp4,1,317,812,456,FMP4,0.91,DeepFake,Celeb-synthesis,id21,id0,,CELEB_COMPONENT_000,,train
CELEBDF_0001571,Celeb-DF v2,Celeb-synthesis/id21_id0_0008.mp4,1,322,472,500,FMP4,0.58,DeepFake,Celeb-synthesis,id21,id0,,CELEB_COMPONENT_000,,train
CELEBDF_0001572,Celeb-DF v2,Celeb-synthesis/id21_id0_0009.mp4,1,319,662,500,FMP4,0.97,DeepFake,Celeb-synthesis,id21,id0,,CELEB_COMPONENT_000,,train
CELEBDF_0001573,Celeb-DF v2,Celeb-synthesis/id21_id16_0000.mp4,1,234,852,480,FMP4,1.21,DeepFake,Celeb-synthesis,id21,id16,,CELEB_COMPONENT_000,,train
CELEBDF_0001574,Celeb-DF v2,Celeb-synthesis/id21_id16_0001.mp4,1,262,852,480,FMP4,0.84,DeepFake,Celeb-synthesis,id21,id16,,CELEB_COMPONENT_000,,train
CELEBDF_0001575,Celeb-DF v2,Celeb-synthesis/id21_id16_0002.mp4,1,334,852,480,FMP4,0.79,DeepFake,Celeb-synthesis,id21,id16,,CELEB_COMPONENT_000,,train
CELEBDF_0001576,Celeb-DF v2,Celeb-synthesis/id21_id16_0004.mp4,1,225,812,456,FMP4,0.44,DeepFake,Celeb-synthesis,id21,id16,,CELEB_COMPONENT_000,,train
CELEBDF_0001577,Celeb-DF v2,Celeb-synthesis/id21_id16_0005.mp4,1,165,812,456,FMP4,0.41,DeepFake,Celeb-synthesis,id21,id16,,CELEB_COMPONENT_000,,train
CELEBDF_0001578,Celeb-DF v2,Celeb-synthesis/id21_id16_0006.mp4,1,359,812,456,FMP4,1.07,DeepFake,Celeb-synthesis,id21,id16,,CELEB_COMPONENT_000,,train
CELEBDF_0001579,Celeb-DF v2,Celeb-synthesis/id21_id16_0007.mp4,1,317,812,456,FMP4,0.91,DeepFake,Celeb-synthesis,id21,id16,,CELEB_COMPONENT_000,,train
CELEBDF_0001580,Celeb-DF v2,Celeb-synthesis/id21_id16_0008.mp4,1,322,472,500,FMP4,0.59,DeepFake,Celeb-synthesis,id21,id16,,CELEB_COMPONENT_000,,train
CELEBDF_0001581,Celeb-DF v2,Celeb-synthesis/id21_id16_0009.mp4,1,319,662,500,FMP4,0.97,DeepFake,Celeb-synthesis,id21,id16,,CELEB_COMPONENT_000,,train
CELEBDF_0001582,Celeb-DF v2,Celeb-synthesis/id21_id17_0000.mp4,1,234,852,480,FMP4,1.21,DeepFake,Celeb-synthesis,id21,id17,,CELEB_COMPONENT_000,,train
CELEBDF_0001583,Celeb-DF v2,Celeb-synthesis/id21_id17_0001.mp4,1,262,852,480,FMP4,0.84,DeepFake,Celeb-synthesis,id21,id17,,CELEB_COMPONENT_000,,train
CELEBDF_0001584,Celeb-DF v2,Celeb-synthesis/id21_id17_0002.mp4,1,334,852,480,FMP4,0.79,DeepFake,Celeb-synthesis,id21,id17,,CELEB_COMPONENT_000,,train
CELEBDF_0001585,Celeb-DF v2,Celeb-synthesis/id21_id17_0004.mp4,1,225,812,456,FMP4,0.44,DeepFake,Celeb-synthesis,id21,id17,,CELEB_COMPONENT_000,,train
CELEBDF_0001586,Celeb-DF v2,Celeb-synthesis/id21_id17_0005.mp4,1,165,812,456,FMP4,0.41,DeepFake,Celeb-synthesis,id21,id17,,CELEB_COMPONENT_000,,train
CELEBDF_0001587,Celeb-DF v2,Celeb-synthesis/id21_id17_0006.mp4,1,359,812,456,FMP4,1.06,DeepFake,Celeb-synthesis,id21,id17,,CELEB_COMPONENT_000,,train
CELEBDF_0001588,Celeb-DF v2,Celeb-synthesis/id21_id17_0007.mp4,1,317,812,456,FMP4,0.91,DeepFake,Celeb-synthesis,id21,id17,,CELEB_COMPONENT_000,,train
CELEBDF_0001589,Celeb-DF v2,Celeb-synthesis/id21_id17_0008.mp4,1,322,472,500,FMP4,0.58,DeepFake,Celeb-synthesis,id21,id17,,CELEB_COMPONENT_000,,train
CELEBDF_0001590,Celeb-DF v2,Celeb-synthesis/id21_id17_0009.mp4,1,319,662,500,FMP4,0.97,DeepFake,Celeb-synthesis,id21,id17,,CELEB_COMPONENT_000,,train
CELEBDF_0001591,Celeb-DF v2,Celeb-synthesis/id21_id19_0002.mp4,1,334,852,480,FMP4,0.79,DeepFake,Celeb-synthesis,id21,id19,,CELEB_COMPONENT_000,,train
CELEBDF_0001592,Celeb-DF v2,Celeb-synthesis/id21_id19_0005.mp4,1,165,812,456,FMP4,0.41,DeepFake,Celeb-synthesis,id21,id19,,CELEB_COMPONENT_000,,train
CELEBDF_0001593,Celeb-DF v2,Celeb-synthesis/id21_id19_0007.mp4,1,317,812,456,FMP4,0.91,DeepFake,Celeb-synthesis,id21,id19,,CELEB_COMPONENT_000,,train
CELEBDF_0001594,Celeb-DF v2,Celeb-synthesis/id21_id19_0008.mp4,1,322,472,500,FMP4,0.59,DeepFake,Celeb-synthesis,id21,id19,,CELEB_COMPONENT_000,,train
CELEBDF_0001595,Celeb-DF v2,Celeb-synthesis/id21_id19_0009.mp4,1,319,662,500,FMP4,0.96,DeepFake,Celeb-synthesis,id21,id19,,CELEB_COMPONENT_000,,train
CELEBDF_0001596,Celeb-DF v2,Celeb-synthesis/id21_id1_0000.mp4,1,234,852,480,FMP4,1.21,DeepFake,Celeb-synthesis,id21,id1,,CELEB_COMPONENT_000,,train
CELEBDF_0001597,Celeb-DF v2,Celeb-synthesis/id21_id1_0001.mp4,1,262,852,480,FMP4,0.85,DeepFake,Celeb-synthesis,id21,id1,,CELEB_COMPONENT_000,,train
CELEBDF_0001598,Celeb-DF v2,Celeb-synthesis/id21_id1_0002.mp4,1,334,852,480,FMP4,0.79,DeepFake,Celeb-synthesis,id21,id1,,CELEB_COMPONENT_000,,train
CELEBDF_0001599,Celeb-DF v2,Celeb-synthesis/id21_id1_0004.mp4,1,225,812,456,FMP4,0.44,DeepFake,Celeb-synthesis,id21,id1,,CELEB_COMPONENT_000,,train
CELEBDF_0001600,Celeb-DF v2,Celeb-synthesis/id21_id1_0005.mp4,1,165,812,456,FMP4,0.41,DeepFake,Celeb-synthesis,id21,id1,,CELEB_COMPONENT_000,,train
CELEBDF_0001601,Celeb-DF v2,Celeb-synthesis/id21_id1_0006.mp4,1,359,812,456,FMP4,1.05,DeepFake,Celeb-synthesis,id21,id1,,CELEB_COMPONENT_000,,train
CELEBDF_0001602,Celeb-DF v2,Celeb-synthesis/id21_id1_0007.mp4,1,317,812,456,FMP4,0.91,DeepFake,Celeb-synthesis,id21,id1,,CELEB_COMPONENT_000,,train
CELEBDF_0001603,Celeb-DF v2,Celeb-synthesis/id21_id1_0008.mp4,1,322,472,500,FMP4,0.59,DeepFake,Celeb-synthesis,id21,id1,,CELEB_COMPONENT_000,,train
CELEBDF_0001604,Celeb-DF v2,Celeb-synthesis/id21_id1_0009.mp4,1,319,662,500,FMP4,0.96,DeepFake,Celeb-synthesis,id21,id1,,CELEB_COMPONENT_000,,train
CELEBDF_0001605,Celeb-DF v2,Celeb-synthesis/id21_id20_0000.mp4,1,234,852,480,FMP4,1.2,DeepFake,Celeb-synthesis,id21,id20,,CELEB_COMPONENT_000,,train
CELEBDF_0001606,Celeb-DF v2,Celeb-synthesis/id21_id20_0001.mp4,1,262,852,480,FMP4,0.85,DeepFake,Celeb-synthesis,id21,id20,,CELEB_COMPONENT_000,,train
CELEBDF_0001607,Celeb-DF v2,Celeb-synthesis/id21_id20_0002.mp4,1,334,852,480,FMP4,0.78,DeepFake,Celeb-synthesis,id21,id20,,CELEB_COMPONENT_000,,train
CELEBDF_0001608,Celeb-DF v2,Celeb-synthesis/id21_id20_0005.mp4,1,165,812,456,FMP4,0.41,DeepFake,Celeb-synthesis,id21,id20,,CELEB_COMPONENT_000,,train
CELEBDF_0001609,Celeb-DF v2,Celeb-synthesis/id21_id20_0006.mp4,1,359,812,456,FMP4,1.06,DeepFake,Celeb-synthesis,id21,id20,,CELEB_COMPONENT_000,,train
CELEBDF_0001610,Celeb-DF v2,Celeb-synthesis/id21_id20_0007.mp4,1,317,812,456,FMP4,0.91,DeepFake,Celeb-synthesis,id21,id20,,CELEB_COMPONENT_000,,train
CELEBDF_0001611,Celeb-DF v2,Celeb-synthesis/id21_id20_0008.mp4,1,322,472,500,FMP4,0.58,DeepFake,Celeb-synthesis,id21,id20,,CELEB_COMPONENT_000,,train
CELEBDF_0001612,Celeb-DF v2,Celeb-synthesis/id21_id20_0009.mp4,1,319,662,500,FMP4,0.97,DeepFake,Celeb-synthesis,id21,id20,,CELEB_COMPONENT_000,,train
CELEBDF_0001613,Celeb-DF v2,Celeb-synthesis/id21_id22_0002.mp4,1,334,852,480,FMP4,0.79,DeepFake,Celeb-synthesis,id21,id22,,CELEB_COMPONENT_000,,train
CELEBDF_0001614,Celeb-DF v2,Celeb-synthesis/id21_id22_0005.mp4,1,165,812,456,FMP4,0.41,DeepFake,Celeb-synthesis,id21,id22,,CELEB_COMPONENT_000,,train
CELEBDF_0001615,Celeb-DF v2,Celeb-synthesis/id21_id22_0006.mp4,1,359,812,456,FMP4,1.07,DeepFake,Celeb-synthesis,id21,id22,,CELEB_COMPONENT_000,,train
CELEBDF_0001616,Celeb-DF v2,Celeb-synthesis/id21_id22_0008.mp4,1,322,472,500,FMP4,0.58,DeepFake,Celeb-synthesis,id21,id22,,CELEB_COMPONENT_000,,train
CELEBDF_0001617,Celeb-DF v2,Celeb-synthesis/id21_id23_0000.mp4,1,234,852,480,FMP4,1.2,DeepFake,Celeb-synthesis,id21,id23,,CELEB_COMPONENT_000,,train
CELEBDF_0001618,Celeb-DF v2,Celeb-synthesis/id21_id23_0001.mp4,1,262,852,480,FMP4,0.84,DeepFake,Celeb-synthesis,id21,id23,,CELEB_COMPONENT_000,,train
CELEBDF_0001619,Celeb-DF v2,Celeb-synthesis/id21_id23_0002.mp4,1,334,852,480,FMP4,0.78,DeepFake,Celeb-synthesis,id21,id23,,CELEB_COMPONENT_000,,train
CELEBDF_0001620,Celeb-DF v2,Celeb-synthesis/id21_id23_0005.mp4,1,165,812,456,FMP4,0.41,DeepFake,Celeb-synthesis,id21,id23,,CELEB_COMPONENT_000,,train
CELEBDF_0001621,Celeb-DF v2,Celeb-synthesis/id21_id23_0006.mp4,1,359,812,456,FMP4,1.04,DeepFake,Celeb-synthesis,id21,id23,,CELEB_COMPONENT_000,,train
CELEBDF_0001622,Celeb-DF v2,Celeb-synthesis/id21_id23_0007.mp4,1,317,812,456,FMP4,0.91,DeepFake,Celeb-synthesis,id21,id23,,CELEB_COMPONENT_000,,train
CELEBDF_0001623,Celeb-DF v2,Celeb-synthesis/id21_id23_0008.mp4,1,322,472,500,FMP4,0.58,DeepFake,Celeb-synthesis,id21,id23,,CELEB_COMPONENT_000,,train
CELEBDF_0001624,Celeb-DF v2,Celeb-synthesis/id21_id23_0009.mp4,1,319,662,500,FMP4,0.96,DeepFake,Celeb-synthesis,id21,id23,,CELEB_COMPONENT_000,,train
CELEBDF_0001625,Celeb-DF v2,Celeb-synthesis/id21_id24_0000.mp4,1,234,852,480,FMP4,1.2,DeepFake,Celeb-synthesis,id21,id24,,CELEB_COMPONENT_000,,train
CELEBDF_0001626,Celeb-DF v2,Celeb-synthesis/id21_id24_0001.mp4,1,262,852,480,FMP4,0.84,DeepFake,Celeb-synthesis,id21,id24,,CELEB_COMPONENT_000,,train
CELEBDF_0001627,Celeb-DF v2,Celeb-synthesis/id21_id24_0002.mp4,1,334,852,480,FMP4,0.78,DeepFake,Celeb-synthesis,id21,id24,,CELEB_COMPONENT_000,,train
CELEBDF_0001628,Celeb-DF v2,Celeb-synthesis/id21_id24_0005.mp4,1,165,812,456,FMP4,0.41,DeepFake,Celeb-synthesis,id21,id24,,CELEB_COMPONENT_000,,train
CELEBDF_0001629,Celeb-DF v2,Celeb-synthesis/id21_id24_0006.mp4,1,359,812,456,FMP4,1.05,DeepFake,Celeb-synthesis,id21,id24,,CELEB_COMPONENT_000,,train
CELEBDF_0001630,Celeb-DF v2,Celeb-synthesis/id21_id24_0007.mp4,1,317,812,456,FMP4,0.9,DeepFake,Celeb-synthesis,id21,id24,,CELEB_COMPONENT_000,,train
CELEBDF_0001631,Celeb-DF v2,Celeb-synthesis/id21_id24_0008.mp4,1,322,472,500,FMP4,0.58,DeepFake,Celeb-synthesis,id21,id24,,CELEB_COMPONENT_000,,train
CELEBDF_0001632,Celeb-DF v2,Celeb-synthesis/id21_id24_0009.mp4,1,319,662,500,FMP4,0.96,DeepFake,Celeb-synthesis,id21,id24,,CELEB_COMPONENT_000,,train
CELEBDF_0001633,Celeb-DF v2,Celeb-synthesis/id21_id25_0002.mp4,1,334,852,480,FMP4,0.79,DeepFake,Celeb-synthesis,id21,id25,,CELEB_COMPONENT_000,,train
CELEBDF_0001634,Celeb-DF v2,Celeb-synthesis/id21_id25_0005.mp4,1,165,812,456,FMP4,0.41,DeepFake,Celeb-synthesis,id21,id25,,CELEB_COMPONENT_000,,train
CELEBDF_0001635,Celeb-DF v2,Celeb-synthesis/id21_id25_0006.mp4,1,359,812,456,FMP4,1.05,DeepFake,Celeb-synthesis,id21,id25,,CELEB_COMPONENT_000,,train
CELEBDF_0001636,Celeb-DF v2,Celeb-synthesis/id21_id25_0007.mp4,1,317,812,456,FMP4,0.9,DeepFake,Celeb-synthesis,id21,id25,,CELEB_COMPONENT_000,,train
CELEBDF_0001637,Celeb-DF v2,Celeb-synthesis/id21_id25_0008.mp4,1,322,472,500,FMP4,0.58,DeepFake,Celeb-synthesis,id21,id25,,CELEB_COMPONENT_000,,train
CELEBDF_0001638,Celeb-DF v2,Celeb-synthesis/id21_id25_0009.mp4,1,319,662,500,FMP4,0.97,DeepFake,Celeb-synthesis,id21,id25,,CELEB_COMPONENT_000,,train
CELEBDF_0001639,Celeb-DF v2,Celeb-synthesis/id21_id26_0002.mp4,1,334,852,480,FMP4,0.79,DeepFake,Celeb-synthesis,id21,id26,,CELEB_COMPONENT_000,,train
CELEBDF_0001640,Celeb-DF v2,Celeb-synthesis/id21_id26_0005.mp4,1,165,812,456,FMP4,0.41,DeepFake,Celeb-synthesis,id21,id26,,CELEB_COMPONENT_000,,train
CELEBDF_0001641,Celeb-DF v2,Celeb-synthesis/id21_id26_0006.mp4,1,359,812,456,FMP4,1.06,DeepFake,Celeb-synthesis,id21,id26,,CELEB_COMPONENT_000,,train
CELEBDF_0001642,Celeb-DF v2,Celeb-synthesis/id21_id26_0008.mp4,1,322,472,500,FMP4,0.58,DeepFake,Celeb-synthesis,id21,id26,,CELEB_COMPONENT_000,,train
CELEBDF_0001643,Celeb-DF v2,Celeb-synthesis/id21_id26_0009.mp4,1,319,662,500,FMP4,0.97,DeepFake,Celeb-synthesis,id21,id26,,CELEB_COMPONENT_000,,train
CELEBDF_0001644,Celeb-DF v2,Celeb-synthesis/id21_id27_0000.mp4,1,234,852,480,FMP4,1.2,DeepFake,Celeb-synthesis,id21,id27,,CELEB_COMPONENT_000,,train
CELEBDF_0001645,Celeb-DF v2,Celeb-synthesis/id21_id27_0001.mp4,1,262,852,480,FMP4,0.84,DeepFake,Celeb-synthesis,id21,id27,,CELEB_COMPONENT_000,,train
CELEBDF_0001646,Celeb-DF v2,Celeb-synthesis/id21_id27_0002.mp4,1,334,852,480,FMP4,0.78,DeepFake,Celeb-synthesis,id21,id27,,CELEB_COMPONENT_000,,train
CELEBDF_0001647,Celeb-DF v2,Celeb-synthesis/id21_id27_0005.mp4,1,165,812,456,FMP4,0.41,DeepFake,Celeb-synthesis,id21,id27,,CELEB_COMPONENT_000,,train
CELEBDF_0001648,Celeb-DF v2,Celeb-synthesis/id21_id27_0006.mp4,1,359,812,456,FMP4,1.05,DeepFake,Celeb-synthesis,id21,id27,,CELEB_COMPONENT_000,,train
CELEBDF_0001649,Celeb-DF v2,Celeb-synthesis/id21_id27_0007.mp4,1,317,812,456,FMP4,0.9,DeepFake,Celeb-synthesis,id21,id27,,CELEB_COMPONENT_000,,train
CELEBDF_0001650,Celeb-DF v2,Celeb-synthesis/id21_id27_0008.mp4,1,322,472,500,FMP4,0.58,DeepFake,Celeb-synthesis,id21,id27,,CELEB_COMPONENT_000,,train
CELEBDF_0001651,Celeb-DF v2,Celeb-synthesis/id21_id27_0009.mp4,1,319,662,500,FMP4,0.96,DeepFake,Celeb-synthesis,id21,id27,,CELEB_COMPONENT_000,,train
CELEBDF_0001652,Celeb-DF v2,Celeb-synthesis/id21_id28_0000.mp4,1,234,852,480,FMP4,1.21,DeepFake,Celeb-synthesis,id21,id28,,CELEB_COMPONENT_000,,train
CELEBDF_0001653,Celeb-DF v2,Celeb-synthesis/id21_id28_0001.mp4,1,262,852,480,FMP4,0.84,DeepFake,Celeb-synthesis,id21,id28,,CELEB_COMPONENT_000,,train
CELEBDF_0001654,Celeb-DF v2,Celeb-synthesis/id21_id28_0002.mp4,1,334,852,480,FMP4,0.79,DeepFake,Celeb-synthesis,id21,id28,,CELEB_COMPONENT_000,,train
CELEBDF_0001655,Celeb-DF v2,Celeb-synthesis/id21_id28_0005.mp4,1,165,812,456,FMP4,0.41,DeepFake,Celeb-synthesis,id21,id28,,CELEB_COMPONENT_000,,train
CELEBDF_0001656,Celeb-DF v2,Celeb-synthesis/id21_id28_0006.mp4,1,359,812,456,FMP4,1.06,DeepFake,Celeb-synthesis,id21,id28,,CELEB_COMPONENT_000,,train
CELEBDF_0001657,Celeb-DF v2,Celeb-synthesis/id21_id28_0007.mp4,1,317,812,456,FMP4,0.91,DeepFake,Celeb-synthesis,id21,id28,,CELEB_COMPONENT_000,,train
CELEBDF_0001658,Celeb-DF v2,Celeb-synthesis/id21_id28_0008.mp4,1,322,472,500,FMP4,0.58,DeepFake,Celeb-synthesis,id21,id28,,CELEB_COMPONENT_000,,train
CELEBDF_0001659,Celeb-DF v2,Celeb-synthesis/id21_id28_0009.mp4,1,319,662,500,FMP4,0.97,DeepFake,Celeb-synthesis,id21,id28,,CELEB_COMPONENT_000,,train
CELEBDF_0001660,Celeb-DF v2,Celeb-synthesis/id21_id29_0000.mp4,1,234,852,480,FMP4,1.2,DeepFake,Celeb-synthesis,id21,id29,,CELEB_COMPONENT_000,,train
CELEBDF_0001661,Celeb-DF v2,Celeb-synthesis/id21_id29_0001.mp4,1,262,852,480,FMP4,0.84,DeepFake,Celeb-synthesis,id21,id29,,CELEB_COMPONENT_000,,train
CELEBDF_0001662,Celeb-DF v2,Celeb-synthesis/id21_id29_0002.mp4,1,334,852,480,FMP4,0.79,DeepFake,Celeb-synthesis,id21,id29,,CELEB_COMPONENT_000,,train
CELEBDF_0001663,Celeb-DF v2,Celeb-synthesis/id21_id29_0004.mp4,1,225,812,456,FMP4,0.44,DeepFake,Celeb-synthesis,id21,id29,,CELEB_COMPONENT_000,,train
CELEBDF_0001664,Celeb-DF v2,Celeb-synthesis/id21_id29_0005.mp4,1,165,812,456,FMP4,0.41,DeepFake,Celeb-synthesis,id21,id29,,CELEB_COMPONENT_000,,train
CELEBDF_0001665,Celeb-DF v2,Celeb-synthesis/id21_id29_0006.mp4,1,359,812,456,FMP4,1.05,DeepFake,Celeb-synthesis,id21,id29,,CELEB_COMPONENT_000,,train
CELEBDF_0001666,Celeb-DF v2,Celeb-synthesis/id21_id29_0007.mp4,1,317,812,456,FMP4,0.91,DeepFake,Celeb-synthesis,id21,id29,,CELEB_COMPONENT_000,,train
CELEBDF_0001667,Celeb-DF v2,Celeb-synthesis/id21_id29_0008.mp4,1,322,472,500,FMP4,0.58,DeepFake,Celeb-synthesis,id21,id29,,CELEB_COMPONENT_000,,train
CELEBDF_0001668,Celeb-DF v2,Celeb-synthesis/id21_id29_0009.mp4,1,319,662,500,FMP4,0.96,DeepFake,Celeb-synthesis,id21,id29,,CELEB_COMPONENT_000,,train
CELEBDF_0001669,Celeb-DF v2,Celeb-synthesis/id21_id2_0000.mp4,1,234,852,480,FMP4,1.21,DeepFake,Celeb-synthesis,id21,id2,,CELEB_COMPONENT_000,,train
CELEBDF_0001670,Celeb-DF v2,Celeb-synthesis/id21_id2_0001.mp4,1,262,852,480,FMP4,0.85,DeepFake,Celeb-synthesis,id21,id2,,CELEB_COMPONENT_000,,train
CELEBDF_0001671,Celeb-DF v2,Celeb-synthesis/id21_id2_0002.mp4,1,334,852,480,FMP4,0.79,DeepFake,Celeb-synthesis,id21,id2,,CELEB_COMPONENT_000,,train
CELEBDF_0001672,Celeb-DF v2,Celeb-synthesis/id21_id2_0004.mp4,1,225,812,456,FMP4,0.45,DeepFake,Celeb-synthesis,id21,id2,,CELEB_COMPONENT_000,,train
CELEBDF_0001673,Celeb-DF v2,Celeb-synthesis/id21_id2_0005.mp4,1,165,812,456,FMP4,0.42,DeepFake,Celeb-synthesis,id21,id2,,CELEB_COMPONENT_000,,train
CELEBDF_0001674,Celeb-DF v2,Celeb-synthesis/id21_id2_0006.mp4,1,359,812,456,FMP4,1.08,DeepFake,Celeb-synthesis,id21,id2,,CELEB_COMPONENT_000,,train
CELEBDF_0001675,Celeb-DF v2,Celeb-synthesis/id21_id2_0007.mp4,1,317,812,456,FMP4,0.92,DeepFake,Celeb-synthesis,id21,id2,,CELEB_COMPONENT_000,,train
CELEBDF_0001676,Celeb-DF v2,Celeb-synthesis/id21_id2_0008.mp4,1,322,472,500,FMP4,0.59,DeepFake,Celeb-synthesis,id21,id2,,CELEB_COMPONENT_000,,train
CELEBDF_0001677,Celeb-DF v2,Celeb-synthesis/id21_id2_0009.mp4,1,319,662,500,FMP4,0.98,DeepFake,Celeb-synthesis,id21,id2,,CELEB_COMPONENT_000,,train
CELEBDF_0001678,Celeb-DF v2,Celeb-synthesis/id21_id30_0000.mp4,1,234,852,480,FMP4,1.2,DeepFake,Celeb-synthesis,id21,id30,,CELEB_COMPONENT_000,,train
CELEBDF_0001679,Celeb-DF v2,Celeb-synthesis/id21_id30_0001.mp4,1,262,852,480,FMP4,0.84,DeepFake,Celeb-synthesis,id21,id30,,CELEB_COMPONENT_000,,train
CELEBDF_0001680,Celeb-DF v2,Celeb-synthesis/id21_id30_0002.mp4,1,334,852,480,FMP4,0.79,DeepFake,Celeb-synthesis,id21,id30,,CELEB_COMPONENT_000,,train
CELEBDF_0001681,Celeb-DF v2,Celeb-synthesis/id21_id30_0004.mp4,1,225,812,456,FMP4,0.43,DeepFake,Celeb-synthesis,id21,id30,,CELEB_COMPONENT_000,,train
CELEBDF_0001682,Celeb-DF v2,Celeb-synthesis/id21_id30_0005.mp4,1,165,812,456,FMP4,0.41,DeepFake,Celeb-synthesis,id21,id30,,CELEB_COMPONENT_000,,train
CELEBDF_0001683,Celeb-DF v2,Celeb-synthesis/id21_id30_0006.mp4,1,359,812,456,FMP4,1.05,DeepFake,Celeb-synthesis,id21,id30,,CELEB_COMPONENT_000,,train
CELEBDF_0001684,Celeb-DF v2,Celeb-synthesis/id21_id30_0007.mp4,1,317,812,456,FMP4,0.9,DeepFake,Celeb-synthesis,id21,id30,,CELEB_COMPONENT_000,,train
CELEBDF_0001685,Celeb-DF v2,Celeb-synthesis/id21_id30_0008.mp4,1,322,472,500,FMP4,0.58,DeepFake,Celeb-synthesis,id21,id30,,CELEB_COMPONENT_000,,train
CELEBDF_0001686,Celeb-DF v2,Celeb-synthesis/id21_id30_0009.mp4,1,319,662,500,FMP4,0.96,DeepFake,Celeb-synthesis,id21,id30,,CELEB_COMPONENT_000,,train
CELEBDF_0001687,Celeb-DF v2,Celeb-synthesis/id21_id31_0000.mp4,1,234,852,480,FMP4,1.2,DeepFake,Celeb-synthesis,id21,id31,,CELEB_COMPONENT_000,,train
CELEBDF_0001688,Celeb-DF v2,Celeb-synthesis/id21_id31_0001.mp4,1,262,852,480,FMP4,0.84,DeepFake,Celeb-synthesis,id21,id31,,CELEB_COMPONENT_000,,train
CELEBDF_0001689,Celeb-DF v2,Celeb-synthesis/id21_id31_0002.mp4,1,334,852,480,FMP4,0.79,DeepFake,Celeb-synthesis,id21,id31,,CELEB_COMPONENT_000,,train
CELEBDF_0001690,Celeb-DF v2,Celeb-synthesis/id21_id31_0004.mp4,1,225,812,456,FMP4,0.44,DeepFake,Celeb-synthesis,id21,id31,,CELEB_COMPONENT_000,,train
CELEBDF_0001691,Celeb-DF v2,Celeb-synthesis/id21_id31_0005.mp4,1,165,812,456,FMP4,0.41,DeepFake,Celeb-synthesis,id21,id31,,CELEB_COMPONENT_000,,train
CELEBDF_0001692,Celeb-DF v2,Celeb-synthesis/id21_id31_0006.mp4,1,359,812,456,FMP4,1.05,DeepFake,Celeb-synthesis,id21,id31,,CELEB_COMPONENT_000,,train
CELEBDF_0001693,Celeb-DF v2,Celeb-synthesis/id21_id31_0007.mp4,1,317,812,456,FMP4,0.91,DeepFake,Celeb-synthesis,id21,id31,,CELEB_COMPONENT_000,,train
CELEBDF_0001694,Celeb-DF v2,Celeb-synthesis/id21_id31_0008.mp4,1,322,472,500,FMP4,0.58,DeepFake,Celeb-synthesis,id21,id31,,CELEB_COMPONENT_000,,train
CELEBDF_0001695,Celeb-DF v2,Celeb-synthesis/id21_id31_0009.mp4,1,319,662,500,FMP4,0.97,DeepFake,Celeb-synthesis,id21,id31,,CELEB_COMPONENT_000,,train
CELEBDF_0001696,Celeb-DF v2,Celeb-synthesis/id21_id32_0000.mp4,1,234,852,480,FMP4,1.21,DeepFake,Celeb-synthesis,id21,id32,,CELEB_COMPONENT_000,,train
CELEBDF_0001697,Celeb-DF v2,Celeb-synthesis/id21_id32_0002.mp4,1,334,852,480,FMP4,0.79,DeepFake,Celeb-synthesis,id21,id32,,CELEB_COMPONENT_000,,train
CELEBDF_0001698,Celeb-DF v2,Celeb-synthesis/id21_id32_0005.mp4,1,165,812,456,FMP4,0.42,DeepFake,Celeb-synthesis,id21,id32,,CELEB_COMPONENT_000,,train
CELEBDF_0001699,Celeb-DF v2,Celeb-synthesis/id21_id32_0006.mp4,1,359,812,456,FMP4,1.07,DeepFake,Celeb-synthesis,id21,id32,,CELEB_COMPONENT_000,,train
CELEBDF_0001700,Celeb-DF v2,Celeb-synthesis/id21_id32_0008.mp4,1,322,472,500,FMP4,0.59,DeepFake,Celeb-synthesis,id21,id32,,CELEB_COMPONENT_000,,train
CELEBDF_0001701,Celeb-DF v2,Celeb-synthesis/id21_id32_0009.mp4,1,319,662,500,FMP4,0.97,DeepFake,Celeb-synthesis,id21,id32,,CELEB_COMPONENT_000,,train
CELEBDF_0001702,Celeb-DF v2,Celeb-synthesis/id21_id33_0000.mp4,1,234,852,480,FMP4,1.2,DeepFake,Celeb-synthesis,id21,id33,,CELEB_COMPONENT_000,,train
CELEBDF_0001703,Celeb-DF v2,Celeb-synthesis/id21_id33_0001.mp4,1,262,852,480,FMP4,0.84,DeepFake,Celeb-synthesis,id21,id33,,CELEB_COMPONENT_000,,train
CELEBDF_0001704,Celeb-DF v2,Celeb-synthesis/id21_id33_0002.mp4,1,334,852,480,FMP4,0.79,DeepFake,Celeb-synthesis,id21,id33,,CELEB_COMPONENT_000,,train
CELEBDF_0001705,Celeb-DF v2,Celeb-synthesis/id21_id33_0004.mp4,1,225,812,456,FMP4,0.43,DeepFake,Celeb-synthesis,id21,id33,,CELEB_COMPONENT_000,,train
CELEBDF_0001706,Celeb-DF v2,Celeb-synthesis/id21_id33_0005.mp4,1,165,812,456,FMP4,0.41,DeepFake,Celeb-synthesis,id21,id33,,CELEB_COMPONENT_000,,train
CELEBDF_0001707,Celeb-DF v2,Celeb-synthesis/id21_id33_0006.mp4,1,359,812,456,FMP4,1.04,DeepFake,Celeb-synthesis,id21,id33,,CELEB_COMPONENT_000,,train
CELEBDF_0001708,Celeb-DF v2,Celeb-synthesis/id21_id33_0007.mp4,1,317,812,456,FMP4,0.9,DeepFake,Celeb-synthesis,id21,id33,,CELEB_COMPONENT_000,,train
CELEBDF_0001709,Celeb-DF v2,Celeb-synthesis/id21_id33_0008.mp4,1,322,472,500,FMP4,0.58,DeepFake,Celeb-synthesis,id21,id33,,CELEB_COMPONENT_000,,train
CELEBDF_0001710,Celeb-DF v2,Celeb-synthesis/id21_id33_0009.mp4,1,319,662,500,FMP4,0.96,DeepFake,Celeb-synthesis,id21,id33,,CELEB_COMPONENT_000,,train
CELEBDF_0001711,Celeb-DF v2,Celeb-synthesis/id21_id34_0000.mp4,1,234,852,480,FMP4,1.2,DeepFake,Celeb-synthesis,id21,id34,,CELEB_COMPONENT_000,,train
CELEBDF_0001712,Celeb-DF v2,Celeb-synthesis/id21_id34_0001.mp4,1,262,852,480,FMP4,0.84,DeepFake,Celeb-synthesis,id21,id34,,CELEB_COMPONENT_000,,train
CELEBDF_0001713,Celeb-DF v2,Celeb-synthesis/id21_id34_0002.mp4,1,334,852,480,FMP4,0.78,DeepFake,Celeb-synthesis,id21,id34,,CELEB_COMPONENT_000,,train
CELEBDF_0001714,Celeb-DF v2,Celeb-synthesis/id21_id34_0004.mp4,1,225,812,456,FMP4,0.44,DeepFake,Celeb-synthesis,id21,id34,,CELEB_COMPONENT_000,,train
CELEBDF_0001715,Celeb-DF v2,Celeb-synthesis/id21_id34_0005.mp4,1,165,812,456,FMP4,0.41,DeepFake,Celeb-synthesis,id21,id34,,CELEB_COMPONENT_000,,train
CELEBDF_0001716,Celeb-DF v2,Celeb-synthesis/id21_id34_0006.mp4,1,359,812,456,FMP4,1.05,DeepFake,Celeb-synthesis,id21,id34,,CELEB_COMPONENT_000,,train
CELEBDF_0001717,Celeb-DF v2,Celeb-synthesis/id21_id34_0007.mp4,1,317,812,456,FMP4,0.9,DeepFake,Celeb-synthesis,id21,id34,,CELEB_COMPONENT_000,,train
CELEBDF_0001718,Celeb-DF v2,Celeb-synthesis/id21_id34_0009.mp4,1,319,662,500,FMP4,0.97,DeepFake,Celeb-synthesis,id21,id34,,CELEB_COMPONENT_000,,train
CELEBDF_0001719,Celeb-DF v2,Celeb-synthesis/id21_id35_0000.mp4,1,234,852,480,FMP4,1.2,DeepFake,Celeb-synthesis,id21,id35,,CELEB_COMPONENT_000,,train
CELEBDF_0001720,Celeb-DF v2,Celeb-synthesis/id21_id35_0001.mp4,1,262,852,480,FMP4,0.84,DeepFake,Celeb-synthesis,id21,id35,,CELEB_COMPONENT_000,,train
CELEBDF_0001721,Celeb-DF v2,Celeb-synthesis/id21_id35_0002.mp4,1,334,852,480,FMP4,0.78,DeepFake,Celeb-synthesis,id21,id35,,CELEB_COMPONENT_000,,train
CELEBDF_0001722,Celeb-DF v2,Celeb-synthesis/id21_id35_0004.mp4,1,225,812,456,FMP4,0.43,DeepFake,Celeb-synthesis,id21,id35,,CELEB_COMPONENT_000,,train
CELEBDF_0001723,Celeb-DF v2,Celeb-synthesis/id21_id35_0005.mp4,1,165,812,456,FMP4,0.41,DeepFake,Celeb-synthesis,id21,id35,,CELEB_COMPONENT_000,,train
CELEBDF_0001724,Celeb-DF v2,Celeb-synthesis/id21_id35_0006.mp4,1,359,812,456,FMP4,1.06,DeepFake,Celeb-synthesis,id21,id35,,CELEB_COMPONENT_000,,train
CELEBDF_0001725,Celeb-DF v2,Celeb-synthesis/id21_id35_0007.mp4,1,317,812,456,FMP4,0.9,DeepFake,Celeb-synthesis,id21,id35,,CELEB_COMPONENT_000,,train
CELEBDF_0001726,Celeb-DF v2,Celeb-synthesis/id21_id35_0008.mp4,1,322,472,500,FMP4,0.58,DeepFake,Celeb-synthesis,id21,id35,,CELEB_COMPONENT_000,,train
CELEBDF_0001727,Celeb-DF v2,Celeb-synthesis/id21_id35_0009.mp4,1,319,662,500,FMP4,0.96,DeepFake,Celeb-synthesis,id21,id35,,CELEB_COMPONENT_000,,train
CELEBDF_0001728,Celeb-DF v2,Celeb-synthesis/id21_id37_0000.mp4,1,234,852,480,FMP4,1.2,DeepFake,Celeb-synthesis,id21,id37,,CELEB_COMPONENT_000,,train
CELEBDF_0001729,Celeb-DF v2,Celeb-synthesis/id21_id37_0001.mp4,1,262,852,480,FMP4,0.84,DeepFake,Celeb-synthesis,id21,id37,,CELEB_COMPONENT_000,,train
CELEBDF_0001730,Celeb-DF v2,Celeb-synthesis/id21_id37_0002.mp4,1,334,852,480,FMP4,0.79,DeepFake,Celeb-synthesis,id21,id37,,CELEB_COMPONENT_000,,train
CELEBDF_0001731,Celeb-DF v2,Celeb-synthesis/id21_id37_0004.mp4,1,225,812,456,FMP4,0.44,DeepFake,Celeb-synthesis,id21,id37,,CELEB_COMPONENT_000,,train
CELEBDF_0001732,Celeb-DF v2,Celeb-synthesis/id21_id37_0005.mp4,1,165,812,456,FMP4,0.41,DeepFake,Celeb-synthesis,id21,id37,,CELEB_COMPONENT_000,,train
CELEBDF_0001733,Celeb-DF v2,Celeb-synthesis/id21_id37_0006.mp4,1,359,812,456,FMP4,1.07,DeepFake,Celeb-synthesis,id21,id37,,CELEB_COMPONENT_000,,train
CELEBDF_0001734,Celeb-DF v2,Celeb-synthesis/id21_id37_0007.mp4,1,317,812,456,FMP4,0.91,DeepFake,Celeb-synthesis,id21,id37,,CELEB_COMPONENT_000,,train
CELEBDF_0001735,Celeb-DF v2,Celeb-synthesis/id21_id37_0008.mp4,1,322,472,500,FMP4,0.58,DeepFake,Celeb-synthesis,id21,id37,,CELEB_COMPONENT_000,,train
CELEBDF_0001736,Celeb-DF v2,Celeb-synthesis/id21_id37_0009.mp4,1,319,662,500,FMP4,0.97,DeepFake,Celeb-synthesis,id21,id37,,CELEB_COMPONENT_000,,train
CELEBDF_0001737,Celeb-DF v2,Celeb-synthesis/id21_id38_0000.mp4,1,234,852,480,FMP4,1.2,DeepFake,Celeb-synthesis,id21,id38,,CELEB_COMPONENT_000,,train
CELEBDF_0001738,Celeb-DF v2,Celeb-synthesis/id21_id38_0001.mp4,1,262,852,480,FMP4,0.84,DeepFake,Celeb-synthesis,id21,id38,,CELEB_COMPONENT_000,,train
CELEBDF_0001739,Celeb-DF v2,Celeb-synthesis/id21_id38_0002.mp4,1,334,852,480,FMP4,0.78,DeepFake,Celeb-synthesis,id21,id38,,CELEB_COMPONENT_000,,train
CELEBDF_0001740,Celeb-DF v2,Celeb-synthesis/id21_id38_0004.mp4,1,225,812,456,FMP4,0.43,DeepFake,Celeb-synthesis,id21,id38,,CELEB_COMPONENT_000,,train
CELEBDF_0001741,Celeb-DF v2,Celeb-synthesis/id21_id38_0005.mp4,1,165,812,456,FMP4,0.41,DeepFake,Celeb-synthesis,id21,id38,,CELEB_COMPONENT_000,,train
CELEBDF_0001742,Celeb-DF v2,Celeb-synthesis/id21_id38_0006.mp4,1,359,812,456,FMP4,1.04,DeepFake,Celeb-synthesis,id21,id38,,CELEB_COMPONENT_000,,train
CELEBDF_0001743,Celeb-DF v2,Celeb-synthesis/id21_id38_0007.mp4,1,317,812,456,FMP4,0.9,DeepFake,Celeb-synthesis,id21,id38,,CELEB_COMPONENT_000,,train
CELEBDF_0001744,Celeb-DF v2,Celeb-synthesis/id21_id38_0008.mp4,1,322,472,500,FMP4,0.58,DeepFake,Celeb-synthesis,id21,id38,,CELEB_COMPONENT_000,,train
CELEBDF_0001745,Celeb-DF v2,Celeb-synthesis/id21_id38_0009.mp4,1,319,662,500,FMP4,0.96,DeepFake,Celeb-synthesis,id21,id38,,CELEB_COMPONENT_000,,train
CELEBDF_0001746,Celeb-DF v2,Celeb-synthesis/id21_id3_0002.mp4,1,334,852,480,FMP4,0.79,DeepFake,Celeb-synthesis,id21,id3,,CELEB_COMPONENT_000,,train
CELEBDF_0001747,Celeb-DF v2,Celeb-synthesis/id21_id3_0005.mp4,1,165,812,456,FMP4,0.42,DeepFake,Celeb-synthesis,id21,id3,,CELEB_COMPONENT_000,,train
CELEBDF_0001748,Celeb-DF v2,Celeb-synthesis/id21_id3_0006.mp4,1,359,812,456,FMP4,1.09,DeepFake,Celeb-synthesis,id21,id3,,CELEB_COMPONENT_000,,train
CELEBDF_0001749,Celeb-DF v2,Celeb-synthesis/id21_id3_0008.mp4,1,322,472,500,FMP4,0.59,DeepFake,Celeb-synthesis,id21,id3,,CELEB_COMPONENT_000,,train
CELEBDF_0001750,Celeb-DF v2,Celeb-synthesis/id21_id3_0009.mp4,1,319,662,500,FMP4,0.97,DeepFake,Celeb-synthesis,id21,id3,,CELEB_COMPONENT_000,,train
CELEBDF_0001751,Celeb-DF v2,Celeb-synthesis/id21_id4_0002.mp4,1,334,852,480,FMP4,0.79,DeepFake,Celeb-synthesis,id21,id4,,CELEB_COMPONENT_000,,train
CELEBDF_0001752,Celeb-DF v2,Celeb-synthesis/id21_id4_0005.mp4,1,165,812,456,FMP4,0.41,DeepFake,Celeb-synthesis,id21,id4,,CELEB_COMPONENT_000,,train
CELEBDF_0001753,Celeb-DF v2,Celeb-synthesis/id21_id4_0006.mp4,1,359,812,456,FMP4,1.06,DeepFake,Celeb-synthesis,id21,id4,,CELEB_COMPONENT_000,,train
CELEBDF_0001754,Celeb-DF v2,Celeb-synthesis/id21_id4_0008.mp4,1,322,472,500,FMP4,0.58,DeepFake,Celeb-synthesis,id21,id4,,CELEB_COMPONENT_000,,train
CELEBDF_0001755,Celeb-DF v2,Celeb-synthesis/id21_id6_0002.mp4,1,334,852,480,FMP4,0.79,DeepFake,Celeb-synthesis,id21,id6,,CELEB_COMPONENT_000,,train
CELEBDF_0001756,Celeb-DF v2,Celeb-synthesis/id21_id6_0005.mp4,1,165,812,456,FMP4,0.41,DeepFake,Celeb-synthesis,id21,id6,,CELEB_COMPONENT_000,,train
CELEBDF_0001757,Celeb-DF v2,Celeb-synthesis/id21_id6_0006.mp4,1,359,812,456,FMP4,1.06,DeepFake,Celeb-synthesis,id21,id6,,CELEB_COMPONENT_000,,train
CELEBDF_0001758,Celeb-DF v2,Celeb-synthesis/id21_id6_0007.mp4,1,317,812,456,FMP4,0.91,DeepFake,Celeb-synthesis,id21,id6,,CELEB_COMPONENT_000,,train
CELEBDF_0001759,Celeb-DF v2,Celeb-synthesis/id21_id6_0008.mp4,1,322,472,500,FMP4,0.58,DeepFake,Celeb-synthesis,id21,id6,,CELEB_COMPONENT_000,,train
CELEBDF_0001760,Celeb-DF v2,Celeb-synthesis/id21_id6_0009.mp4,1,319,662,500,FMP4,0.97,DeepFake,Celeb-synthesis,id21,id6,,CELEB_COMPONENT_000,,train
CELEBDF_0001761,Celeb-DF v2,Celeb-synthesis/id21_id9_0000.mp4,1,234,852,480,FMP4,1.22,DeepFake,Celeb-synthesis,id21,id9,,CELEB_COMPONENT_000,,train
CELEBDF_0001762,Celeb-DF v2,Celeb-synthesis/id21_id9_0001.mp4,1,262,852,480,FMP4,0.85,DeepFake,Celeb-synthesis,id21,id9,,CELEB_COMPONENT_000,,train
CELEBDF_0001763,Celeb-DF v2,Celeb-synthesis/id21_id9_0002.mp4,1,334,852,480,FMP4,0.79,DeepFake,Celeb-synthesis,id21,id9,,CELEB_COMPONENT_000,,train
CELEBDF_0001764,Celeb-DF v2,Celeb-synthesis/id21_id9_0004.mp4,1,225,812,456,FMP4,0.45,DeepFake,Celeb-synthesis,id21,id9,,CELEB_COMPONENT_000,,train
CELEBDF_0001765,Celeb-DF v2,Celeb-synthesis/id21_id9_0005.mp4,1,165,812,456,FMP4,0.42,DeepFake,Celeb-synthesis,id21,id9,,CELEB_COMPONENT_000,,train
CELEBDF_0001766,Celeb-DF v2,Celeb-synthesis/id21_id9_0006.mp4,1,359,812,456,FMP4,1.12,DeepFake,Celeb-synthesis,id21,id9,,CELEB_COMPONENT_000,,train
CELEBDF_0001767,Celeb-DF v2,Celeb-synthesis/id21_id9_0007.mp4,1,317,812,456,FMP4,0.92,DeepFake,Celeb-synthesis,id21,id9,,CELEB_COMPONENT_000,,train
CELEBDF_0001768,Celeb-DF v2,Celeb-synthesis/id21_id9_0008.mp4,1,322,472,500,FMP4,0.56,DeepFake,Celeb-synthesis,id21,id9,,CELEB_COMPONENT_000,,train
CELEBDF_0001769,Celeb-DF v2,Celeb-synthesis/id21_id9_0009.mp4,1,319,662,500,FMP4,0.98,DeepFake,Celeb-synthesis,id21,id9,,CELEB_COMPONENT_000,,train
CELEBDF_0001770,Celeb-DF v2,Celeb-synthesis/id22_id19_0001.mp4,1,310,846,476,FMP4,0.76,DeepFake,Celeb-synthesis,id22,id19,,CELEB_COMPONENT_000,,train
CELEBDF_0001771,Celeb-DF v2,Celeb-synthesis/id22_id19_0002.mp4,1,283,846,476,FMP4,1.29,DeepFake,Celeb-synthesis,id22,id19,,CELEB_COMPONENT_000,,train
CELEBDF_0001772,Celeb-DF v2,Celeb-synthesis/id22_id19_0004.mp4,1,312,846,476,FMP4,1.03,DeepFake,Celeb-synthesis,id22,id19,,CELEB_COMPONENT_000,,train
CELEBDF_0001773,Celeb-DF v2,Celeb-synthesis/id22_id19_0005.mp4,1,365,846,476,FMP4,1.0,DeepFake,Celeb-synthesis,id22,id19,,CELEB_COMPONENT_000,,train
CELEBDF_0001774,Celeb-DF v2,Celeb-synthesis/id22_id19_0006.mp4,1,333,846,476,FMP4,0.82,DeepFake,Celeb-synthesis,id22,id19,,CELEB_COMPONENT_000,,train
CELEBDF_0001775,Celeb-DF v2,Celeb-synthesis/id22_id19_0009.mp4,1,332,846,476,FMP4,1.82,DeepFake,Celeb-synthesis,id22,id19,,CELEB_COMPONENT_000,,train
CELEBDF_0001776,Celeb-DF v2,Celeb-synthesis/id22_id20_0001.mp4,1,310,846,476,FMP4,0.77,DeepFake,Celeb-synthesis,id22,id20,,CELEB_COMPONENT_000,,train
CELEBDF_0001777,Celeb-DF v2,Celeb-synthesis/id22_id20_0002.mp4,1,283,846,476,FMP4,1.28,DeepFake,Celeb-synthesis,id22,id20,,CELEB_COMPONENT_000,,train
CELEBDF_0001778,Celeb-DF v2,Celeb-synthesis/id22_id20_0004.mp4,1,312,846,476,FMP4,1.0,DeepFake,Celeb-synthesis,id22,id20,,CELEB_COMPONENT_000,,train
CELEBDF_0001779,Celeb-DF v2,Celeb-synthesis/id22_id20_0005.mp4,1,365,846,476,FMP4,1.0,DeepFake,Celeb-synthesis,id22,id20,,CELEB_COMPONENT_000,,train
CELEBDF_0001780,Celeb-DF v2,Celeb-synthesis/id22_id20_0006.mp4,1,333,846,476,FMP4,0.81,DeepFake,Celeb-synthesis,id22,id20,,CELEB_COMPONENT_000,,train
CELEBDF_0001781,Celeb-DF v2,Celeb-synthesis/id22_id21_0002.mp4,1,283,846,476,FMP4,1.28,DeepFake,Celeb-synthesis,id22,id21,,CELEB_COMPONENT_000,,train
CELEBDF_0001782,Celeb-DF v2,Celeb-synthesis/id22_id21_0004.mp4,1,312,846,476,FMP4,1.01,DeepFake,Celeb-synthesis,id22,id21,,CELEB_COMPONENT_000,,train
CELEBDF_0001783,Celeb-DF v2,Celeb-synthesis/id22_id21_0005.mp4,1,365,846,476,FMP4,0.88,DeepFake,Celeb-synthesis,id22,id21,,CELEB_COMPONENT_000,,train
CELEBDF_0001784,Celeb-DF v2,Celeb-synthesis/id22_id21_0006.mp4,1,333,846,476,FMP4,0.81,DeepFake,Celeb-synthesis,id22,id21,,CELEB_COMPONENT_000,,train
CELEBDF_0001785,Celeb-DF v2,Celeb-synthesis/id22_id23_0001.mp4,1,310,846,476,FMP4,0.75,DeepFake,Celeb-synthesis,id22,id23,,CELEB_COMPONENT_000,,train
CELEBDF_0001786,Celeb-DF v2,Celeb-synthesis/id22_id23_0004.mp4,1,312,846,476,FMP4,1.0,DeepFake,Celeb-synthesis,id22,id23,,CELEB_COMPONENT_000,,train
CELEBDF_0001787,Celeb-DF v2,Celeb-synthesis/id22_id23_0005.mp4,1,365,846,476,FMP4,0.98,DeepFake,Celeb-synthesis,id22,id23,,CELEB_COMPONENT_000,,train
CELEBDF_0001788,Celeb-DF v2,Celeb-synthesis/id22_id23_0006.mp4,1,333,846,476,FMP4,0.81,DeepFake,Celeb-synthesis,id22,id23,,CELEB_COMPONENT_000,,train
CELEBDF_0001789,Celeb-DF v2,Celeb-synthesis/id22_id24_0001.mp4,1,310,846,476,FMP4,0.76,DeepFake,Celeb-synthesis,id22,id24,,CELEB_COMPONENT_000,,train
CELEBDF_0001790,Celeb-DF v2,Celeb-synthesis/id22_id24_0002.mp4,1,283,846,476,FMP4,1.28,DeepFake,Celeb-synthesis,id22,id24,,CELEB_COMPONENT_000,,train
CELEBDF_0001791,Celeb-DF v2,Celeb-synthesis/id22_id24_0003.mp4,1,273,846,476,FMP4,1.29,DeepFake,Celeb-synthesis,id22,id24,,CELEB_COMPONENT_000,,train
CELEBDF_0001792,Celeb-DF v2,Celeb-synthesis/id22_id24_0004.mp4,1,312,846,476,FMP4,1.01,DeepFake,Celeb-synthesis,id22,id24,,CELEB_COMPONENT_000,,train
CELEBDF_0001793,Celeb-DF v2,Celeb-synthesis/id22_id24_0005.mp4,1,365,846,476,FMP4,0.99,DeepFake,Celeb-synthesis,id22,id24,,CELEB_COMPONENT_000,,train
CELEBDF_0001794,Celeb-DF v2,Celeb-synthesis/id22_id24_0006.mp4,1,333,846,476,FMP4,0.81,DeepFake,Celeb-synthesis,id22,id24,,CELEB_COMPONENT_000,,train
CELEBDF_0001795,Celeb-DF v2,Celeb-synthesis/id22_id24_0009.mp4,1,332,846,476,FMP4,1.81,DeepFake,Celeb-synthesis,id22,id24,,CELEB_COMPONENT_000,,train
CELEBDF_0001796,Celeb-DF v2,Celeb-synthesis/id22_id25_0001.mp4,1,310,846,476,FMP4,0.76,DeepFake,Celeb-synthesis,id22,id25,,CELEB_COMPONENT_000,,train
CELEBDF_0001797,Celeb-DF v2,Celeb-synthesis/id22_id25_0002.mp4,1,283,846,476,FMP4,1.28,DeepFake,Celeb-synthesis,id22,id25,,CELEB_COMPONENT_000,,train
CELEBDF_0001798,Celeb-DF v2,Celeb-synthesis/id22_id25_0003.mp4,1,273,846,476,FMP4,1.3,DeepFake,Celeb-synthesis,id22,id25,,CELEB_COMPONENT_000,,train
CELEBDF_0001799,Celeb-DF v2,Celeb-synthesis/id22_id25_0004.mp4,1,312,846,476,FMP4,1.01,DeepFake,Celeb-synthesis,id22,id25,,CELEB_COMPONENT_000,,train
CELEBDF_0001800,Celeb-DF v2,Celeb-synthesis/id22_id25_0005.mp4,1,365,846,476,FMP4,0.99,DeepFake,Celeb-synthesis,id22,id25,,CELEB_COMPONENT_000,,train
CELEBDF_0001801,Celeb-DF v2,Celeb-synthesis/id22_id25_0006.mp4,1,333,846,476,FMP4,0.81,DeepFake,Celeb-synthesis,id22,id25,,CELEB_COMPONENT_000,,train
CELEBDF_0001802,Celeb-DF v2,Celeb-synthesis/id22_id25_0009.mp4,1,332,846,476,FMP4,1.82,DeepFake,Celeb-synthesis,id22,id25,,CELEB_COMPONENT_000,,train
CELEBDF_0001803,Celeb-DF v2,Celeb-synthesis/id22_id26_0001.mp4,1,310,846,476,FMP4,0.76,DeepFake,Celeb-synthesis,id22,id26,,CELEB_COMPONENT_000,,train
CELEBDF_0001804,Celeb-DF v2,Celeb-synthesis/id22_id26_0002.mp4,1,283,846,476,FMP4,1.28,DeepFake,Celeb-synthesis,id22,id26,,CELEB_COMPONENT_000,,train
CELEBDF_0001805,Celeb-DF v2,Celeb-synthesis/id22_id26_0003.mp4,1,273,846,476,FMP4,1.29,DeepFake,Celeb-synthesis,id22,id26,,CELEB_COMPONENT_000,,train
CELEBDF_0001806,Celeb-DF v2,Celeb-synthesis/id22_id26_0004.mp4,1,312,846,476,FMP4,1.01,DeepFake,Celeb-synthesis,id22,id26,,CELEB_COMPONENT_000,,train
CELEBDF_0001807,Celeb-DF v2,Celeb-synthesis/id22_id26_0005.mp4,1,365,846,476,FMP4,0.99,DeepFake,Celeb-synthesis,id22,id26,,CELEB_COMPONENT_000,,train
CELEBDF_0001808,Celeb-DF v2,Celeb-synthesis/id22_id26_0006.mp4,1,333,846,476,FMP4,0.81,DeepFake,Celeb-synthesis,id22,id26,,CELEB_COMPONENT_000,,train
CELEBDF_0001809,Celeb-DF v2,Celeb-synthesis/id22_id26_0009.mp4,1,332,846,476,FMP4,1.82,DeepFake,Celeb-synthesis,id22,id26,,CELEB_COMPONENT_000,,train
CELEBDF_0001810,Celeb-DF v2,Celeb-synthesis/id22_id27_0001.mp4,1,310,846,476,FMP4,0.76,DeepFake,Celeb-synthesis,id22,id27,,CELEB_COMPONENT_000,,train
CELEBDF_0001811,Celeb-DF v2,Celeb-synthesis/id22_id27_0003.mp4,1,273,846,476,FMP4,1.29,DeepFake,Celeb-synthesis,id22,id27,,CELEB_COMPONENT_000,,train
CELEBDF_0001812,Celeb-DF v2,Celeb-synthesis/id22_id27_0004.mp4,1,312,846,476,FMP4,1.0,DeepFake,Celeb-synthesis,id22,id27,,CELEB_COMPONENT_000,,train
CELEBDF_0001813,Celeb-DF v2,Celeb-synthesis/id22_id27_0005.mp4,1,365,846,476,FMP4,0.88,DeepFake,Celeb-synthesis,id22,id27,,CELEB_COMPONENT_000,,train
CELEBDF_0001814,Celeb-DF v2,Celeb-synthesis/id22_id27_0006.mp4,1,333,846,476,FMP4,0.81,DeepFake,Celeb-synthesis,id22,id27,,CELEB_COMPONENT_000,,train
CELEBDF_0001815,Celeb-DF v2,Celeb-synthesis/id22_id28_0001.mp4,1,310,846,476,FMP4,0.76,DeepFake,Celeb-synthesis,id22,id28,,CELEB_COMPONENT_000,,train
CELEBDF_0001816,Celeb-DF v2,Celeb-synthesis/id22_id28_0002.mp4,1,283,846,476,FMP4,1.28,DeepFake,Celeb-synthesis,id22,id28,,CELEB_COMPONENT_000,,train
CELEBDF_0001817,Celeb-DF v2,Celeb-synthesis/id22_id28_0004.mp4,1,312,846,476,FMP4,1.03,DeepFake,Celeb-synthesis,id22,id28,,CELEB_COMPONENT_000,,train
CELEBDF_0001818,Celeb-DF v2,Celeb-synthesis/id22_id28_0005.mp4,1,365,846,476,FMP4,1.0,DeepFake,Celeb-synthesis,id22,id28,,CELEB_COMPONENT_000,,train
CELEBDF_0001819,Celeb-DF v2,Celeb-synthesis/id22_id28_0006.mp4,1,333,846,476,FMP4,0.76,DeepFake,Celeb-synthesis,id22,id28,,CELEB_COMPONENT_000,,train
CELEBDF_0001820,Celeb-DF v2,Celeb-synthesis/id22_id28_0008.mp4,1,325,846,476,FMP4,0.93,DeepFake,Celeb-synthesis,id22,id28,,CELEB_COMPONENT_000,,train
CELEBDF_0001821,Celeb-DF v2,Celeb-synthesis/id22_id28_0009.mp4,1,332,846,476,FMP4,1.81,DeepFake,Celeb-synthesis,id22,id28,,CELEB_COMPONENT_000,,train
CELEBDF_0001822,Celeb-DF v2,Celeb-synthesis/id23_id0_0000.mp4,1,318,846,476,FMP4,0.79,DeepFake,Celeb-synthesis,id23,id0,,CELEB_COMPONENT_000,,train
CELEBDF_0001823,Celeb-DF v2,Celeb-synthesis/id23_id0_0001.mp4,1,309,846,476,FMP4,1.37,DeepFake,Celeb-synthesis,id23,id0,,CELEB_COMPONENT_000,,train
CELEBDF_0001824,Celeb-DF v2,Celeb-synthesis/id23_id0_0002.mp4,1,319,846,476,FMP4,1.09,DeepFake,Celeb-synthesis,id23,id0,,CELEB_COMPONENT_000,,train
CELEBDF_0001825,Celeb-DF v2,Celeb-synthesis/id23_id0_0003.mp4,1,186,846,476,FMP4,0.51,DeepFake,Celeb-synthesis,id23,id0,,CELEB_COMPONENT_000,,train
CELEBDF_0001826,Celeb-DF v2,Celeb-synthesis/id23_id0_0004.mp4,1,307,674,500,FMP4,1.3,DeepFake,Celeb-synthesis,id23,id0,,CELEB_COMPONENT_000,,train
CELEBDF_0001827,Celeb-DF v2,Celeb-synthesis/id23_id0_0005.mp4,1,308,610,298,FMP4,0.34,DeepFake,Celeb-synthesis,id23,id0,,CELEB_COMPONENT_000,,train
CELEBDF_0001828,Celeb-DF v2,Celeb-synthesis/id23_id0_0006.mp4,1,314,636,480,FMP4,0.62,DeepFake,Celeb-synthesis,id23,id0,,CELEB_COMPONENT_000,,train
CELEBDF_0001829,Celeb-DF v2,Celeb-synthesis/id23_id0_0007.mp4,1,306,814,464,FMP4,1.0,DeepFake,Celeb-synthesis,id23,id0,,CELEB_COMPONENT_000,,train
CELEBDF_0001830,Celeb-DF v2,Celeb-synthesis/id23_id0_0008.mp4,1,308,814,464,FMP4,1.61,DeepFake,Celeb-synthesis,id23,id0,,CELEB_COMPONENT_000,,train
CELEBDF_0001831,Celeb-DF v2,Celeb-synthesis/id23_id16_0000.mp4,1,318,846,476,FMP4,0.79,DeepFake,Celeb-synthesis,id23,id16,,CELEB_COMPONENT_000,,train
CELEBDF_0001832,Celeb-DF v2,Celeb-synthesis/id23_id16_0001.mp4,1,309,846,476,FMP4,1.37,DeepFake,Celeb-synthesis,id23,id16,,CELEB_COMPONENT_000,,train
CELEBDF_0001833,Celeb-DF v2,Celeb-synthesis/id23_id16_0002.mp4,1,319,846,476,FMP4,1.09,DeepFake,Celeb-synthesis,id23,id16,,CELEB_COMPONENT_000,,train
CELEBDF_0001834,Celeb-DF v2,Celeb-synthesis/id23_id16_0003.mp4,1,186,846,476,FMP4,0.51,DeepFake,Celeb-synthesis,id23,id16,,CELEB_COMPONENT_000,,train
CELEBDF_0001835,Celeb-DF v2,Celeb-synthesis/id23_id16_0004.mp4,1,307,674,500,FMP4,1.27,DeepFake,Celeb-synthesis,id23,id16,,CELEB_COMPONENT_000,,train
CELEBDF_0001836,Celeb-DF v2,Celeb-synthesis/id23_id16_0005.mp4,1,308,610,298,FMP4,0.34,DeepFake,Celeb-synthesis,id23,id16,,CELEB_COMPONENT_000,,train
CELEBDF_0001837,Celeb-DF v2,Celeb-synthesis/id23_id16_0006.mp4,1,314,636,480,FMP4,0.62,DeepFake,Celeb-synthesis,id23,id16,,CELEB_COMPONENT_000,,train
CELEBDF_0001838,Celeb-DF v2,Celeb-synthesis/id23_id16_0007.mp4,1,306,814,464,FMP4,1.0,DeepFake,Celeb-synthesis,id23,id16,,CELEB_COMPONENT_000,,train
CELEBDF_0001839,Celeb-DF v2,Celeb-synthesis/id23_id16_0009.mp4,1,316,662,500,FMP4,0.94,DeepFake,Celeb-synthesis,id23,id16,,CELEB_COMPONENT_000,,train
CELEBDF_0001840,Celeb-DF v2,Celeb-synthesis/id23_id17_0000.mp4,1,318,846,476,FMP4,0.79,DeepFake,Celeb-synthesis,id23,id17,,CELEB_COMPONENT_000,,train
CELEBDF_0001841,Celeb-DF v2,Celeb-synthesis/id23_id17_0001.mp4,1,309,846,476,FMP4,1.37,DeepFake,Celeb-synthesis,id23,id17,,CELEB_COMPONENT_000,,train
CELEBDF_0001842,Celeb-DF v2,Celeb-synthesis/id23_id17_0002.mp4,1,319,846,476,FMP4,1.08,DeepFake,Celeb-synthesis,id23,id17,,CELEB_COMPONENT_000,,train
CELEBDF_0001843,Celeb-DF v2,Celeb-synthesis/id23_id17_0003.mp4,1,186,846,476,FMP4,0.51,DeepFake,Celeb-synthesis,id23,id17,,CELEB_COMPONENT_000,,train
CELEBDF_0001844,Celeb-DF v2,Celeb-synthesis/id23_id17_0004.mp4,1,307,674,500,FMP4,1.28,DeepFake,Celeb-synthesis,id23,id17,,CELEB_COMPONENT_000,,train
CELEBDF_0001845,Celeb-DF v2,Celeb-synthesis/id23_id17_0006.mp4,1,314,636,480,FMP4,0.62,DeepFake,Celeb-synthesis,id23,id17,,CELEB_COMPONENT_000,,train
CELEBDF_0001846,Celeb-DF v2,Celeb-synthesis/id23_id17_0007.mp4,1,306,814,464,FMP4,1.0,DeepFake,Celeb-synthesis,id23,id17,,CELEB_COMPONENT_000,,train
CELEBDF_0001847,Celeb-DF v2,Celeb-synthesis/id23_id17_0009.mp4,1,316,662,500,FMP4,0.94,DeepFake,Celeb-synthesis,id23,id17,,CELEB_COMPONENT_000,,train
CELEBDF_0001848,Celeb-DF v2,Celeb-synthesis/id23_id19_0000.mp4,1,318,846,476,FMP4,0.79,DeepFake,Celeb-synthesis,id23,id19,,CELEB_COMPONENT_000,,train
CELEBDF_0001849,Celeb-DF v2,Celeb-synthesis/id23_id19_0002.mp4,1,319,846,476,FMP4,1.09,DeepFake,Celeb-synthesis,id23,id19,,CELEB_COMPONENT_000,,train
CELEBDF_0001850,Celeb-DF v2,Celeb-synthesis/id23_id19_0003.mp4,1,186,846,476,FMP4,0.51,DeepFake,Celeb-synthesis,id23,id19,,CELEB_COMPONENT_000,,train
CELEBDF_0001851,Celeb-DF v2,Celeb-synthesis/id23_id19_0007.mp4,1,306,814,464,FMP4,0.99,DeepFake,Celeb-synthesis,id23,id19,,CELEB_COMPONENT_000,,train
CELEBDF_0001852,Celeb-DF v2,Celeb-synthesis/id23_id19_0009.mp4,1,316,662,500,FMP4,0.93,DeepFake,Celeb-synthesis,id23,id19,,CELEB_COMPONENT_000,,train
CELEBDF_0001853,Celeb-DF v2,Celeb-synthesis/id23_id1_0000.mp4,1,318,846,476,FMP4,0.79,DeepFake,Celeb-synthesis,id23,id1,,CELEB_COMPONENT_000,,train
CELEBDF_0001854,Celeb-DF v2,Celeb-synthesis/id23_id1_0001.mp4,1,309,846,476,FMP4,1.37,DeepFake,Celeb-synthesis,id23,id1,,CELEB_COMPONENT_000,,train
CELEBDF_0001855,Celeb-DF v2,Celeb-synthesis/id23_id1_0002.mp4,1,319,846,476,FMP4,1.08,DeepFake,Celeb-synthesis,id23,id1,,CELEB_COMPONENT_000,,train
CELEBDF_0001856,Celeb-DF v2,Celeb-synthesis/id23_id1_0003.mp4,1,186,846,476,FMP4,0.51,DeepFake,Celeb-synthesis,id23,id1,,CELEB_COMPONENT_000,,train
CELEBDF_0001857,Celeb-DF v2,Celeb-synthesis/id23_id1_0004.mp4,1,307,674,500,FMP4,1.27,DeepFake,Celeb-synthesis,id23,id1,,CELEB_COMPONENT_000,,train
CELEBDF_0001858,Celeb-DF v2,Celeb-synthesis/id23_id1_0005.mp4,1,308,610,298,FMP4,0.34,DeepFake,Celeb-synthesis,id23,id1,,CELEB_COMPONENT_000,,train
CELEBDF_0001859,Celeb-DF v2,Celeb-synthesis/id23_id1_0006.mp4,1,314,636,480,FMP4,0.62,DeepFake,Celeb-synthesis,id23,id1,,CELEB_COMPONENT_000,,train
CELEBDF_0001860,Celeb-DF v2,Celeb-synthesis/id23_id1_0007.mp4,1,306,814,464,FMP4,0.99,DeepFake,Celeb-synthesis,id23,id1,,CELEB_COMPONENT_000,,train
CELEBDF_0001861,Celeb-DF v2,Celeb-synthesis/id23_id1_0009.mp4,1,316,662,500,FMP4,0.94,DeepFake,Celeb-synthesis,id23,id1,,CELEB_COMPONENT_000,,train
CELEBDF_0001862,Celeb-DF v2,Celeb-synthesis/id23_id20_0000.mp4,1,318,846,476,FMP4,0.78,DeepFake,Celeb-synthesis,id23,id20,,CELEB_COMPONENT_000,,train
CELEBDF_0001863,Celeb-DF v2,Celeb-synthesis/id23_id20_0001.mp4,1,309,846,476,FMP4,1.36,DeepFake,Celeb-synthesis,id23,id20,,CELEB_COMPONENT_000,,train
CELEBDF_0001864,Celeb-DF v2,Celeb-synthesis/id23_id20_0002.mp4,1,319,846,476,FMP4,1.09,DeepFake,Celeb-synthesis,id23,id20,,CELEB_COMPONENT_000,,train
CELEBDF_0001865,Celeb-DF v2,Celeb-synthesis/id23_id20_0003.mp4,1,186,846,476,FMP4,0.51,DeepFake,Celeb-synthesis,id23,id20,,CELEB_COMPONENT_000,,train
CELEBDF_0001866,Celeb-DF v2,Celeb-synthesis/id23_id20_0005.mp4,1,308,610,298,FMP4,0.34,DeepFake,Celeb-synthesis,id23,id20,,CELEB_COMPONENT_000,,train
CELEBDF_0001867,Celeb-DF v2,Celeb-synthesis/id23_id20_0006.mp4,1,314,636,480,FMP4,0.62,DeepFake,Celeb-synthesis,id23,id20,,CELEB_COMPONENT_000,,train
CELEBDF_0001868,Celeb-DF v2,Celeb-synthesis/id23_id20_0007.mp4,1,306,814,464,FMP4,0.99,DeepFake,Celeb-synthesis,id23,id20,,CELEB_COMPONENT_000,,train
CELEBDF_0001869,Celeb-DF v2,Celeb-synthesis/id23_id20_0009.mp4,1,316,662,500,FMP4,0.94,DeepFake,Celeb-synthesis,id23,id20,,CELEB_COMPONENT_000,,train
CELEBDF_0001870,Celeb-DF v2,Celeb-synthesis/id23_id21_0000.mp4,1,318,846,476,FMP4,0.78,DeepFake,Celeb-synthesis,id23,id21,,CELEB_COMPONENT_000,,train
CELEBDF_0001871,Celeb-DF v2,Celeb-synthesis/id23_id21_0002.mp4,1,319,846,476,FMP4,1.08,DeepFake,Celeb-synthesis,id23,id21,,CELEB_COMPONENT_000,,train
CELEBDF_0001872,Celeb-DF v2,Celeb-synthesis/id23_id21_0003.mp4,1,186,846,476,FMP4,0.51,DeepFake,Celeb-synthesis,id23,id21,,CELEB_COMPONENT_000,,train
CELEBDF_0001873,Celeb-DF v2,Celeb-synthesis/id23_id21_0006.mp4,1,314,636,480,FMP4,0.62,DeepFake,Celeb-synthesis,id23,id21,,CELEB_COMPONENT_000,,train
CELEBDF_0001874,Celeb-DF v2,Celeb-synthesis/id23_id21_0007.mp4,1,306,814,464,FMP4,0.99,DeepFake,Celeb-synthesis,id23,id21,,CELEB_COMPONENT_000,,train
CELEBDF_0001875,Celeb-DF v2,Celeb-synthesis/id23_id21_0009.mp4,1,316,662,500,FMP4,0.93,DeepFake,Celeb-synthesis,id23,id21,,CELEB_COMPONENT_000,,train
CELEBDF_0001876,Celeb-DF v2,Celeb-synthesis/id23_id22_0000.mp4,1,318,846,476,FMP4,0.78,DeepFake,Celeb-synthesis,id23,id22,,CELEB_COMPONENT_000,,train
CELEBDF_0001877,Celeb-DF v2,Celeb-synthesis/id23_id22_0002.mp4,1,319,846,476,FMP4,1.08,DeepFake,Celeb-synthesis,id23,id22,,CELEB_COMPONENT_000,,train
CELEBDF_0001878,Celeb-DF v2,Celeb-synthesis/id23_id22_0003.mp4,1,186,846,476,FMP4,0.51,DeepFake,Celeb-synthesis,id23,id22,,CELEB_COMPONENT_000,,train
CELEBDF_0001879,Celeb-DF v2,Celeb-synthesis/id23_id22_0006.mp4,1,314,636,480,FMP4,0.62,DeepFake,Celeb-synthesis,id23,id22,,CELEB_COMPONENT_000,,train
CELEBDF_0001880,Celeb-DF v2,Celeb-synthesis/id23_id22_0007.mp4,1,306,814,464,FMP4,0.99,DeepFake,Celeb-synthesis,id23,id22,,CELEB_COMPONENT_000,,train
CELEBDF_0001881,Celeb-DF v2,Celeb-synthesis/id23_id22_0009.mp4,1,316,662,500,FMP4,0.94,DeepFake,Celeb-synthesis,id23,id22,,CELEB_COMPONENT_000,,train
CELEBDF_0001882,Celeb-DF v2,Celeb-synthesis/id23_id24_0000.mp4,1,318,846,476,FMP4,0.79,DeepFake,Celeb-synthesis,id23,id24,,CELEB_COMPONENT_000,,train
CELEBDF_0001883,Celeb-DF v2,Celeb-synthesis/id23_id24_0002.mp4,1,319,846,476,FMP4,1.08,DeepFake,Celeb-synthesis,id23,id24,,CELEB_COMPONENT_000,,train
CELEBDF_0001884,Celeb-DF v2,Celeb-synthesis/id23_id24_0003.mp4,1,186,846,476,FMP4,0.51,DeepFake,Celeb-synthesis,id23,id24,,CELEB_COMPONENT_000,,train
CELEBDF_0001885,Celeb-DF v2,Celeb-synthesis/id23_id24_0004.mp4,1,307,674,500,FMP4,1.27,DeepFake,Celeb-synthesis,id23,id24,,CELEB_COMPONENT_000,,train
CELEBDF_0001886,Celeb-DF v2,Celeb-synthesis/id23_id24_0005.mp4,1,308,610,298,FMP4,0.33,DeepFake,Celeb-synthesis,id23,id24,,CELEB_COMPONENT_000,,train
CELEBDF_0001887,Celeb-DF v2,Celeb-synthesis/id23_id24_0006.mp4,1,314,636,480,FMP4,0.62,DeepFake,Celeb-synthesis,id23,id24,,CELEB_COMPONENT_000,,train
CELEBDF_0001888,Celeb-DF v2,Celeb-synthesis/id23_id24_0007.mp4,1,306,814,464,FMP4,0.99,DeepFake,Celeb-synthesis,id23,id24,,CELEB_COMPONENT_000,,train
CELEBDF_0001889,Celeb-DF v2,Celeb-synthesis/id23_id24_0009.mp4,1,316,662,500,FMP4,0.93,DeepFake,Celeb-synthesis,id23,id24,,CELEB_COMPONENT_000,,train
CELEBDF_0001890,Celeb-DF v2,Celeb-synthesis/id23_id25_0000.mp4,1,318,846,476,FMP4,0.79,DeepFake,Celeb-synthesis,id23,id25,,CELEB_COMPONENT_000,,train
CELEBDF_0001891,Celeb-DF v2,Celeb-synthesis/id23_id25_0001.mp4,1,309,846,476,FMP4,1.36,DeepFake,Celeb-synthesis,id23,id25,,CELEB_COMPONENT_000,,train
CELEBDF_0001892,Celeb-DF v2,Celeb-synthesis/id23_id25_0002.mp4,1,319,846,476,FMP4,1.08,DeepFake,Celeb-synthesis,id23,id25,,CELEB_COMPONENT_000,,train
CELEBDF_0001893,Celeb-DF v2,Celeb-synthesis/id23_id25_0003.mp4,1,186,846,476,FMP4,0.51,DeepFake,Celeb-synthesis,id23,id25,,CELEB_COMPONENT_000,,train
CELEBDF_0001894,Celeb-DF v2,Celeb-synthesis/id23_id25_0006.mp4,1,314,636,480,FMP4,0.62,DeepFake,Celeb-synthesis,id23,id25,,CELEB_COMPONENT_000,,train
CELEBDF_0001895,Celeb-DF v2,Celeb-synthesis/id23_id25_0007.mp4,1,306,814,464,FMP4,0.99,DeepFake,Celeb-synthesis,id23,id25,,CELEB_COMPONENT_000,,train
CELEBDF_0001896,Celeb-DF v2,Celeb-synthesis/id23_id25_0009.mp4,1,316,662,500,FMP4,0.94,DeepFake,Celeb-synthesis,id23,id25,,CELEB_COMPONENT_000,,train
CELEBDF_0001897,Celeb-DF v2,Celeb-synthesis/id23_id26_0000.mp4,1,318,846,476,FMP4,0.78,DeepFake,Celeb-synthesis,id23,id26,,CELEB_COMPONENT_000,,train
CELEBDF_0001898,Celeb-DF v2,Celeb-synthesis/id23_id26_0001.mp4,1,309,846,476,FMP4,1.36,DeepFake,Celeb-synthesis,id23,id26,,CELEB_COMPONENT_000,,train
CELEBDF_0001899,Celeb-DF v2,Celeb-synthesis/id23_id26_0002.mp4,1,319,846,476,FMP4,1.08,DeepFake,Celeb-synthesis,id23,id26,,CELEB_COMPONENT_000,,train
CELEBDF_0001900,Celeb-DF v2,Celeb-synthesis/id23_id26_0003.mp4,1,186,846,476,FMP4,0.47,DeepFake,Celeb-synthesis,id23,id26,,CELEB_COMPONENT_000,,train
CELEBDF_0001901,Celeb-DF v2,Celeb-synthesis/id23_id26_0006.mp4,1,314,636,480,FMP4,0.62,DeepFake,Celeb-synthesis,id23,id26,,CELEB_COMPONENT_000,,train
CELEBDF_0001902,Celeb-DF v2,Celeb-synthesis/id23_id26_0007.mp4,1,306,814,464,FMP4,0.99,DeepFake,Celeb-synthesis,id23,id26,,CELEB_COMPONENT_000,,train
CELEBDF_0001903,Celeb-DF v2,Celeb-synthesis/id23_id26_0009.mp4,1,316,662,500,FMP4,0.94,DeepFake,Celeb-synthesis,id23,id26,,CELEB_COMPONENT_000,,train
CELEBDF_0001904,Celeb-DF v2,Celeb-synthesis/id23_id27_0000.mp4,1,318,846,476,FMP4,0.78,DeepFake,Celeb-synthesis,id23,id27,,CELEB_COMPONENT_000,,train
CELEBDF_0001905,Celeb-DF v2,Celeb-synthesis/id23_id27_0001.mp4,1,309,846,476,FMP4,1.36,DeepFake,Celeb-synthesis,id23,id27,,CELEB_COMPONENT_000,,train
CELEBDF_0001906,Celeb-DF v2,Celeb-synthesis/id23_id27_0002.mp4,1,319,846,476,FMP4,1.08,DeepFake,Celeb-synthesis,id23,id27,,CELEB_COMPONENT_000,,train
CELEBDF_0001907,Celeb-DF v2,Celeb-synthesis/id23_id27_0003.mp4,1,186,846,476,FMP4,0.51,DeepFake,Celeb-synthesis,id23,id27,,CELEB_COMPONENT_000,,train
CELEBDF_0001908,Celeb-DF v2,Celeb-synthesis/id23_id27_0006.mp4,1,314,636,480,FMP4,0.62,DeepFake,Celeb-synthesis,id23,id27,,CELEB_COMPONENT_000,,train
CELEBDF_0001909,Celeb-DF v2,Celeb-synthesis/id23_id27_0007.mp4,1,306,814,464,FMP4,0.99,DeepFake,Celeb-synthesis,id23,id27,,CELEB_COMPONENT_000,,train
CELEBDF_0001910,Celeb-DF v2,Celeb-synthesis/id23_id27_0009.mp4,1,316,662,500,FMP4,0.94,DeepFake,Celeb-synthesis,id23,id27,,CELEB_COMPONENT_000,,train
CELEBDF_0001911,Celeb-DF v2,Celeb-synthesis/id23_id28_0000.mp4,1,318,846,476,FMP4,0.79,DeepFake,Celeb-synthesis,id23,id28,,CELEB_COMPONENT_000,,train
CELEBDF_0001912,Celeb-DF v2,Celeb-synthesis/id23_id28_0001.mp4,1,309,846,476,FMP4,1.37,DeepFake,Celeb-synthesis,id23,id28,,CELEB_COMPONENT_000,,train
CELEBDF_0001913,Celeb-DF v2,Celeb-synthesis/id23_id28_0002.mp4,1,319,846,476,FMP4,1.08,DeepFake,Celeb-synthesis,id23,id28,,CELEB_COMPONENT_000,,train
CELEBDF_0001914,Celeb-DF v2,Celeb-synthesis/id23_id28_0003.mp4,1,186,846,476,FMP4,0.51,DeepFake,Celeb-synthesis,id23,id28,,CELEB_COMPONENT_000,,train
CELEBDF_0001915,Celeb-DF v2,Celeb-synthesis/id23_id28_0005.mp4,1,308,610,298,FMP4,0.34,DeepFake,Celeb-synthesis,id23,id28,,CELEB_COMPONENT_000,,train
CELEBDF_0001916,Celeb-DF v2,Celeb-synthesis/id23_id28_0006.mp4,1,314,636,480,FMP4,0.62,DeepFake,Celeb-synthesis,id23,id28,,CELEB_COMPONENT_000,,train
CELEBDF_0001917,Celeb-DF v2,Celeb-synthesis/id23_id28_0007.mp4,1,306,814,464,FMP4,1.0,DeepFake,Celeb-synthesis,id23,id28,,CELEB_COMPONENT_000,,train
CELEBDF_0001918,Celeb-DF v2,Celeb-synthesis/id23_id28_0009.mp4,1,316,662,500,FMP4,0.94,DeepFake,Celeb-synthesis,id23,id28,,CELEB_COMPONENT_000,,train
CELEBDF_0001919,Celeb-DF v2,Celeb-synthesis/id23_id29_0000.mp4,1,318,846,476,FMP4,0.79,DeepFake,Celeb-synthesis,id23,id29,,CELEB_COMPONENT_000,,train
CELEBDF_0001920,Celeb-DF v2,Celeb-synthesis/id23_id29_0001.mp4,1,309,846,476,FMP4,1.37,DeepFake,Celeb-synthesis,id23,id29,,CELEB_COMPONENT_000,,train
CELEBDF_0001921,Celeb-DF v2,Celeb-synthesis/id23_id29_0002.mp4,1,319,846,476,FMP4,1.08,DeepFake,Celeb-synthesis,id23,id29,,CELEB_COMPONENT_000,,train
CELEBDF_0001922,Celeb-DF v2,Celeb-synthesis/id23_id29_0003.mp4,1,186,846,476,FMP4,0.51,DeepFake,Celeb-synthesis,id23,id29,,CELEB_COMPONENT_000,,train
CELEBDF_0001923,Celeb-DF v2,Celeb-synthesis/id23_id29_0004.mp4,1,307,674,500,FMP4,1.27,DeepFake,Celeb-synthesis,id23,id29,,CELEB_COMPONENT_000,,train
CELEBDF_0001924,Celeb-DF v2,Celeb-synthesis/id23_id29_0005.mp4,1,308,610,298,FMP4,0.33,DeepFake,Celeb-synthesis,id23,id29,,CELEB_COMPONENT_000,,train
CELEBDF_0001925,Celeb-DF v2,Celeb-synthesis/id23_id29_0006.mp4,1,314,636,480,FMP4,0.62,DeepFake,Celeb-synthesis,id23,id29,,CELEB_COMPONENT_000,,train
CELEBDF_0001926,Celeb-DF v2,Celeb-synthesis/id23_id29_0007.mp4,1,306,814,464,FMP4,0.99,DeepFake,Celeb-synthesis,id23,id29,,CELEB_COMPONENT_000,,train
CELEBDF_0001927,Celeb-DF v2,Celeb-synthesis/id23_id29_0009.mp4,1,316,662,500,FMP4,0.93,DeepFake,Celeb-synthesis,id23,id29,,CELEB_COMPONENT_000,,train
CELEBDF_0001928,Celeb-DF v2,Celeb-synthesis/id23_id2_0000.mp4,1,318,846,476,FMP4,0.79,DeepFake,Celeb-synthesis,id23,id2,,CELEB_COMPONENT_000,,train
CELEBDF_0001929,Celeb-DF v2,Celeb-synthesis/id23_id2_0001.mp4,1,309,846,476,FMP4,1.37,DeepFake,Celeb-synthesis,id23,id2,,CELEB_COMPONENT_000,,train
CELEBDF_0001930,Celeb-DF v2,Celeb-synthesis/id23_id2_0002.mp4,1,319,846,476,FMP4,1.09,DeepFake,Celeb-synthesis,id23,id2,,CELEB_COMPONENT_000,,train
CELEBDF_0001931,Celeb-DF v2,Celeb-synthesis/id23_id2_0003.mp4,1,186,846,476,FMP4,0.52,DeepFake,Celeb-synthesis,id23,id2,,CELEB_COMPONENT_000,,train
CELEBDF_0001932,Celeb-DF v2,Celeb-synthesis/id23_id2_0004.mp4,1,307,674,500,FMP4,1.28,DeepFake,Celeb-synthesis,id23,id2,,CELEB_COMPONENT_000,,train
CELEBDF_0001933,Celeb-DF v2,Celeb-synthesis/id23_id2_0005.mp4,1,308,610,298,FMP4,0.34,DeepFake,Celeb-synthesis,id23,id2,,CELEB_COMPONENT_000,,train
CELEBDF_0001934,Celeb-DF v2,Celeb-synthesis/id23_id2_0006.mp4,1,314,636,480,FMP4,0.63,DeepFake,Celeb-synthesis,id23,id2,,CELEB_COMPONENT_000,,train
CELEBDF_0001935,Celeb-DF v2,Celeb-synthesis/id23_id2_0007.mp4,1,306,814,464,FMP4,0.94,DeepFake,Celeb-synthesis,id23,id2,,CELEB_COMPONENT_000,,train
CELEBDF_0001936,Celeb-DF v2,Celeb-synthesis/id23_id2_0009.mp4,1,316,662,500,FMP4,0.94,DeepFake,Celeb-synthesis,id23,id2,,CELEB_COMPONENT_000,,train
CELEBDF_0001937,Celeb-DF v2,Celeb-synthesis/id23_id30_0000.mp4,1,318,846,476,FMP4,0.79,DeepFake,Celeb-synthesis,id23,id30,,CELEB_COMPONENT_000,,train
CELEBDF_0001938,Celeb-DF v2,Celeb-synthesis/id23_id30_0001.mp4,1,309,846,476,FMP4,1.36,DeepFake,Celeb-synthesis,id23,id30,,CELEB_COMPONENT_000,,train
CELEBDF_0001939,Celeb-DF v2,Celeb-synthesis/id23_id30_0002.mp4,1,319,846,476,FMP4,1.08,DeepFake,Celeb-synthesis,id23,id30,,CELEB_COMPONENT_000,,train
CELEBDF_0001940,Celeb-DF v2,Celeb-synthesis/id23_id30_0003.mp4,1,186,846,476,FMP4,0.51,DeepFake,Celeb-synthesis,id23,id30,,CELEB_COMPONENT_000,,train
CELEBDF_0001941,Celeb-DF v2,Celeb-synthesis/id23_id30_0004.mp4,1,307,674,500,FMP4,1.27,DeepFake,Celeb-synthesis,id23,id30,,CELEB_COMPONENT_000,,train
CELEBDF_0001942,Celeb-DF v2,Celeb-synthesis/id23_id30_0005.mp4,1,308,610,298,FMP4,0.33,DeepFake,Celeb-synthesis,id23,id30,,CELEB_COMPONENT_000,,train
CELEBDF_0001943,Celeb-DF v2,Celeb-synthesis/id23_id30_0006.mp4,1,314,636,480,FMP4,0.62,DeepFake,Celeb-synthesis,id23,id30,,CELEB_COMPONENT_000,,train
CELEBDF_0001944,Celeb-DF v2,Celeb-synthesis/id23_id30_0007.mp4,1,306,814,464,FMP4,0.99,DeepFake,Celeb-synthesis,id23,id30,,CELEB_COMPONENT_000,,train
CELEBDF_0001945,Celeb-DF v2,Celeb-synthesis/id23_id30_0009.mp4,1,316,662,500,FMP4,0.94,DeepFake,Celeb-synthesis,id23,id30,,CELEB_COMPONENT_000,,train
CELEBDF_0001946,Celeb-DF v2,Celeb-synthesis/id23_id31_0000.mp4,1,318,846,476,FMP4,0.78,DeepFake,Celeb-synthesis,id23,id31,,CELEB_COMPONENT_000,,train
CELEBDF_0001947,Celeb-DF v2,Celeb-synthesis/id23_id31_0001.mp4,1,309,846,476,FMP4,1.37,DeepFake,Celeb-synthesis,id23,id31,,CELEB_COMPONENT_000,,train
CELEBDF_0001948,Celeb-DF v2,Celeb-synthesis/id23_id31_0002.mp4,1,319,846,476,FMP4,1.08,DeepFake,Celeb-synthesis,id23,id31,,CELEB_COMPONENT_000,,train
CELEBDF_0001949,Celeb-DF v2,Celeb-synthesis/id23_id31_0003.mp4,1,186,846,476,FMP4,0.51,DeepFake,Celeb-synthesis,id23,id31,,CELEB_COMPONENT_000,,train
CELEBDF_0001950,Celeb-DF v2,Celeb-synthesis/id23_id31_0005.mp4,1,308,610,298,FMP4,0.33,DeepFake,Celeb-synthesis,id23,id31,,CELEB_COMPONENT_000,,train
CELEBDF_0001951,Celeb-DF v2,Celeb-synthesis/id23_id31_0006.mp4,1,314,636,480,FMP4,0.61,DeepFake,Celeb-synthesis,id23,id31,,CELEB_COMPONENT_000,,train
CELEBDF_0001952,Celeb-DF v2,Celeb-synthesis/id23_id31_0007.mp4,1,306,814,464,FMP4,0.99,DeepFake,Celeb-synthesis,id23,id31,,CELEB_COMPONENT_000,,train
CELEBDF_0001953,Celeb-DF v2,Celeb-synthesis/id23_id32_0000.mp4,1,318,846,476,FMP4,0.79,DeepFake,Celeb-synthesis,id23,id32,,CELEB_COMPONENT_000,,train
CELEBDF_0001954,Celeb-DF v2,Celeb-synthesis/id23_id32_0001.mp4,1,309,846,476,FMP4,1.37,DeepFake,Celeb-synthesis,id23,id32,,CELEB_COMPONENT_000,,train
CELEBDF_0001955,Celeb-DF v2,Celeb-synthesis/id23_id32_0002.mp4,1,319,846,476,FMP4,1.08,DeepFake,Celeb-synthesis,id23,id32,,CELEB_COMPONENT_000,,train
CELEBDF_0001956,Celeb-DF v2,Celeb-synthesis/id23_id32_0003.mp4,1,186,846,476,FMP4,0.51,DeepFake,Celeb-synthesis,id23,id32,,CELEB_COMPONENT_000,,train
CELEBDF_0001957,Celeb-DF v2,Celeb-synthesis/id23_id32_0005.mp4,1,308,610,298,FMP4,0.34,DeepFake,Celeb-synthesis,id23,id32,,CELEB_COMPONENT_000,,train
CELEBDF_0001958,Celeb-DF v2,Celeb-synthesis/id23_id32_0006.mp4,1,314,636,480,FMP4,0.62,DeepFake,Celeb-synthesis,id23,id32,,CELEB_COMPONENT_000,,train
CELEBDF_0001959,Celeb-DF v2,Celeb-synthesis/id23_id32_0007.mp4,1,306,814,464,FMP4,1.0,DeepFake,Celeb-synthesis,id23,id32,,CELEB_COMPONENT_000,,train
CELEBDF_0001960,Celeb-DF v2,Celeb-synthesis/id23_id32_0009.mp4,1,316,662,500,FMP4,0.94,DeepFake,Celeb-synthesis,id23,id32,,CELEB_COMPONENT_000,,train
CELEBDF_0001961,Celeb-DF v2,Celeb-synthesis/id23_id33_0000.mp4,1,318,846,476,FMP4,0.79,DeepFake,Celeb-synthesis,id23,id33,,CELEB_COMPONENT_000,,train
CELEBDF_0001962,Celeb-DF v2,Celeb-synthesis/id23_id33_0001.mp4,1,309,846,476,FMP4,1.37,DeepFake,Celeb-synthesis,id23,id33,,CELEB_COMPONENT_000,,train
CELEBDF_0001963,Celeb-DF v2,Celeb-synthesis/id23_id33_0002.mp4,1,319,846,476,FMP4,1.08,DeepFake,Celeb-synthesis,id23,id33,,CELEB_COMPONENT_000,,train
CELEBDF_0001964,Celeb-DF v2,Celeb-synthesis/id23_id33_0003.mp4,1,186,846,476,FMP4,0.51,DeepFake,Celeb-synthesis,id23,id33,,CELEB_COMPONENT_000,,train
CELEBDF_0001965,Celeb-DF v2,Celeb-synthesis/id23_id33_0004.mp4,1,307,674,500,FMP4,1.29,DeepFake,Celeb-synthesis,id23,id33,,CELEB_COMPONENT_000,,train
CELEBDF_0001966,Celeb-DF v2,Celeb-synthesis/id23_id33_0005.mp4,1,308,610,298,FMP4,0.33,DeepFake,Celeb-synthesis,id23,id33,,CELEB_COMPONENT_000,,train
CELEBDF_0001967,Celeb-DF v2,Celeb-synthesis/id23_id33_0006.mp4,1,314,636,480,FMP4,0.62,DeepFake,Celeb-synthesis,id23,id33,,CELEB_COMPONENT_000,,train
CELEBDF_0001968,Celeb-DF v2,Celeb-synthesis/id23_id33_0007.mp4,1,306,814,464,FMP4,0.99,DeepFake,Celeb-synthesis,id23,id33,,CELEB_COMPONENT_000,,train
CELEBDF_0001969,Celeb-DF v2,Celeb-synthesis/id23_id34_0000.mp4,1,318,846,476,FMP4,0.78,DeepFake,Celeb-synthesis,id23,id34,,CELEB_COMPONENT_000,,train
CELEBDF_0001970,Celeb-DF v2,Celeb-synthesis/id23_id34_0001.mp4,1,309,846,476,FMP4,1.36,DeepFake,Celeb-synthesis,id23,id34,,CELEB_COMPONENT_000,,train
CELEBDF_0001971,Celeb-DF v2,Celeb-synthesis/id23_id34_0002.mp4,1,319,846,476,FMP4,1.08,DeepFake,Celeb-synthesis,id23,id34,,CELEB_COMPONENT_000,,train
CELEBDF_0001972,Celeb-DF v2,Celeb-synthesis/id23_id34_0003.mp4,1,186,846,476,FMP4,0.51,DeepFake,Celeb-synthesis,id23,id34,,CELEB_COMPONENT_000,,train
CELEBDF_0001973,Celeb-DF v2,Celeb-synthesis/id23_id34_0005.mp4,1,308,610,298,FMP4,0.33,DeepFake,Celeb-synthesis,id23,id34,,CELEB_COMPONENT_000,,train
CELEBDF_0001974,Celeb-DF v2,Celeb-synthesis/id23_id34_0006.mp4,1,314,636,480,FMP4,0.61,DeepFake,Celeb-synthesis,id23,id34,,CELEB_COMPONENT_000,,train
CELEBDF_0001975,Celeb-DF v2,Celeb-synthesis/id23_id34_0007.mp4,1,306,814,464,FMP4,0.99,DeepFake,Celeb-synthesis,id23,id34,,CELEB_COMPONENT_000,,train
CELEBDF_0001976,Celeb-DF v2,Celeb-synthesis/id23_id34_0009.mp4,1,316,662,500,FMP4,0.93,DeepFake,Celeb-synthesis,id23,id34,,CELEB_COMPONENT_000,,train
CELEBDF_0001977,Celeb-DF v2,Celeb-synthesis/id23_id35_0000.mp4,1,318,846,476,FMP4,0.79,DeepFake,Celeb-synthesis,id23,id35,,CELEB_COMPONENT_000,,train
CELEBDF_0001978,Celeb-DF v2,Celeb-synthesis/id23_id35_0002.mp4,1,319,846,476,FMP4,1.08,DeepFake,Celeb-synthesis,id23,id35,,CELEB_COMPONENT_000,,train
CELEBDF_0001979,Celeb-DF v2,Celeb-synthesis/id23_id35_0003.mp4,1,186,846,476,FMP4,0.51,DeepFake,Celeb-synthesis,id23,id35,,CELEB_COMPONENT_000,,train
CELEBDF_0001980,Celeb-DF v2,Celeb-synthesis/id23_id35_0004.mp4,1,307,674,500,FMP4,1.27,DeepFake,Celeb-synthesis,id23,id35,,CELEB_COMPONENT_000,,train
CELEBDF_0001981,Celeb-DF v2,Celeb-synthesis/id23_id35_0005.mp4,1,308,610,298,FMP4,0.34,DeepFake,Celeb-synthesis,id23,id35,,CELEB_COMPONENT_000,,train
CELEBDF_0001982,Celeb-DF v2,Celeb-synthesis/id23_id35_0006.mp4,1,314,636,480,FMP4,0.6,DeepFake,Celeb-synthesis,id23,id35,,CELEB_COMPONENT_000,,train
CELEBDF_0001983,Celeb-DF v2,Celeb-synthesis/id23_id35_0007.mp4,1,306,814,464,FMP4,0.99,DeepFake,Celeb-synthesis,id23,id35,,CELEB_COMPONENT_000,,train
CELEBDF_0001984,Celeb-DF v2,Celeb-synthesis/id23_id35_0009.mp4,1,316,662,500,FMP4,0.93,DeepFake,Celeb-synthesis,id23,id35,,CELEB_COMPONENT_000,,train
CELEBDF_0001985,Celeb-DF v2,Celeb-synthesis/id23_id37_0000.mp4,1,318,846,476,FMP4,0.79,DeepFake,Celeb-synthesis,id23,id37,,CELEB_COMPONENT_000,,train
CELEBDF_0001986,Celeb-DF v2,Celeb-synthesis/id23_id37_0001.mp4,1,309,846,476,FMP4,1.37,DeepFake,Celeb-synthesis,id23,id37,,CELEB_COMPONENT_000,,train
CELEBDF_0001987,Celeb-DF v2,Celeb-synthesis/id23_id37_0002.mp4,1,319,846,476,FMP4,1.09,DeepFake,Celeb-synthesis,id23,id37,,CELEB_COMPONENT_000,,train
CELEBDF_0001988,Celeb-DF v2,Celeb-synthesis/id23_id37_0003.mp4,1,186,846,476,FMP4,0.51,DeepFake,Celeb-synthesis,id23,id37,,CELEB_COMPONENT_000,,train
CELEBDF_0001989,Celeb-DF v2,Celeb-synthesis/id23_id37_0004.mp4,1,307,674,500,FMP4,1.28,DeepFake,Celeb-synthesis,id23,id37,,CELEB_COMPONENT_000,,train
CELEBDF_0001990,Celeb-DF v2,Celeb-synthesis/id23_id37_0005.mp4,1,308,610,298,FMP4,0.34,DeepFake,Celeb-synthesis,id23,id37,,CELEB_COMPONENT_000,,train
CELEBDF_0001991,Celeb-DF v2,Celeb-synthesis/id23_id37_0006.mp4,1,314,636,480,FMP4,0.62,DeepFake,Celeb-synthesis,id23,id37,,CELEB_COMPONENT_000,,train
CELEBDF_0001992,Celeb-DF v2,Celeb-synthesis/id23_id37_0007.mp4,1,306,814,464,FMP4,1.0,DeepFake,Celeb-synthesis,id23,id37,,CELEB_COMPONENT_000,,train
CELEBDF_0001993,Celeb-DF v2,Celeb-synthesis/id23_id37_0008.mp4,1,308,814,464,FMP4,1.62,DeepFake,Celeb-synthesis,id23,id37,,CELEB_COMPONENT_000,,train
CELEBDF_0001994,Celeb-DF v2,Celeb-synthesis/id23_id37_0009.mp4,1,316,662,500,FMP4,0.94,DeepFake,Celeb-synthesis,id23,id37,,CELEB_COMPONENT_000,,train
CELEBDF_0001995,Celeb-DF v2,Celeb-synthesis/id23_id38_0000.mp4,1,318,846,476,FMP4,0.78,DeepFake,Celeb-synthesis,id23,id38,,CELEB_COMPONENT_000,,train
CELEBDF_0001996,Celeb-DF v2,Celeb-synthesis/id23_id38_0001.mp4,1,309,846,476,FMP4,1.36,DeepFake,Celeb-synthesis,id23,id38,,CELEB_COMPONENT_000,,train
CELEBDF_0001997,Celeb-DF v2,Celeb-synthesis/id23_id38_0002.mp4,1,319,846,476,FMP4,1.07,DeepFake,Celeb-synthesis,id23,id38,,CELEB_COMPONENT_000,,train
CELEBDF_0001998,Celeb-DF v2,Celeb-synthesis/id23_id38_0003.mp4,1,186,846,476,FMP4,0.51,DeepFake,Celeb-synthesis,id23,id38,,CELEB_COMPONENT_000,,train
CELEBDF_0001999,Celeb-DF v2,Celeb-synthesis/id23_id38_0004.mp4,1,307,674,500,FMP4,1.25,DeepFake,Celeb-synthesis,id23,id38,,CELEB_COMPONENT_000,,train
CELEBDF_0002000,Celeb-DF v2,Celeb-synthesis/id23_id38_0005.mp4,1,308,610,298,FMP4,0.33,DeepFake,Celeb-synthesis,id23,id38,,CELEB_COMPONENT_000,,train
CELEBDF_0002001,Celeb-DF v2,Celeb-synthesis/id23_id38_0006.mp4,1,314,636,480,FMP4,0.61,DeepFake,Celeb-synthesis,id23,id38,,CELEB_COMPONENT_000,,train
CELEBDF_0002002,Celeb-DF v2,Celeb-synthesis/id23_id38_0007.mp4,1,306,814,464,FMP4,0.99,DeepFake,Celeb-synthesis,id23,id38,,CELEB_COMPONENT_000,,train
CELEBDF_0002003,Celeb-DF v2,Celeb-synthesis/id23_id3_0000.mp4,1,318,846,476,FMP4,0.79,DeepFake,Celeb-synthesis,id23,id3,,CELEB_COMPONENT_000,,train
CELEBDF_0002004,Celeb-DF v2,Celeb-synthesis/id23_id3_0001.mp4,1,309,846,476,FMP4,1.37,DeepFake,Celeb-synthesis,id23,id3,,CELEB_COMPONENT_000,,train
CELEBDF_0002005,Celeb-DF v2,Celeb-synthesis/id23_id3_0002.mp4,1,319,846,476,FMP4,1.09,DeepFake,Celeb-synthesis,id23,id3,,CELEB_COMPONENT_000,,train
CELEBDF_0002006,Celeb-DF v2,Celeb-synthesis/id23_id3_0003.mp4,1,186,846,476,FMP4,0.51,DeepFake,Celeb-synthesis,id23,id3,,CELEB_COMPONENT_000,,train
CELEBDF_0002007,Celeb-DF v2,Celeb-synthesis/id23_id3_0004.mp4,1,307,674,500,FMP4,1.29,DeepFake,Celeb-synthesis,id23,id3,,CELEB_COMPONENT_000,,train
CELEBDF_0002008,Celeb-DF v2,Celeb-synthesis/id23_id3_0005.mp4,1,308,610,298,FMP4,0.34,DeepFake,Celeb-synthesis,id23,id3,,CELEB_COMPONENT_000,,train
CELEBDF_0002009,Celeb-DF v2,Celeb-synthesis/id23_id3_0006.mp4,1,314,636,480,FMP4,0.62,DeepFake,Celeb-synthesis,id23,id3,,CELEB_COMPONENT_000,,train
CELEBDF_0002010,Celeb-DF v2,Celeb-synthesis/id23_id3_0007.mp4,1,306,814,464,FMP4,1.0,DeepFake,Celeb-synthesis,id23,id3,,CELEB_COMPONENT_000,,train
CELEBDF_0002011,Celeb-DF v2,Celeb-synthesis/id23_id3_0009.mp4,1,316,662,500,FMP4,0.9,DeepFake,Celeb-synthesis,id23,id3,,CELEB_COMPONENT_000,,train
CELEBDF_0002012,Celeb-DF v2,Celeb-synthesis/id23_id4_0000.mp4,1,318,846,476,FMP4,0.78,DeepFake,Celeb-synthesis,id23,id4,,CELEB_COMPONENT_000,,train
CELEBDF_0002013,Celeb-DF v2,Celeb-synthesis/id23_id4_0001.mp4,1,309,846,476,FMP4,1.36,DeepFake,Celeb-synthesis,id23,id4,,CELEB_COMPONENT_000,,train
CELEBDF_0002014,Celeb-DF v2,Celeb-synthesis/id23_id4_0002.mp4,1,319,846,476,FMP4,1.08,DeepFake,Celeb-synthesis,id23,id4,,CELEB_COMPONENT_000,,train
CELEBDF_0002015,Celeb-DF v2,Celeb-synthesis/id23_id4_0003.mp4,1,186,846,476,FMP4,0.51,DeepFake,Celeb-synthesis,id23,id4,,CELEB_COMPONENT_000,,train
CELEBDF_0002016,Celeb-DF v2,Celeb-synthesis/id23_id4_0004.mp4,1,307,674,500,FMP4,1.26,DeepFake,Celeb-synthesis,id23,id4,,CELEB_COMPONENT_000,,train
CELEBDF_0002017,Celeb-DF v2,Celeb-synthesis/id23_id4_0005.mp4,1,308,610,298,FMP4,0.33,DeepFake,Celeb-synthesis,id23,id4,,CELEB_COMPONENT_000,,train
CELEBDF_0002018,Celeb-DF v2,Celeb-synthesis/id23_id4_0006.mp4,1,314,636,480,FMP4,0.62,DeepFake,Celeb-synthesis,id23,id4,,CELEB_COMPONENT_000,,train
CELEBDF_0002019,Celeb-DF v2,Celeb-synthesis/id23_id4_0007.mp4,1,306,814,464,FMP4,0.99,DeepFake,Celeb-synthesis,id23,id4,,CELEB_COMPONENT_000,,train
CELEBDF_0002020,Celeb-DF v2,Celeb-synthesis/id23_id4_0009.mp4,1,316,662,500,FMP4,0.93,DeepFake,Celeb-synthesis,id23,id4,,CELEB_COMPONENT_000,,train
CELEBDF_0002021,Celeb-DF v2,Celeb-synthesis/id23_id6_0000.mp4,1,318,846,476,FMP4,0.78,DeepFake,Celeb-synthesis,id23,id6,,CELEB_COMPONENT_000,,train
CELEBDF_0002022,Celeb-DF v2,Celeb-synthesis/id23_id6_0001.mp4,1,309,846,476,FMP4,1.37,DeepFake,Celeb-synthesis,id23,id6,,CELEB_COMPONENT_000,,train
CELEBDF_0002023,Celeb-DF v2,Celeb-synthesis/id23_id6_0002.mp4,1,319,846,476,FMP4,1.08,DeepFake,Celeb-synthesis,id23,id6,,CELEB_COMPONENT_000,,train
CELEBDF_0002024,Celeb-DF v2,Celeb-synthesis/id23_id6_0003.mp4,1,186,846,476,FMP4,0.51,DeepFake,Celeb-synthesis,id23,id6,,CELEB_COMPONENT_000,,train
CELEBDF_0002025,Celeb-DF v2,Celeb-synthesis/id23_id6_0004.mp4,1,307,674,500,FMP4,1.28,DeepFake,Celeb-synthesis,id23,id6,,CELEB_COMPONENT_000,,train
CELEBDF_0002026,Celeb-DF v2,Celeb-synthesis/id23_id6_0005.mp4,1,308,610,298,FMP4,0.34,DeepFake,Celeb-synthesis,id23,id6,,CELEB_COMPONENT_000,,train
CELEBDF_0002027,Celeb-DF v2,Celeb-synthesis/id23_id6_0006.mp4,1,314,636,480,FMP4,0.62,DeepFake,Celeb-synthesis,id23,id6,,CELEB_COMPONENT_000,,train
CELEBDF_0002028,Celeb-DF v2,Celeb-synthesis/id23_id6_0007.mp4,1,306,814,464,FMP4,1.0,DeepFake,Celeb-synthesis,id23,id6,,CELEB_COMPONENT_000,,train
CELEBDF_0002029,Celeb-DF v2,Celeb-synthesis/id23_id6_0009.mp4,1,316,662,500,FMP4,0.94,DeepFake,Celeb-synthesis,id23,id6,,CELEB_COMPONENT_000,,train
CELEBDF_0002030,Celeb-DF v2,Celeb-synthesis/id23_id9_0000.mp4,1,318,846,476,FMP4,0.79,DeepFake,Celeb-synthesis,id23,id9,,CELEB_COMPONENT_000,,train
CELEBDF_0002031,Celeb-DF v2,Celeb-synthesis/id23_id9_0001.mp4,1,309,846,476,FMP4,1.37,DeepFake,Celeb-synthesis,id23,id9,,CELEB_COMPONENT_000,,train
CELEBDF_0002032,Celeb-DF v2,Celeb-synthesis/id23_id9_0002.mp4,1,319,846,476,FMP4,1.09,DeepFake,Celeb-synthesis,id23,id9,,CELEB_COMPONENT_000,,train
CELEBDF_0002033,Celeb-DF v2,Celeb-synthesis/id23_id9_0003.mp4,1,186,846,476,FMP4,0.52,DeepFake,Celeb-synthesis,id23,id9,,CELEB_COMPONENT_000,,train
CELEBDF_0002034,Celeb-DF v2,Celeb-synthesis/id23_id9_0004.mp4,1,307,674,500,FMP4,1.3,DeepFake,Celeb-synthesis,id23,id9,,CELEB_COMPONENT_000,,train
CELEBDF_0002035,Celeb-DF v2,Celeb-synthesis/id23_id9_0005.mp4,1,308,610,298,FMP4,0.34,DeepFake,Celeb-synthesis,id23,id9,,CELEB_COMPONENT_000,,train
CELEBDF_0002036,Celeb-DF v2,Celeb-synthesis/id23_id9_0006.mp4,1,314,636,480,FMP4,0.62,DeepFake,Celeb-synthesis,id23,id9,,CELEB_COMPONENT_000,,train
CELEBDF_0002037,Celeb-DF v2,Celeb-synthesis/id23_id9_0007.mp4,1,306,814,464,FMP4,1.0,DeepFake,Celeb-synthesis,id23,id9,,CELEB_COMPONENT_000,,train
CELEBDF_0002038,Celeb-DF v2,Celeb-synthesis/id23_id9_0008.mp4,1,308,814,464,FMP4,1.63,DeepFake,Celeb-synthesis,id23,id9,,CELEB_COMPONENT_000,,train
CELEBDF_0002039,Celeb-DF v2,Celeb-synthesis/id23_id9_0009.mp4,1,316,662,500,FMP4,0.95,DeepFake,Celeb-synthesis,id23,id9,,CELEB_COMPONENT_000,,train
CELEBDF_0002040,Celeb-DF v2,Celeb-synthesis/id24_id19_0000.mp4,1,292,840,470,FMP4,1.33,DeepFake,Celeb-synthesis,id24,id19,,CELEB_COMPONENT_000,,train
CELEBDF_0002041,Celeb-DF v2,Celeb-synthesis/id24_id19_0002.mp4,1,317,438,480,FMP4,0.46,DeepFake,Celeb-synthesis,id24,id19,,CELEB_COMPONENT_000,,train
CELEBDF_0002042,Celeb-DF v2,Celeb-synthesis/id24_id19_0003.mp4,1,319,286,300,FMP4,0.51,DeepFake,Celeb-synthesis,id24,id19,,CELEB_COMPONENT_000,,train
CELEBDF_0002043,Celeb-DF v2,Celeb-synthesis/id24_id19_0004.mp4,1,321,470,472,FMP4,0.53,DeepFake,Celeb-synthesis,id24,id19,,CELEB_COMPONENT_000,,train
CELEBDF_0002044,Celeb-DF v2,Celeb-synthesis/id24_id19_0005.mp4,1,337,848,478,FMP4,0.68,DeepFake,Celeb-synthesis,id24,id19,,CELEB_COMPONENT_000,,train
CELEBDF_0002045,Celeb-DF v2,Celeb-synthesis/id24_id19_0006.mp4,1,339,564,470,FMP4,0.65,DeepFake,Celeb-synthesis,id24,id19,,CELEB_COMPONENT_000,,train
CELEBDF_0002046,Celeb-DF v2,Celeb-synthesis/id24_id19_0009.mp4,1,310,850,472,FMP4,0.91,DeepFake,Celeb-synthesis,id24,id19,,CELEB_COMPONENT_000,,train
CELEBDF_0002047,Celeb-DF v2,Celeb-synthesis/id24_id20_0000.mp4,1,292,840,470,FMP4,1.43,DeepFake,Celeb-synthesis,id24,id20,,CELEB_COMPONENT_000,,train
CELEBDF_0002048,Celeb-DF v2,Celeb-synthesis/id24_id20_0002.mp4,1,317,438,480,FMP4,0.46,DeepFake,Celeb-synthesis,id24,id20,,CELEB_COMPONENT_000,,train
CELEBDF_0002049,Celeb-DF v2,Celeb-synthesis/id24_id20_0003.mp4,1,319,286,300,FMP4,0.51,DeepFake,Celeb-synthesis,id24,id20,,CELEB_COMPONENT_000,,train
CELEBDF_0002050,Celeb-DF v2,Celeb-synthesis/id24_id20_0004.mp4,1,321,470,472,FMP4,0.52,DeepFake,Celeb-synthesis,id24,id20,,CELEB_COMPONENT_000,,train
CELEBDF_0002051,Celeb-DF v2,Celeb-synthesis/id24_id20_0005.mp4,1,337,848,478,FMP4,0.7,DeepFake,Celeb-synthesis,id24,id20,,CELEB_COMPONENT_000,,train
CELEBDF_0002052,Celeb-DF v2,Celeb-synthesis/id24_id20_0006.mp4,1,339,564,470,FMP4,0.65,DeepFake,Celeb-synthesis,id24,id20,,CELEB_COMPONENT_000,,train
CELEBDF_0002053,Celeb-DF v2,Celeb-synthesis/id24_id20_0007.mp4,1,308,850,472,FMP4,1.38,DeepFake,Celeb-synthesis,id24,id20,,CELEB_COMPONENT_000,,train
CELEBDF_0002054,Celeb-DF v2,Celeb-synthesis/id24_id20_0008.mp4,1,323,850,472,FMP4,1.27,DeepFake,Celeb-synthesis,id24,id20,,CELEB_COMPONENT_000,,train
CELEBDF_0002055,Celeb-DF v2,Celeb-synthesis/id24_id20_0009.mp4,1,310,850,472,FMP4,0.83,DeepFake,Celeb-synthesis,id24,id20,,CELEB_COMPONENT_000,,train
CELEBDF_0002056,Celeb-DF v2,Celeb-synthesis/id24_id21_0000.mp4,1,292,840,470,FMP4,1.43,DeepFake,Celeb-synthesis,id24,id21,,CELEB_COMPONENT_000,,train
CELEBDF_0002057,Celeb-DF v2,Celeb-synthesis/id24_id21_0002.mp4,1,317,438,480,FMP4,0.46,DeepFake,Celeb-synthesis,id24,id21,,CELEB_COMPONENT_000,,train
CELEBDF_0002058,Celeb-DF v2,Celeb-synthesis/id24_id21_0003.mp4,1,319,286,300,FMP4,0.52,DeepFake,Celeb-synthesis,id24,id21,,CELEB_COMPONENT_000,,train
CELEBDF_0002059,Celeb-DF v2,Celeb-synthesis/id24_id21_0004.mp4,1,321,470,472,FMP4,0.52,DeepFake,Celeb-synthesis,id24,id21,,CELEB_COMPONENT_000,,train
CELEBDF_0002060,Celeb-DF v2,Celeb-synthesis/id24_id21_0005.mp4,1,337,848,478,FMP4,0.68,DeepFake,Celeb-synthesis,id24,id21,,CELEB_COMPONENT_000,,train
CELEBDF_0002061,Celeb-DF v2,Celeb-synthesis/id24_id21_0006.mp4,1,339,564,470,FMP4,0.62,DeepFake,Celeb-synthesis,id24,id21,,CELEB_COMPONENT_000,,train
CELEBDF_0002062,Celeb-DF v2,Celeb-synthesis/id24_id21_0007.mp4,1,308,850,472,FMP4,1.38,DeepFake,Celeb-synthesis,id24,id21,,CELEB_COMPONENT_000,,train
CELEBDF_0002063,Celeb-DF v2,Celeb-synthesis/id24_id21_0008.mp4,1,323,850,472,FMP4,1.28,DeepFake,Celeb-synthesis,id24,id21,,CELEB_COMPONENT_000,,train
CELEBDF_0002064,Celeb-DF v2,Celeb-synthesis/id24_id21_0009.mp4,1,310,850,472,FMP4,0.9,DeepFake,Celeb-synthesis,id24,id21,,CELEB_COMPONENT_000,,train
CELEBDF_0002065,Celeb-DF v2,Celeb-synthesis/id24_id22_0000.mp4,1,292,840,470,FMP4,1.43,DeepFake,Celeb-synthesis,id24,id22,,CELEB_COMPONENT_000,,train
CELEBDF_0002066,Celeb-DF v2,Celeb-synthesis/id24_id22_0001.mp4,1,315,840,470,FMP4,1.21,DeepFake,Celeb-synthesis,id24,id22,,CELEB_COMPONENT_000,,train
CELEBDF_0002067,Celeb-DF v2,Celeb-synthesis/id24_id22_0002.mp4,1,317,438,480,FMP4,0.46,DeepFake,Celeb-synthesis,id24,id22,,CELEB_COMPONENT_000,,train
CELEBDF_0002068,Celeb-DF v2,Celeb-synthesis/id24_id22_0003.mp4,1,319,286,300,FMP4,0.51,DeepFake,Celeb-synthesis,id24,id22,,CELEB_COMPONENT_000,,train
CELEBDF_0002069,Celeb-DF v2,Celeb-synthesis/id24_id22_0004.mp4,1,321,470,472,FMP4,0.53,DeepFake,Celeb-synthesis,id24,id22,,CELEB_COMPONENT_000,,train
CELEBDF_0002070,Celeb-DF v2,Celeb-synthesis/id24_id22_0005.mp4,1,337,848,478,FMP4,0.68,DeepFake,Celeb-synthesis,id24,id22,,CELEB_COMPONENT_000,,train
CELEBDF_0002071,Celeb-DF v2,Celeb-synthesis/id24_id22_0006.mp4,1,339,564,470,FMP4,0.65,DeepFake,Celeb-synthesis,id24,id22,,CELEB_COMPONENT_000,,train
CELEBDF_0002072,Celeb-DF v2,Celeb-synthesis/id24_id22_0007.mp4,1,308,850,472,FMP4,1.38,DeepFake,Celeb-synthesis,id24,id22,,CELEB_COMPONENT_000,,train
CELEBDF_0002073,Celeb-DF v2,Celeb-synthesis/id24_id22_0008.mp4,1,323,850,472,FMP4,1.28,DeepFake,Celeb-synthesis,id24,id22,,CELEB_COMPONENT_000,,train
CELEBDF_0002074,Celeb-DF v2,Celeb-synthesis/id24_id22_0009.mp4,1,310,850,472,FMP4,0.9,DeepFake,Celeb-synthesis,id24,id22,,CELEB_COMPONENT_000,,train
CELEBDF_0002075,Celeb-DF v2,Celeb-synthesis/id24_id23_0000.mp4,1,292,840,470,FMP4,1.42,DeepFake,Celeb-synthesis,id24,id23,,CELEB_COMPONENT_000,,train
CELEBDF_0002076,Celeb-DF v2,Celeb-synthesis/id24_id23_0002.mp4,1,317,438,480,FMP4,0.46,DeepFake,Celeb-synthesis,id24,id23,,CELEB_COMPONENT_000,,train
CELEBDF_0002077,Celeb-DF v2,Celeb-synthesis/id24_id23_0003.mp4,1,319,286,300,FMP4,0.51,DeepFake,Celeb-synthesis,id24,id23,,CELEB_COMPONENT_000,,train
CELEBDF_0002078,Celeb-DF v2,Celeb-synthesis/id24_id23_0004.mp4,1,321,470,472,FMP4,0.52,DeepFake,Celeb-synthesis,id24,id23,,CELEB_COMPONENT_000,,train
CELEBDF_0002079,Celeb-DF v2,Celeb-synthesis/id24_id23_0005.mp4,1,337,848,478,FMP4,0.68,DeepFake,Celeb-synthesis,id24,id23,,CELEB_COMPONENT_000,,train
CELEBDF_0002080,Celeb-DF v2,Celeb-synthesis/id24_id23_0006.mp4,1,339,564,470,FMP4,0.64,DeepFake,Celeb-synthesis,id24,id23,,CELEB_COMPONENT_000,,train
CELEBDF_0002081,Celeb-DF v2,Celeb-synthesis/id24_id23_0007.mp4,1,308,850,472,FMP4,1.38,DeepFake,Celeb-synthesis,id24,id23,,CELEB_COMPONENT_000,,train
CELEBDF_0002082,Celeb-DF v2,Celeb-synthesis/id24_id23_0009.mp4,1,310,850,472,FMP4,0.9,DeepFake,Celeb-synthesis,id24,id23,,CELEB_COMPONENT_000,,train
CELEBDF_0002083,Celeb-DF v2,Celeb-synthesis/id24_id25_0000.mp4,1,292,840,470,FMP4,1.42,DeepFake,Celeb-synthesis,id24,id25,,CELEB_COMPONENT_000,,train
CELEBDF_0002084,Celeb-DF v2,Celeb-synthesis/id24_id25_0002.mp4,1,317,438,480,FMP4,0.46,DeepFake,Celeb-synthesis,id24,id25,,CELEB_COMPONENT_000,,train
CELEBDF_0002085,Celeb-DF v2,Celeb-synthesis/id24_id25_0003.mp4,1,319,286,300,FMP4,0.51,DeepFake,Celeb-synthesis,id24,id25,,CELEB_COMPONENT_000,,train
CELEBDF_0002086,Celeb-DF v2,Celeb-synthesis/id24_id25_0004.mp4,1,321,470,472,FMP4,0.53,DeepFake,Celeb-synthesis,id24,id25,,CELEB_COMPONENT_000,,train
CELEBDF_0002087,Celeb-DF v2,Celeb-synthesis/id24_id25_0005.mp4,1,337,848,478,FMP4,0.68,DeepFake,Celeb-synthesis,id24,id25,,CELEB_COMPONENT_000,,train
CELEBDF_0002088,Celeb-DF v2,Celeb-synthesis/id24_id25_0006.mp4,1,339,564,470,FMP4,0.65,DeepFake,Celeb-synthesis,id24,id25,,CELEB_COMPONENT_000,,train
CELEBDF_0002089,Celeb-DF v2,Celeb-synthesis/id24_id25_0007.mp4,1,308,850,472,FMP4,1.38,DeepFake,Celeb-synthesis,id24,id25,,CELEB_COMPONENT_000,,train
CELEBDF_0002090,Celeb-DF v2,Celeb-synthesis/id24_id25_0008.mp4,1,323,850,472,FMP4,1.27,DeepFake,Celeb-synthesis,id24,id25,,CELEB_COMPONENT_000,,train
CELEBDF_0002091,Celeb-DF v2,Celeb-synthesis/id24_id25_0009.mp4,1,310,850,472,FMP4,0.9,DeepFake,Celeb-synthesis,id24,id25,,CELEB_COMPONENT_000,,train
CELEBDF_0002092,Celeb-DF v2,Celeb-synthesis/id24_id26_0000.mp4,1,292,840,470,FMP4,1.43,DeepFake,Celeb-synthesis,id24,id26,,CELEB_COMPONENT_000,,train
CELEBDF_0002093,Celeb-DF v2,Celeb-synthesis/id24_id26_0002.mp4,1,317,438,480,FMP4,0.46,DeepFake,Celeb-synthesis,id24,id26,,CELEB_COMPONENT_000,,train
CELEBDF_0002094,Celeb-DF v2,Celeb-synthesis/id24_id26_0003.mp4,1,319,286,300,FMP4,0.51,DeepFake,Celeb-synthesis,id24,id26,,CELEB_COMPONENT_000,,train
CELEBDF_0002095,Celeb-DF v2,Celeb-synthesis/id24_id26_0004.mp4,1,321,470,472,FMP4,0.52,DeepFake,Celeb-synthesis,id24,id26,,CELEB_COMPONENT_000,,train
CELEBDF_0002096,Celeb-DF v2,Celeb-synthesis/id24_id26_0005.mp4,1,337,848,478,FMP4,0.68,DeepFake,Celeb-synthesis,id24,id26,,CELEB_COMPONENT_000,,train
CELEBDF_0002097,Celeb-DF v2,Celeb-synthesis/id24_id26_0006.mp4,1,339,564,470,FMP4,0.65,DeepFake,Celeb-synthesis,id24,id26,,CELEB_COMPONENT_000,,train
CELEBDF_0002098,Celeb-DF v2,Celeb-synthesis/id24_id26_0007.mp4,1,308,850,472,FMP4,1.38,DeepFake,Celeb-synthesis,id24,id26,,CELEB_COMPONENT_000,,train
CELEBDF_0002099,Celeb-DF v2,Celeb-synthesis/id24_id26_0008.mp4,1,323,850,472,FMP4,1.27,DeepFake,Celeb-synthesis,id24,id26,,CELEB_COMPONENT_000,,train
CELEBDF_0002100,Celeb-DF v2,Celeb-synthesis/id24_id26_0009.mp4,1,310,850,472,FMP4,0.83,DeepFake,Celeb-synthesis,id24,id26,,CELEB_COMPONENT_000,,train
CELEBDF_0002101,Celeb-DF v2,Celeb-synthesis/id24_id27_0000.mp4,1,292,840,470,FMP4,1.42,DeepFake,Celeb-synthesis,id24,id27,,CELEB_COMPONENT_000,,train
CELEBDF_0002102,Celeb-DF v2,Celeb-synthesis/id24_id27_0002.mp4,1,317,438,480,FMP4,0.46,DeepFake,Celeb-synthesis,id24,id27,,CELEB_COMPONENT_000,,train
CELEBDF_0002103,Celeb-DF v2,Celeb-synthesis/id24_id27_0003.mp4,1,319,286,300,FMP4,0.51,DeepFake,Celeb-synthesis,id24,id27,,CELEB_COMPONENT_000,,train
CELEBDF_0002104,Celeb-DF v2,Celeb-synthesis/id24_id27_0004.mp4,1,321,470,472,FMP4,0.52,DeepFake,Celeb-synthesis,id24,id27,,CELEB_COMPONENT_000,,train
CELEBDF_0002105,Celeb-DF v2,Celeb-synthesis/id24_id27_0005.mp4,1,337,848,478,FMP4,0.68,DeepFake,Celeb-synthesis,id24,id27,,CELEB_COMPONENT_000,,train
CELEBDF_0002106,Celeb-DF v2,Celeb-synthesis/id24_id27_0006.mp4,1,339,564,470,FMP4,0.64,DeepFake,Celeb-synthesis,id24,id27,,CELEB_COMPONENT_000,,train
CELEBDF_0002107,Celeb-DF v2,Celeb-synthesis/id24_id27_0007.mp4,1,308,850,472,FMP4,1.38,DeepFake,Celeb-synthesis,id24,id27,,CELEB_COMPONENT_000,,train
CELEBDF_0002108,Celeb-DF v2,Celeb-synthesis/id24_id27_0008.mp4,1,323,850,472,FMP4,1.27,DeepFake,Celeb-synthesis,id24,id27,,CELEB_COMPONENT_000,,train
CELEBDF_0002109,Celeb-DF v2,Celeb-synthesis/id24_id27_0009.mp4,1,310,850,472,FMP4,0.91,DeepFake,Celeb-synthesis,id24,id27,,CELEB_COMPONENT_000,,train
CELEBDF_0002110,Celeb-DF v2,Celeb-synthesis/id24_id28_0000.mp4,1,292,840,470,FMP4,1.43,DeepFake,Celeb-synthesis,id24,id28,,CELEB_COMPONENT_000,,train
CELEBDF_0002111,Celeb-DF v2,Celeb-synthesis/id24_id28_0002.mp4,1,317,438,480,FMP4,0.46,DeepFake,Celeb-synthesis,id24,id28,,CELEB_COMPONENT_000,,train
CELEBDF_0002112,Celeb-DF v2,Celeb-synthesis/id24_id28_0003.mp4,1,319,286,300,FMP4,0.52,DeepFake,Celeb-synthesis,id24,id28,,CELEB_COMPONENT_000,,train
CELEBDF_0002113,Celeb-DF v2,Celeb-synthesis/id24_id28_0004.mp4,1,321,470,472,FMP4,0.52,DeepFake,Celeb-synthesis,id24,id28,,CELEB_COMPONENT_000,,train
CELEBDF_0002114,Celeb-DF v2,Celeb-synthesis/id24_id28_0005.mp4,1,337,848,478,FMP4,0.69,DeepFake,Celeb-synthesis,id24,id28,,CELEB_COMPONENT_000,,train
CELEBDF_0002115,Celeb-DF v2,Celeb-synthesis/id24_id28_0006.mp4,1,339,564,470,FMP4,0.65,DeepFake,Celeb-synthesis,id24,id28,,CELEB_COMPONENT_000,,train
CELEBDF_0002116,Celeb-DF v2,Celeb-synthesis/id24_id28_0007.mp4,1,308,850,472,FMP4,1.38,DeepFake,Celeb-synthesis,id24,id28,,CELEB_COMPONENT_000,,train
CELEBDF_0002117,Celeb-DF v2,Celeb-synthesis/id24_id28_0008.mp4,1,323,850,472,FMP4,1.28,DeepFake,Celeb-synthesis,id24,id28,,CELEB_COMPONENT_000,,train
CELEBDF_0002118,Celeb-DF v2,Celeb-synthesis/id24_id28_0009.mp4,1,310,850,472,FMP4,0.9,DeepFake,Celeb-synthesis,id24,id28,,CELEB_COMPONENT_000,,train
CELEBDF_0002119,Celeb-DF v2,Celeb-synthesis/id25_id19_0002.mp4,1,341,850,472,FMP4,1.0,DeepFake,Celeb-synthesis,id25,id19,,CELEB_COMPONENT_000,,train
CELEBDF_0002120,Celeb-DF v2,Celeb-synthesis/id25_id19_0003.mp4,1,250,850,472,FMP4,1.78,DeepFake,Celeb-synthesis,id25,id19,,CELEB_COMPONENT_000,,train
CELEBDF_0002121,Celeb-DF v2,Celeb-synthesis/id25_id19_0007.mp4,1,321,672,500,FMP4,1.88,DeepFake,Celeb-synthesis,id25,id19,,CELEB_COMPONENT_000,,train
CELEBDF_0002122,Celeb-DF v2,Celeb-synthesis/id25_id19_0008.mp4,1,323,672,500,FMP4,0.98,DeepFake,Celeb-synthesis,id25,id19,,CELEB_COMPONENT_000,,train
CELEBDF_0002123,Celeb-DF v2,Celeb-synthesis/id25_id19_0010.mp4,1,355,848,472,FMP4,1.77,DeepFake,Celeb-synthesis,id25,id19,,CELEB_COMPONENT_000,,train
CELEBDF_0002124,Celeb-DF v2,Celeb-synthesis/id25_id20_0002.mp4,1,341,850,472,FMP4,1.03,DeepFake,Celeb-synthesis,id25,id20,,CELEB_COMPONENT_000,,train
CELEBDF_0002125,Celeb-DF v2,Celeb-synthesis/id25_id20_0003.mp4,1,250,850,472,FMP4,1.78,DeepFake,Celeb-synthesis,id25,id20,,CELEB_COMPONENT_000,,train
CELEBDF_0002126,Celeb-DF v2,Celeb-synthesis/id25_id20_0005.mp4,1,309,742,500,FMP4,0.71,DeepFake,Celeb-synthesis,id25,id20,,CELEB_COMPONENT_000,,train
CELEBDF_0002127,Celeb-DF v2,Celeb-synthesis/id25_id20_0007.mp4,1,321,672,500,FMP4,1.88,DeepFake,Celeb-synthesis,id25,id20,,CELEB_COMPONENT_000,,train
CELEBDF_0002128,Celeb-DF v2,Celeb-synthesis/id25_id20_0008.mp4,1,323,672,500,FMP4,0.97,DeepFake,Celeb-synthesis,id25,id20,,CELEB_COMPONENT_000,,train
CELEBDF_0002129,Celeb-DF v2,Celeb-synthesis/id25_id20_0010.mp4,1,355,848,472,FMP4,1.77,DeepFake,Celeb-synthesis,id25,id20,,CELEB_COMPONENT_000,,train
CELEBDF_0002130,Celeb-DF v2,Celeb-synthesis/id25_id21_0002.mp4,1,341,850,472,FMP4,1.03,DeepFake,Celeb-synthesis,id25,id21,,CELEB_COMPONENT_000,,train
CELEBDF_0002131,Celeb-DF v2,Celeb-synthesis/id25_id21_0003.mp4,1,250,850,472,FMP4,1.78,DeepFake,Celeb-synthesis,id25,id21,,CELEB_COMPONENT_000,,train
CELEBDF_0002132,Celeb-DF v2,Celeb-synthesis/id25_id21_0005.mp4,1,309,742,500,FMP4,0.7,DeepFake,Celeb-synthesis,id25,id21,,CELEB_COMPONENT_000,,train
CELEBDF_0002133,Celeb-DF v2,Celeb-synthesis/id25_id21_0007.mp4,1,321,672,500,FMP4,1.87,DeepFake,Celeb-synthesis,id25,id21,,CELEB_COMPONENT_000,,train
CELEBDF_0002134,Celeb-DF v2,Celeb-synthesis/id25_id21_0008.mp4,1,323,672,500,FMP4,0.97,DeepFake,Celeb-synthesis,id25,id21,,CELEB_COMPONENT_000,,train
CELEBDF_0002135,Celeb-DF v2,Celeb-synthesis/id25_id21_0010.mp4,1,355,848,472,FMP4,1.77,DeepFake,Celeb-synthesis,id25,id21,,CELEB_COMPONENT_000,,train
CELEBDF_0002136,Celeb-DF v2,Celeb-synthesis/id25_id22_0002.mp4,1,341,850,472,FMP4,1.03,DeepFake,Celeb-synthesis,id25,id22,,CELEB_COMPONENT_000,,train
CELEBDF_0002137,Celeb-DF v2,Celeb-synthesis/id25_id22_0003.mp4,1,250,850,472,FMP4,1.78,DeepFake,Celeb-synthesis,id25,id22,,CELEB_COMPONENT_000,,train
CELEBDF_0002138,Celeb-DF v2,Celeb-synthesis/id25_id22_0004.mp4,1,327,850,472,FMP4,0.96,DeepFake,Celeb-synthesis,id25,id22,,CELEB_COMPONENT_000,,train
CELEBDF_0002139,Celeb-DF v2,Celeb-synthesis/id25_id22_0007.mp4,1,321,672,500,FMP4,1.87,DeepFake,Celeb-synthesis,id25,id22,,CELEB_COMPONENT_000,,train
CELEBDF_0002140,Celeb-DF v2,Celeb-synthesis/id25_id22_0008.mp4,1,323,672,500,FMP4,0.97,DeepFake,Celeb-synthesis,id25,id22,,CELEB_COMPONENT_000,,train
CELEBDF_0002141,Celeb-DF v2,Celeb-synthesis/id25_id22_0010.mp4,1,355,848,472,FMP4,1.77,DeepFake,Celeb-synthesis,id25,id22,,CELEB_COMPONENT_000,,train
CELEBDF_0002142,Celeb-DF v2,Celeb-synthesis/id25_id23_0000.mp4,1,243,850,472,FMP4,0.78,DeepFake,Celeb-synthesis,id25,id23,,CELEB_COMPONENT_000,,train
CELEBDF_0002143,Celeb-DF v2,Celeb-synthesis/id25_id23_0002.mp4,1,341,850,472,FMP4,1.02,DeepFake,Celeb-synthesis,id25,id23,,CELEB_COMPONENT_000,,train
CELEBDF_0002144,Celeb-DF v2,Celeb-synthesis/id25_id23_0003.mp4,1,250,850,472,FMP4,1.77,DeepFake,Celeb-synthesis,id25,id23,,CELEB_COMPONENT_000,,train
CELEBDF_0002145,Celeb-DF v2,Celeb-synthesis/id25_id23_0005.mp4,1,309,742,500,FMP4,0.7,DeepFake,Celeb-synthesis,id25,id23,,CELEB_COMPONENT_000,,train
CELEBDF_0002146,Celeb-DF v2,Celeb-synthesis/id25_id23_0007.mp4,1,321,672,500,FMP4,1.85,DeepFake,Celeb-synthesis,id25,id23,,CELEB_COMPONENT_000,,train
CELEBDF_0002147,Celeb-DF v2,Celeb-synthesis/id25_id23_0008.mp4,1,323,672,500,FMP4,0.97,DeepFake,Celeb-synthesis,id25,id23,,CELEB_COMPONENT_000,,train
CELEBDF_0002148,Celeb-DF v2,Celeb-synthesis/id25_id23_0010.mp4,1,355,848,472,FMP4,1.76,DeepFake,Celeb-synthesis,id25,id23,,CELEB_COMPONENT_000,,train
CELEBDF_0002149,Celeb-DF v2,Celeb-synthesis/id25_id24_0002.mp4,1,341,850,472,FMP4,1.02,DeepFake,Celeb-synthesis,id25,id24,,CELEB_COMPONENT_000,,train
CELEBDF_0002150,Celeb-DF v2,Celeb-synthesis/id25_id24_0003.mp4,1,250,850,472,FMP4,1.57,DeepFake,Celeb-synthesis,id25,id24,,CELEB_COMPONENT_000,,train
CELEBDF_0002151,Celeb-DF v2,Celeb-synthesis/id25_id24_0005.mp4,1,309,742,500,FMP4,0.7,DeepFake,Celeb-synthesis,id25,id24,,CELEB_COMPONENT_000,,train
CELEBDF_0002152,Celeb-DF v2,Celeb-synthesis/id25_id24_0007.mp4,1,321,672,500,FMP4,1.86,DeepFake,Celeb-synthesis,id25,id24,,CELEB_COMPONENT_000,,train
CELEBDF_0002153,Celeb-DF v2,Celeb-synthesis/id25_id24_0008.mp4,1,323,672,500,FMP4,0.97,DeepFake,Celeb-synthesis,id25,id24,,CELEB_COMPONENT_000,,train
CELEBDF_0002154,Celeb-DF v2,Celeb-synthesis/id25_id24_0010.mp4,1,355,848,472,FMP4,1.76,DeepFake,Celeb-synthesis,id25,id24,,CELEB_COMPONENT_000,,train
CELEBDF_0002155,Celeb-DF v2,Celeb-synthesis/id25_id26_0000.mp4,1,243,850,472,FMP4,0.78,DeepFake,Celeb-synthesis,id25,id26,,CELEB_COMPONENT_000,,train
CELEBDF_0002156,Celeb-DF v2,Celeb-synthesis/id25_id26_0002.mp4,1,341,850,472,FMP4,1.02,DeepFake,Celeb-synthesis,id25,id26,,CELEB_COMPONENT_000,,train
CELEBDF_0002157,Celeb-DF v2,Celeb-synthesis/id25_id26_0003.mp4,1,250,850,472,FMP4,1.78,DeepFake,Celeb-synthesis,id25,id26,,CELEB_COMPONENT_000,,train
CELEBDF_0002158,Celeb-DF v2,Celeb-synthesis/id25_id26_0004.mp4,1,327,850,472,FMP4,0.97,DeepFake,Celeb-synthesis,id25,id26,,CELEB_COMPONENT_000,,train
CELEBDF_0002159,Celeb-DF v2,Celeb-synthesis/id25_id26_0005.mp4,1,309,742,500,FMP4,0.7,DeepFake,Celeb-synthesis,id25,id26,,CELEB_COMPONENT_000,,train
CELEBDF_0002160,Celeb-DF v2,Celeb-synthesis/id25_id26_0006.mp4,1,315,814,428,FMP4,0.77,DeepFake,Celeb-synthesis,id25,id26,,CELEB_COMPONENT_000,,train
CELEBDF_0002161,Celeb-DF v2,Celeb-synthesis/id25_id26_0007.mp4,1,321,672,500,FMP4,1.87,DeepFake,Celeb-synthesis,id25,id26,,CELEB_COMPONENT_000,,train
CELEBDF_0002162,Celeb-DF v2,Celeb-synthesis/id25_id26_0008.mp4,1,323,672,500,FMP4,0.97,DeepFake,Celeb-synthesis,id25,id26,,CELEB_COMPONENT_000,,train
CELEBDF_0002163,Celeb-DF v2,Celeb-synthesis/id25_id26_0010.mp4,1,355,848,472,FMP4,1.77,DeepFake,Celeb-synthesis,id25,id26,,CELEB_COMPONENT_000,,train
CELEBDF_0002164,Celeb-DF v2,Celeb-synthesis/id25_id27_0002.mp4,1,341,850,472,FMP4,1.02,DeepFake,Celeb-synthesis,id25,id27,,CELEB_COMPONENT_000,,train
CELEBDF_0002165,Celeb-DF v2,Celeb-synthesis/id25_id27_0003.mp4,1,250,850,472,FMP4,1.78,DeepFake,Celeb-synthesis,id25,id27,,CELEB_COMPONENT_000,,train
CELEBDF_0002166,Celeb-DF v2,Celeb-synthesis/id25_id27_0004.mp4,1,327,850,472,FMP4,0.97,DeepFake,Celeb-synthesis,id25,id27,,CELEB_COMPONENT_000,,train
CELEBDF_0002167,Celeb-DF v2,Celeb-synthesis/id25_id27_0005.mp4,1,309,742,500,FMP4,0.7,DeepFake,Celeb-synthesis,id25,id27,,CELEB_COMPONENT_000,,train
CELEBDF_0002168,Celeb-DF v2,Celeb-synthesis/id25_id27_0007.mp4,1,321,672,500,FMP4,1.86,DeepFake,Celeb-synthesis,id25,id27,,CELEB_COMPONENT_000,,train
CELEBDF_0002169,Celeb-DF v2,Celeb-synthesis/id25_id27_0008.mp4,1,323,672,500,FMP4,0.97,DeepFake,Celeb-synthesis,id25,id27,,CELEB_COMPONENT_000,,train
CELEBDF_0002170,Celeb-DF v2,Celeb-synthesis/id25_id27_0010.mp4,1,355,848,472,FMP4,1.77,DeepFake,Celeb-synthesis,id25,id27,,CELEB_COMPONENT_000,,train
CELEBDF_0002171,Celeb-DF v2,Celeb-synthesis/id25_id28_0000.mp4,1,243,850,472,FMP4,0.79,DeepFake,Celeb-synthesis,id25,id28,,CELEB_COMPONENT_000,,train
CELEBDF_0002172,Celeb-DF v2,Celeb-synthesis/id25_id28_0002.mp4,1,341,850,472,FMP4,1.03,DeepFake,Celeb-synthesis,id25,id28,,CELEB_COMPONENT_000,,train
CELEBDF_0002173,Celeb-DF v2,Celeb-synthesis/id25_id28_0003.mp4,1,250,850,472,FMP4,1.78,DeepFake,Celeb-synthesis,id25,id28,,CELEB_COMPONENT_000,,train
CELEBDF_0002174,Celeb-DF v2,Celeb-synthesis/id25_id28_0005.mp4,1,309,742,500,FMP4,0.7,DeepFake,Celeb-synthesis,id25,id28,,CELEB_COMPONENT_000,,train
CELEBDF_0002175,Celeb-DF v2,Celeb-synthesis/id25_id28_0007.mp4,1,321,672,500,FMP4,1.87,DeepFake,Celeb-synthesis,id25,id28,,CELEB_COMPONENT_000,,train
CELEBDF_0002176,Celeb-DF v2,Celeb-synthesis/id25_id28_0008.mp4,1,323,672,500,FMP4,0.98,DeepFake,Celeb-synthesis,id25,id28,,CELEB_COMPONENT_000,,train
CELEBDF_0002177,Celeb-DF v2,Celeb-synthesis/id25_id28_0010.mp4,1,355,848,472,FMP4,1.77,DeepFake,Celeb-synthesis,id25,id28,,CELEB_COMPONENT_000,,train
CELEBDF_0002178,Celeb-DF v2,Celeb-synthesis/id26_id0_0000.mp4,1,327,848,472,FMP4,1.52,DeepFake,Celeb-synthesis,id26,id0,,CELEB_COMPONENT_000,,train
CELEBDF_0002179,Celeb-DF v2,Celeb-synthesis/id26_id0_0001.mp4,1,320,848,472,FMP4,2.28,DeepFake,Celeb-synthesis,id26,id0,,CELEB_COMPONENT_000,,train
CELEBDF_0002180,Celeb-DF v2,Celeb-synthesis/id26_id0_0003.mp4,1,249,848,472,FMP4,0.55,DeepFake,Celeb-synthesis,id26,id0,,CELEB_COMPONENT_000,,train
CELEBDF_0002181,Celeb-DF v2,Celeb-synthesis/id26_id0_0004.mp4,1,350,848,472,FMP4,0.92,DeepFake,Celeb-synthesis,id26,id0,,CELEB_COMPONENT_000,,train
CELEBDF_0002182,Celeb-DF v2,Celeb-synthesis/id26_id0_0005.mp4,1,336,526,474,FMP4,0.63,DeepFake,Celeb-synthesis,id26,id0,,CELEB_COMPONENT_000,,train
CELEBDF_0002183,Celeb-DF v2,Celeb-synthesis/id26_id0_0006.mp4,1,307,834,458,FMP4,1.1,DeepFake,Celeb-synthesis,id26,id0,,CELEB_COMPONENT_000,,train
CELEBDF_0002184,Celeb-DF v2,Celeb-synthesis/id26_id0_0009.mp4,1,334,834,458,FMP4,2.47,DeepFake,Celeb-synthesis,id26,id0,,CELEB_COMPONENT_000,,train
CELEBDF_0002185,Celeb-DF v2,Celeb-synthesis/id26_id16_0000.mp4,1,327,848,472,FMP4,1.51,DeepFake,Celeb-synthesis,id26,id16,,CELEB_COMPONENT_000,,train
CELEBDF_0002186,Celeb-DF v2,Celeb-synthesis/id26_id16_0001.mp4,1,320,848,472,FMP4,2.1,DeepFake,Celeb-synthesis,id26,id16,,CELEB_COMPONENT_000,,train
CELEBDF_0002187,Celeb-DF v2,Celeb-synthesis/id26_id16_0003.mp4,1,249,848,472,FMP4,0.55,DeepFake,Celeb-synthesis,id26,id16,,CELEB_COMPONENT_000,,train
CELEBDF_0002188,Celeb-DF v2,Celeb-synthesis/id26_id16_0004.mp4,1,350,848,472,FMP4,0.92,DeepFake,Celeb-synthesis,id26,id16,,CELEB_COMPONENT_000,,train
CELEBDF_0002189,Celeb-DF v2,Celeb-synthesis/id26_id16_0006.mp4,1,307,834,458,FMP4,1.08,DeepFake,Celeb-synthesis,id26,id16,,CELEB_COMPONENT_000,,train
CELEBDF_0002190,Celeb-DF v2,Celeb-synthesis/id26_id16_0009.mp4,1,334,834,458,FMP4,2.45,DeepFake,Celeb-synthesis,id26,id16,,CELEB_COMPONENT_000,,train
CELEBDF_0002191,Celeb-DF v2,Celeb-synthesis/id26_id17_0000.mp4,1,327,848,472,FMP4,1.52,DeepFake,Celeb-synthesis,id26,id17,,CELEB_COMPONENT_000,,train
CELEBDF_0002192,Celeb-DF v2,Celeb-synthesis/id26_id17_0003.mp4,1,249,848,472,FMP4,0.54,DeepFake,Celeb-synthesis,id26,id17,,CELEB_COMPONENT_000,,train
CELEBDF_0002193,Celeb-DF v2,Celeb-synthesis/id26_id17_0004.mp4,1,350,848,472,FMP4,0.92,DeepFake,Celeb-synthesis,id26,id17,,CELEB_COMPONENT_000,,train
CELEBDF_0002194,Celeb-DF v2,Celeb-synthesis/id26_id17_0005.mp4,1,336,526,474,FMP4,0.62,DeepFake,Celeb-synthesis,id26,id17,,CELEB_COMPONENT_000,,train
CELEBDF_0002195,Celeb-DF v2,Celeb-synthesis/id26_id17_0006.mp4,1,307,834,458,FMP4,1.07,DeepFake,Celeb-synthesis,id26,id17,,CELEB_COMPONENT_000,,train
CELEBDF_0002196,Celeb-DF v2,Celeb-synthesis/id26_id17_0008.mp4,1,318,834,458,FMP4,0.7,DeepFake,Celeb-synthesis,id26,id17,,CELEB_COMPONENT_000,,train
CELEBDF_0002197,Celeb-DF v2,Celeb-synthesis/id26_id19_0000.mp4,1,327,848,472,FMP4,1.52,DeepFake,Celeb-synthesis,id26,id19,,CELEB_COMPONENT_000,,train
CELEBDF_0002198,Celeb-DF v2,Celeb-synthesis/id26_id19_0002.mp4,1,322,848,472,FMP4,1.18,DeepFake,Celeb-synthesis,id26,id19,,CELEB_COMPONENT_000,,train
CELEBDF_0002199,Celeb-DF v2,Celeb-synthesis/id26_id19_0003.mp4,1,249,848,472,FMP4,0.54,DeepFake,Celeb-synthesis,id26,id19,,CELEB_COMPONENT_000,,train
CELEBDF_0002200,Celeb-DF v2,Celeb-synthesis/id26_id19_0004.mp4,1,350,848,472,FMP4,0.92,DeepFake,Celeb-synthesis,id26,id19,,CELEB_COMPONENT_000,,train
CELEBDF_0002201,Celeb-DF v2,Celeb-synthesis/id26_id19_0005.mp4,1,336,526,474,FMP4,0.62,DeepFake,Celeb-synthesis,id26,id19,,CELEB_COMPONENT_000,,train
CELEBDF_0002202,Celeb-DF v2,Celeb-synthesis/id26_id1_0000.mp4,1,327,848,472,FMP4,1.52,DeepFake,Celeb-synthesis,id26,id1,,CELEB_COMPONENT_000,,train
CELEBDF_0002203,Celeb-DF v2,Celeb-synthesis/id26_id1_0001.mp4,1,320,848,472,FMP4,2.28,DeepFake,Celeb-synthesis,id26,id1,,CELEB_COMPONENT_000,,train
CELEBDF_0002204,Celeb-DF v2,Celeb-synthesis/id26_id1_0002.mp4,1,322,848,472,FMP4,1.19,DeepFake,Celeb-synthesis,id26,id1,,CELEB_COMPONENT_000,,train
CELEBDF_0002205,Celeb-DF v2,Celeb-synthesis/id26_id1_0003.mp4,1,249,848,472,FMP4,0.54,DeepFake,Celeb-synthesis,id26,id1,,CELEB_COMPONENT_000,,train
CELEBDF_0002206,Celeb-DF v2,Celeb-synthesis/id26_id1_0004.mp4,1,350,848,472,FMP4,0.92,DeepFake,Celeb-synthesis,id26,id1,,CELEB_COMPONENT_000,,train
CELEBDF_0002207,Celeb-DF v2,Celeb-synthesis/id26_id1_0006.mp4,1,307,834,458,FMP4,1.08,DeepFake,Celeb-synthesis,id26,id1,,CELEB_COMPONENT_000,,train
CELEBDF_0002208,Celeb-DF v2,Celeb-synthesis/id26_id1_0009.mp4,1,334,834,458,FMP4,2.45,DeepFake,Celeb-synthesis,id26,id1,,CELEB_COMPONENT_000,,train
CELEBDF_0002209,Celeb-DF v2,Celeb-synthesis/id26_id20_0000.mp4,1,327,848,472,FMP4,1.52,DeepFake,Celeb-synthesis,id26,id20,,CELEB_COMPONENT_000,,train
CELEBDF_0002210,Celeb-DF v2,Celeb-synthesis/id26_id20_0001.mp4,1,320,848,472,FMP4,2.27,DeepFake,Celeb-synthesis,id26,id20,,CELEB_COMPONENT_000,,train
CELEBDF_0002211,Celeb-DF v2,Celeb-synthesis/id26_id20_0003.mp4,1,249,848,472,FMP4,0.54,DeepFake,Celeb-synthesis,id26,id20,,CELEB_COMPONENT_000,,train
CELEBDF_0002212,Celeb-DF v2,Celeb-synthesis/id26_id20_0004.mp4,1,350,848,472,FMP4,0.9,DeepFake,Celeb-synthesis,id26,id20,,CELEB_COMPONENT_000,,train
CELEBDF_0002213,Celeb-DF v2,Celeb-synthesis/id26_id20_0005.mp4,1,336,526,474,FMP4,0.62,DeepFake,Celeb-synthesis,id26,id20,,CELEB_COMPONENT_000,,train
CELEBDF_0002214,Celeb-DF v2,Celeb-synthesis/id26_id20_0008.mp4,1,318,834,458,FMP4,0.71,DeepFake,Celeb-synthesis,id26,id20,,CELEB_COMPONENT_000,,train
CELEBDF_0002215,Celeb-DF v2,Celeb-synthesis/id26_id20_0009.mp4,1,334,834,458,FMP4,2.46,DeepFake,Celeb-synthesis,id26,id20,,CELEB_COMPONENT_000,,train
CELEBDF_0002216,Celeb-DF v2,Celeb-synthesis/id26_id21_0000.mp4,1,327,848,472,FMP4,1.51,DeepFake,Celeb-synthesis,id26,id21,,CELEB_COMPONENT_000,,train
CELEBDF_0002217,Celeb-DF v2,Celeb-synthesis/id26_id21_0004.mp4,1,350,848,472,FMP4,0.9,DeepFake,Celeb-synthesis,id26,id21,,CELEB_COMPONENT_000,,train
CELEBDF_0002218,Celeb-DF v2,Celeb-synthesis/id26_id21_0005.mp4,1,336,526,474,FMP4,0.63,DeepFake,Celeb-synthesis,id26,id21,,CELEB_COMPONENT_000,,train
CELEBDF_0002219,Celeb-DF v2,Celeb-synthesis/id26_id21_0008.mp4,1,318,834,458,FMP4,0.69,DeepFake,Celeb-synthesis,id26,id21,,CELEB_COMPONENT_000,,train
CELEBDF_0002220,Celeb-DF v2,Celeb-synthesis/id26_id22_0000.mp4,1,327,848,472,FMP4,1.51,DeepFake,Celeb-synthesis,id26,id22,,CELEB_COMPONENT_000,,train
CELEBDF_0002221,Celeb-DF v2,Celeb-synthesis/id26_id22_0001.mp4,1,320,848,472,FMP4,2.27,DeepFake,Celeb-synthesis,id26,id22,,CELEB_COMPONENT_000,,train
CELEBDF_0002222,Celeb-DF v2,Celeb-synthesis/id26_id22_0003.mp4,1,249,848,472,FMP4,0.54,DeepFake,Celeb-synthesis,id26,id22,,CELEB_COMPONENT_000,,train
CELEBDF_0002223,Celeb-DF v2,Celeb-synthesis/id26_id22_0004.mp4,1,350,848,472,FMP4,0.91,DeepFake,Celeb-synthesis,id26,id22,,CELEB_COMPONENT_000,,train
CELEBDF_0002224,Celeb-DF v2,Celeb-synthesis/id26_id22_0005.mp4,1,336,526,474,FMP4,0.63,DeepFake,Celeb-synthesis,id26,id22,,CELEB_COMPONENT_000,,train
CELEBDF_0002225,Celeb-DF v2,Celeb-synthesis/id26_id22_0009.mp4,1,334,834,458,FMP4,2.45,DeepFake,Celeb-synthesis,id26,id22,,CELEB_COMPONENT_000,,train
CELEBDF_0002226,Celeb-DF v2,Celeb-synthesis/id26_id23_0001.mp4,1,320,848,472,FMP4,2.27,DeepFake,Celeb-synthesis,id26,id23,,CELEB_COMPONENT_000,,train
CELEBDF_0002227,Celeb-DF v2,Celeb-synthesis/id26_id23_0002.mp4,1,322,848,472,FMP4,1.17,DeepFake,Celeb-synthesis,id26,id23,,CELEB_COMPONENT_000,,train
CELEBDF_0002228,Celeb-DF v2,Celeb-synthesis/id26_id23_0003.mp4,1,249,848,472,FMP4,0.54,DeepFake,Celeb-synthesis,id26,id23,,CELEB_COMPONENT_000,,train
CELEBDF_0002229,Celeb-DF v2,Celeb-synthesis/id26_id23_0004.mp4,1,350,848,472,FMP4,0.9,DeepFake,Celeb-synthesis,id26,id23,,CELEB_COMPONENT_000,,train
CELEBDF_0002230,Celeb-DF v2,Celeb-synthesis/id26_id23_0009.mp4,1,334,834,458,FMP4,2.45,DeepFake,Celeb-synthesis,id26,id23,,CELEB_COMPONENT_000,,train
CELEBDF_0002231,Celeb-DF v2,Celeb-synthesis/id26_id24_0001.mp4,1,320,848,472,FMP4,2.27,DeepFake,Celeb-synthesis,id26,id24,,CELEB_COMPONENT_000,,train
CELEBDF_0002232,Celeb-DF v2,Celeb-synthesis/id26_id24_0003.mp4,1,249,848,472,FMP4,0.54,DeepFake,Celeb-synthesis,id26,id24,,CELEB_COMPONENT_000,,train
CELEBDF_0002233,Celeb-DF v2,Celeb-synthesis/id26_id24_0004.mp4,1,350,848,472,FMP4,0.91,DeepFake,Celeb-synthesis,id26,id24,,CELEB_COMPONENT_000,,train
CELEBDF_0002234,Celeb-DF v2,Celeb-synthesis/id26_id24_0009.mp4,1,334,834,458,FMP4,2.45,DeepFake,Celeb-synthesis,id26,id24,,CELEB_COMPONENT_000,,train
CELEBDF_0002235,Celeb-DF v2,Celeb-synthesis/id26_id25_0000.mp4,1,327,848,472,FMP4,1.51,DeepFake,Celeb-synthesis,id26,id25,,CELEB_COMPONENT_000,,train
CELEBDF_0002236,Celeb-DF v2,Celeb-synthesis/id26_id25_0001.mp4,1,320,848,472,FMP4,2.27,DeepFake,Celeb-synthesis,id26,id25,,CELEB_COMPONENT_000,,train
CELEBDF_0002237,Celeb-DF v2,Celeb-synthesis/id26_id25_0002.mp4,1,322,848,472,FMP4,1.17,DeepFake,Celeb-synthesis,id26,id25,,CELEB_COMPONENT_000,,train
CELEBDF_0002238,Celeb-DF v2,Celeb-synthesis/id26_id25_0003.mp4,1,249,848,472,FMP4,0.54,DeepFake,Celeb-synthesis,id26,id25,,CELEB_COMPONENT_000,,train
CELEBDF_0002239,Celeb-DF v2,Celeb-synthesis/id26_id25_0004.mp4,1,350,848,472,FMP4,0.91,DeepFake,Celeb-synthesis,id26,id25,,CELEB_COMPONENT_000,,train
CELEBDF_0002240,Celeb-DF v2,Celeb-synthesis/id26_id25_0005.mp4,1,336,526,474,FMP4,0.62,DeepFake,Celeb-synthesis,id26,id25,,CELEB_COMPONENT_000,,train
CELEBDF_0002241,Celeb-DF v2,Celeb-synthesis/id26_id25_0006.mp4,1,307,834,458,FMP4,1.08,DeepFake,Celeb-synthesis,id26,id25,,CELEB_COMPONENT_000,,train
CELEBDF_0002242,Celeb-DF v2,Celeb-synthesis/id26_id25_0008.mp4,1,318,834,458,FMP4,0.7,DeepFake,Celeb-synthesis,id26,id25,,CELEB_COMPONENT_000,,train
CELEBDF_0002243,Celeb-DF v2,Celeb-synthesis/id26_id25_0009.mp4,1,334,834,458,FMP4,2.44,DeepFake,Celeb-synthesis,id26,id25,,CELEB_COMPONENT_000,,train
CELEBDF_0002244,Celeb-DF v2,Celeb-synthesis/id26_id27_0000.mp4,1,327,848,472,FMP4,1.51,DeepFake,Celeb-synthesis,id26,id27,,CELEB_COMPONENT_000,,train
CELEBDF_0002245,Celeb-DF v2,Celeb-synthesis/id26_id27_0001.mp4,1,320,848,472,FMP4,2.27,DeepFake,Celeb-synthesis,id26,id27,,CELEB_COMPONENT_000,,train
CELEBDF_0002246,Celeb-DF v2,Celeb-synthesis/id26_id27_0003.mp4,1,249,848,472,FMP4,0.54,DeepFake,Celeb-synthesis,id26,id27,,CELEB_COMPONENT_000,,train
CELEBDF_0002247,Celeb-DF v2,Celeb-synthesis/id26_id27_0004.mp4,1,350,848,472,FMP4,0.9,DeepFake,Celeb-synthesis,id26,id27,,CELEB_COMPONENT_000,,train
CELEBDF_0002248,Celeb-DF v2,Celeb-synthesis/id26_id27_0005.mp4,1,336,526,474,FMP4,0.62,DeepFake,Celeb-synthesis,id26,id27,,CELEB_COMPONENT_000,,train
CELEBDF_0002249,Celeb-DF v2,Celeb-synthesis/id26_id27_0008.mp4,1,318,834,458,FMP4,0.69,DeepFake,Celeb-synthesis,id26,id27,,CELEB_COMPONENT_000,,train
CELEBDF_0002250,Celeb-DF v2,Celeb-synthesis/id26_id28_0000.mp4,1,327,848,472,FMP4,1.51,DeepFake,Celeb-synthesis,id26,id28,,CELEB_COMPONENT_000,,train
CELEBDF_0002251,Celeb-DF v2,Celeb-synthesis/id26_id28_0001.mp4,1,320,848,472,FMP4,2.27,DeepFake,Celeb-synthesis,id26,id28,,CELEB_COMPONENT_000,,train
CELEBDF_0002252,Celeb-DF v2,Celeb-synthesis/id26_id28_0002.mp4,1,322,848,472,FMP4,1.19,DeepFake,Celeb-synthesis,id26,id28,,CELEB_COMPONENT_000,,train
CELEBDF_0002253,Celeb-DF v2,Celeb-synthesis/id26_id28_0003.mp4,1,249,848,472,FMP4,0.54,DeepFake,Celeb-synthesis,id26,id28,,CELEB_COMPONENT_000,,train
CELEBDF_0002254,Celeb-DF v2,Celeb-synthesis/id26_id28_0004.mp4,1,350,848,472,FMP4,0.92,DeepFake,Celeb-synthesis,id26,id28,,CELEB_COMPONENT_000,,train
CELEBDF_0002255,Celeb-DF v2,Celeb-synthesis/id26_id28_0005.mp4,1,336,526,474,FMP4,0.63,DeepFake,Celeb-synthesis,id26,id28,,CELEB_COMPONENT_000,,train
CELEBDF_0002256,Celeb-DF v2,Celeb-synthesis/id26_id28_0008.mp4,1,318,834,458,FMP4,0.71,DeepFake,Celeb-synthesis,id26,id28,,CELEB_COMPONENT_000,,train
CELEBDF_0002257,Celeb-DF v2,Celeb-synthesis/id26_id29_0001.mp4,1,320,848,472,FMP4,2.27,DeepFake,Celeb-synthesis,id26,id29,,CELEB_COMPONENT_000,,train
CELEBDF_0002258,Celeb-DF v2,Celeb-synthesis/id26_id29_0003.mp4,1,249,848,472,FMP4,0.54,DeepFake,Celeb-synthesis,id26,id29,,CELEB_COMPONENT_000,,train
CELEBDF_0002259,Celeb-DF v2,Celeb-synthesis/id26_id29_0004.mp4,1,350,848,472,FMP4,0.91,DeepFake,Celeb-synthesis,id26,id29,,CELEB_COMPONENT_000,,train
CELEBDF_0002260,Celeb-DF v2,Celeb-synthesis/id26_id29_0006.mp4,1,307,834,458,FMP4,1.07,DeepFake,Celeb-synthesis,id26,id29,,CELEB_COMPONENT_000,,train
CELEBDF_0002261,Celeb-DF v2,Celeb-synthesis/id26_id29_0008.mp4,1,318,834,458,FMP4,0.7,DeepFake,Celeb-synthesis,id26,id29,,CELEB_COMPONENT_000,,train
CELEBDF_0002262,Celeb-DF v2,Celeb-synthesis/id26_id29_0009.mp4,1,334,834,458,FMP4,2.44,DeepFake,Celeb-synthesis,id26,id29,,CELEB_COMPONENT_000,,train
CELEBDF_0002263,Celeb-DF v2,Celeb-synthesis/id26_id2_0000.mp4,1,327,848,472,FMP4,1.52,DeepFake,Celeb-synthesis,id26,id2,,CELEB_COMPONENT_000,,train
CELEBDF_0002264,Celeb-DF v2,Celeb-synthesis/id26_id2_0001.mp4,1,320,848,472,FMP4,2.28,DeepFake,Celeb-synthesis,id26,id2,,CELEB_COMPONENT_000,,train
CELEBDF_0002265,Celeb-DF v2,Celeb-synthesis/id26_id2_0002.mp4,1,322,848,472,FMP4,1.2,DeepFake,Celeb-synthesis,id26,id2,,CELEB_COMPONENT_000,,train
CELEBDF_0002266,Celeb-DF v2,Celeb-synthesis/id26_id2_0003.mp4,1,249,848,472,FMP4,0.55,DeepFake,Celeb-synthesis,id26,id2,,CELEB_COMPONENT_000,,train
CELEBDF_0002267,Celeb-DF v2,Celeb-synthesis/id26_id2_0004.mp4,1,350,848,472,FMP4,0.92,DeepFake,Celeb-synthesis,id26,id2,,CELEB_COMPONENT_000,,train
CELEBDF_0002268,Celeb-DF v2,Celeb-synthesis/id26_id2_0005.mp4,1,336,526,474,FMP4,0.64,DeepFake,Celeb-synthesis,id26,id2,,CELEB_COMPONENT_000,,train
CELEBDF_0002269,Celeb-DF v2,Celeb-synthesis/id26_id2_0006.mp4,1,307,834,458,FMP4,1.08,DeepFake,Celeb-synthesis,id26,id2,,CELEB_COMPONENT_000,,train
CELEBDF_0002270,Celeb-DF v2,Celeb-synthesis/id26_id2_0009.mp4,1,334,834,458,FMP4,2.46,DeepFake,Celeb-synthesis,id26,id2,,CELEB_COMPONENT_000,,train
CELEBDF_0002271,Celeb-DF v2,Celeb-synthesis/id26_id30_0000.mp4,1,327,848,472,FMP4,1.51,DeepFake,Celeb-synthesis,id26,id30,,CELEB_COMPONENT_000,,train
CELEBDF_0002272,Celeb-DF v2,Celeb-synthesis/id26_id30_0001.mp4,1,320,848,472,FMP4,2.27,DeepFake,Celeb-synthesis,id26,id30,,CELEB_COMPONENT_000,,train
CELEBDF_0002273,Celeb-DF v2,Celeb-synthesis/id26_id30_0002.mp4,1,322,848,472,FMP4,1.17,DeepFake,Celeb-synthesis,id26,id30,,CELEB_COMPONENT_000,,train
CELEBDF_0002274,Celeb-DF v2,Celeb-synthesis/id26_id30_0003.mp4,1,249,848,472,FMP4,0.54,DeepFake,Celeb-synthesis,id26,id30,,CELEB_COMPONENT_000,,train
CELEBDF_0002275,Celeb-DF v2,Celeb-synthesis/id26_id30_0004.mp4,1,350,848,472,FMP4,0.91,DeepFake,Celeb-synthesis,id26,id30,,CELEB_COMPONENT_000,,train
CELEBDF_0002276,Celeb-DF v2,Celeb-synthesis/id26_id30_0006.mp4,1,307,834,458,FMP4,1.08,DeepFake,Celeb-synthesis,id26,id30,,CELEB_COMPONENT_000,,train
CELEBDF_0002277,Celeb-DF v2,Celeb-synthesis/id26_id30_0009.mp4,1,334,834,458,FMP4,2.45,DeepFake,Celeb-synthesis,id26,id30,,CELEB_COMPONENT_000,,train
CELEBDF_0002278,Celeb-DF v2,Celeb-synthesis/id26_id31_0001.mp4,1,320,848,472,FMP4,2.27,DeepFake,Celeb-synthesis,id26,id31,,CELEB_COMPONENT_000,,train
CELEBDF_0002279,Celeb-DF v2,Celeb-synthesis/id26_id31_0002.mp4,1,322,848,472,FMP4,1.18,DeepFake,Celeb-synthesis,id26,id31,,CELEB_COMPONENT_000,,train
CELEBDF_0002280,Celeb-DF v2,Celeb-synthesis/id26_id31_0003.mp4,1,249,848,472,FMP4,0.54,DeepFake,Celeb-synthesis,id26,id31,,CELEB_COMPONENT_000,,train
CELEBDF_0002281,Celeb-DF v2,Celeb-synthesis/id26_id31_0004.mp4,1,350,848,472,FMP4,0.91,DeepFake,Celeb-synthesis,id26,id31,,CELEB_COMPONENT_000,,train
CELEBDF_0002282,Celeb-DF v2,Celeb-synthesis/id26_id31_0005.mp4,1,336,526,474,FMP4,0.62,DeepFake,Celeb-synthesis,id26,id31,,CELEB_COMPONENT_000,,train
CELEBDF_0002283,Celeb-DF v2,Celeb-synthesis/id26_id31_0008.mp4,1,318,834,458,FMP4,0.69,DeepFake,Celeb-synthesis,id26,id31,,CELEB_COMPONENT_000,,train
CELEBDF_0002284,Celeb-DF v2,Celeb-synthesis/id26_id31_0009.mp4,1,334,834,458,FMP4,2.45,DeepFake,Celeb-synthesis,id26,id31,,CELEB_COMPONENT_000,,train
CELEBDF_0002285,Celeb-DF v2,Celeb-synthesis/id26_id32_0001.mp4,1,320,848,472,FMP4,2.27,DeepFake,Celeb-synthesis,id26,id32,,CELEB_COMPONENT_000,,train
CELEBDF_0002286,Celeb-DF v2,Celeb-synthesis/id26_id32_0002.mp4,1,322,848,472,FMP4,1.19,DeepFake,Celeb-synthesis,id26,id32,,CELEB_COMPONENT_000,,train
CELEBDF_0002287,Celeb-DF v2,Celeb-synthesis/id26_id32_0003.mp4,1,249,848,472,FMP4,0.54,DeepFake,Celeb-synthesis,id26,id32,,CELEB_COMPONENT_000,,train
CELEBDF_0002288,Celeb-DF v2,Celeb-synthesis/id26_id32_0004.mp4,1,350,848,472,FMP4,0.92,DeepFake,Celeb-synthesis,id26,id32,,CELEB_COMPONENT_000,,train
CELEBDF_0002289,Celeb-DF v2,Celeb-synthesis/id26_id32_0006.mp4,1,307,834,458,FMP4,1.08,DeepFake,Celeb-synthesis,id26,id32,,CELEB_COMPONENT_000,,train
CELEBDF_0002290,Celeb-DF v2,Celeb-synthesis/id26_id33_0001.mp4,1,320,848,472,FMP4,2.27,DeepFake,Celeb-synthesis,id26,id33,,CELEB_COMPONENT_000,,train
CELEBDF_0002291,Celeb-DF v2,Celeb-synthesis/id26_id33_0002.mp4,1,322,848,472,FMP4,1.18,DeepFake,Celeb-synthesis,id26,id33,,CELEB_COMPONENT_000,,train
CELEBDF_0002292,Celeb-DF v2,Celeb-synthesis/id26_id33_0003.mp4,1,249,848,472,FMP4,0.54,DeepFake,Celeb-synthesis,id26,id33,,CELEB_COMPONENT_000,,train
CELEBDF_0002293,Celeb-DF v2,Celeb-synthesis/id26_id33_0004.mp4,1,350,848,472,FMP4,0.91,DeepFake,Celeb-synthesis,id26,id33,,CELEB_COMPONENT_000,,train
CELEBDF_0002294,Celeb-DF v2,Celeb-synthesis/id26_id33_0006.mp4,1,307,834,458,FMP4,1.07,DeepFake,Celeb-synthesis,id26,id33,,CELEB_COMPONENT_000,,train
CELEBDF_0002295,Celeb-DF v2,Celeb-synthesis/id26_id34_0001.mp4,1,320,848,472,FMP4,2.27,DeepFake,Celeb-synthesis,id26,id34,,CELEB_COMPONENT_000,,train
CELEBDF_0002296,Celeb-DF v2,Celeb-synthesis/id26_id34_0002.mp4,1,322,848,472,FMP4,1.18,DeepFake,Celeb-synthesis,id26,id34,,CELEB_COMPONENT_000,,train
CELEBDF_0002297,Celeb-DF v2,Celeb-synthesis/id26_id34_0003.mp4,1,249,848,472,FMP4,0.54,DeepFake,Celeb-synthesis,id26,id34,,CELEB_COMPONENT_000,,train
CELEBDF_0002298,Celeb-DF v2,Celeb-synthesis/id26_id34_0004.mp4,1,350,848,472,FMP4,0.91,DeepFake,Celeb-synthesis,id26,id34,,CELEB_COMPONENT_000,,train
CELEBDF_0002299,Celeb-DF v2,Celeb-synthesis/id26_id34_0006.mp4,1,307,834,458,FMP4,1.07,DeepFake,Celeb-synthesis,id26,id34,,CELEB_COMPONENT_000,,train
CELEBDF_0002300,Celeb-DF v2,Celeb-synthesis/id26_id35_0000.mp4,1,327,848,472,FMP4,1.51,DeepFake,Celeb-synthesis,id26,id35,,CELEB_COMPONENT_000,,train
CELEBDF_0002301,Celeb-DF v2,Celeb-synthesis/id26_id35_0001.mp4,1,320,848,472,FMP4,2.27,DeepFake,Celeb-synthesis,id26,id35,,CELEB_COMPONENT_000,,train
CELEBDF_0002302,Celeb-DF v2,Celeb-synthesis/id26_id35_0002.mp4,1,322,848,472,FMP4,1.17,DeepFake,Celeb-synthesis,id26,id35,,CELEB_COMPONENT_000,,train
CELEBDF_0002303,Celeb-DF v2,Celeb-synthesis/id26_id35_0003.mp4,1,249,848,472,FMP4,0.54,DeepFake,Celeb-synthesis,id26,id35,,CELEB_COMPONENT_000,,train
CELEBDF_0002304,Celeb-DF v2,Celeb-synthesis/id26_id35_0004.mp4,1,350,848,472,FMP4,0.9,DeepFake,Celeb-synthesis,id26,id35,,CELEB_COMPONENT_000,,train
CELEBDF_0002305,Celeb-DF v2,Celeb-synthesis/id26_id35_0005.mp4,1,336,526,474,FMP4,0.62,DeepFake,Celeb-synthesis,id26,id35,,CELEB_COMPONENT_000,,train
CELEBDF_0002306,Celeb-DF v2,Celeb-synthesis/id26_id35_0008.mp4,1,318,834,458,FMP4,0.7,DeepFake,Celeb-synthesis,id26,id35,,CELEB_COMPONENT_000,,train
CELEBDF_0002307,Celeb-DF v2,Celeb-synthesis/id26_id37_0000.mp4,1,327,848,472,FMP4,1.51,DeepFake,Celeb-synthesis,id26,id37,,CELEB_COMPONENT_000,,train
CELEBDF_0002308,Celeb-DF v2,Celeb-synthesis/id26_id37_0001.mp4,1,320,848,472,FMP4,2.27,DeepFake,Celeb-synthesis,id26,id37,,CELEB_COMPONENT_000,,train
CELEBDF_0002309,Celeb-DF v2,Celeb-synthesis/id26_id37_0002.mp4,1,322,848,472,FMP4,1.19,DeepFake,Celeb-synthesis,id26,id37,,CELEB_COMPONENT_000,,train
CELEBDF_0002310,Celeb-DF v2,Celeb-synthesis/id26_id37_0003.mp4,1,249,848,472,FMP4,0.55,DeepFake,Celeb-synthesis,id26,id37,,CELEB_COMPONENT_000,,train
CELEBDF_0002311,Celeb-DF v2,Celeb-synthesis/id26_id37_0004.mp4,1,350,848,472,FMP4,0.92,DeepFake,Celeb-synthesis,id26,id37,,CELEB_COMPONENT_000,,train
CELEBDF_0002312,Celeb-DF v2,Celeb-synthesis/id26_id37_0005.mp4,1,336,526,474,FMP4,0.63,DeepFake,Celeb-synthesis,id26,id37,,CELEB_COMPONENT_000,,train
CELEBDF_0002313,Celeb-DF v2,Celeb-synthesis/id26_id37_0006.mp4,1,307,834,458,FMP4,1.08,DeepFake,Celeb-synthesis,id26,id37,,CELEB_COMPONENT_000,,train
CELEBDF_0002314,Celeb-DF v2,Celeb-synthesis/id26_id37_0008.mp4,1,318,834,458,FMP4,0.71,DeepFake,Celeb-synthesis,id26,id37,,CELEB_COMPONENT_000,,train
CELEBDF_0002315,Celeb-DF v2,Celeb-synthesis/id26_id37_0009.mp4,1,334,834,458,FMP4,2.45,DeepFake,Celeb-synthesis,id26,id37,,CELEB_COMPONENT_000,,train
CELEBDF_0002316,Celeb-DF v2,Celeb-synthesis/id26_id38_0001.mp4,1,320,848,472,FMP4,2.27,DeepFake,Celeb-synthesis,id26,id38,,CELEB_COMPONENT_000,,train
CELEBDF_0002317,Celeb-DF v2,Celeb-synthesis/id26_id38_0002.mp4,1,322,848,472,FMP4,1.18,DeepFake,Celeb-synthesis,id26,id38,,CELEB_COMPONENT_000,,train
CELEBDF_0002318,Celeb-DF v2,Celeb-synthesis/id26_id38_0003.mp4,1,249,848,472,FMP4,0.54,DeepFake,Celeb-synthesis,id26,id38,,CELEB_COMPONENT_000,,train
CELEBDF_0002319,Celeb-DF v2,Celeb-synthesis/id26_id38_0004.mp4,1,350,848,472,FMP4,0.91,DeepFake,Celeb-synthesis,id26,id38,,CELEB_COMPONENT_000,,train
CELEBDF_0002320,Celeb-DF v2,Celeb-synthesis/id26_id38_0006.mp4,1,307,834,458,FMP4,1.06,DeepFake,Celeb-synthesis,id26,id38,,CELEB_COMPONENT_000,,train
CELEBDF_0002321,Celeb-DF v2,Celeb-synthesis/id26_id3_0000.mp4,1,327,848,472,FMP4,1.52,DeepFake,Celeb-synthesis,id26,id3,,CELEB_COMPONENT_000,,train
CELEBDF_0002322,Celeb-DF v2,Celeb-synthesis/id26_id3_0001.mp4,1,320,848,472,FMP4,2.28,DeepFake,Celeb-synthesis,id26,id3,,CELEB_COMPONENT_000,,train
CELEBDF_0002323,Celeb-DF v2,Celeb-synthesis/id26_id3_0002.mp4,1,322,848,472,FMP4,1.12,DeepFake,Celeb-synthesis,id26,id3,,CELEB_COMPONENT_000,,train
CELEBDF_0002324,Celeb-DF v2,Celeb-synthesis/id26_id3_0003.mp4,1,249,848,472,FMP4,0.55,DeepFake,Celeb-synthesis,id26,id3,,CELEB_COMPONENT_000,,train
CELEBDF_0002325,Celeb-DF v2,Celeb-synthesis/id26_id3_0004.mp4,1,350,848,472,FMP4,0.93,DeepFake,Celeb-synthesis,id26,id3,,CELEB_COMPONENT_000,,train
CELEBDF_0002326,Celeb-DF v2,Celeb-synthesis/id26_id3_0005.mp4,1,336,526,474,FMP4,0.64,DeepFake,Celeb-synthesis,id26,id3,,CELEB_COMPONENT_000,,train
CELEBDF_0002327,Celeb-DF v2,Celeb-synthesis/id26_id3_0006.mp4,1,307,834,458,FMP4,1.08,DeepFake,Celeb-synthesis,id26,id3,,CELEB_COMPONENT_000,,train
CELEBDF_0002328,Celeb-DF v2,Celeb-synthesis/id26_id3_0008.mp4,1,318,834,458,FMP4,0.72,DeepFake,Celeb-synthesis,id26,id3,,CELEB_COMPONENT_000,,train
CELEBDF_0002329,Celeb-DF v2,Celeb-synthesis/id26_id4_0001.mp4,1,320,848,472,FMP4,2.27,DeepFake,Celeb-synthesis,id26,id4,,CELEB_COMPONENT_000,,train
CELEBDF_0002330,Celeb-DF v2,Celeb-synthesis/id26_id4_0002.mp4,1,322,848,472,FMP4,1.17,DeepFake,Celeb-synthesis,id26,id4,,CELEB_COMPONENT_000,,train
CELEBDF_0002331,Celeb-DF v2,Celeb-synthesis/id26_id4_0003.mp4,1,249,848,472,FMP4,0.54,DeepFake,Celeb-synthesis,id26,id4,,CELEB_COMPONENT_000,,train
CELEBDF_0002332,Celeb-DF v2,Celeb-synthesis/id26_id4_0004.mp4,1,350,848,472,FMP4,0.91,DeepFake,Celeb-synthesis,id26,id4,,CELEB_COMPONENT_000,,train
CELEBDF_0002333,Celeb-DF v2,Celeb-synthesis/id26_id4_0006.mp4,1,307,834,458,FMP4,1.07,DeepFake,Celeb-synthesis,id26,id4,,CELEB_COMPONENT_000,,train
CELEBDF_0002334,Celeb-DF v2,Celeb-synthesis/id26_id6_0001.mp4,1,320,848,472,FMP4,2.27,DeepFake,Celeb-synthesis,id26,id6,,CELEB_COMPONENT_000,,train
CELEBDF_0002335,Celeb-DF v2,Celeb-synthesis/id26_id6_0002.mp4,1,322,848,472,FMP4,1.18,DeepFake,Celeb-synthesis,id26,id6,,CELEB_COMPONENT_000,,train
CELEBDF_0002336,Celeb-DF v2,Celeb-synthesis/id26_id6_0003.mp4,1,249,848,472,FMP4,0.55,DeepFake,Celeb-synthesis,id26,id6,,CELEB_COMPONENT_000,,train
CELEBDF_0002337,Celeb-DF v2,Celeb-synthesis/id26_id6_0004.mp4,1,350,848,472,FMP4,0.91,DeepFake,Celeb-synthesis,id26,id6,,CELEB_COMPONENT_000,,train
CELEBDF_0002338,Celeb-DF v2,Celeb-synthesis/id26_id6_0006.mp4,1,307,834,458,FMP4,1.08,DeepFake,Celeb-synthesis,id26,id6,,CELEB_COMPONENT_000,,train
CELEBDF_0002339,Celeb-DF v2,Celeb-synthesis/id26_id9_0000.mp4,1,327,848,472,FMP4,1.53,DeepFake,Celeb-synthesis,id26,id9,,CELEB_COMPONENT_000,,train
CELEBDF_0002340,Celeb-DF v2,Celeb-synthesis/id26_id9_0001.mp4,1,320,848,472,FMP4,2.28,DeepFake,Celeb-synthesis,id26,id9,,CELEB_COMPONENT_000,,train
CELEBDF_0002341,Celeb-DF v2,Celeb-synthesis/id26_id9_0002.mp4,1,322,848,472,FMP4,1.2,DeepFake,Celeb-synthesis,id26,id9,,CELEB_COMPONENT_000,,train
CELEBDF_0002342,Celeb-DF v2,Celeb-synthesis/id26_id9_0003.mp4,1,249,848,472,FMP4,0.55,DeepFake,Celeb-synthesis,id26,id9,,CELEB_COMPONENT_000,,train
CELEBDF_0002343,Celeb-DF v2,Celeb-synthesis/id26_id9_0004.mp4,1,350,848,472,FMP4,0.93,DeepFake,Celeb-synthesis,id26,id9,,CELEB_COMPONENT_000,,train
CELEBDF_0002344,Celeb-DF v2,Celeb-synthesis/id26_id9_0005.mp4,1,336,526,474,FMP4,0.64,DeepFake,Celeb-synthesis,id26,id9,,CELEB_COMPONENT_000,,train
CELEBDF_0002345,Celeb-DF v2,Celeb-synthesis/id26_id9_0006.mp4,1,307,834,458,FMP4,1.1,DeepFake,Celeb-synthesis,id26,id9,,CELEB_COMPONENT_000,,train
CELEBDF_0002346,Celeb-DF v2,Celeb-synthesis/id26_id9_0008.mp4,1,318,834,458,FMP4,0.71,DeepFake,Celeb-synthesis,id26,id9,,CELEB_COMPONENT_000,,train
CELEBDF_0002347,Celeb-DF v2,Celeb-synthesis/id26_id9_0009.mp4,1,334,834,458,FMP4,2.47,DeepFake,Celeb-synthesis,id26,id9,,CELEB_COMPONENT_000,,train
CELEBDF_0002348,Celeb-DF v2,Celeb-synthesis/id27_id19_0001.mp4,1,288,834,458,FMP4,0.44,DeepFake,Celeb-synthesis,id27,id19,,CELEB_COMPONENT_000,,train
CELEBDF_0002349,Celeb-DF v2,Celeb-synthesis/id27_id19_0002.mp4,1,340,834,458,FMP4,1.12,DeepFake,Celeb-synthesis,id27,id19,,CELEB_COMPONENT_000,,train
CELEBDF_0002350,Celeb-DF v2,Celeb-synthesis/id27_id19_0003.mp4,1,283,834,458,FMP4,1.14,DeepFake,Celeb-synthesis,id27,id19,,CELEB_COMPONENT_000,,train
CELEBDF_0002351,Celeb-DF v2,Celeb-synthesis/id27_id19_0004.mp4,1,307,834,458,FMP4,0.95,DeepFake,Celeb-synthesis,id27,id19,,CELEB_COMPONENT_000,,train
CELEBDF_0002352,Celeb-DF v2,Celeb-synthesis/id27_id19_0006.mp4,1,295,626,500,FMP4,1.12,DeepFake,Celeb-synthesis,id27,id19,,CELEB_COMPONENT_000,,train
CELEBDF_0002353,Celeb-DF v2,Celeb-synthesis/id27_id19_0007.mp4,1,331,342,468,FMP4,0.46,DeepFake,Celeb-synthesis,id27,id19,,CELEB_COMPONENT_000,,train
CELEBDF_0002354,Celeb-DF v2,Celeb-synthesis/id27_id19_0008.mp4,1,331,348,500,FMP4,0.89,DeepFake,Celeb-synthesis,id27,id19,,CELEB_COMPONENT_000,,train
CELEBDF_0002355,Celeb-DF v2,Celeb-synthesis/id27_id19_0009.mp4,1,311,844,472,FMP4,0.66,DeepFake,Celeb-synthesis,id27,id19,,CELEB_COMPONENT_000,,train
CELEBDF_0002356,Celeb-DF v2,Celeb-synthesis/id27_id20_0000.mp4,1,317,834,458,FMP4,1.54,DeepFake,Celeb-synthesis,id27,id20,,CELEB_COMPONENT_000,,train
CELEBDF_0002357,Celeb-DF v2,Celeb-synthesis/id27_id20_0001.mp4,1,288,834,458,FMP4,0.44,DeepFake,Celeb-synthesis,id27,id20,,CELEB_COMPONENT_000,,train
CELEBDF_0002358,Celeb-DF v2,Celeb-synthesis/id27_id20_0002.mp4,1,340,834,458,FMP4,1.12,DeepFake,Celeb-synthesis,id27,id20,,CELEB_COMPONENT_000,,train
CELEBDF_0002359,Celeb-DF v2,Celeb-synthesis/id27_id20_0003.mp4,1,283,834,458,FMP4,1.13,DeepFake,Celeb-synthesis,id27,id20,,CELEB_COMPONENT_000,,train
CELEBDF_0002360,Celeb-DF v2,Celeb-synthesis/id27_id20_0004.mp4,1,307,834,458,FMP4,0.95,DeepFake,Celeb-synthesis,id27,id20,,CELEB_COMPONENT_000,,train
CELEBDF_0002361,Celeb-DF v2,Celeb-synthesis/id27_id20_0006.mp4,1,295,626,500,FMP4,1.13,DeepFake,Celeb-synthesis,id27,id20,,CELEB_COMPONENT_000,,train
CELEBDF_0002362,Celeb-DF v2,Celeb-synthesis/id27_id20_0007.mp4,1,331,342,468,FMP4,0.46,DeepFake,Celeb-synthesis,id27,id20,,CELEB_COMPONENT_000,,train
CELEBDF_0002363,Celeb-DF v2,Celeb-synthesis/id27_id20_0008.mp4,1,331,348,500,FMP4,0.88,DeepFake,Celeb-synthesis,id27,id20,,CELEB_COMPONENT_000,,train
CELEBDF_0002364,Celeb-DF v2,Celeb-synthesis/id27_id20_0009.mp4,1,311,844,472,FMP4,0.68,DeepFake,Celeb-synthesis,id27,id20,,CELEB_COMPONENT_000,,train
CELEBDF_0002365,Celeb-DF v2,Celeb-synthesis/id27_id21_0000.mp4,1,317,834,458,FMP4,1.54,DeepFake,Celeb-synthesis,id27,id21,,CELEB_COMPONENT_000,,train
CELEBDF_0002366,Celeb-DF v2,Celeb-synthesis/id27_id21_0001.mp4,1,288,834,458,FMP4,0.43,DeepFake,Celeb-synthesis,id27,id21,,CELEB_COMPONENT_000,,train
CELEBDF_0002367,Celeb-DF v2,Celeb-synthesis/id27_id21_0002.mp4,1,340,834,458,FMP4,1.12,DeepFake,Celeb-synthesis,id27,id21,,CELEB_COMPONENT_000,,train
CELEBDF_0002368,Celeb-DF v2,Celeb-synthesis/id27_id21_0003.mp4,1,283,834,458,FMP4,1.13,DeepFake,Celeb-synthesis,id27,id21,,CELEB_COMPONENT_000,,train
CELEBDF_0002369,Celeb-DF v2,Celeb-synthesis/id27_id21_0004.mp4,1,307,834,458,FMP4,0.95,DeepFake,Celeb-synthesis,id27,id21,,CELEB_COMPONENT_000,,train
CELEBDF_0002370,Celeb-DF v2,Celeb-synthesis/id27_id21_0006.mp4,1,295,626,500,FMP4,1.11,DeepFake,Celeb-synthesis,id27,id21,,CELEB_COMPONENT_000,,train
CELEBDF_0002371,Celeb-DF v2,Celeb-synthesis/id27_id21_0007.mp4,1,331,342,468,FMP4,0.46,DeepFake,Celeb-synthesis,id27,id21,,CELEB_COMPONENT_000,,train
CELEBDF_0002372,Celeb-DF v2,Celeb-synthesis/id27_id21_0008.mp4,1,331,348,500,FMP4,0.81,DeepFake,Celeb-synthesis,id27,id21,,CELEB_COMPONENT_000,,train
CELEBDF_0002373,Celeb-DF v2,Celeb-synthesis/id27_id21_0009.mp4,1,311,844,472,FMP4,0.66,DeepFake,Celeb-synthesis,id27,id21,,CELEB_COMPONENT_000,,train
CELEBDF_0002374,Celeb-DF v2,Celeb-synthesis/id27_id22_0000.mp4,1,317,834,458,FMP4,1.54,DeepFake,Celeb-synthesis,id27,id22,,CELEB_COMPONENT_000,,train
CELEBDF_0002375,Celeb-DF v2,Celeb-synthesis/id27_id22_0001.mp4,1,288,834,458,FMP4,0.43,DeepFake,Celeb-synthesis,id27,id22,,CELEB_COMPONENT_000,,train
CELEBDF_0002376,Celeb-DF v2,Celeb-synthesis/id27_id22_0002.mp4,1,340,834,458,FMP4,1.12,DeepFake,Celeb-synthesis,id27,id22,,CELEB_COMPONENT_000,,train
CELEBDF_0002377,Celeb-DF v2,Celeb-synthesis/id27_id22_0003.mp4,1,283,834,458,FMP4,1.13,DeepFake,Celeb-synthesis,id27,id22,,CELEB_COMPONENT_000,,train
CELEBDF_0002378,Celeb-DF v2,Celeb-synthesis/id27_id22_0004.mp4,1,307,834,458,FMP4,0.95,DeepFake,Celeb-synthesis,id27,id22,,CELEB_COMPONENT_000,,train
CELEBDF_0002379,Celeb-DF v2,Celeb-synthesis/id27_id22_0006.mp4,1,295,626,500,FMP4,1.12,DeepFake,Celeb-synthesis,id27,id22,,CELEB_COMPONENT_000,,train
CELEBDF_0002380,Celeb-DF v2,Celeb-synthesis/id27_id22_0007.mp4,1,331,342,468,FMP4,0.42,DeepFake,Celeb-synthesis,id27,id22,,CELEB_COMPONENT_000,,train
CELEBDF_0002381,Celeb-DF v2,Celeb-synthesis/id27_id22_0008.mp4,1,331,348,500,FMP4,0.88,DeepFake,Celeb-synthesis,id27,id22,,CELEB_COMPONENT_000,,train
CELEBDF_0002382,Celeb-DF v2,Celeb-synthesis/id27_id22_0009.mp4,1,311,844,472,FMP4,0.66,DeepFake,Celeb-synthesis,id27,id22,,CELEB_COMPONENT_000,,train
CELEBDF_0002383,Celeb-DF v2,Celeb-synthesis/id27_id23_0001.mp4,1,288,834,458,FMP4,0.43,DeepFake,Celeb-synthesis,id27,id23,,CELEB_COMPONENT_000,,train
CELEBDF_0002384,Celeb-DF v2,Celeb-synthesis/id27_id23_0003.mp4,1,283,834,458,FMP4,1.13,DeepFake,Celeb-synthesis,id27,id23,,CELEB_COMPONENT_000,,train
CELEBDF_0002385,Celeb-DF v2,Celeb-synthesis/id27_id23_0004.mp4,1,307,834,458,FMP4,0.95,DeepFake,Celeb-synthesis,id27,id23,,CELEB_COMPONENT_000,,train
CELEBDF_0002386,Celeb-DF v2,Celeb-synthesis/id27_id23_0006.mp4,1,295,626,500,FMP4,1.13,DeepFake,Celeb-synthesis,id27,id23,,CELEB_COMPONENT_000,,train
CELEBDF_0002387,Celeb-DF v2,Celeb-synthesis/id27_id23_0007.mp4,1,331,342,468,FMP4,0.45,DeepFake,Celeb-synthesis,id27,id23,,CELEB_COMPONENT_000,,train
CELEBDF_0002388,Celeb-DF v2,Celeb-synthesis/id27_id23_0008.mp4,1,331,348,500,FMP4,0.87,DeepFake,Celeb-synthesis,id27,id23,,CELEB_COMPONENT_000,,train
CELEBDF_0002389,Celeb-DF v2,Celeb-synthesis/id27_id23_0009.mp4,1,311,844,472,FMP4,0.66,DeepFake,Celeb-synthesis,id27,id23,,CELEB_COMPONENT_000,,train
CELEBDF_0002390,Celeb-DF v2,Celeb-synthesis/id27_id24_0000.mp4,1,317,834,458,FMP4,1.54,DeepFake,Celeb-synthesis,id27,id24,,CELEB_COMPONENT_000,,train
CELEBDF_0002391,Celeb-DF v2,Celeb-synthesis/id27_id24_0001.mp4,1,288,834,458,FMP4,0.43,DeepFake,Celeb-synthesis,id27,id24,,CELEB_COMPONENT_000,,train
CELEBDF_0002392,Celeb-DF v2,Celeb-synthesis/id27_id24_0002.mp4,1,340,834,458,FMP4,1.12,DeepFake,Celeb-synthesis,id27,id24,,CELEB_COMPONENT_000,,train
CELEBDF_0002393,Celeb-DF v2,Celeb-synthesis/id27_id24_0003.mp4,1,283,834,458,FMP4,1.13,DeepFake,Celeb-synthesis,id27,id24,,CELEB_COMPONENT_000,,train
CELEBDF_0002394,Celeb-DF v2,Celeb-synthesis/id27_id24_0004.mp4,1,307,834,458,FMP4,0.94,DeepFake,Celeb-synthesis,id27,id24,,CELEB_COMPONENT_000,,train
CELEBDF_0002395,Celeb-DF v2,Celeb-synthesis/id27_id24_0006.mp4,1,295,626,500,FMP4,1.12,DeepFake,Celeb-synthesis,id27,id24,,CELEB_COMPONENT_000,,train
CELEBDF_0002396,Celeb-DF v2,Celeb-synthesis/id27_id24_0007.mp4,1,331,342,468,FMP4,0.42,DeepFake,Celeb-synthesis,id27,id24,,CELEB_COMPONENT_000,,train
CELEBDF_0002397,Celeb-DF v2,Celeb-synthesis/id27_id24_0008.mp4,1,331,348,500,FMP4,0.87,DeepFake,Celeb-synthesis,id27,id24,,CELEB_COMPONENT_000,,train
CELEBDF_0002398,Celeb-DF v2,Celeb-synthesis/id27_id24_0009.mp4,1,311,844,472,FMP4,0.66,DeepFake,Celeb-synthesis,id27,id24,,CELEB_COMPONENT_000,,train
CELEBDF_0002399,Celeb-DF v2,Celeb-synthesis/id27_id25_0000.mp4,1,317,834,458,FMP4,1.54,DeepFake,Celeb-synthesis,id27,id25,,CELEB_COMPONENT_000,,train
CELEBDF_0002400,Celeb-DF v2,Celeb-synthesis/id27_id25_0001.mp4,1,288,834,458,FMP4,0.44,DeepFake,Celeb-synthesis,id27,id25,,CELEB_COMPONENT_000,,train
CELEBDF_0002401,Celeb-DF v2,Celeb-synthesis/id27_id25_0002.mp4,1,340,834,458,FMP4,1.12,DeepFake,Celeb-synthesis,id27,id25,,CELEB_COMPONENT_000,,train
CELEBDF_0002402,Celeb-DF v2,Celeb-synthesis/id27_id25_0003.mp4,1,283,834,458,FMP4,1.13,DeepFake,Celeb-synthesis,id27,id25,,CELEB_COMPONENT_000,,train
CELEBDF_0002403,Celeb-DF v2,Celeb-synthesis/id27_id25_0004.mp4,1,307,834,458,FMP4,0.94,DeepFake,Celeb-synthesis,id27,id25,,CELEB_COMPONENT_000,,train
CELEBDF_0002404,Celeb-DF v2,Celeb-synthesis/id27_id25_0006.mp4,1,295,626,500,FMP4,1.11,DeepFake,Celeb-synthesis,id27,id25,,CELEB_COMPONENT_000,,train
CELEBDF_0002405,Celeb-DF v2,Celeb-synthesis/id27_id25_0007.mp4,1,331,342,468,FMP4,0.46,DeepFake,Celeb-synthesis,id27,id25,,CELEB_COMPONENT_000,,train
CELEBDF_0002406,Celeb-DF v2,Celeb-synthesis/id27_id25_0008.mp4,1,331,348,500,FMP4,0.82,DeepFake,Celeb-synthesis,id27,id25,,CELEB_COMPONENT_000,,train
CELEBDF_0002407,Celeb-DF v2,Celeb-synthesis/id27_id25_0009.mp4,1,311,844,472,FMP4,0.66,DeepFake,Celeb-synthesis,id27,id25,,CELEB_COMPONENT_000,,train
CELEBDF_0002408,Celeb-DF v2,Celeb-synthesis/id27_id26_0000.mp4,1,317,834,458,FMP4,1.53,DeepFake,Celeb-synthesis,id27,id26,,CELEB_COMPONENT_000,,train
CELEBDF_0002409,Celeb-DF v2,Celeb-synthesis/id27_id26_0001.mp4,1,288,834,458,FMP4,0.43,DeepFake,Celeb-synthesis,id27,id26,,CELEB_COMPONENT_000,,train
CELEBDF_0002410,Celeb-DF v2,Celeb-synthesis/id27_id26_0002.mp4,1,340,834,458,FMP4,1.11,DeepFake,Celeb-synthesis,id27,id26,,CELEB_COMPONENT_000,,train
CELEBDF_0002411,Celeb-DF v2,Celeb-synthesis/id27_id26_0003.mp4,1,283,834,458,FMP4,1.13,DeepFake,Celeb-synthesis,id27,id26,,CELEB_COMPONENT_000,,train
CELEBDF_0002412,Celeb-DF v2,Celeb-synthesis/id27_id26_0004.mp4,1,307,834,458,FMP4,0.95,DeepFake,Celeb-synthesis,id27,id26,,CELEB_COMPONENT_000,,train
CELEBDF_0002413,Celeb-DF v2,Celeb-synthesis/id27_id26_0006.mp4,1,295,626,500,FMP4,1.13,DeepFake,Celeb-synthesis,id27,id26,,CELEB_COMPONENT_000,,train
CELEBDF_0002414,Celeb-DF v2,Celeb-synthesis/id27_id26_0007.mp4,1,331,342,468,FMP4,0.45,DeepFake,Celeb-synthesis,id27,id26,,CELEB_COMPONENT_000,,train
CELEBDF_0002415,Celeb-DF v2,Celeb-synthesis/id27_id26_0008.mp4,1,331,348,500,FMP4,0.87,DeepFake,Celeb-synthesis,id27,id26,,CELEB_COMPONENT_000,,train
CELEBDF_0002416,Celeb-DF v2,Celeb-synthesis/id27_id28_0000.mp4,1,317,834,458,FMP4,1.54,DeepFake,Celeb-synthesis,id27,id28,,CELEB_COMPONENT_000,,train
CELEBDF_0002417,Celeb-DF v2,Celeb-synthesis/id27_id28_0001.mp4,1,288,834,458,FMP4,0.43,DeepFake,Celeb-synthesis,id27,id28,,CELEB_COMPONENT_000,,train
CELEBDF_0002418,Celeb-DF v2,Celeb-synthesis/id27_id28_0002.mp4,1,340,834,458,FMP4,1.12,DeepFake,Celeb-synthesis,id27,id28,,CELEB_COMPONENT_000,,train
CELEBDF_0002419,Celeb-DF v2,Celeb-synthesis/id27_id28_0003.mp4,1,283,834,458,FMP4,1.13,DeepFake,Celeb-synthesis,id27,id28,,CELEB_COMPONENT_000,,train
CELEBDF_0002420,Celeb-DF v2,Celeb-synthesis/id27_id28_0004.mp4,1,307,834,458,FMP4,0.94,DeepFake,Celeb-synthesis,id27,id28,,CELEB_COMPONENT_000,,train
CELEBDF_0002421,Celeb-DF v2,Celeb-synthesis/id27_id28_0006.mp4,1,295,626,500,FMP4,1.12,DeepFake,Celeb-synthesis,id27,id28,,CELEB_COMPONENT_000,,train
CELEBDF_0002422,Celeb-DF v2,Celeb-synthesis/id27_id28_0007.mp4,1,331,342,468,FMP4,0.46,DeepFake,Celeb-synthesis,id27,id28,,CELEB_COMPONENT_000,,train
CELEBDF_0002423,Celeb-DF v2,Celeb-synthesis/id27_id28_0008.mp4,1,331,348,500,FMP4,0.88,DeepFake,Celeb-synthesis,id27,id28,,CELEB_COMPONENT_000,,train
CELEBDF_0002424,Celeb-DF v2,Celeb-synthesis/id27_id28_0009.mp4,1,311,844,472,FMP4,0.66,DeepFake,Celeb-synthesis,id27,id28,,CELEB_COMPONENT_000,,train
CELEBDF_0002425,Celeb-DF v2,Celeb-synthesis/id28_id0_0000.mp4,1,330,844,472,FMP4,0.63,DeepFake,Celeb-synthesis,id28,id0,,CELEB_COMPONENT_000,,train
CELEBDF_0002426,Celeb-DF v2,Celeb-synthesis/id28_id0_0001.mp4,1,333,846,474,FMP4,1.81,DeepFake,Celeb-synthesis,id28,id0,,CELEB_COMPONENT_000,,train
CELEBDF_0002427,Celeb-DF v2,Celeb-synthesis/id28_id0_0002.mp4,1,310,846,474,FMP4,1.21,DeepFake,Celeb-synthesis,id28,id0,,CELEB_COMPONENT_000,,train
CELEBDF_0002428,Celeb-DF v2,Celeb-synthesis/id28_id0_0003.mp4,1,332,846,474,FMP4,1.08,DeepFake,Celeb-synthesis,id28,id0,,CELEB_COMPONENT_000,,train
CELEBDF_0002429,Celeb-DF v2,Celeb-synthesis/id28_id0_0004.mp4,1,311,846,474,FMP4,1.24,DeepFake,Celeb-synthesis,id28,id0,,CELEB_COMPONENT_000,,train
CELEBDF_0002430,Celeb-DF v2,Celeb-synthesis/id28_id0_0005.mp4,1,332,846,474,FMP4,1.14,DeepFake,Celeb-synthesis,id28,id0,,CELEB_COMPONENT_000,,train
CELEBDF_0002431,Celeb-DF v2,Celeb-synthesis/id28_id0_0006.mp4,1,323,846,474,FMP4,1.25,DeepFake,Celeb-synthesis,id28,id0,,CELEB_COMPONENT_000,,train
CELEBDF_0002432,Celeb-DF v2,Celeb-synthesis/id28_id0_0007.mp4,1,301,684,500,FMP4,1.53,DeepFake,Celeb-synthesis,id28,id0,,CELEB_COMPONENT_000,,train
CELEBDF_0002433,Celeb-DF v2,Celeb-synthesis/id28_id0_0008.mp4,1,342,842,468,FMP4,1.77,DeepFake,Celeb-synthesis,id28,id0,,CELEB_COMPONENT_000,,train
CELEBDF_0002434,Celeb-DF v2,Celeb-synthesis/id28_id0_0009.mp4,1,331,842,468,FMP4,0.89,DeepFake,Celeb-synthesis,id28,id0,,CELEB_COMPONENT_000,,train
CELEBDF_0002435,Celeb-DF v2,Celeb-synthesis/id28_id16_0000.mp4,1,330,844,472,FMP4,0.62,DeepFake,Celeb-synthesis,id28,id16,,CELEB_COMPONENT_000,,train
CELEBDF_0002436,Celeb-DF v2,Celeb-synthesis/id28_id16_0001.mp4,1,333,846,474,FMP4,1.81,DeepFake,Celeb-synthesis,id28,id16,,CELEB_COMPONENT_000,,train
CELEBDF_0002437,Celeb-DF v2,Celeb-synthesis/id28_id16_0002.mp4,1,310,846,474,FMP4,1.21,DeepFake,Celeb-synthesis,id28,id16,,CELEB_COMPONENT_000,,train
CELEBDF_0002438,Celeb-DF v2,Celeb-synthesis/id28_id16_0003.mp4,1,332,846,474,FMP4,1.08,DeepFake,Celeb-synthesis,id28,id16,,CELEB_COMPONENT_000,,train
CELEBDF_0002439,Celeb-DF v2,Celeb-synthesis/id28_id16_0005.mp4,1,332,846,474,FMP4,1.14,DeepFake,Celeb-synthesis,id28,id16,,CELEB_COMPONENT_000,,train
CELEBDF_0002440,Celeb-DF v2,Celeb-synthesis/id28_id16_0006.mp4,1,323,846,474,FMP4,1.25,DeepFake,Celeb-synthesis,id28,id16,,CELEB_COMPONENT_000,,train
CELEBDF_0002441,Celeb-DF v2,Celeb-synthesis/id28_id16_0007.mp4,1,301,684,500,FMP4,1.53,DeepFake,Celeb-synthesis,id28,id16,,CELEB_COMPONENT_000,,train
CELEBDF_0002442,Celeb-DF v2,Celeb-synthesis/id28_id16_0008.mp4,1,342,842,468,FMP4,1.77,DeepFake,Celeb-synthesis,id28,id16,,CELEB_COMPONENT_000,,train
CELEBDF_0002443,Celeb-DF v2,Celeb-synthesis/id28_id16_0009.mp4,1,331,842,468,FMP4,0.89,DeepFake,Celeb-synthesis,id28,id16,,CELEB_COMPONENT_000,,train
CELEBDF_0002444,Celeb-DF v2,Celeb-synthesis/id28_id17_0000.mp4,1,330,844,472,FMP4,0.62,DeepFake,Celeb-synthesis,id28,id17,,CELEB_COMPONENT_000,,train
CELEBDF_0002445,Celeb-DF v2,Celeb-synthesis/id28_id17_0001.mp4,1,333,846,474,FMP4,1.79,DeepFake,Celeb-synthesis,id28,id17,,CELEB_COMPONENT_000,,train
CELEBDF_0002446,Celeb-DF v2,Celeb-synthesis/id28_id17_0002.mp4,1,310,846,474,FMP4,1.2,DeepFake,Celeb-synthesis,id28,id17,,CELEB_COMPONENT_000,,train
CELEBDF_0002447,Celeb-DF v2,Celeb-synthesis/id28_id17_0003.mp4,1,332,846,474,FMP4,1.08,DeepFake,Celeb-synthesis,id28,id17,,CELEB_COMPONENT_000,,train
CELEBDF_0002448,Celeb-DF v2,Celeb-synthesis/id28_id17_0004.mp4,1,311,846,474,FMP4,1.24,DeepFake,Celeb-synthesis,id28,id17,,CELEB_COMPONENT_000,,train
CELEBDF_0002449,Celeb-DF v2,Celeb-synthesis/id28_id17_0005.mp4,1,332,846,474,FMP4,1.13,DeepFake,Celeb-synthesis,id28,id17,,CELEB_COMPONENT_000,,train
CELEBDF_0002450,Celeb-DF v2,Celeb-synthesis/id28_id17_0006.mp4,1,323,846,474,FMP4,1.24,DeepFake,Celeb-synthesis,id28,id17,,CELEB_COMPONENT_000,,train
CELEBDF_0002451,Celeb-DF v2,Celeb-synthesis/id28_id17_0007.mp4,1,301,684,500,FMP4,1.52,DeepFake,Celeb-synthesis,id28,id17,,CELEB_COMPONENT_000,,train
CELEBDF_0002452,Celeb-DF v2,Celeb-synthesis/id28_id17_0008.mp4,1,342,842,468,FMP4,1.76,DeepFake,Celeb-synthesis,id28,id17,,CELEB_COMPONENT_000,,train
CELEBDF_0002453,Celeb-DF v2,Celeb-synthesis/id28_id17_0009.mp4,1,331,842,468,FMP4,0.88,DeepFake,Celeb-synthesis,id28,id17,,CELEB_COMPONENT_000,,train
CELEBDF_0002454,Celeb-DF v2,Celeb-synthesis/id28_id19_0000.mp4,1,330,844,472,FMP4,0.62,DeepFake,Celeb-synthesis,id28,id19,,CELEB_COMPONENT_000,,train
CELEBDF_0002455,Celeb-DF v2,Celeb-synthesis/id28_id19_0001.mp4,1,333,846,474,FMP4,1.78,DeepFake,Celeb-synthesis,id28,id19,,CELEB_COMPONENT_000,,train
CELEBDF_0002456,Celeb-DF v2,Celeb-synthesis/id28_id19_0002.mp4,1,310,846,474,FMP4,1.2,DeepFake,Celeb-synthesis,id28,id19,,CELEB_COMPONENT_000,,train
CELEBDF_0002457,Celeb-DF v2,Celeb-synthesis/id28_id19_0003.mp4,1,332,846,474,FMP4,1.07,DeepFake,Celeb-synthesis,id28,id19,,CELEB_COMPONENT_000,,train
CELEBDF_0002458,Celeb-DF v2,Celeb-synthesis/id28_id19_0004.mp4,1,311,846,474,FMP4,1.23,DeepFake,Celeb-synthesis,id28,id19,,CELEB_COMPONENT_000,,train
CELEBDF_0002459,Celeb-DF v2,Celeb-synthesis/id28_id19_0005.mp4,1,332,846,474,FMP4,1.14,DeepFake,Celeb-synthesis,id28,id19,,CELEB_COMPONENT_000,,train
CELEBDF_0002460,Celeb-DF v2,Celeb-synthesis/id28_id19_0006.mp4,1,323,846,474,FMP4,1.24,DeepFake,Celeb-synthesis,id28,id19,,CELEB_COMPONENT_000,,train
CELEBDF_0002461,Celeb-DF v2,Celeb-synthesis/id28_id19_0008.mp4,1,342,842,468,FMP4,1.77,DeepFake,Celeb-synthesis,id28,id19,,CELEB_COMPONENT_000,,train
CELEBDF_0002462,Celeb-DF v2,Celeb-synthesis/id28_id19_0009.mp4,1,331,842,468,FMP4,0.88,DeepFake,Celeb-synthesis,id28,id19,,CELEB_COMPONENT_000,,train
CELEBDF_0002463,Celeb-DF v2,Celeb-synthesis/id28_id1_0000.mp4,1,330,844,472,FMP4,0.62,DeepFake,Celeb-synthesis,id28,id1,,CELEB_COMPONENT_000,,train
CELEBDF_0002464,Celeb-DF v2,Celeb-synthesis/id28_id1_0001.mp4,1,333,846,474,FMP4,1.79,DeepFake,Celeb-synthesis,id28,id1,,CELEB_COMPONENT_000,,train
CELEBDF_0002465,Celeb-DF v2,Celeb-synthesis/id28_id1_0002.mp4,1,310,846,474,FMP4,1.21,DeepFake,Celeb-synthesis,id28,id1,,CELEB_COMPONENT_000,,train
CELEBDF_0002466,Celeb-DF v2,Celeb-synthesis/id28_id1_0003.mp4,1,332,846,474,FMP4,1.07,DeepFake,Celeb-synthesis,id28,id1,,CELEB_COMPONENT_000,,train
CELEBDF_0002467,Celeb-DF v2,Celeb-synthesis/id28_id1_0004.mp4,1,311,846,474,FMP4,1.24,DeepFake,Celeb-synthesis,id28,id1,,CELEB_COMPONENT_000,,train
CELEBDF_0002468,Celeb-DF v2,Celeb-synthesis/id28_id1_0005.mp4,1,332,846,474,FMP4,1.13,DeepFake,Celeb-synthesis,id28,id1,,CELEB_COMPONENT_000,,train
CELEBDF_0002469,Celeb-DF v2,Celeb-synthesis/id28_id1_0006.mp4,1,323,846,474,FMP4,1.24,DeepFake,Celeb-synthesis,id28,id1,,CELEB_COMPONENT_000,,train
CELEBDF_0002470,Celeb-DF v2,Celeb-synthesis/id28_id1_0008.mp4,1,342,842,468,FMP4,1.76,DeepFake,Celeb-synthesis,id28,id1,,CELEB_COMPONENT_000,,train
CELEBDF_0002471,Celeb-DF v2,Celeb-synthesis/id28_id1_0009.mp4,1,331,842,468,FMP4,0.88,DeepFake,Celeb-synthesis,id28,id1,,CELEB_COMPONENT_000,,train
CELEBDF_0002472,Celeb-DF v2,Celeb-synthesis/id28_id20_0000.mp4,1,330,844,472,FMP4,0.62,DeepFake,Celeb-synthesis,id28,id20,,CELEB_COMPONENT_000,,train
CELEBDF_0002473,Celeb-DF v2,Celeb-synthesis/id28_id20_0001.mp4,1,333,846,474,FMP4,1.79,DeepFake,Celeb-synthesis,id28,id20,,CELEB_COMPONENT_000,,train
CELEBDF_0002474,Celeb-DF v2,Celeb-synthesis/id28_id20_0002.mp4,1,310,846,474,FMP4,1.21,DeepFake,Celeb-synthesis,id28,id20,,CELEB_COMPONENT_000,,train
CELEBDF_0002475,Celeb-DF v2,Celeb-synthesis/id28_id20_0003.mp4,1,332,846,474,FMP4,1.07,DeepFake,Celeb-synthesis,id28,id20,,CELEB_COMPONENT_000,,train
CELEBDF_0002476,Celeb-DF v2,Celeb-synthesis/id28_id20_0004.mp4,1,311,846,474,FMP4,1.23,DeepFake,Celeb-synthesis,id28,id20,,CELEB_COMPONENT_000,,train
CELEBDF_0002477,Celeb-DF v2,Celeb-synthesis/id28_id20_0005.mp4,1,332,846,474,FMP4,1.15,DeepFake,Celeb-synthesis,id28,id20,,CELEB_COMPONENT_000,,train
CELEBDF_0002478,Celeb-DF v2,Celeb-synthesis/id28_id20_0006.mp4,1,323,846,474,FMP4,1.24,DeepFake,Celeb-synthesis,id28,id20,,CELEB_COMPONENT_000,,train
CELEBDF_0002479,Celeb-DF v2,Celeb-synthesis/id28_id20_0008.mp4,1,342,842,468,FMP4,1.76,DeepFake,Celeb-synthesis,id28,id20,,CELEB_COMPONENT_000,,train
CELEBDF_0002480,Celeb-DF v2,Celeb-synthesis/id28_id20_0009.mp4,1,331,842,468,FMP4,0.88,DeepFake,Celeb-synthesis,id28,id20,,CELEB_COMPONENT_000,,train
CELEBDF_0002481,Celeb-DF v2,Celeb-synthesis/id28_id21_0000.mp4,1,330,844,472,FMP4,0.62,DeepFake,Celeb-synthesis,id28,id21,,CELEB_COMPONENT_000,,train
CELEBDF_0002482,Celeb-DF v2,Celeb-synthesis/id28_id21_0001.mp4,1,333,846,474,FMP4,1.79,DeepFake,Celeb-synthesis,id28,id21,,CELEB_COMPONENT_000,,train
CELEBDF_0002483,Celeb-DF v2,Celeb-synthesis/id28_id21_0002.mp4,1,310,846,474,FMP4,1.2,DeepFake,Celeb-synthesis,id28,id21,,CELEB_COMPONENT_000,,train
CELEBDF_0002484,Celeb-DF v2,Celeb-synthesis/id28_id21_0003.mp4,1,332,846,474,FMP4,1.06,DeepFake,Celeb-synthesis,id28,id21,,CELEB_COMPONENT_000,,train
CELEBDF_0002485,Celeb-DF v2,Celeb-synthesis/id28_id21_0005.mp4,1,332,846,474,FMP4,1.14,DeepFake,Celeb-synthesis,id28,id21,,CELEB_COMPONENT_000,,train
CELEBDF_0002486,Celeb-DF v2,Celeb-synthesis/id28_id21_0006.mp4,1,323,846,474,FMP4,1.24,DeepFake,Celeb-synthesis,id28,id21,,CELEB_COMPONENT_000,,train
CELEBDF_0002487,Celeb-DF v2,Celeb-synthesis/id28_id21_0007.mp4,1,301,684,500,FMP4,1.51,DeepFake,Celeb-synthesis,id28,id21,,CELEB_COMPONENT_000,,train
CELEBDF_0002488,Celeb-DF v2,Celeb-synthesis/id28_id21_0008.mp4,1,342,842,468,FMP4,1.76,DeepFake,Celeb-synthesis,id28,id21,,CELEB_COMPONENT_000,,train
CELEBDF_0002489,Celeb-DF v2,Celeb-synthesis/id28_id21_0009.mp4,1,331,842,468,FMP4,0.88,DeepFake,Celeb-synthesis,id28,id21,,CELEB_COMPONENT_000,,train
CELEBDF_0002490,Celeb-DF v2,Celeb-synthesis/id28_id22_0000.mp4,1,330,844,472,FMP4,0.62,DeepFake,Celeb-synthesis,id28,id22,,CELEB_COMPONENT_000,,train
CELEBDF_0002491,Celeb-DF v2,Celeb-synthesis/id28_id22_0001.mp4,1,333,846,474,FMP4,1.79,DeepFake,Celeb-synthesis,id28,id22,,CELEB_COMPONENT_000,,train
CELEBDF_0002492,Celeb-DF v2,Celeb-synthesis/id28_id22_0002.mp4,1,310,846,474,FMP4,1.2,DeepFake,Celeb-synthesis,id28,id22,,CELEB_COMPONENT_000,,train
CELEBDF_0002493,Celeb-DF v2,Celeb-synthesis/id28_id22_0003.mp4,1,332,846,474,FMP4,1.06,DeepFake,Celeb-synthesis,id28,id22,,CELEB_COMPONENT_000,,train
CELEBDF_0002494,Celeb-DF v2,Celeb-synthesis/id28_id22_0004.mp4,1,311,846,474,FMP4,1.23,DeepFake,Celeb-synthesis,id28,id22,,CELEB_COMPONENT_000,,train
CELEBDF_0002495,Celeb-DF v2,Celeb-synthesis/id28_id22_0005.mp4,1,332,846,474,FMP4,1.14,DeepFake,Celeb-synthesis,id28,id22,,CELEB_COMPONENT_000,,train
CELEBDF_0002496,Celeb-DF v2,Celeb-synthesis/id28_id22_0006.mp4,1,323,846,474,FMP4,1.24,DeepFake,Celeb-synthesis,id28,id22,,CELEB_COMPONENT_000,,train
CELEBDF_0002497,Celeb-DF v2,Celeb-synthesis/id28_id22_0007.mp4,1,301,684,500,FMP4,1.5,DeepFake,Celeb-synthesis,id28,id22,,CELEB_COMPONENT_000,,train
CELEBDF_0002498,Celeb-DF v2,Celeb-synthesis/id28_id22_0008.mp4,1,342,842,468,FMP4,1.76,DeepFake,Celeb-synthesis,id28,id22,,CELEB_COMPONENT_000,,train
CELEBDF_0002499,Celeb-DF v2,Celeb-synthesis/id28_id22_0009.mp4,1,331,842,468,FMP4,0.88,DeepFake,Celeb-synthesis,id28,id22,,CELEB_COMPONENT_000,,train
CELEBDF_0002500,Celeb-DF v2,Celeb-synthesis/id28_id23_0000.mp4,1,330,844,472,FMP4,0.62,DeepFake,Celeb-synthesis,id28,id23,,CELEB_COMPONENT_000,,train
CELEBDF_0002501,Celeb-DF v2,Celeb-synthesis/id28_id23_0002.mp4,1,310,846,474,FMP4,1.2,DeepFake,Celeb-synthesis,id28,id23,,CELEB_COMPONENT_000,,train
CELEBDF_0002502,Celeb-DF v2,Celeb-synthesis/id28_id23_0003.mp4,1,332,846,474,FMP4,1.06,DeepFake,Celeb-synthesis,id28,id23,,CELEB_COMPONENT_000,,train
CELEBDF_0002503,Celeb-DF v2,Celeb-synthesis/id28_id23_0005.mp4,1,332,846,474,FMP4,1.13,DeepFake,Celeb-synthesis,id28,id23,,CELEB_COMPONENT_000,,train
CELEBDF_0002504,Celeb-DF v2,Celeb-synthesis/id28_id23_0006.mp4,1,323,846,474,FMP4,1.23,DeepFake,Celeb-synthesis,id28,id23,,CELEB_COMPONENT_000,,train
CELEBDF_0002505,Celeb-DF v2,Celeb-synthesis/id28_id23_0008.mp4,1,342,842,468,FMP4,1.76,DeepFake,Celeb-synthesis,id28,id23,,CELEB_COMPONENT_000,,train
CELEBDF_0002506,Celeb-DF v2,Celeb-synthesis/id28_id23_0009.mp4,1,331,842,468,FMP4,0.88,DeepFake,Celeb-synthesis,id28,id23,,CELEB_COMPONENT_000,,train
CELEBDF_0002507,Celeb-DF v2,Celeb-synthesis/id28_id24_0000.mp4,1,330,844,472,FMP4,0.62,DeepFake,Celeb-synthesis,id28,id24,,CELEB_COMPONENT_000,,train
CELEBDF_0002508,Celeb-DF v2,Celeb-synthesis/id28_id24_0001.mp4,1,333,846,474,FMP4,1.78,DeepFake,Celeb-synthesis,id28,id24,,CELEB_COMPONENT_000,,train
CELEBDF_0002509,Celeb-DF v2,Celeb-synthesis/id28_id24_0002.mp4,1,310,846,474,FMP4,1.2,DeepFake,Celeb-synthesis,id28,id24,,CELEB_COMPONENT_000,,train
CELEBDF_0002510,Celeb-DF v2,Celeb-synthesis/id28_id24_0003.mp4,1,332,846,474,FMP4,1.06,DeepFake,Celeb-synthesis,id28,id24,,CELEB_COMPONENT_000,,train
CELEBDF_0002511,Celeb-DF v2,Celeb-synthesis/id28_id24_0004.mp4,1,311,846,474,FMP4,1.23,DeepFake,Celeb-synthesis,id28,id24,,CELEB_COMPONENT_000,,train
CELEBDF_0002512,Celeb-DF v2,Celeb-synthesis/id28_id24_0005.mp4,1,332,846,474,FMP4,1.14,DeepFake,Celeb-synthesis,id28,id24,,CELEB_COMPONENT_000,,train
CELEBDF_0002513,Celeb-DF v2,Celeb-synthesis/id28_id24_0006.mp4,1,323,846,474,FMP4,1.23,DeepFake,Celeb-synthesis,id28,id24,,CELEB_COMPONENT_000,,train
CELEBDF_0002514,Celeb-DF v2,Celeb-synthesis/id28_id24_0008.mp4,1,342,842,468,FMP4,1.76,DeepFake,Celeb-synthesis,id28,id24,,CELEB_COMPONENT_000,,train
CELEBDF_0002515,Celeb-DF v2,Celeb-synthesis/id28_id24_0009.mp4,1,331,842,468,FMP4,0.88,DeepFake,Celeb-synthesis,id28,id24,,CELEB_COMPONENT_000,,train
CELEBDF_0002516,Celeb-DF v2,Celeb-synthesis/id28_id25_0000.mp4,1,330,844,472,FMP4,0.62,DeepFake,Celeb-synthesis,id28,id25,,CELEB_COMPONENT_000,,train
CELEBDF_0002517,Celeb-DF v2,Celeb-synthesis/id28_id25_0001.mp4,1,333,846,474,FMP4,1.79,DeepFake,Celeb-synthesis,id28,id25,,CELEB_COMPONENT_000,,train
CELEBDF_0002518,Celeb-DF v2,Celeb-synthesis/id28_id25_0002.mp4,1,310,846,474,FMP4,1.2,DeepFake,Celeb-synthesis,id28,id25,,CELEB_COMPONENT_000,,train
CELEBDF_0002519,Celeb-DF v2,Celeb-synthesis/id28_id25_0004.mp4,1,311,846,474,FMP4,1.23,DeepFake,Celeb-synthesis,id28,id25,,CELEB_COMPONENT_000,,train
CELEBDF_0002520,Celeb-DF v2,Celeb-synthesis/id28_id25_0005.mp4,1,332,846,474,FMP4,1.14,DeepFake,Celeb-synthesis,id28,id25,,CELEB_COMPONENT_000,,train
CELEBDF_0002521,Celeb-DF v2,Celeb-synthesis/id28_id25_0006.mp4,1,323,846,474,FMP4,1.23,DeepFake,Celeb-synthesis,id28,id25,,CELEB_COMPONENT_000,,train
CELEBDF_0002522,Celeb-DF v2,Celeb-synthesis/id28_id25_0008.mp4,1,342,842,468,FMP4,1.76,DeepFake,Celeb-synthesis,id28,id25,,CELEB_COMPONENT_000,,train
CELEBDF_0002523,Celeb-DF v2,Celeb-synthesis/id28_id25_0009.mp4,1,331,842,468,FMP4,0.88,DeepFake,Celeb-synthesis,id28,id25,,CELEB_COMPONENT_000,,train
CELEBDF_0002524,Celeb-DF v2,Celeb-synthesis/id28_id26_0000.mp4,1,330,844,472,FMP4,0.6,DeepFake,Celeb-synthesis,id28,id26,,CELEB_COMPONENT_000,,train
CELEBDF_0002525,Celeb-DF v2,Celeb-synthesis/id28_id26_0001.mp4,1,333,846,474,FMP4,1.79,DeepFake,Celeb-synthesis,id28,id26,,CELEB_COMPONENT_000,,train
CELEBDF_0002526,Celeb-DF v2,Celeb-synthesis/id28_id26_0002.mp4,1,310,846,474,FMP4,1.2,DeepFake,Celeb-synthesis,id28,id26,,CELEB_COMPONENT_000,,train
CELEBDF_0002527,Celeb-DF v2,Celeb-synthesis/id28_id26_0003.mp4,1,332,846,474,FMP4,1.06,DeepFake,Celeb-synthesis,id28,id26,,CELEB_COMPONENT_000,,train
CELEBDF_0002528,Celeb-DF v2,Celeb-synthesis/id28_id26_0004.mp4,1,311,846,474,FMP4,1.23,DeepFake,Celeb-synthesis,id28,id26,,CELEB_COMPONENT_000,,train
CELEBDF_0002529,Celeb-DF v2,Celeb-synthesis/id28_id26_0005.mp4,1,332,846,474,FMP4,1.13,DeepFake,Celeb-synthesis,id28,id26,,CELEB_COMPONENT_000,,train
CELEBDF_0002530,Celeb-DF v2,Celeb-synthesis/id28_id26_0006.mp4,1,323,846,474,FMP4,1.23,DeepFake,Celeb-synthesis,id28,id26,,CELEB_COMPONENT_000,,train
CELEBDF_0002531,Celeb-DF v2,Celeb-synthesis/id28_id26_0007.mp4,1,301,684,500,FMP4,1.5,DeepFake,Celeb-synthesis,id28,id26,,CELEB_COMPONENT_000,,train
CELEBDF_0002532,Celeb-DF v2,Celeb-synthesis/id28_id26_0008.mp4,1,342,842,468,FMP4,1.76,DeepFake,Celeb-synthesis,id28,id26,,CELEB_COMPONENT_000,,train
CELEBDF_0002533,Celeb-DF v2,Celeb-synthesis/id28_id26_0009.mp4,1,331,842,468,FMP4,0.88,DeepFake,Celeb-synthesis,id28,id26,,CELEB_COMPONENT_000,,train
CELEBDF_0002534,Celeb-DF v2,Celeb-synthesis/id28_id27_0000.mp4,1,330,844,472,FMP4,0.62,DeepFake,Celeb-synthesis,id28,id27,,CELEB_COMPONENT_000,,train
CELEBDF_0002535,Celeb-DF v2,Celeb-synthesis/id28_id27_0001.mp4,1,333,846,474,FMP4,1.79,DeepFake,Celeb-synthesis,id28,id27,,CELEB_COMPONENT_000,,train
CELEBDF_0002536,Celeb-DF v2,Celeb-synthesis/id28_id27_0002.mp4,1,310,846,474,FMP4,1.2,DeepFake,Celeb-synthesis,id28,id27,,CELEB_COMPONENT_000,,train
CELEBDF_0002537,Celeb-DF v2,Celeb-synthesis/id28_id27_0004.mp4,1,311,846,474,FMP4,1.23,DeepFake,Celeb-synthesis,id28,id27,,CELEB_COMPONENT_000,,train
CELEBDF_0002538,Celeb-DF v2,Celeb-synthesis/id28_id27_0005.mp4,1,332,846,474,FMP4,1.13,DeepFake,Celeb-synthesis,id28,id27,,CELEB_COMPONENT_000,,train
CELEBDF_0002539,Celeb-DF v2,Celeb-synthesis/id28_id27_0006.mp4,1,323,846,474,FMP4,1.23,DeepFake,Celeb-synthesis,id28,id27,,CELEB_COMPONENT_000,,train
CELEBDF_0002540,Celeb-DF v2,Celeb-synthesis/id28_id27_0007.mp4,1,301,684,500,FMP4,1.5,DeepFake,Celeb-synthesis,id28,id27,,CELEB_COMPONENT_000,,train
CELEBDF_0002541,Celeb-DF v2,Celeb-synthesis/id28_id27_0008.mp4,1,342,842,468,FMP4,1.76,DeepFake,Celeb-synthesis,id28,id27,,CELEB_COMPONENT_000,,train
CELEBDF_0002542,Celeb-DF v2,Celeb-synthesis/id28_id27_0009.mp4,1,331,842,468,FMP4,0.88,DeepFake,Celeb-synthesis,id28,id27,,CELEB_COMPONENT_000,,train
CELEBDF_0002543,Celeb-DF v2,Celeb-synthesis/id28_id29_0000.mp4,1,330,844,472,FMP4,0.62,DeepFake,Celeb-synthesis,id28,id29,,CELEB_COMPONENT_000,,train
CELEBDF_0002544,Celeb-DF v2,Celeb-synthesis/id28_id29_0001.mp4,1,333,846,474,FMP4,1.78,DeepFake,Celeb-synthesis,id28,id29,,CELEB_COMPONENT_000,,train
CELEBDF_0002545,Celeb-DF v2,Celeb-synthesis/id28_id29_0002.mp4,1,310,846,474,FMP4,1.2,DeepFake,Celeb-synthesis,id28,id29,,CELEB_COMPONENT_000,,train
CELEBDF_0002546,Celeb-DF v2,Celeb-synthesis/id28_id29_0003.mp4,1,332,846,474,FMP4,1.05,DeepFake,Celeb-synthesis,id28,id29,,CELEB_COMPONENT_000,,train
CELEBDF_0002547,Celeb-DF v2,Celeb-synthesis/id28_id29_0005.mp4,1,332,846,474,FMP4,1.13,DeepFake,Celeb-synthesis,id28,id29,,CELEB_COMPONENT_000,,train
CELEBDF_0002548,Celeb-DF v2,Celeb-synthesis/id28_id29_0006.mp4,1,323,846,474,FMP4,1.23,DeepFake,Celeb-synthesis,id28,id29,,CELEB_COMPONENT_000,,train
CELEBDF_0002549,Celeb-DF v2,Celeb-synthesis/id28_id29_0007.mp4,1,301,684,500,FMP4,1.49,DeepFake,Celeb-synthesis,id28,id29,,CELEB_COMPONENT_000,,train
CELEBDF_0002550,Celeb-DF v2,Celeb-synthesis/id28_id29_0008.mp4,1,342,842,468,FMP4,1.76,DeepFake,Celeb-synthesis,id28,id29,,CELEB_COMPONENT_000,,train
CELEBDF_0002551,Celeb-DF v2,Celeb-synthesis/id28_id29_0009.mp4,1,331,842,468,FMP4,0.88,DeepFake,Celeb-synthesis,id28,id29,,CELEB_COMPONENT_000,,train
CELEBDF_0002552,Celeb-DF v2,Celeb-synthesis/id28_id2_0000.mp4,1,330,844,472,FMP4,0.63,DeepFake,Celeb-synthesis,id28,id2,,CELEB_COMPONENT_000,,train
CELEBDF_0002553,Celeb-DF v2,Celeb-synthesis/id28_id2_0001.mp4,1,333,846,474,FMP4,1.8,DeepFake,Celeb-synthesis,id28,id2,,CELEB_COMPONENT_000,,train
CELEBDF_0002554,Celeb-DF v2,Celeb-synthesis/id28_id2_0002.mp4,1,310,846,474,FMP4,1.22,DeepFake,Celeb-synthesis,id28,id2,,CELEB_COMPONENT_000,,train
CELEBDF_0002555,Celeb-DF v2,Celeb-synthesis/id28_id2_0003.mp4,1,332,846,474,FMP4,1.08,DeepFake,Celeb-synthesis,id28,id2,,CELEB_COMPONENT_000,,train
CELEBDF_0002556,Celeb-DF v2,Celeb-synthesis/id28_id2_0004.mp4,1,311,846,474,FMP4,1.25,DeepFake,Celeb-synthesis,id28,id2,,CELEB_COMPONENT_000,,train
CELEBDF_0002557,Celeb-DF v2,Celeb-synthesis/id28_id2_0005.mp4,1,332,846,474,FMP4,1.15,DeepFake,Celeb-synthesis,id28,id2,,CELEB_COMPONENT_000,,train
CELEBDF_0002558,Celeb-DF v2,Celeb-synthesis/id28_id2_0006.mp4,1,323,846,474,FMP4,1.25,DeepFake,Celeb-synthesis,id28,id2,,CELEB_COMPONENT_000,,train
CELEBDF_0002559,Celeb-DF v2,Celeb-synthesis/id28_id2_0007.mp4,1,301,684,500,FMP4,1.52,DeepFake,Celeb-synthesis,id28,id2,,CELEB_COMPONENT_000,,train
CELEBDF_0002560,Celeb-DF v2,Celeb-synthesis/id28_id2_0008.mp4,1,342,842,468,FMP4,1.78,DeepFake,Celeb-synthesis,id28,id2,,CELEB_COMPONENT_000,,train
CELEBDF_0002561,Celeb-DF v2,Celeb-synthesis/id28_id2_0009.mp4,1,331,842,468,FMP4,0.89,DeepFake,Celeb-synthesis,id28,id2,,CELEB_COMPONENT_000,,train
CELEBDF_0002562,Celeb-DF v2,Celeb-synthesis/id28_id30_0000.mp4,1,330,844,472,FMP4,0.62,DeepFake,Celeb-synthesis,id28,id30,,CELEB_COMPONENT_000,,train
CELEBDF_0002563,Celeb-DF v2,Celeb-synthesis/id28_id30_0001.mp4,1,333,846,474,FMP4,1.79,DeepFake,Celeb-synthesis,id28,id30,,CELEB_COMPONENT_000,,train
CELEBDF_0002564,Celeb-DF v2,Celeb-synthesis/id28_id30_0002.mp4,1,310,846,474,FMP4,1.2,DeepFake,Celeb-synthesis,id28,id30,,CELEB_COMPONENT_000,,train
CELEBDF_0002565,Celeb-DF v2,Celeb-synthesis/id28_id30_0003.mp4,1,332,846,474,FMP4,1.06,DeepFake,Celeb-synthesis,id28,id30,,CELEB_COMPONENT_000,,train
CELEBDF_0002566,Celeb-DF v2,Celeb-synthesis/id28_id30_0004.mp4,1,311,846,474,FMP4,1.23,DeepFake,Celeb-synthesis,id28,id30,,CELEB_COMPONENT_000,,train
CELEBDF_0002567,Celeb-DF v2,Celeb-synthesis/id28_id30_0005.mp4,1,332,846,474,FMP4,1.14,DeepFake,Celeb-synthesis,id28,id30,,CELEB_COMPONENT_000,,train
CELEBDF_0002568,Celeb-DF v2,Celeb-synthesis/id28_id30_0006.mp4,1,323,846,474,FMP4,1.24,DeepFake,Celeb-synthesis,id28,id30,,CELEB_COMPONENT_000,,train
CELEBDF_0002569,Celeb-DF v2,Celeb-synthesis/id28_id30_0007.mp4,1,301,684,500,FMP4,1.5,DeepFake,Celeb-synthesis,id28,id30,,CELEB_COMPONENT_000,,train
CELEBDF_0002570,Celeb-DF v2,Celeb-synthesis/id28_id30_0008.mp4,1,342,842,468,FMP4,1.76,DeepFake,Celeb-synthesis,id28,id30,,CELEB_COMPONENT_000,,train
CELEBDF_0002571,Celeb-DF v2,Celeb-synthesis/id28_id30_0009.mp4,1,331,842,468,FMP4,0.88,DeepFake,Celeb-synthesis,id28,id30,,CELEB_COMPONENT_000,,train
CELEBDF_0002572,Celeb-DF v2,Celeb-synthesis/id28_id31_0000.mp4,1,330,844,472,FMP4,0.62,DeepFake,Celeb-synthesis,id28,id31,,CELEB_COMPONENT_000,,train
CELEBDF_0002573,Celeb-DF v2,Celeb-synthesis/id28_id31_0001.mp4,1,333,846,474,FMP4,1.79,DeepFake,Celeb-synthesis,id28,id31,,CELEB_COMPONENT_000,,train
CELEBDF_0002574,Celeb-DF v2,Celeb-synthesis/id28_id31_0002.mp4,1,310,846,474,FMP4,1.2,DeepFake,Celeb-synthesis,id28,id31,,CELEB_COMPONENT_000,,train
CELEBDF_0002575,Celeb-DF v2,Celeb-synthesis/id28_id31_0004.mp4,1,311,846,474,FMP4,1.23,DeepFake,Celeb-synthesis,id28,id31,,CELEB_COMPONENT_000,,train
CELEBDF_0002576,Celeb-DF v2,Celeb-synthesis/id28_id31_0006.mp4,1,323,846,474,FMP4,1.23,DeepFake,Celeb-synthesis,id28,id31,,CELEB_COMPONENT_000,,train
CELEBDF_0002577,Celeb-DF v2,Celeb-synthesis/id28_id31_0007.mp4,1,301,684,500,FMP4,1.51,DeepFake,Celeb-synthesis,id28,id31,,CELEB_COMPONENT_000,,train
CELEBDF_0002578,Celeb-DF v2,Celeb-synthesis/id28_id31_0008.mp4,1,342,842,468,FMP4,1.76,DeepFake,Celeb-synthesis,id28,id31,,CELEB_COMPONENT_000,,train
CELEBDF_0002579,Celeb-DF v2,Celeb-synthesis/id28_id31_0009.mp4,1,331,842,468,FMP4,0.88,DeepFake,Celeb-synthesis,id28,id31,,CELEB_COMPONENT_000,,train
CELEBDF_0002580,Celeb-DF v2,Celeb-synthesis/id28_id32_0000.mp4,1,330,844,472,FMP4,0.63,DeepFake,Celeb-synthesis,id28,id32,,CELEB_COMPONENT_000,,train
CELEBDF_0002581,Celeb-DF v2,Celeb-synthesis/id28_id32_0001.mp4,1,333,846,474,FMP4,1.8,DeepFake,Celeb-synthesis,id28,id32,,CELEB_COMPONENT_000,,train
CELEBDF_0002582,Celeb-DF v2,Celeb-synthesis/id28_id32_0002.mp4,1,310,846,474,FMP4,1.21,DeepFake,Celeb-synthesis,id28,id32,,CELEB_COMPONENT_000,,train
CELEBDF_0002583,Celeb-DF v2,Celeb-synthesis/id28_id32_0003.mp4,1,332,846,474,FMP4,1.07,DeepFake,Celeb-synthesis,id28,id32,,CELEB_COMPONENT_000,,train
CELEBDF_0002584,Celeb-DF v2,Celeb-synthesis/id28_id32_0004.mp4,1,311,846,474,FMP4,1.23,DeepFake,Celeb-synthesis,id28,id32,,CELEB_COMPONENT_000,,train
CELEBDF_0002585,Celeb-DF v2,Celeb-synthesis/id28_id32_0005.mp4,1,332,846,474,FMP4,1.14,DeepFake,Celeb-synthesis,id28,id32,,CELEB_COMPONENT_000,,train
CELEBDF_0002586,Celeb-DF v2,Celeb-synthesis/id28_id32_0006.mp4,1,323,846,474,FMP4,1.24,DeepFake,Celeb-synthesis,id28,id32,,CELEB_COMPONENT_000,,train
CELEBDF_0002587,Celeb-DF v2,Celeb-synthesis/id28_id32_0007.mp4,1,301,684,500,FMP4,1.51,DeepFake,Celeb-synthesis,id28,id32,,CELEB_COMPONENT_000,,train
CELEBDF_0002588,Celeb-DF v2,Celeb-synthesis/id28_id32_0008.mp4,1,342,842,468,FMP4,1.76,DeepFake,Celeb-synthesis,id28,id32,,CELEB_COMPONENT_000,,train
CELEBDF_0002589,Celeb-DF v2,Celeb-synthesis/id28_id32_0009.mp4,1,331,842,468,FMP4,0.88,DeepFake,Celeb-synthesis,id28,id32,,CELEB_COMPONENT_000,,train
CELEBDF_0002590,Celeb-DF v2,Celeb-synthesis/id28_id33_0000.mp4,1,330,844,472,FMP4,0.62,DeepFake,Celeb-synthesis,id28,id33,,CELEB_COMPONENT_000,,train
CELEBDF_0002591,Celeb-DF v2,Celeb-synthesis/id28_id33_0002.mp4,1,310,846,474,FMP4,1.21,DeepFake,Celeb-synthesis,id28,id33,,CELEB_COMPONENT_000,,train
CELEBDF_0002592,Celeb-DF v2,Celeb-synthesis/id28_id33_0003.mp4,1,332,846,474,FMP4,1.06,DeepFake,Celeb-synthesis,id28,id33,,CELEB_COMPONENT_000,,train
CELEBDF_0002593,Celeb-DF v2,Celeb-synthesis/id28_id33_0005.mp4,1,332,846,474,FMP4,1.13,DeepFake,Celeb-synthesis,id28,id33,,CELEB_COMPONENT_000,,train
CELEBDF_0002594,Celeb-DF v2,Celeb-synthesis/id28_id33_0006.mp4,1,323,846,474,FMP4,1.23,DeepFake,Celeb-synthesis,id28,id33,,CELEB_COMPONENT_000,,train
CELEBDF_0002595,Celeb-DF v2,Celeb-synthesis/id28_id33_0007.mp4,1,301,684,500,FMP4,1.5,DeepFake,Celeb-synthesis,id28,id33,,CELEB_COMPONENT_000,,train
CELEBDF_0002596,Celeb-DF v2,Celeb-synthesis/id28_id33_0008.mp4,1,342,842,468,FMP4,1.76,DeepFake,Celeb-synthesis,id28,id33,,CELEB_COMPONENT_000,,train
CELEBDF_0002597,Celeb-DF v2,Celeb-synthesis/id28_id33_0009.mp4,1,331,842,468,FMP4,0.88,DeepFake,Celeb-synthesis,id28,id33,,CELEB_COMPONENT_000,,train
CELEBDF_0002598,Celeb-DF v2,Celeb-synthesis/id28_id34_0000.mp4,1,330,844,472,FMP4,0.62,DeepFake,Celeb-synthesis,id28,id34,,CELEB_COMPONENT_000,,train
CELEBDF_0002599,Celeb-DF v2,Celeb-synthesis/id28_id34_0001.mp4,1,333,846,474,FMP4,1.78,DeepFake,Celeb-synthesis,id28,id34,,CELEB_COMPONENT_000,,train
CELEBDF_0002600,Celeb-DF v2,Celeb-synthesis/id28_id34_0002.mp4,1,310,846,474,FMP4,1.2,DeepFake,Celeb-synthesis,id28,id34,,CELEB_COMPONENT_000,,train
CELEBDF_0002601,Celeb-DF v2,Celeb-synthesis/id28_id34_0003.mp4,1,332,846,474,FMP4,1.07,DeepFake,Celeb-synthesis,id28,id34,,CELEB_COMPONENT_000,,train
CELEBDF_0002602,Celeb-DF v2,Celeb-synthesis/id28_id34_0005.mp4,1,332,846,474,FMP4,1.13,DeepFake,Celeb-synthesis,id28,id34,,CELEB_COMPONENT_000,,train
CELEBDF_0002603,Celeb-DF v2,Celeb-synthesis/id28_id34_0006.mp4,1,323,846,474,FMP4,1.23,DeepFake,Celeb-synthesis,id28,id34,,CELEB_COMPONENT_000,,train
CELEBDF_0002604,Celeb-DF v2,Celeb-synthesis/id28_id34_0008.mp4,1,342,842,468,FMP4,1.76,DeepFake,Celeb-synthesis,id28,id34,,CELEB_COMPONENT_000,,train
CELEBDF_0002605,Celeb-DF v2,Celeb-synthesis/id28_id34_0009.mp4,1,331,842,468,FMP4,0.88,DeepFake,Celeb-synthesis,id28,id34,,CELEB_COMPONENT_000,,train
CELEBDF_0002606,Celeb-DF v2,Celeb-synthesis/id28_id35_0000.mp4,1,330,844,472,FMP4,0.62,DeepFake,Celeb-synthesis,id28,id35,,CELEB_COMPONENT_000,,train
CELEBDF_0002607,Celeb-DF v2,Celeb-synthesis/id28_id35_0001.mp4,1,333,846,474,FMP4,1.78,DeepFake,Celeb-synthesis,id28,id35,,CELEB_COMPONENT_000,,train
CELEBDF_0002608,Celeb-DF v2,Celeb-synthesis/id28_id35_0002.mp4,1,310,846,474,FMP4,1.2,DeepFake,Celeb-synthesis,id28,id35,,CELEB_COMPONENT_000,,train
CELEBDF_0002609,Celeb-DF v2,Celeb-synthesis/id28_id35_0003.mp4,1,332,846,474,FMP4,1.05,DeepFake,Celeb-synthesis,id28,id35,,CELEB_COMPONENT_000,,train
CELEBDF_0002610,Celeb-DF v2,Celeb-synthesis/id28_id35_0004.mp4,1,311,846,474,FMP4,1.23,DeepFake,Celeb-synthesis,id28,id35,,CELEB_COMPONENT_000,,train
CELEBDF_0002611,Celeb-DF v2,Celeb-synthesis/id28_id35_0005.mp4,1,332,846,474,FMP4,1.13,DeepFake,Celeb-synthesis,id28,id35,,CELEB_COMPONENT_000,,train
CELEBDF_0002612,Celeb-DF v2,Celeb-synthesis/id28_id35_0006.mp4,1,323,846,474,FMP4,1.23,DeepFake,Celeb-synthesis,id28,id35,,CELEB_COMPONENT_000,,train
CELEBDF_0002613,Celeb-DF v2,Celeb-synthesis/id28_id35_0008.mp4,1,342,842,468,FMP4,1.6,DeepFake,Celeb-synthesis,id28,id35,,CELEB_COMPONENT_000,,train
CELEBDF_0002614,Celeb-DF v2,Celeb-synthesis/id28_id35_0009.mp4,1,331,842,468,FMP4,0.88,DeepFake,Celeb-synthesis,id28,id35,,CELEB_COMPONENT_000,,train
CELEBDF_0002615,Celeb-DF v2,Celeb-synthesis/id28_id37_0000.mp4,1,330,844,472,FMP4,0.62,DeepFake,Celeb-synthesis,id28,id37,,CELEB_COMPONENT_000,,train
CELEBDF_0002616,Celeb-DF v2,Celeb-synthesis/id28_id37_0001.mp4,1,333,846,474,FMP4,1.79,DeepFake,Celeb-synthesis,id28,id37,,CELEB_COMPONENT_000,,train
CELEBDF_0002617,Celeb-DF v2,Celeb-synthesis/id28_id37_0002.mp4,1,310,846,474,FMP4,1.2,DeepFake,Celeb-synthesis,id28,id37,,CELEB_COMPONENT_000,,train
CELEBDF_0002618,Celeb-DF v2,Celeb-synthesis/id28_id37_0003.mp4,1,332,846,474,FMP4,1.07,DeepFake,Celeb-synthesis,id28,id37,,CELEB_COMPONENT_000,,train
CELEBDF_0002619,Celeb-DF v2,Celeb-synthesis/id28_id37_0004.mp4,1,311,846,474,FMP4,1.24,DeepFake,Celeb-synthesis,id28,id37,,CELEB_COMPONENT_000,,train
CELEBDF_0002620,Celeb-DF v2,Celeb-synthesis/id28_id37_0005.mp4,1,332,846,474,FMP4,1.14,DeepFake,Celeb-synthesis,id28,id37,,CELEB_COMPONENT_000,,train
CELEBDF_0002621,Celeb-DF v2,Celeb-synthesis/id28_id37_0006.mp4,1,323,846,474,FMP4,1.25,DeepFake,Celeb-synthesis,id28,id37,,CELEB_COMPONENT_000,,train
CELEBDF_0002622,Celeb-DF v2,Celeb-synthesis/id28_id37_0007.mp4,1,301,684,500,FMP4,1.51,DeepFake,Celeb-synthesis,id28,id37,,CELEB_COMPONENT_000,,train
CELEBDF_0002623,Celeb-DF v2,Celeb-synthesis/id28_id37_0008.mp4,1,342,842,468,FMP4,1.76,DeepFake,Celeb-synthesis,id28,id37,,CELEB_COMPONENT_000,,train
CELEBDF_0002624,Celeb-DF v2,Celeb-synthesis/id28_id37_0009.mp4,1,331,842,468,FMP4,0.89,DeepFake,Celeb-synthesis,id28,id37,,CELEB_COMPONENT_000,,train
CELEBDF_0002625,Celeb-DF v2,Celeb-synthesis/id28_id38_0000.mp4,1,330,844,472,FMP4,0.61,DeepFake,Celeb-synthesis,id28,id38,,CELEB_COMPONENT_000,,train
CELEBDF_0002626,Celeb-DF v2,Celeb-synthesis/id28_id38_0001.mp4,1,333,846,474,FMP4,1.78,DeepFake,Celeb-synthesis,id28,id38,,CELEB_COMPONENT_000,,train
CELEBDF_0002627,Celeb-DF v2,Celeb-synthesis/id28_id38_0002.mp4,1,310,846,474,FMP4,1.2,DeepFake,Celeb-synthesis,id28,id38,,CELEB_COMPONENT_000,,train
CELEBDF_0002628,Celeb-DF v2,Celeb-synthesis/id28_id38_0003.mp4,1,332,846,474,FMP4,1.05,DeepFake,Celeb-synthesis,id28,id38,,CELEB_COMPONENT_000,,train
CELEBDF_0002629,Celeb-DF v2,Celeb-synthesis/id28_id38_0004.mp4,1,311,846,474,FMP4,1.23,DeepFake,Celeb-synthesis,id28,id38,,CELEB_COMPONENT_000,,train
CELEBDF_0002630,Celeb-DF v2,Celeb-synthesis/id28_id38_0005.mp4,1,332,846,474,FMP4,1.13,DeepFake,Celeb-synthesis,id28,id38,,CELEB_COMPONENT_000,,train
CELEBDF_0002631,Celeb-DF v2,Celeb-synthesis/id28_id38_0006.mp4,1,323,846,474,FMP4,1.23,DeepFake,Celeb-synthesis,id28,id38,,CELEB_COMPONENT_000,,train
CELEBDF_0002632,Celeb-DF v2,Celeb-synthesis/id28_id38_0007.mp4,1,301,684,500,FMP4,1.49,DeepFake,Celeb-synthesis,id28,id38,,CELEB_COMPONENT_000,,train
CELEBDF_0002633,Celeb-DF v2,Celeb-synthesis/id28_id38_0008.mp4,1,342,842,468,FMP4,1.75,DeepFake,Celeb-synthesis,id28,id38,,CELEB_COMPONENT_000,,train
CELEBDF_0002634,Celeb-DF v2,Celeb-synthesis/id28_id38_0009.mp4,1,331,842,468,FMP4,0.87,DeepFake,Celeb-synthesis,id28,id38,,CELEB_COMPONENT_000,,train
CELEBDF_0002635,Celeb-DF v2,Celeb-synthesis/id28_id3_0000.mp4,1,330,844,472,FMP4,0.63,DeepFake,Celeb-synthesis,id28,id3,,CELEB_COMPONENT_000,,train
CELEBDF_0002636,Celeb-DF v2,Celeb-synthesis/id28_id3_0001.mp4,1,333,846,474,FMP4,1.8,DeepFake,Celeb-synthesis,id28,id3,,CELEB_COMPONENT_000,,train
CELEBDF_0002637,Celeb-DF v2,Celeb-synthesis/id28_id3_0002.mp4,1,310,846,474,FMP4,1.22,DeepFake,Celeb-synthesis,id28,id3,,CELEB_COMPONENT_000,,train
CELEBDF_0002638,Celeb-DF v2,Celeb-synthesis/id28_id3_0003.mp4,1,332,846,474,FMP4,1.1,DeepFake,Celeb-synthesis,id28,id3,,CELEB_COMPONENT_000,,train
CELEBDF_0002639,Celeb-DF v2,Celeb-synthesis/id28_id3_0004.mp4,1,311,846,474,FMP4,1.15,DeepFake,Celeb-synthesis,id28,id3,,CELEB_COMPONENT_000,,train
CELEBDF_0002640,Celeb-DF v2,Celeb-synthesis/id28_id3_0005.mp4,1,332,846,474,FMP4,1.15,DeepFake,Celeb-synthesis,id28,id3,,CELEB_COMPONENT_000,,train
CELEBDF_0002641,Celeb-DF v2,Celeb-synthesis/id28_id3_0006.mp4,1,323,846,474,FMP4,1.25,DeepFake,Celeb-synthesis,id28,id3,,CELEB_COMPONENT_000,,train
CELEBDF_0002642,Celeb-DF v2,Celeb-synthesis/id28_id3_0007.mp4,1,301,684,500,FMP4,1.52,DeepFake,Celeb-synthesis,id28,id3,,CELEB_COMPONENT_000,,train
CELEBDF_0002643,Celeb-DF v2,Celeb-synthesis/id28_id3_0008.mp4,1,342,842,468,FMP4,1.77,DeepFake,Celeb-synthesis,id28,id3,,CELEB_COMPONENT_000,,train
CELEBDF_0002644,Celeb-DF v2,Celeb-synthesis/id28_id3_0009.mp4,1,331,842,468,FMP4,0.89,DeepFake,Celeb-synthesis,id28,id3,,CELEB_COMPONENT_000,,train
CELEBDF_0002645,Celeb-DF v2,Celeb-synthesis/id28_id4_0000.mp4,1,330,844,472,FMP4,0.62,DeepFake,Celeb-synthesis,id28,id4,,CELEB_COMPONENT_000,,train
CELEBDF_0002646,Celeb-DF v2,Celeb-synthesis/id28_id4_0001.mp4,1,333,846,474,FMP4,1.79,DeepFake,Celeb-synthesis,id28,id4,,CELEB_COMPONENT_000,,train
CELEBDF_0002647,Celeb-DF v2,Celeb-synthesis/id28_id4_0002.mp4,1,310,846,474,FMP4,1.2,DeepFake,Celeb-synthesis,id28,id4,,CELEB_COMPONENT_000,,train
CELEBDF_0002648,Celeb-DF v2,Celeb-synthesis/id28_id4_0003.mp4,1,332,846,474,FMP4,1.07,DeepFake,Celeb-synthesis,id28,id4,,CELEB_COMPONENT_000,,train
CELEBDF_0002649,Celeb-DF v2,Celeb-synthesis/id28_id4_0004.mp4,1,311,846,474,FMP4,1.23,DeepFake,Celeb-synthesis,id28,id4,,CELEB_COMPONENT_000,,train
CELEBDF_0002650,Celeb-DF v2,Celeb-synthesis/id28_id4_0005.mp4,1,332,846,474,FMP4,1.14,DeepFake,Celeb-synthesis,id28,id4,,CELEB_COMPONENT_000,,train
CELEBDF_0002651,Celeb-DF v2,Celeb-synthesis/id28_id4_0006.mp4,1,323,846,474,FMP4,1.12,DeepFake,Celeb-synthesis,id28,id4,,CELEB_COMPONENT_000,,train
CELEBDF_0002652,Celeb-DF v2,Celeb-synthesis/id28_id4_0008.mp4,1,342,842,468,FMP4,1.76,DeepFake,Celeb-synthesis,id28,id4,,CELEB_COMPONENT_000,,train
CELEBDF_0002653,Celeb-DF v2,Celeb-synthesis/id28_id4_0009.mp4,1,331,842,468,FMP4,0.88,DeepFake,Celeb-synthesis,id28,id4,,CELEB_COMPONENT_000,,train
CELEBDF_0002654,Celeb-DF v2,Celeb-synthesis/id28_id6_0000.mp4,1,330,844,472,FMP4,0.62,DeepFake,Celeb-synthesis,id28,id6,,CELEB_COMPONENT_000,,train
CELEBDF_0002655,Celeb-DF v2,Celeb-synthesis/id28_id6_0001.mp4,1,333,846,474,FMP4,1.79,DeepFake,Celeb-synthesis,id28,id6,,CELEB_COMPONENT_000,,train
CELEBDF_0002656,Celeb-DF v2,Celeb-synthesis/id28_id6_0002.mp4,1,310,846,474,FMP4,1.2,DeepFake,Celeb-synthesis,id28,id6,,CELEB_COMPONENT_000,,train
CELEBDF_0002657,Celeb-DF v2,Celeb-synthesis/id28_id6_0003.mp4,1,332,846,474,FMP4,1.07,DeepFake,Celeb-synthesis,id28,id6,,CELEB_COMPONENT_000,,train
CELEBDF_0002658,Celeb-DF v2,Celeb-synthesis/id28_id6_0004.mp4,1,311,846,474,FMP4,1.24,DeepFake,Celeb-synthesis,id28,id6,,CELEB_COMPONENT_000,,train
CELEBDF_0002659,Celeb-DF v2,Celeb-synthesis/id28_id6_0005.mp4,1,332,846,474,FMP4,1.14,DeepFake,Celeb-synthesis,id28,id6,,CELEB_COMPONENT_000,,train
CELEBDF_0002660,Celeb-DF v2,Celeb-synthesis/id28_id6_0006.mp4,1,323,846,474,FMP4,1.13,DeepFake,Celeb-synthesis,id28,id6,,CELEB_COMPONENT_000,,train
CELEBDF_0002661,Celeb-DF v2,Celeb-synthesis/id28_id6_0007.mp4,1,301,684,500,FMP4,1.51,DeepFake,Celeb-synthesis,id28,id6,,CELEB_COMPONENT_000,,train
CELEBDF_0002662,Celeb-DF v2,Celeb-synthesis/id28_id6_0008.mp4,1,342,842,468,FMP4,1.76,DeepFake,Celeb-synthesis,id28,id6,,CELEB_COMPONENT_000,,train
CELEBDF_0002663,Celeb-DF v2,Celeb-synthesis/id28_id6_0009.mp4,1,331,842,468,FMP4,0.88,DeepFake,Celeb-synthesis,id28,id6,,CELEB_COMPONENT_000,,train
CELEBDF_0002664,Celeb-DF v2,Celeb-synthesis/id28_id9_0000.mp4,1,330,844,472,FMP4,0.63,DeepFake,Celeb-synthesis,id28,id9,,CELEB_COMPONENT_000,,train
CELEBDF_0002665,Celeb-DF v2,Celeb-synthesis/id28_id9_0001.mp4,1,333,846,474,FMP4,1.8,DeepFake,Celeb-synthesis,id28,id9,,CELEB_COMPONENT_000,,train
CELEBDF_0002666,Celeb-DF v2,Celeb-synthesis/id28_id9_0002.mp4,1,310,846,474,FMP4,1.21,DeepFake,Celeb-synthesis,id28,id9,,CELEB_COMPONENT_000,,train
CELEBDF_0002667,Celeb-DF v2,Celeb-synthesis/id28_id9_0003.mp4,1,332,846,474,FMP4,1.09,DeepFake,Celeb-synthesis,id28,id9,,CELEB_COMPONENT_000,,train
CELEBDF_0002668,Celeb-DF v2,Celeb-synthesis/id28_id9_0004.mp4,1,311,846,474,FMP4,1.24,DeepFake,Celeb-synthesis,id28,id9,,CELEB_COMPONENT_000,,train
CELEBDF_0002669,Celeb-DF v2,Celeb-synthesis/id28_id9_0005.mp4,1,332,846,474,FMP4,1.15,DeepFake,Celeb-synthesis,id28,id9,,CELEB_COMPONENT_000,,train
CELEBDF_0002670,Celeb-DF v2,Celeb-synthesis/id28_id9_0006.mp4,1,323,846,474,FMP4,1.25,DeepFake,Celeb-synthesis,id28,id9,,CELEB_COMPONENT_000,,train
CELEBDF_0002671,Celeb-DF v2,Celeb-synthesis/id28_id9_0007.mp4,1,301,684,500,FMP4,1.52,DeepFake,Celeb-synthesis,id28,id9,,CELEB_COMPONENT_000,,train
CELEBDF_0002672,Celeb-DF v2,Celeb-synthesis/id28_id9_0008.mp4,1,342,842,468,FMP4,1.78,DeepFake,Celeb-synthesis,id28,id9,,CELEB_COMPONENT_000,,train
CELEBDF_0002673,Celeb-DF v2,Celeb-synthesis/id28_id9_0009.mp4,1,331,842,468,FMP4,0.89,DeepFake,Celeb-synthesis,id28,id9,,CELEB_COMPONENT_000,,train
CELEBDF_0002674,Celeb-DF v2,Celeb-synthesis/id29_id20_0000.mp4,1,429,852,480,FMP4,1.84,DeepFake,Celeb-synthesis,id29,id20,,CELEB_COMPONENT_000,,train
CELEBDF_0002675,Celeb-DF v2,Celeb-synthesis/id29_id20_0004.mp4,1,364,852,480,FMP4,2.49,DeepFake,Celeb-synthesis,id29,id20,,CELEB_COMPONENT_000,,train
CELEBDF_0002676,Celeb-DF v2,Celeb-synthesis/id29_id20_0005.mp4,1,468,852,480,FMP4,1.94,DeepFake,Celeb-synthesis,id29,id20,,CELEB_COMPONENT_000,,train
CELEBDF_0002677,Celeb-DF v2,Celeb-synthesis/id29_id20_0006.mp4,1,472,852,480,FMP4,2.73,DeepFake,Celeb-synthesis,id29,id20,,CELEB_COMPONENT_000,,train
CELEBDF_0002678,Celeb-DF v2,Celeb-synthesis/id29_id20_0007.mp4,1,306,852,480,FMP4,0.99,DeepFake,Celeb-synthesis,id29,id20,,CELEB_COMPONENT_000,,train
CELEBDF_0002679,Celeb-DF v2,Celeb-synthesis/id29_id20_0008.mp4,1,450,852,480,FMP4,1.69,DeepFake,Celeb-synthesis,id29,id20,,CELEB_COMPONENT_000,,train
CELEBDF_0002680,Celeb-DF v2,Celeb-synthesis/id29_id20_0009.mp4,1,474,476,482,FMP4,1.7,DeepFake,Celeb-synthesis,id29,id20,,CELEB_COMPONENT_000,,train
CELEBDF_0002681,Celeb-DF v2,Celeb-synthesis/id29_id21_0000.mp4,1,429,852,480,FMP4,1.83,DeepFake,Celeb-synthesis,id29,id21,,CELEB_COMPONENT_000,,train
CELEBDF_0002682,Celeb-DF v2,Celeb-synthesis/id29_id21_0003.mp4,1,344,852,480,FMP4,1.26,DeepFake,Celeb-synthesis,id29,id21,,CELEB_COMPONENT_000,,train
CELEBDF_0002683,Celeb-DF v2,Celeb-synthesis/id29_id21_0004.mp4,1,364,852,480,FMP4,2.49,DeepFake,Celeb-synthesis,id29,id21,,CELEB_COMPONENT_000,,train
CELEBDF_0002684,Celeb-DF v2,Celeb-synthesis/id29_id21_0005.mp4,1,468,852,480,FMP4,1.94,DeepFake,Celeb-synthesis,id29,id21,,CELEB_COMPONENT_000,,train
CELEBDF_0002685,Celeb-DF v2,Celeb-synthesis/id29_id21_0006.mp4,1,472,852,480,FMP4,2.73,DeepFake,Celeb-synthesis,id29,id21,,CELEB_COMPONENT_000,,train
CELEBDF_0002686,Celeb-DF v2,Celeb-synthesis/id29_id21_0008.mp4,1,450,852,480,FMP4,1.69,DeepFake,Celeb-synthesis,id29,id21,,CELEB_COMPONENT_000,,train
CELEBDF_0002687,Celeb-DF v2,Celeb-synthesis/id29_id21_0009.mp4,1,474,476,482,FMP4,1.69,DeepFake,Celeb-synthesis,id29,id21,,CELEB_COMPONENT_000,,train
CELEBDF_0002688,Celeb-DF v2,Celeb-synthesis/id29_id23_0000.mp4,1,429,852,480,FMP4,1.84,DeepFake,Celeb-synthesis,id29,id23,,CELEB_COMPONENT_000,,train
CELEBDF_0002689,Celeb-DF v2,Celeb-synthesis/id29_id23_0002.mp4,1,434,852,480,FMP4,2.34,DeepFake,Celeb-synthesis,id29,id23,,CELEB_COMPONENT_000,,train
CELEBDF_0002690,Celeb-DF v2,Celeb-synthesis/id29_id23_0003.mp4,1,344,852,480,FMP4,1.25,DeepFake,Celeb-synthesis,id29,id23,,CELEB_COMPONENT_000,,train
CELEBDF_0002691,Celeb-DF v2,Celeb-synthesis/id29_id23_0005.mp4,1,468,852,480,FMP4,1.94,DeepFake,Celeb-synthesis,id29,id23,,CELEB_COMPONENT_000,,train
CELEBDF_0002692,Celeb-DF v2,Celeb-synthesis/id29_id23_0006.mp4,1,472,852,480,FMP4,2.72,DeepFake,Celeb-synthesis,id29,id23,,CELEB_COMPONENT_000,,train
CELEBDF_0002693,Celeb-DF v2,Celeb-synthesis/id29_id23_0007.mp4,1,306,852,480,FMP4,0.99,DeepFake,Celeb-synthesis,id29,id23,,CELEB_COMPONENT_000,,train
CELEBDF_0002694,Celeb-DF v2,Celeb-synthesis/id29_id26_0000.mp4,1,429,852,480,FMP4,1.83,DeepFake,Celeb-synthesis,id29,id26,,CELEB_COMPONENT_000,,train
CELEBDF_0002695,Celeb-DF v2,Celeb-synthesis/id29_id26_0003.mp4,1,344,852,480,FMP4,1.25,DeepFake,Celeb-synthesis,id29,id26,,CELEB_COMPONENT_000,,train
CELEBDF_0002696,Celeb-DF v2,Celeb-synthesis/id29_id26_0004.mp4,1,364,852,480,FMP4,2.48,DeepFake,Celeb-synthesis,id29,id26,,CELEB_COMPONENT_000,,train
CELEBDF_0002697,Celeb-DF v2,Celeb-synthesis/id29_id26_0005.mp4,1,468,852,480,FMP4,1.94,DeepFake,Celeb-synthesis,id29,id26,,CELEB_COMPONENT_000,,train
CELEBDF_0002698,Celeb-DF v2,Celeb-synthesis/id29_id26_0006.mp4,1,472,852,480,FMP4,2.72,DeepFake,Celeb-synthesis,id29,id26,,CELEB_COMPONENT_000,,train
CELEBDF_0002699,Celeb-DF v2,Celeb-synthesis/id29_id26_0007.mp4,1,306,852,480,FMP4,0.99,DeepFake,Celeb-synthesis,id29,id26,,CELEB_COMPONENT_000,,train
CELEBDF_0002700,Celeb-DF v2,Celeb-synthesis/id29_id26_0008.mp4,1,450,852,480,FMP4,1.68,DeepFake,Celeb-synthesis,id29,id26,,CELEB_COMPONENT_000,,train
CELEBDF_0002701,Celeb-DF v2,Celeb-synthesis/id29_id26_0009.mp4,1,474,476,482,FMP4,1.69,DeepFake,Celeb-synthesis,id29,id26,,CELEB_COMPONENT_000,,train
CELEBDF_0002702,Celeb-DF v2,Celeb-synthesis/id29_id28_0000.mp4,1,429,852,480,FMP4,1.84,DeepFake,Celeb-synthesis,id29,id28,,CELEB_COMPONENT_000,,train
CELEBDF_0002703,Celeb-DF v2,Celeb-synthesis/id29_id28_0003.mp4,1,344,852,480,FMP4,1.26,DeepFake,Celeb-synthesis,id29,id28,,CELEB_COMPONENT_000,,train
CELEBDF_0002704,Celeb-DF v2,Celeb-synthesis/id29_id28_0004.mp4,1,364,852,480,FMP4,2.49,DeepFake,Celeb-synthesis,id29,id28,,CELEB_COMPONENT_000,,train
CELEBDF_0002705,Celeb-DF v2,Celeb-synthesis/id29_id28_0005.mp4,1,468,852,480,FMP4,1.95,DeepFake,Celeb-synthesis,id29,id28,,CELEB_COMPONENT_000,,train
CELEBDF_0002706,Celeb-DF v2,Celeb-synthesis/id29_id28_0006.mp4,1,472,852,480,FMP4,2.74,DeepFake,Celeb-synthesis,id29,id28,,CELEB_COMPONENT_000,,train
CELEBDF_0002707,Celeb-DF v2,Celeb-synthesis/id29_id28_0007.mp4,1,306,852,480,FMP4,0.99,DeepFake,Celeb-synthesis,id29,id28,,CELEB_COMPONENT_000,,train
CELEBDF_0002708,Celeb-DF v2,Celeb-synthesis/id29_id28_0008.mp4,1,450,852,480,FMP4,1.7,DeepFake,Celeb-synthesis,id29,id28,,CELEB_COMPONENT_000,,train
CELEBDF_0002709,Celeb-DF v2,Celeb-synthesis/id29_id28_0009.mp4,1,474,476,482,FMP4,1.7,DeepFake,Celeb-synthesis,id29,id28,,CELEB_COMPONENT_000,,train
CELEBDF_0002710,Celeb-DF v2,Celeb-synthesis/id29_id30_0000.mp4,1,429,852,480,FMP4,1.71,DeepFake,Celeb-synthesis,id29,id30,,CELEB_COMPONENT_000,,train
CELEBDF_0002711,Celeb-DF v2,Celeb-synthesis/id29_id30_0002.mp4,1,434,852,480,FMP4,2.34,DeepFake,Celeb-synthesis,id29,id30,,CELEB_COMPONENT_000,,train
CELEBDF_0002712,Celeb-DF v2,Celeb-synthesis/id29_id30_0003.mp4,1,344,852,480,FMP4,1.25,DeepFake,Celeb-synthesis,id29,id30,,CELEB_COMPONENT_000,,train
CELEBDF_0002713,Celeb-DF v2,Celeb-synthesis/id29_id30_0004.mp4,1,364,852,480,FMP4,2.48,DeepFake,Celeb-synthesis,id29,id30,,CELEB_COMPONENT_000,,train
CELEBDF_0002714,Celeb-DF v2,Celeb-synthesis/id29_id30_0005.mp4,1,468,852,480,FMP4,1.94,DeepFake,Celeb-synthesis,id29,id30,,CELEB_COMPONENT_000,,train
CELEBDF_0002715,Celeb-DF v2,Celeb-synthesis/id29_id30_0006.mp4,1,472,852,480,FMP4,2.73,DeepFake,Celeb-synthesis,id29,id30,,CELEB_COMPONENT_000,,train
CELEBDF_0002716,Celeb-DF v2,Celeb-synthesis/id29_id30_0007.mp4,1,306,852,480,FMP4,0.99,DeepFake,Celeb-synthesis,id29,id30,,CELEB_COMPONENT_000,,train
CELEBDF_0002717,Celeb-DF v2,Celeb-synthesis/id29_id30_0008.mp4,1,450,852,480,FMP4,1.69,DeepFake,Celeb-synthesis,id29,id30,,CELEB_COMPONENT_000,,train
CELEBDF_0002718,Celeb-DF v2,Celeb-synthesis/id29_id30_0009.mp4,1,474,476,482,FMP4,1.7,DeepFake,Celeb-synthesis,id29,id30,,CELEB_COMPONENT_000,,train
CELEBDF_0002719,Celeb-DF v2,Celeb-synthesis/id29_id31_0000.mp4,1,429,852,480,FMP4,1.84,DeepFake,Celeb-synthesis,id29,id31,,CELEB_COMPONENT_000,,train
CELEBDF_0002720,Celeb-DF v2,Celeb-synthesis/id29_id31_0003.mp4,1,344,852,480,FMP4,1.25,DeepFake,Celeb-synthesis,id29,id31,,CELEB_COMPONENT_000,,train
CELEBDF_0002721,Celeb-DF v2,Celeb-synthesis/id29_id31_0004.mp4,1,364,852,480,FMP4,2.48,DeepFake,Celeb-synthesis,id29,id31,,CELEB_COMPONENT_000,,train
CELEBDF_0002722,Celeb-DF v2,Celeb-synthesis/id29_id31_0005.mp4,1,468,852,480,FMP4,1.94,DeepFake,Celeb-synthesis,id29,id31,,CELEB_COMPONENT_000,,train
CELEBDF_0002723,Celeb-DF v2,Celeb-synthesis/id29_id31_0006.mp4,1,472,852,480,FMP4,2.72,DeepFake,Celeb-synthesis,id29,id31,,CELEB_COMPONENT_000,,train
CELEBDF_0002724,Celeb-DF v2,Celeb-synthesis/id29_id31_0007.mp4,1,306,852,480,FMP4,0.99,DeepFake,Celeb-synthesis,id29,id31,,CELEB_COMPONENT_000,,train
CELEBDF_0002725,Celeb-DF v2,Celeb-synthesis/id29_id31_0009.mp4,1,474,476,482,FMP4,1.7,DeepFake,Celeb-synthesis,id29,id31,,CELEB_COMPONENT_000,,train
CELEBDF_0002726,Celeb-DF v2,Celeb-synthesis/id29_id32_0000.mp4,1,429,852,480,FMP4,1.71,DeepFake,Celeb-synthesis,id29,id32,,CELEB_COMPONENT_000,,train
CELEBDF_0002727,Celeb-DF v2,Celeb-synthesis/id29_id32_0001.mp4,1,310,852,480,FMP4,1.08,DeepFake,Celeb-synthesis,id29,id32,,CELEB_COMPONENT_000,,train
CELEBDF_0002728,Celeb-DF v2,Celeb-synthesis/id29_id32_0002.mp4,1,434,852,480,FMP4,2.34,DeepFake,Celeb-synthesis,id29,id32,,CELEB_COMPONENT_000,,train
CELEBDF_0002729,Celeb-DF v2,Celeb-synthesis/id29_id32_0003.mp4,1,344,852,480,FMP4,1.25,DeepFake,Celeb-synthesis,id29,id32,,CELEB_COMPONENT_000,,train
CELEBDF_0002730,Celeb-DF v2,Celeb-synthesis/id29_id32_0005.mp4,1,468,852,480,FMP4,1.95,DeepFake,Celeb-synthesis,id29,id32,,CELEB_COMPONENT_000,,train
CELEBDF_0002731,Celeb-DF v2,Celeb-synthesis/id29_id32_0006.mp4,1,472,852,480,FMP4,2.73,DeepFake,Celeb-synthesis,id29,id32,,CELEB_COMPONENT_000,,train
CELEBDF_0002732,Celeb-DF v2,Celeb-synthesis/id29_id32_0007.mp4,1,306,852,480,FMP4,0.99,DeepFake,Celeb-synthesis,id29,id32,,CELEB_COMPONENT_000,,train
CELEBDF_0002733,Celeb-DF v2,Celeb-synthesis/id29_id33_0000.mp4,1,429,852,480,FMP4,1.84,DeepFake,Celeb-synthesis,id29,id33,,CELEB_COMPONENT_000,,train
CELEBDF_0002734,Celeb-DF v2,Celeb-synthesis/id29_id33_0002.mp4,1,434,852,480,FMP4,2.34,DeepFake,Celeb-synthesis,id29,id33,,CELEB_COMPONENT_000,,train
CELEBDF_0002735,Celeb-DF v2,Celeb-synthesis/id29_id33_0003.mp4,1,344,852,480,FMP4,1.25,DeepFake,Celeb-synthesis,id29,id33,,CELEB_COMPONENT_000,,train
CELEBDF_0002736,Celeb-DF v2,Celeb-synthesis/id29_id33_0005.mp4,1,468,852,480,FMP4,1.94,DeepFake,Celeb-synthesis,id29,id33,,CELEB_COMPONENT_000,,train
CELEBDF_0002737,Celeb-DF v2,Celeb-synthesis/id29_id33_0006.mp4,1,472,852,480,FMP4,2.73,DeepFake,Celeb-synthesis,id29,id33,,CELEB_COMPONENT_000,,train
CELEBDF_0002738,Celeb-DF v2,Celeb-synthesis/id29_id33_0007.mp4,1,306,852,480,FMP4,0.99,DeepFake,Celeb-synthesis,id29,id33,,CELEB_COMPONENT_000,,train
CELEBDF_0002739,Celeb-DF v2,Celeb-synthesis/id29_id33_0009.mp4,1,474,476,482,FMP4,1.7,DeepFake,Celeb-synthesis,id29,id33,,CELEB_COMPONENT_000,,train
CELEBDF_0002740,Celeb-DF v2,Celeb-synthesis/id29_id34_0000.mp4,1,429,852,480,FMP4,1.84,DeepFake,Celeb-synthesis,id29,id34,,CELEB_COMPONENT_000,,train
CELEBDF_0002741,Celeb-DF v2,Celeb-synthesis/id29_id34_0001.mp4,1,310,852,480,FMP4,1.08,DeepFake,Celeb-synthesis,id29,id34,,CELEB_COMPONENT_000,,train
CELEBDF_0002742,Celeb-DF v2,Celeb-synthesis/id29_id34_0002.mp4,1,434,852,480,FMP4,2.34,DeepFake,Celeb-synthesis,id29,id34,,CELEB_COMPONENT_000,,train
CELEBDF_0002743,Celeb-DF v2,Celeb-synthesis/id29_id34_0003.mp4,1,344,852,480,FMP4,1.25,DeepFake,Celeb-synthesis,id29,id34,,CELEB_COMPONENT_000,,train
CELEBDF_0002744,Celeb-DF v2,Celeb-synthesis/id29_id34_0004.mp4,1,364,852,480,FMP4,2.47,DeepFake,Celeb-synthesis,id29,id34,,CELEB_COMPONENT_000,,train
CELEBDF_0002745,Celeb-DF v2,Celeb-synthesis/id29_id34_0005.mp4,1,468,852,480,FMP4,1.94,DeepFake,Celeb-synthesis,id29,id34,,CELEB_COMPONENT_000,,train
CELEBDF_0002746,Celeb-DF v2,Celeb-synthesis/id29_id34_0006.mp4,1,472,852,480,FMP4,2.72,DeepFake,Celeb-synthesis,id29,id34,,CELEB_COMPONENT_000,,train
CELEBDF_0002747,Celeb-DF v2,Celeb-synthesis/id29_id34_0007.mp4,1,306,852,480,FMP4,0.98,DeepFake,Celeb-synthesis,id29,id34,,CELEB_COMPONENT_000,,train
CELEBDF_0002748,Celeb-DF v2,Celeb-synthesis/id29_id34_0008.mp4,1,450,852,480,FMP4,1.69,DeepFake,Celeb-synthesis,id29,id34,,CELEB_COMPONENT_000,,train
CELEBDF_0002749,Celeb-DF v2,Celeb-synthesis/id29_id34_0009.mp4,1,474,476,482,FMP4,1.68,DeepFake,Celeb-synthesis,id29,id34,,CELEB_COMPONENT_000,,train
CELEBDF_0002750,Celeb-DF v2,Celeb-synthesis/id29_id35_0000.mp4,1,429,852,480,FMP4,1.7,DeepFake,Celeb-synthesis,id29,id35,,CELEB_COMPONENT_000,,train
CELEBDF_0002751,Celeb-DF v2,Celeb-synthesis/id29_id35_0002.mp4,1,434,852,480,FMP4,2.34,DeepFake,Celeb-synthesis,id29,id35,,CELEB_COMPONENT_000,,train
CELEBDF_0002752,Celeb-DF v2,Celeb-synthesis/id29_id35_0003.mp4,1,344,852,480,FMP4,1.25,DeepFake,Celeb-synthesis,id29,id35,,CELEB_COMPONENT_000,,train
CELEBDF_0002753,Celeb-DF v2,Celeb-synthesis/id29_id35_0005.mp4,1,468,852,480,FMP4,1.94,DeepFake,Celeb-synthesis,id29,id35,,CELEB_COMPONENT_000,,train
CELEBDF_0002754,Celeb-DF v2,Celeb-synthesis/id29_id35_0006.mp4,1,472,852,480,FMP4,2.73,DeepFake,Celeb-synthesis,id29,id35,,CELEB_COMPONENT_000,,train
CELEBDF_0002755,Celeb-DF v2,Celeb-synthesis/id29_id35_0007.mp4,1,306,852,480,FMP4,0.99,DeepFake,Celeb-synthesis,id29,id35,,CELEB_COMPONENT_000,,train
CELEBDF_0002756,Celeb-DF v2,Celeb-synthesis/id29_id35_0008.mp4,1,450,852,480,FMP4,1.7,DeepFake,Celeb-synthesis,id29,id35,,CELEB_COMPONENT_000,,train
CELEBDF_0002757,Celeb-DF v2,Celeb-synthesis/id29_id35_0009.mp4,1,474,476,482,FMP4,1.69,DeepFake,Celeb-synthesis,id29,id35,,CELEB_COMPONENT_000,,train
CELEBDF_0002758,Celeb-DF v2,Celeb-synthesis/id29_id37_0000.mp4,1,429,852,480,FMP4,1.84,DeepFake,Celeb-synthesis,id29,id37,,CELEB_COMPONENT_000,,train
CELEBDF_0002759,Celeb-DF v2,Celeb-synthesis/id29_id37_0002.mp4,1,434,852,480,FMP4,2.34,DeepFake,Celeb-synthesis,id29,id37,,CELEB_COMPONENT_000,,train
CELEBDF_0002760,Celeb-DF v2,Celeb-synthesis/id29_id37_0003.mp4,1,344,852,480,FMP4,1.26,DeepFake,Celeb-synthesis,id29,id37,,CELEB_COMPONENT_000,,train
CELEBDF_0002761,Celeb-DF v2,Celeb-synthesis/id29_id37_0004.mp4,1,364,852,480,FMP4,2.48,DeepFake,Celeb-synthesis,id29,id37,,CELEB_COMPONENT_000,,train
CELEBDF_0002762,Celeb-DF v2,Celeb-synthesis/id29_id37_0005.mp4,1,468,852,480,FMP4,1.94,DeepFake,Celeb-synthesis,id29,id37,,CELEB_COMPONENT_000,,train
CELEBDF_0002763,Celeb-DF v2,Celeb-synthesis/id29_id37_0006.mp4,1,472,852,480,FMP4,2.73,DeepFake,Celeb-synthesis,id29,id37,,CELEB_COMPONENT_000,,train
CELEBDF_0002764,Celeb-DF v2,Celeb-synthesis/id29_id37_0007.mp4,1,306,852,480,FMP4,0.99,DeepFake,Celeb-synthesis,id29,id37,,CELEB_COMPONENT_000,,train
CELEBDF_0002765,Celeb-DF v2,Celeb-synthesis/id29_id37_0008.mp4,1,450,852,480,FMP4,1.57,DeepFake,Celeb-synthesis,id29,id37,,CELEB_COMPONENT_000,,train
CELEBDF_0002766,Celeb-DF v2,Celeb-synthesis/id29_id37_0009.mp4,1,474,476,482,FMP4,1.49,DeepFake,Celeb-synthesis,id29,id37,,CELEB_COMPONENT_000,,train
CELEBDF_0002767,Celeb-DF v2,Celeb-synthesis/id29_id38_0000.mp4,1,429,852,480,FMP4,1.83,DeepFake,Celeb-synthesis,id29,id38,,CELEB_COMPONENT_000,,train
CELEBDF_0002768,Celeb-DF v2,Celeb-synthesis/id29_id38_0001.mp4,1,310,852,480,FMP4,1.08,DeepFake,Celeb-synthesis,id29,id38,,CELEB_COMPONENT_000,,train
CELEBDF_0002769,Celeb-DF v2,Celeb-synthesis/id29_id38_0002.mp4,1,434,852,480,FMP4,2.33,DeepFake,Celeb-synthesis,id29,id38,,CELEB_COMPONENT_000,,train
CELEBDF_0002770,Celeb-DF v2,Celeb-synthesis/id29_id38_0003.mp4,1,344,852,480,FMP4,1.25,DeepFake,Celeb-synthesis,id29,id38,,CELEB_COMPONENT_000,,train
CELEBDF_0002771,Celeb-DF v2,Celeb-synthesis/id29_id38_0004.mp4,1,364,852,480,FMP4,2.47,DeepFake,Celeb-synthesis,id29,id38,,CELEB_COMPONENT_000,,train
CELEBDF_0002772,Celeb-DF v2,Celeb-synthesis/id29_id38_0005.mp4,1,468,852,480,FMP4,1.94,DeepFake,Celeb-synthesis,id29,id38,,CELEB_COMPONENT_000,,train
CELEBDF_0002773,Celeb-DF v2,Celeb-synthesis/id29_id38_0006.mp4,1,472,852,480,FMP4,2.72,DeepFake,Celeb-synthesis,id29,id38,,CELEB_COMPONENT_000,,train
CELEBDF_0002774,Celeb-DF v2,Celeb-synthesis/id29_id38_0007.mp4,1,306,852,480,FMP4,0.98,DeepFake,Celeb-synthesis,id29,id38,,CELEB_COMPONENT_000,,train
CELEBDF_0002775,Celeb-DF v2,Celeb-synthesis/id29_id38_0008.mp4,1,450,852,480,FMP4,1.68,DeepFake,Celeb-synthesis,id29,id38,,CELEB_COMPONENT_000,,train
CELEBDF_0002776,Celeb-DF v2,Celeb-synthesis/id29_id38_0009.mp4,1,474,476,482,FMP4,1.68,DeepFake,Celeb-synthesis,id29,id38,,CELEB_COMPONENT_000,,train
CELEBDF_0002777,Celeb-DF v2,Celeb-synthesis/id2_id0_0000.mp4,1,445,588,500,FMP4,1.21,DeepFake,Celeb-synthesis,id2,id0,,CELEB_COMPONENT_000,,train
CELEBDF_0002778,Celeb-DF v2,Celeb-synthesis/id2_id0_0001.mp4,1,376,608,500,FMP4,0.87,DeepFake,Celeb-synthesis,id2,id0,,CELEB_COMPONENT_000,,train
CELEBDF_0002779,Celeb-DF v2,Celeb-synthesis/id2_id0_0002.mp4,1,361,588,500,FMP4,1.33,DeepFake,Celeb-synthesis,id2,id0,,CELEB_COMPONENT_000,,train
CELEBDF_0002780,Celeb-DF v2,Celeb-synthesis/id2_id0_0003.mp4,1,383,554,500,FMP4,0.93,DeepFake,Celeb-synthesis,id2,id0,,CELEB_COMPONENT_000,,train
CELEBDF_0002781,Celeb-DF v2,Celeb-synthesis/id2_id0_0004.mp4,1,425,526,500,FMP4,0.93,DeepFake,Celeb-synthesis,id2,id0,,CELEB_COMPONENT_000,,train
CELEBDF_0002782,Celeb-DF v2,Celeb-synthesis/id2_id0_0005.mp4,1,307,616,500,FMP4,0.45,DeepFake,Celeb-synthesis,id2,id0,,CELEB_COMPONENT_000,,train
CELEBDF_0002783,Celeb-DF v2,Celeb-synthesis/id2_id0_0006.mp4,1,380,642,500,FMP4,1.27,DeepFake,Celeb-synthesis,id2,id0,,CELEB_COMPONENT_000,,train
CELEBDF_0002784,Celeb-DF v2,Celeb-synthesis/id2_id0_0007.mp4,1,470,638,500,FMP4,2.58,DeepFake,Celeb-synthesis,id2,id0,,CELEB_COMPONENT_000,,train
CELEBDF_0002785,Celeb-DF v2,Celeb-synthesis/id2_id0_0008.mp4,1,516,888,500,FMP4,5.01,DeepFake,Celeb-synthesis,id2,id0,,CELEB_COMPONENT_000,,train
CELEBDF_0002786,Celeb-DF v2,Celeb-synthesis/id2_id0_0009.mp4,1,322,634,500,FMP4,0.55,DeepFake,Celeb-synthesis,id2,id0,,CELEB_COMPONENT_000,,train
CELEBDF_0002787,Celeb-DF v2,Celeb-synthesis/id2_id16_0000.mp4,1,445,588,500,FMP4,1.22,DeepFake,Celeb-synthesis,id2,id16,,CELEB_COMPONENT_000,,train
CELEBDF_0002788,Celeb-DF v2,Celeb-synthesis/id2_id16_0001.mp4,1,376,608,500,FMP4,0.87,DeepFake,Celeb-synthesis,id2,id16,,CELEB_COMPONENT_000,,train
CELEBDF_0002789,Celeb-DF v2,Celeb-synthesis/id2_id16_0002.mp4,1,361,588,500,FMP4,1.34,DeepFake,Celeb-synthesis,id2,id16,,CELEB_COMPONENT_000,,train
CELEBDF_0002790,Celeb-DF v2,Celeb-synthesis/id2_id16_0003.mp4,1,383,554,500,FMP4,0.92,DeepFake,Celeb-synthesis,id2,id16,,CELEB_COMPONENT_000,,train
CELEBDF_0002791,Celeb-DF v2,Celeb-synthesis/id2_id16_0004.mp4,1,425,526,500,FMP4,0.94,DeepFake,Celeb-synthesis,id2,id16,,CELEB_COMPONENT_000,,train
CELEBDF_0002792,Celeb-DF v2,Celeb-synthesis/id2_id16_0005.mp4,1,307,616,500,FMP4,0.45,DeepFake,Celeb-synthesis,id2,id16,,CELEB_COMPONENT_000,,train
CELEBDF_0002793,Celeb-DF v2,Celeb-synthesis/id2_id16_0006.mp4,1,380,642,500,FMP4,1.27,DeepFake,Celeb-synthesis,id2,id16,,CELEB_COMPONENT_000,,train
CELEBDF_0002794,Celeb-DF v2,Celeb-synthesis/id2_id16_0007.mp4,1,470,638,500,FMP4,2.57,DeepFake,Celeb-synthesis,id2,id16,,CELEB_COMPONENT_000,,train
CELEBDF_0002795,Celeb-DF v2,Celeb-synthesis/id2_id16_0008.mp4,1,516,888,500,FMP4,4.98,DeepFake,Celeb-synthesis,id2,id16,,CELEB_COMPONENT_000,,train
CELEBDF_0002796,Celeb-DF v2,Celeb-synthesis/id2_id16_0009.mp4,1,322,634,500,FMP4,0.55,DeepFake,Celeb-synthesis,id2,id16,,CELEB_COMPONENT_000,,train
CELEBDF_0002797,Celeb-DF v2,Celeb-synthesis/id2_id17_0000.mp4,1,445,588,500,FMP4,1.2,DeepFake,Celeb-synthesis,id2,id17,,CELEB_COMPONENT_000,,train
CELEBDF_0002798,Celeb-DF v2,Celeb-synthesis/id2_id17_0001.mp4,1,376,608,500,FMP4,0.87,DeepFake,Celeb-synthesis,id2,id17,,CELEB_COMPONENT_000,,train
CELEBDF_0002799,Celeb-DF v2,Celeb-synthesis/id2_id17_0002.mp4,1,361,588,500,FMP4,1.32,DeepFake,Celeb-synthesis,id2,id17,,CELEB_COMPONENT_000,,train
CELEBDF_0002800,Celeb-DF v2,Celeb-synthesis/id2_id17_0003.mp4,1,383,554,500,FMP4,0.91,DeepFake,Celeb-synthesis,id2,id17,,CELEB_COMPONENT_000,,train
CELEBDF_0002801,Celeb-DF v2,Celeb-synthesis/id2_id17_0004.mp4,1,425,526,500,FMP4,0.94,DeepFake,Celeb-synthesis,id2,id17,,CELEB_COMPONENT_000,,train
CELEBDF_0002802,Celeb-DF v2,Celeb-synthesis/id2_id17_0005.mp4,1,307,616,500,FMP4,0.45,DeepFake,Celeb-synthesis,id2,id17,,CELEB_COMPONENT_000,,train
CELEBDF_0002803,Celeb-DF v2,Celeb-synthesis/id2_id17_0006.mp4,1,380,642,500,FMP4,1.27,DeepFake,Celeb-synthesis,id2,id17,,CELEB_COMPONENT_000,,train
CELEBDF_0002804,Celeb-DF v2,Celeb-synthesis/id2_id17_0007.mp4,1,470,638,500,FMP4,2.56,DeepFake,Celeb-synthesis,id2,id17,,CELEB_COMPONENT_000,,train
CELEBDF_0002805,Celeb-DF v2,Celeb-synthesis/id2_id17_0008.mp4,1,516,888,500,FMP4,4.97,DeepFake,Celeb-synthesis,id2,id17,,CELEB_COMPONENT_000,,train
CELEBDF_0002806,Celeb-DF v2,Celeb-synthesis/id2_id17_0009.mp4,1,322,634,500,FMP4,0.54,DeepFake,Celeb-synthesis,id2,id17,,CELEB_COMPONENT_000,,train
CELEBDF_0002807,Celeb-DF v2,Celeb-synthesis/id2_id1_0000.mp4,1,445,588,500,FMP4,1.2,DeepFake,Celeb-synthesis,id2,id1,,CELEB_COMPONENT_000,,train
CELEBDF_0002808,Celeb-DF v2,Celeb-synthesis/id2_id1_0001.mp4,1,376,608,500,FMP4,0.86,DeepFake,Celeb-synthesis,id2,id1,,CELEB_COMPONENT_000,,train
CELEBDF_0002809,Celeb-DF v2,Celeb-synthesis/id2_id1_0002.mp4,1,361,588,500,FMP4,1.34,DeepFake,Celeb-synthesis,id2,id1,,CELEB_COMPONENT_000,,train
CELEBDF_0002810,Celeb-DF v2,Celeb-synthesis/id2_id1_0003.mp4,1,383,554,500,FMP4,0.91,DeepFake,Celeb-synthesis,id2,id1,,CELEB_COMPONENT_000,,train
CELEBDF_0002811,Celeb-DF v2,Celeb-synthesis/id2_id1_0004.mp4,1,425,526,500,FMP4,0.93,DeepFake,Celeb-synthesis,id2,id1,,CELEB_COMPONENT_000,,train
CELEBDF_0002812,Celeb-DF v2,Celeb-synthesis/id2_id1_0005.mp4,1,307,616,500,FMP4,0.45,DeepFake,Celeb-synthesis,id2,id1,,CELEB_COMPONENT_000,,train
CELEBDF_0002813,Celeb-DF v2,Celeb-synthesis/id2_id1_0006.mp4,1,380,642,500,FMP4,1.27,DeepFake,Celeb-synthesis,id2,id1,,CELEB_COMPONENT_000,,train
CELEBDF_0002814,Celeb-DF v2,Celeb-synthesis/id2_id1_0007.mp4,1,470,638,500,FMP4,2.57,DeepFake,Celeb-synthesis,id2,id1,,CELEB_COMPONENT_000,,train
CELEBDF_0002815,Celeb-DF v2,Celeb-synthesis/id2_id1_0008.mp4,1,516,888,500,FMP4,4.99,DeepFake,Celeb-synthesis,id2,id1,,CELEB_COMPONENT_000,,train
CELEBDF_0002816,Celeb-DF v2,Celeb-synthesis/id2_id1_0009.mp4,1,322,634,500,FMP4,0.54,DeepFake,Celeb-synthesis,id2,id1,,CELEB_COMPONENT_000,,train
CELEBDF_0002817,Celeb-DF v2,Celeb-synthesis/id2_id20_0000.mp4,1,445,588,500,FMP4,1.25,DeepFake,Celeb-synthesis,id2,id20,,CELEB_COMPONENT_000,,train
CELEBDF_0002818,Celeb-DF v2,Celeb-synthesis/id2_id20_0001.mp4,1,376,608,500,FMP4,0.89,DeepFake,Celeb-synthesis,id2,id20,,CELEB_COMPONENT_000,,train
CELEBDF_0002819,Celeb-DF v2,Celeb-synthesis/id2_id20_0002.mp4,1,361,588,500,FMP4,1.38,DeepFake,Celeb-synthesis,id2,id20,,CELEB_COMPONENT_000,,train
CELEBDF_0002820,Celeb-DF v2,Celeb-synthesis/id2_id20_0003.mp4,1,383,554,500,FMP4,0.96,DeepFake,Celeb-synthesis,id2,id20,,CELEB_COMPONENT_000,,train
CELEBDF_0002821,Celeb-DF v2,Celeb-synthesis/id2_id20_0004.mp4,1,425,526,500,FMP4,0.96,DeepFake,Celeb-synthesis,id2,id20,,CELEB_COMPONENT_000,,train
CELEBDF_0002822,Celeb-DF v2,Celeb-synthesis/id2_id20_0005.mp4,1,307,616,500,FMP4,0.47,DeepFake,Celeb-synthesis,id2,id20,,CELEB_COMPONENT_000,,train
CELEBDF_0002823,Celeb-DF v2,Celeb-synthesis/id2_id20_0006.mp4,1,380,642,500,FMP4,1.34,DeepFake,Celeb-synthesis,id2,id20,,CELEB_COMPONENT_000,,train
CELEBDF_0002824,Celeb-DF v2,Celeb-synthesis/id2_id20_0007.mp4,1,470,638,500,FMP4,2.68,DeepFake,Celeb-synthesis,id2,id20,,CELEB_COMPONENT_000,,train
CELEBDF_0002825,Celeb-DF v2,Celeb-synthesis/id2_id20_0008.mp4,1,516,888,500,FMP4,5.39,DeepFake,Celeb-synthesis,id2,id20,,CELEB_COMPONENT_000,,train
CELEBDF_0002826,Celeb-DF v2,Celeb-synthesis/id2_id20_0009.mp4,1,322,634,500,FMP4,0.56,DeepFake,Celeb-synthesis,id2,id20,,CELEB_COMPONENT_000,,train
CELEBDF_0002827,Celeb-DF v2,Celeb-synthesis/id2_id21_0000.mp4,1,445,588,500,FMP4,1.25,DeepFake,Celeb-synthesis,id2,id21,,CELEB_COMPONENT_000,,train
CELEBDF_0002828,Celeb-DF v2,Celeb-synthesis/id2_id21_0001.mp4,1,376,608,500,FMP4,0.9,DeepFake,Celeb-synthesis,id2,id21,,CELEB_COMPONENT_000,,train
CELEBDF_0002829,Celeb-DF v2,Celeb-synthesis/id2_id21_0002.mp4,1,361,588,500,FMP4,1.38,DeepFake,Celeb-synthesis,id2,id21,,CELEB_COMPONENT_000,,train
CELEBDF_0002830,Celeb-DF v2,Celeb-synthesis/id2_id21_0003.mp4,1,383,554,500,FMP4,0.97,DeepFake,Celeb-synthesis,id2,id21,,CELEB_COMPONENT_000,,train
CELEBDF_0002831,Celeb-DF v2,Celeb-synthesis/id2_id21_0005.mp4,1,307,616,500,FMP4,0.46,DeepFake,Celeb-synthesis,id2,id21,,CELEB_COMPONENT_000,,train
CELEBDF_0002832,Celeb-DF v2,Celeb-synthesis/id2_id21_0006.mp4,1,380,642,500,FMP4,1.35,DeepFake,Celeb-synthesis,id2,id21,,CELEB_COMPONENT_000,,train
CELEBDF_0002833,Celeb-DF v2,Celeb-synthesis/id2_id21_0007.mp4,1,470,638,500,FMP4,2.69,DeepFake,Celeb-synthesis,id2,id21,,CELEB_COMPONENT_000,,train
CELEBDF_0002834,Celeb-DF v2,Celeb-synthesis/id2_id21_0008.mp4,1,516,888,500,FMP4,5.36,DeepFake,Celeb-synthesis,id2,id21,,CELEB_COMPONENT_000,,train
CELEBDF_0002835,Celeb-DF v2,Celeb-synthesis/id2_id21_0009.mp4,1,322,634,500,FMP4,0.56,DeepFake,Celeb-synthesis,id2,id21,,CELEB_COMPONENT_000,,train
CELEBDF_0002836,Celeb-DF v2,Celeb-synthesis/id2_id23_0000.mp4,1,445,588,500,FMP4,1.23,DeepFake,Celeb-synthesis,id2,id23,,CELEB_COMPONENT_000,,train
CELEBDF_0002837,Celeb-DF v2,Celeb-synthesis/id2_id23_0001.mp4,1,376,608,500,FMP4,0.89,DeepFake,Celeb-synthesis,id2,id23,,CELEB_COMPONENT_000,,train
CELEBDF_0002838,Celeb-DF v2,Celeb-synthesis/id2_id23_0002.mp4,1,361,588,500,FMP4,1.37,DeepFake,Celeb-synthesis,id2,id23,,CELEB_COMPONENT_000,,train
CELEBDF_0002839,Celeb-DF v2,Celeb-synthesis/id2_id23_0003.mp4,1,383,554,500,FMP4,0.95,DeepFake,Celeb-synthesis,id2,id23,,CELEB_COMPONENT_000,,train
CELEBDF_0002840,Celeb-DF v2,Celeb-synthesis/id2_id23_0004.mp4,1,425,526,500,FMP4,0.96,DeepFake,Celeb-synthesis,id2,id23,,CELEB_COMPONENT_000,,train
CELEBDF_0002841,Celeb-DF v2,Celeb-synthesis/id2_id23_0005.mp4,1,307,616,500,FMP4,0.46,DeepFake,Celeb-synthesis,id2,id23,,CELEB_COMPONENT_000,,train
CELEBDF_0002842,Celeb-DF v2,Celeb-synthesis/id2_id23_0006.mp4,1,380,642,500,FMP4,1.34,DeepFake,Celeb-synthesis,id2,id23,,CELEB_COMPONENT_000,,train
CELEBDF_0002843,Celeb-DF v2,Celeb-synthesis/id2_id23_0008.mp4,1,516,888,500,FMP4,5.34,DeepFake,Celeb-synthesis,id2,id23,,CELEB_COMPONENT_000,,train
CELEBDF_0002844,Celeb-DF v2,Celeb-synthesis/id2_id23_0009.mp4,1,322,634,500,FMP4,0.56,DeepFake,Celeb-synthesis,id2,id23,,CELEB_COMPONENT_000,,train
CELEBDF_0002845,Celeb-DF v2,Celeb-synthesis/id2_id26_0000.mp4,1,445,588,500,FMP4,1.26,DeepFake,Celeb-synthesis,id2,id26,,CELEB_COMPONENT_000,,train
CELEBDF_0002846,Celeb-DF v2,Celeb-synthesis/id2_id26_0001.mp4,1,376,608,500,FMP4,0.88,DeepFake,Celeb-synthesis,id2,id26,,CELEB_COMPONENT_000,,train
CELEBDF_0002847,Celeb-DF v2,Celeb-synthesis/id2_id26_0003.mp4,1,383,554,500,FMP4,0.97,DeepFake,Celeb-synthesis,id2,id26,,CELEB_COMPONENT_000,,train
CELEBDF_0002848,Celeb-DF v2,Celeb-synthesis/id2_id26_0004.mp4,1,425,526,500,FMP4,0.96,DeepFake,Celeb-synthesis,id2,id26,,CELEB_COMPONENT_000,,train
CELEBDF_0002849,Celeb-DF v2,Celeb-synthesis/id2_id26_0005.mp4,1,307,616,500,FMP4,0.47,DeepFake,Celeb-synthesis,id2,id26,,CELEB_COMPONENT_000,,train
CELEBDF_0002850,Celeb-DF v2,Celeb-synthesis/id2_id26_0006.mp4,1,380,642,500,FMP4,1.35,DeepFake,Celeb-synthesis,id2,id26,,CELEB_COMPONENT_000,,train
CELEBDF_0002851,Celeb-DF v2,Celeb-synthesis/id2_id26_0007.mp4,1,470,638,500,FMP4,2.69,DeepFake,Celeb-synthesis,id2,id26,,CELEB_COMPONENT_000,,train
CELEBDF_0002852,Celeb-DF v2,Celeb-synthesis/id2_id26_0008.mp4,1,516,888,500,FMP4,5.41,DeepFake,Celeb-synthesis,id2,id26,,CELEB_COMPONENT_000,,train
CELEBDF_0002853,Celeb-DF v2,Celeb-synthesis/id2_id26_0009.mp4,1,322,634,500,FMP4,0.56,DeepFake,Celeb-synthesis,id2,id26,,CELEB_COMPONENT_000,,train
CELEBDF_0002854,Celeb-DF v2,Celeb-synthesis/id2_id28_0000.mp4,1,445,588,500,FMP4,1.25,DeepFake,Celeb-synthesis,id2,id28,,CELEB_COMPONENT_000,,train
CELEBDF_0002855,Celeb-DF v2,Celeb-synthesis/id2_id28_0001.mp4,1,376,608,500,FMP4,0.93,DeepFake,Celeb-synthesis,id2,id28,,CELEB_COMPONENT_000,,train
CELEBDF_0002856,Celeb-DF v2,Celeb-synthesis/id2_id28_0002.mp4,1,361,588,500,FMP4,1.39,DeepFake,Celeb-synthesis,id2,id28,,CELEB_COMPONENT_000,,train
CELEBDF_0002857,Celeb-DF v2,Celeb-synthesis/id2_id28_0003.mp4,1,383,554,500,FMP4,0.92,DeepFake,Celeb-synthesis,id2,id28,,CELEB_COMPONENT_000,,train
CELEBDF_0002858,Celeb-DF v2,Celeb-synthesis/id2_id28_0004.mp4,1,425,526,500,FMP4,0.96,DeepFake,Celeb-synthesis,id2,id28,,CELEB_COMPONENT_000,,train
CELEBDF_0002859,Celeb-DF v2,Celeb-synthesis/id2_id28_0005.mp4,1,307,616,500,FMP4,0.47,DeepFake,Celeb-synthesis,id2,id28,,CELEB_COMPONENT_000,,train
CELEBDF_0002860,Celeb-DF v2,Celeb-synthesis/id2_id28_0006.mp4,1,380,642,500,FMP4,1.35,DeepFake,Celeb-synthesis,id2,id28,,CELEB_COMPONENT_000,,train
CELEBDF_0002861,Celeb-DF v2,Celeb-synthesis/id2_id28_0007.mp4,1,470,638,500,FMP4,2.7,DeepFake,Celeb-synthesis,id2,id28,,CELEB_COMPONENT_000,,train
CELEBDF_0002862,Celeb-DF v2,Celeb-synthesis/id2_id28_0008.mp4,1,516,888,500,FMP4,5.39,DeepFake,Celeb-synthesis,id2,id28,,CELEB_COMPONENT_000,,train
CELEBDF_0002863,Celeb-DF v2,Celeb-synthesis/id2_id28_0009.mp4,1,322,634,500,FMP4,0.56,DeepFake,Celeb-synthesis,id2,id28,,CELEB_COMPONENT_000,,train
CELEBDF_0002864,Celeb-DF v2,Celeb-synthesis/id2_id30_0000.mp4,1,445,588,500,FMP4,1.25,DeepFake,Celeb-synthesis,id2,id30,,CELEB_COMPONENT_000,,train
CELEBDF_0002865,Celeb-DF v2,Celeb-synthesis/id2_id30_0001.mp4,1,376,608,500,FMP4,0.91,DeepFake,Celeb-synthesis,id2,id30,,CELEB_COMPONENT_000,,train
CELEBDF_0002866,Celeb-DF v2,Celeb-synthesis/id2_id30_0002.mp4,1,361,588,500,FMP4,1.38,DeepFake,Celeb-synthesis,id2,id30,,CELEB_COMPONENT_000,,train
CELEBDF_0002867,Celeb-DF v2,Celeb-synthesis/id2_id30_0003.mp4,1,383,554,500,FMP4,0.96,DeepFake,Celeb-synthesis,id2,id30,,CELEB_COMPONENT_000,,train
CELEBDF_0002868,Celeb-DF v2,Celeb-synthesis/id2_id30_0004.mp4,1,425,526,500,FMP4,0.96,DeepFake,Celeb-synthesis,id2,id30,,CELEB_COMPONENT_000,,train
CELEBDF_0002869,Celeb-DF v2,Celeb-synthesis/id2_id30_0005.mp4,1,307,616,500,FMP4,0.47,DeepFake,Celeb-synthesis,id2,id30,,CELEB_COMPONENT_000,,train
CELEBDF_0002870,Celeb-DF v2,Celeb-synthesis/id2_id30_0006.mp4,1,380,642,500,FMP4,1.35,DeepFake,Celeb-synthesis,id2,id30,,CELEB_COMPONENT_000,,train
CELEBDF_0002871,Celeb-DF v2,Celeb-synthesis/id2_id30_0007.mp4,1,470,638,500,FMP4,2.68,DeepFake,Celeb-synthesis,id2,id30,,CELEB_COMPONENT_000,,train
CELEBDF_0002872,Celeb-DF v2,Celeb-synthesis/id2_id30_0008.mp4,1,516,888,500,FMP4,5.38,DeepFake,Celeb-synthesis,id2,id30,,CELEB_COMPONENT_000,,train
CELEBDF_0002873,Celeb-DF v2,Celeb-synthesis/id2_id30_0009.mp4,1,322,634,500,FMP4,0.57,DeepFake,Celeb-synthesis,id2,id30,,CELEB_COMPONENT_000,,train
CELEBDF_0002874,Celeb-DF v2,Celeb-synthesis/id2_id31_0002.mp4,1,361,588,500,FMP4,1.37,DeepFake,Celeb-synthesis,id2,id31,,CELEB_COMPONENT_000,,train
CELEBDF_0002875,Celeb-DF v2,Celeb-synthesis/id2_id31_0003.mp4,1,383,554,500,FMP4,0.96,DeepFake,Celeb-synthesis,id2,id31,,CELEB_COMPONENT_000,,train
CELEBDF_0002876,Celeb-DF v2,Celeb-synthesis/id2_id31_0006.mp4,1,380,642,500,FMP4,1.35,DeepFake,Celeb-synthesis,id2,id31,,CELEB_COMPONENT_000,,train
CELEBDF_0002877,Celeb-DF v2,Celeb-synthesis/id2_id31_0007.mp4,1,470,638,500,FMP4,2.66,DeepFake,Celeb-synthesis,id2,id31,,CELEB_COMPONENT_000,,train
CELEBDF_0002878,Celeb-DF v2,Celeb-synthesis/id2_id31_0008.mp4,1,516,888,500,FMP4,5.36,DeepFake,Celeb-synthesis,id2,id31,,CELEB_COMPONENT_000,,train
CELEBDF_0002879,Celeb-DF v2,Celeb-synthesis/id2_id35_0000.mp4,1,445,588,500,FMP4,1.23,DeepFake,Celeb-synthesis,id2,id35,,CELEB_COMPONENT_000,,train
CELEBDF_0002880,Celeb-DF v2,Celeb-synthesis/id2_id35_0001.mp4,1,376,608,500,FMP4,0.89,DeepFake,Celeb-synthesis,id2,id35,,CELEB_COMPONENT_000,,train
CELEBDF_0002881,Celeb-DF v2,Celeb-synthesis/id2_id35_0002.mp4,1,361,588,500,FMP4,1.38,DeepFake,Celeb-synthesis,id2,id35,,CELEB_COMPONENT_000,,train
CELEBDF_0002882,Celeb-DF v2,Celeb-synthesis/id2_id35_0003.mp4,1,383,554,500,FMP4,0.95,DeepFake,Celeb-synthesis,id2,id35,,CELEB_COMPONENT_000,,train
CELEBDF_0002883,Celeb-DF v2,Celeb-synthesis/id2_id35_0004.mp4,1,425,526,500,FMP4,0.96,DeepFake,Celeb-synthesis,id2,id35,,CELEB_COMPONENT_000,,train
CELEBDF_0002884,Celeb-DF v2,Celeb-synthesis/id2_id35_0005.mp4,1,307,616,500,FMP4,0.46,DeepFake,Celeb-synthesis,id2,id35,,CELEB_COMPONENT_000,,train
CELEBDF_0002885,Celeb-DF v2,Celeb-synthesis/id2_id35_0006.mp4,1,380,642,500,FMP4,1.33,DeepFake,Celeb-synthesis,id2,id35,,CELEB_COMPONENT_000,,train
CELEBDF_0002886,Celeb-DF v2,Celeb-synthesis/id2_id35_0007.mp4,1,470,638,500,FMP4,2.67,DeepFake,Celeb-synthesis,id2,id35,,CELEB_COMPONENT_000,,train
CELEBDF_0002887,Celeb-DF v2,Celeb-synthesis/id2_id35_0008.mp4,1,516,888,500,FMP4,5.34,DeepFake,Celeb-synthesis,id2,id35,,CELEB_COMPONENT_000,,train
CELEBDF_0002888,Celeb-DF v2,Celeb-synthesis/id2_id35_0009.mp4,1,322,634,500,FMP4,0.56,DeepFake,Celeb-synthesis,id2,id35,,CELEB_COMPONENT_000,,train
CELEBDF_0002889,Celeb-DF v2,Celeb-synthesis/id2_id37_0000.mp4,1,445,588,500,FMP4,1.27,DeepFake,Celeb-synthesis,id2,id37,,CELEB_COMPONENT_000,,train
CELEBDF_0002890,Celeb-DF v2,Celeb-synthesis/id2_id37_0001.mp4,1,376,608,500,FMP4,0.92,DeepFake,Celeb-synthesis,id2,id37,,CELEB_COMPONENT_000,,train
CELEBDF_0002891,Celeb-DF v2,Celeb-synthesis/id2_id37_0002.mp4,1,361,588,500,FMP4,1.4,DeepFake,Celeb-synthesis,id2,id37,,CELEB_COMPONENT_000,,train
CELEBDF_0002892,Celeb-DF v2,Celeb-synthesis/id2_id37_0003.mp4,1,383,554,500,FMP4,0.97,DeepFake,Celeb-synthesis,id2,id37,,CELEB_COMPONENT_000,,train
CELEBDF_0002893,Celeb-DF v2,Celeb-synthesis/id2_id37_0005.mp4,1,307,616,500,FMP4,0.48,DeepFake,Celeb-synthesis,id2,id37,,CELEB_COMPONENT_000,,train
CELEBDF_0002894,Celeb-DF v2,Celeb-synthesis/id2_id37_0006.mp4,1,380,642,500,FMP4,1.35,DeepFake,Celeb-synthesis,id2,id37,,CELEB_COMPONENT_000,,train
CELEBDF_0002895,Celeb-DF v2,Celeb-synthesis/id2_id37_0007.mp4,1,470,638,500,FMP4,2.7,DeepFake,Celeb-synthesis,id2,id37,,CELEB_COMPONENT_000,,train
CELEBDF_0002896,Celeb-DF v2,Celeb-synthesis/id2_id37_0008.mp4,1,516,888,500,FMP4,5.4,DeepFake,Celeb-synthesis,id2,id37,,CELEB_COMPONENT_000,,train
CELEBDF_0002897,Celeb-DF v2,Celeb-synthesis/id2_id37_0009.mp4,1,322,634,500,FMP4,0.57,DeepFake,Celeb-synthesis,id2,id37,,CELEB_COMPONENT_000,,train
CELEBDF_0002898,Celeb-DF v2,Celeb-synthesis/id2_id3_0000.mp4,1,445,588,500,FMP4,1.22,DeepFake,Celeb-synthesis,id2,id3,,CELEB_COMPONENT_000,,train
CELEBDF_0002899,Celeb-DF v2,Celeb-synthesis/id2_id3_0001.mp4,1,376,608,500,FMP4,0.89,DeepFake,Celeb-synthesis,id2,id3,,CELEB_COMPONENT_000,,train
CELEBDF_0002900,Celeb-DF v2,Celeb-synthesis/id2_id3_0002.mp4,1,361,588,500,FMP4,1.35,DeepFake,Celeb-synthesis,id2,id3,,CELEB_COMPONENT_000,,train
CELEBDF_0002901,Celeb-DF v2,Celeb-synthesis/id2_id3_0003.mp4,1,383,554,500,FMP4,0.92,DeepFake,Celeb-synthesis,id2,id3,,CELEB_COMPONENT_000,,train
CELEBDF_0002902,Celeb-DF v2,Celeb-synthesis/id2_id3_0004.mp4,1,425,526,500,FMP4,0.94,DeepFake,Celeb-synthesis,id2,id3,,CELEB_COMPONENT_000,,train
CELEBDF_0002903,Celeb-DF v2,Celeb-synthesis/id2_id3_0005.mp4,1,307,616,500,FMP4,0.46,DeepFake,Celeb-synthesis,id2,id3,,CELEB_COMPONENT_000,,train
CELEBDF_0002904,Celeb-DF v2,Celeb-synthesis/id2_id3_0006.mp4,1,380,642,500,FMP4,1.27,DeepFake,Celeb-synthesis,id2,id3,,CELEB_COMPONENT_000,,train
CELEBDF_0002905,Celeb-DF v2,Celeb-synthesis/id2_id3_0007.mp4,1,470,638,500,FMP4,2.58,DeepFake,Celeb-synthesis,id2,id3,,CELEB_COMPONENT_000,,train
CELEBDF_0002906,Celeb-DF v2,Celeb-synthesis/id2_id3_0008.mp4,1,516,888,500,FMP4,5.02,DeepFake,Celeb-synthesis,id2,id3,,CELEB_COMPONENT_000,,train
CELEBDF_0002907,Celeb-DF v2,Celeb-synthesis/id2_id3_0009.mp4,1,322,634,500,FMP4,0.55,DeepFake,Celeb-synthesis,id2,id3,,CELEB_COMPONENT_000,,train
CELEBDF_0002908,Celeb-DF v2,Celeb-synthesis/id2_id4_0000.mp4,1,445,588,500,FMP4,1.18,DeepFake,Celeb-synthesis,id2,id4,,CELEB_COMPONENT_000,,train
CELEBDF_0002909,Celeb-DF v2,Celeb-synthesis/id2_id4_0001.mp4,1,376,608,500,FMP4,0.86,DeepFake,Celeb-synthesis,id2,id4,,CELEB_COMPONENT_000,,train
CELEBDF_0002910,Celeb-DF v2,Celeb-synthesis/id2_id4_0002.mp4,1,361,588,500,FMP4,1.32,DeepFake,Celeb-synthesis,id2,id4,,CELEB_COMPONENT_000,,train
CELEBDF_0002911,Celeb-DF v2,Celeb-synthesis/id2_id4_0003.mp4,1,383,554,500,FMP4,0.91,DeepFake,Celeb-synthesis,id2,id4,,CELEB_COMPONENT_000,,train
CELEBDF_0002912,Celeb-DF v2,Celeb-synthesis/id2_id4_0006.mp4,1,380,642,500,FMP4,1.26,DeepFake,Celeb-synthesis,id2,id4,,CELEB_COMPONENT_000,,train
CELEBDF_0002913,Celeb-DF v2,Celeb-synthesis/id2_id4_0007.mp4,1,470,638,500,FMP4,2.56,DeepFake,Celeb-synthesis,id2,id4,,CELEB_COMPONENT_000,,train
CELEBDF_0002914,Celeb-DF v2,Celeb-synthesis/id2_id4_0008.mp4,1,516,888,500,FMP4,4.96,DeepFake,Celeb-synthesis,id2,id4,,CELEB_COMPONENT_000,,train
CELEBDF_0002915,Celeb-DF v2,Celeb-synthesis/id2_id4_0009.mp4,1,322,634,500,FMP4,0.54,DeepFake,Celeb-synthesis,id2,id4,,CELEB_COMPONENT_000,,train
CELEBDF_0002916,Celeb-DF v2,Celeb-synthesis/id2_id6_0001.mp4,1,376,608,500,FMP4,0.86,DeepFake,Celeb-synthesis,id2,id6,,CELEB_COMPONENT_000,,train
CELEBDF_0002917,Celeb-DF v2,Celeb-synthesis/id2_id6_0002.mp4,1,361,588,500,FMP4,1.32,DeepFake,Celeb-synthesis,id2,id6,,CELEB_COMPONENT_000,,train
CELEBDF_0002918,Celeb-DF v2,Celeb-synthesis/id2_id6_0003.mp4,1,383,554,500,FMP4,0.91,DeepFake,Celeb-synthesis,id2,id6,,CELEB_COMPONENT_000,,train
CELEBDF_0002919,Celeb-DF v2,Celeb-synthesis/id2_id6_0004.mp4,1,425,526,500,FMP4,0.93,DeepFake,Celeb-synthesis,id2,id6,,CELEB_COMPONENT_000,,train
CELEBDF_0002920,Celeb-DF v2,Celeb-synthesis/id2_id6_0005.mp4,1,307,616,500,FMP4,0.45,DeepFake,Celeb-synthesis,id2,id6,,CELEB_COMPONENT_000,,train
CELEBDF_0002921,Celeb-DF v2,Celeb-synthesis/id2_id6_0006.mp4,1,380,642,500,FMP4,1.27,DeepFake,Celeb-synthesis,id2,id6,,CELEB_COMPONENT_000,,train
CELEBDF_0002922,Celeb-DF v2,Celeb-synthesis/id2_id6_0007.mp4,1,470,638,500,FMP4,2.56,DeepFake,Celeb-synthesis,id2,id6,,CELEB_COMPONENT_000,,train
CELEBDF_0002923,Celeb-DF v2,Celeb-synthesis/id2_id6_0008.mp4,1,516,888,500,FMP4,4.94,DeepFake,Celeb-synthesis,id2,id6,,CELEB_COMPONENT_000,,train
CELEBDF_0002924,Celeb-DF v2,Celeb-synthesis/id2_id6_0009.mp4,1,322,634,500,FMP4,0.54,DeepFake,Celeb-synthesis,id2,id6,,CELEB_COMPONENT_000,,train
CELEBDF_0002925,Celeb-DF v2,Celeb-synthesis/id2_id9_0000.mp4,1,445,588,500,FMP4,1.25,DeepFake,Celeb-synthesis,id2,id9,,CELEB_COMPONENT_000,,train
CELEBDF_0002926,Celeb-DF v2,Celeb-synthesis/id2_id9_0001.mp4,1,376,608,500,FMP4,0.9,DeepFake,Celeb-synthesis,id2,id9,,CELEB_COMPONENT_000,,train
CELEBDF_0002927,Celeb-DF v2,Celeb-synthesis/id2_id9_0002.mp4,1,361,588,500,FMP4,1.36,DeepFake,Celeb-synthesis,id2,id9,,CELEB_COMPONENT_000,,train
CELEBDF_0002928,Celeb-DF v2,Celeb-synthesis/id2_id9_0003.mp4,1,383,554,500,FMP4,0.93,DeepFake,Celeb-synthesis,id2,id9,,CELEB_COMPONENT_000,,train
CELEBDF_0002929,Celeb-DF v2,Celeb-synthesis/id2_id9_0004.mp4,1,425,526,500,FMP4,0.95,DeepFake,Celeb-synthesis,id2,id9,,CELEB_COMPONENT_000,,train
CELEBDF_0002930,Celeb-DF v2,Celeb-synthesis/id2_id9_0005.mp4,1,307,616,500,FMP4,0.46,DeepFake,Celeb-synthesis,id2,id9,,CELEB_COMPONENT_000,,train
CELEBDF_0002931,Celeb-DF v2,Celeb-synthesis/id2_id9_0006.mp4,1,380,642,500,FMP4,1.29,DeepFake,Celeb-synthesis,id2,id9,,CELEB_COMPONENT_000,,train
CELEBDF_0002932,Celeb-DF v2,Celeb-synthesis/id2_id9_0007.mp4,1,470,638,500,FMP4,2.62,DeepFake,Celeb-synthesis,id2,id9,,CELEB_COMPONENT_000,,train
CELEBDF_0002933,Celeb-DF v2,Celeb-synthesis/id2_id9_0008.mp4,1,516,888,500,FMP4,5.07,DeepFake,Celeb-synthesis,id2,id9,,CELEB_COMPONENT_000,,train
CELEBDF_0002934,Celeb-DF v2,Celeb-synthesis/id2_id9_0009.mp4,1,322,634,500,FMP4,0.56,DeepFake,Celeb-synthesis,id2,id9,,CELEB_COMPONENT_000,,train
CELEBDF_0002935,Celeb-DF v2,Celeb-synthesis/id30_id16_0000.mp4,1,504,850,472,FMP4,2.14,DeepFake,Celeb-synthesis,id30,id16,,CELEB_COMPONENT_000,,train
CELEBDF_0002936,Celeb-DF v2,Celeb-synthesis/id30_id16_0001.mp4,1,451,850,472,FMP4,1.81,DeepFake,Celeb-synthesis,id30,id16,,CELEB_COMPONENT_000,,train
CELEBDF_0002937,Celeb-DF v2,Celeb-synthesis/id30_id16_0002.mp4,1,465,850,472,FMP4,1.55,DeepFake,Celeb-synthesis,id30,id16,,CELEB_COMPONENT_000,,train
CELEBDF_0002938,Celeb-DF v2,Celeb-synthesis/id30_id16_0003.mp4,1,470,850,472,FMP4,1.38,DeepFake,Celeb-synthesis,id30,id16,,CELEB_COMPONENT_000,,train
CELEBDF_0002939,Celeb-DF v2,Celeb-synthesis/id30_id16_0004.mp4,1,404,850,472,FMP4,1.45,DeepFake,Celeb-synthesis,id30,id16,,CELEB_COMPONENT_000,,train
CELEBDF_0002940,Celeb-DF v2,Celeb-synthesis/id30_id16_0005.mp4,1,448,850,472,FMP4,1.51,DeepFake,Celeb-synthesis,id30,id16,,CELEB_COMPONENT_000,,train
CELEBDF_0002941,Celeb-DF v2,Celeb-synthesis/id30_id16_0006.mp4,1,366,850,472,FMP4,1.41,DeepFake,Celeb-synthesis,id30,id16,,CELEB_COMPONENT_000,,train
CELEBDF_0002942,Celeb-DF v2,Celeb-synthesis/id30_id16_0007.mp4,1,456,850,472,FMP4,1.12,DeepFake,Celeb-synthesis,id30,id16,,CELEB_COMPONENT_000,,train
CELEBDF_0002943,Celeb-DF v2,Celeb-synthesis/id30_id16_0008.mp4,1,497,850,472,FMP4,1.91,DeepFake,Celeb-synthesis,id30,id16,,CELEB_COMPONENT_000,,train
CELEBDF_0002944,Celeb-DF v2,Celeb-synthesis/id30_id16_0009.mp4,1,479,850,472,FMP4,1.56,DeepFake,Celeb-synthesis,id30,id16,,CELEB_COMPONENT_000,,train
CELEBDF_0002945,Celeb-DF v2,Celeb-synthesis/id30_id17_0000.mp4,1,504,850,472,FMP4,2.15,DeepFake,Celeb-synthesis,id30,id17,,CELEB_COMPONENT_000,,train
CELEBDF_0002946,Celeb-DF v2,Celeb-synthesis/id30_id17_0001.mp4,1,451,850,472,FMP4,1.81,DeepFake,Celeb-synthesis,id30,id17,,CELEB_COMPONENT_000,,train
CELEBDF_0002947,Celeb-DF v2,Celeb-synthesis/id30_id17_0002.mp4,1,465,850,472,FMP4,1.54,DeepFake,Celeb-synthesis,id30,id17,,CELEB_COMPONENT_000,,train
CELEBDF_0002948,Celeb-DF v2,Celeb-synthesis/id30_id17_0003.mp4,1,470,850,472,FMP4,1.37,DeepFake,Celeb-synthesis,id30,id17,,CELEB_COMPONENT_000,,train
CELEBDF_0002949,Celeb-DF v2,Celeb-synthesis/id30_id17_0004.mp4,1,404,850,472,FMP4,1.45,DeepFake,Celeb-synthesis,id30,id17,,CELEB_COMPONENT_000,,train
CELEBDF_0002950,Celeb-DF v2,Celeb-synthesis/id30_id17_0005.mp4,1,448,850,472,FMP4,1.5,DeepFake,Celeb-synthesis,id30,id17,,CELEB_COMPONENT_000,,train
CELEBDF_0002951,Celeb-DF v2,Celeb-synthesis/id30_id17_0006.mp4,1,366,850,472,FMP4,1.42,DeepFake,Celeb-synthesis,id30,id17,,CELEB_COMPONENT_000,,train
CELEBDF_0002952,Celeb-DF v2,Celeb-synthesis/id30_id17_0007.mp4,1,456,850,472,FMP4,1.11,DeepFake,Celeb-synthesis,id30,id17,,CELEB_COMPONENT_000,,train
CELEBDF_0002953,Celeb-DF v2,Celeb-synthesis/id30_id17_0008.mp4,1,497,850,472,FMP4,1.9,DeepFake,Celeb-synthesis,id30,id17,,CELEB_COMPONENT_000,,train
CELEBDF_0002954,Celeb-DF v2,Celeb-synthesis/id30_id17_0009.mp4,1,479,850,472,FMP4,1.55,DeepFake,Celeb-synthesis,id30,id17,,CELEB_COMPONENT_000,,train
CELEBDF_0002955,Celeb-DF v2,Celeb-synthesis/id30_id1_0001.mp4,1,451,850,472,FMP4,1.82,DeepFake,Celeb-synthesis,id30,id1,,CELEB_COMPONENT_000,,train
CELEBDF_0002956,Celeb-DF v2,Celeb-synthesis/id30_id1_0003.mp4,1,470,850,472,FMP4,1.38,DeepFake,Celeb-synthesis,id30,id1,,CELEB_COMPONENT_000,,train
CELEBDF_0002957,Celeb-DF v2,Celeb-synthesis/id30_id1_0004.mp4,1,404,850,472,FMP4,1.45,DeepFake,Celeb-synthesis,id30,id1,,CELEB_COMPONENT_000,,train
CELEBDF_0002958,Celeb-DF v2,Celeb-synthesis/id30_id1_0005.mp4,1,448,850,472,FMP4,1.5,DeepFake,Celeb-synthesis,id30,id1,,CELEB_COMPONENT_000,,train
CELEBDF_0002959,Celeb-DF v2,Celeb-synthesis/id30_id1_0006.mp4,1,366,850,472,FMP4,1.42,DeepFake,Celeb-synthesis,id30,id1,,CELEB_COMPONENT_000,,train
CELEBDF_0002960,Celeb-DF v2,Celeb-synthesis/id30_id1_0007.mp4,1,456,850,472,FMP4,1.11,DeepFake,Celeb-synthesis,id30,id1,,CELEB_COMPONENT_000,,train
CELEBDF_0002961,Celeb-DF v2,Celeb-synthesis/id30_id1_0008.mp4,1,497,850,472,FMP4,1.9,DeepFake,Celeb-synthesis,id30,id1,,CELEB_COMPONENT_000,,train
CELEBDF_0002962,Celeb-DF v2,Celeb-synthesis/id30_id1_0009.mp4,1,479,850,472,FMP4,1.55,DeepFake,Celeb-synthesis,id30,id1,,CELEB_COMPONENT_000,,train
CELEBDF_0002963,Celeb-DF v2,Celeb-synthesis/id30_id20_0000.mp4,1,504,850,472,FMP4,2.14,DeepFake,Celeb-synthesis,id30,id20,,CELEB_COMPONENT_000,,train
CELEBDF_0002964,Celeb-DF v2,Celeb-synthesis/id30_id20_0001.mp4,1,451,850,472,FMP4,1.81,DeepFake,Celeb-synthesis,id30,id20,,CELEB_COMPONENT_000,,train
CELEBDF_0002965,Celeb-DF v2,Celeb-synthesis/id30_id20_0002.mp4,1,465,850,472,FMP4,1.54,DeepFake,Celeb-synthesis,id30,id20,,CELEB_COMPONENT_000,,train
CELEBDF_0002966,Celeb-DF v2,Celeb-synthesis/id30_id20_0003.mp4,1,470,850,472,FMP4,1.37,DeepFake,Celeb-synthesis,id30,id20,,CELEB_COMPONENT_000,,train
CELEBDF_0002967,Celeb-DF v2,Celeb-synthesis/id30_id20_0004.mp4,1,404,850,472,FMP4,1.35,DeepFake,Celeb-synthesis,id30,id20,,CELEB_COMPONENT_000,,train
CELEBDF_0002968,Celeb-DF v2,Celeb-synthesis/id30_id20_0005.mp4,1,448,850,472,FMP4,1.5,DeepFake,Celeb-synthesis,id30,id20,,CELEB_COMPONENT_000,,train
CELEBDF_0002969,Celeb-DF v2,Celeb-synthesis/id30_id20_0006.mp4,1,366,850,472,FMP4,1.41,DeepFake,Celeb-synthesis,id30,id20,,CELEB_COMPONENT_000,,train
CELEBDF_0002970,Celeb-DF v2,Celeb-synthesis/id30_id20_0007.mp4,1,456,850,472,FMP4,1.12,DeepFake,Celeb-synthesis,id30,id20,,CELEB_COMPONENT_000,,train
CELEBDF_0002971,Celeb-DF v2,Celeb-synthesis/id30_id20_0008.mp4,1,497,850,472,FMP4,1.91,DeepFake,Celeb-synthesis,id30,id20,,CELEB_COMPONENT_000,,train
CELEBDF_0002972,Celeb-DF v2,Celeb-synthesis/id30_id20_0009.mp4,1,479,850,472,FMP4,1.55,DeepFake,Celeb-synthesis,id30,id20,,CELEB_COMPONENT_000,,train
CELEBDF_0002973,Celeb-DF v2,Celeb-synthesis/id30_id21_0000.mp4,1,504,850,472,FMP4,2.14,DeepFake,Celeb-synthesis,id30,id21,,CELEB_COMPONENT_000,,train
CELEBDF_0002974,Celeb-DF v2,Celeb-synthesis/id30_id21_0001.mp4,1,451,850,472,FMP4,1.8,DeepFake,Celeb-synthesis,id30,id21,,CELEB_COMPONENT_000,,train
CELEBDF_0002975,Celeb-DF v2,Celeb-synthesis/id30_id21_0002.mp4,1,465,850,472,FMP4,1.39,DeepFake,Celeb-synthesis,id30,id21,,CELEB_COMPONENT_000,,train
CELEBDF_0002976,Celeb-DF v2,Celeb-synthesis/id30_id21_0003.mp4,1,470,850,472,FMP4,1.37,DeepFake,Celeb-synthesis,id30,id21,,CELEB_COMPONENT_000,,train
CELEBDF_0002977,Celeb-DF v2,Celeb-synthesis/id30_id21_0004.mp4,1,404,850,472,FMP4,1.45,DeepFake,Celeb-synthesis,id30,id21,,CELEB_COMPONENT_000,,train
CELEBDF_0002978,Celeb-DF v2,Celeb-synthesis/id30_id21_0005.mp4,1,448,850,472,FMP4,1.42,DeepFake,Celeb-synthesis,id30,id21,,CELEB_COMPONENT_000,,train
CELEBDF_0002979,Celeb-DF v2,Celeb-synthesis/id30_id21_0006.mp4,1,366,850,472,FMP4,1.42,DeepFake,Celeb-synthesis,id30,id21,,CELEB_COMPONENT_000,,train
CELEBDF_0002980,Celeb-DF v2,Celeb-synthesis/id30_id21_0007.mp4,1,456,850,472,FMP4,1.11,DeepFake,Celeb-synthesis,id30,id21,,CELEB_COMPONENT_000,,train
CELEBDF_0002981,Celeb-DF v2,Celeb-synthesis/id30_id21_0008.mp4,1,497,850,472,FMP4,1.89,DeepFake,Celeb-synthesis,id30,id21,,CELEB_COMPONENT_000,,train
CELEBDF_0002982,Celeb-DF v2,Celeb-synthesis/id30_id21_0009.mp4,1,479,850,472,FMP4,1.55,DeepFake,Celeb-synthesis,id30,id21,,CELEB_COMPONENT_000,,train
CELEBDF_0002983,Celeb-DF v2,Celeb-synthesis/id30_id23_0000.mp4,1,504,850,472,FMP4,2.14,DeepFake,Celeb-synthesis,id30,id23,,CELEB_COMPONENT_000,,train
CELEBDF_0002984,Celeb-DF v2,Celeb-synthesis/id30_id23_0001.mp4,1,451,850,472,FMP4,1.8,DeepFake,Celeb-synthesis,id30,id23,,CELEB_COMPONENT_000,,train
CELEBDF_0002985,Celeb-DF v2,Celeb-synthesis/id30_id23_0002.mp4,1,465,850,472,FMP4,1.38,DeepFake,Celeb-synthesis,id30,id23,,CELEB_COMPONENT_000,,train
CELEBDF_0002986,Celeb-DF v2,Celeb-synthesis/id30_id23_0003.mp4,1,470,850,472,FMP4,1.36,DeepFake,Celeb-synthesis,id30,id23,,CELEB_COMPONENT_000,,train
CELEBDF_0002987,Celeb-DF v2,Celeb-synthesis/id30_id23_0004.mp4,1,404,850,472,FMP4,1.44,DeepFake,Celeb-synthesis,id30,id23,,CELEB_COMPONENT_000,,train
CELEBDF_0002988,Celeb-DF v2,Celeb-synthesis/id30_id23_0005.mp4,1,448,850,472,FMP4,1.5,DeepFake,Celeb-synthesis,id30,id23,,CELEB_COMPONENT_000,,train
CELEBDF_0002989,Celeb-DF v2,Celeb-synthesis/id30_id23_0006.mp4,1,366,850,472,FMP4,1.41,DeepFake,Celeb-synthesis,id30,id23,,CELEB_COMPONENT_000,,train
CELEBDF_0002990,Celeb-DF v2,Celeb-synthesis/id30_id23_0007.mp4,1,456,850,472,FMP4,1.04,DeepFake,Celeb-synthesis,id30,id23,,CELEB_COMPONENT_000,,train
CELEBDF_0002991,Celeb-DF v2,Celeb-synthesis/id30_id23_0008.mp4,1,497,850,472,FMP4,1.9,DeepFake,Celeb-synthesis,id30,id23,,CELEB_COMPONENT_000,,train
CELEBDF_0002992,Celeb-DF v2,Celeb-synthesis/id30_id23_0009.mp4,1,479,850,472,FMP4,1.54,DeepFake,Celeb-synthesis,id30,id23,,CELEB_COMPONENT_000,,train
CELEBDF_0002993,Celeb-DF v2,Celeb-synthesis/id30_id26_0000.mp4,1,504,850,472,FMP4,2.14,DeepFake,Celeb-synthesis,id30,id26,,CELEB_COMPONENT_000,,train
CELEBDF_0002994,Celeb-DF v2,Celeb-synthesis/id30_id26_0001.mp4,1,451,850,472,FMP4,1.81,DeepFake,Celeb-synthesis,id30,id26,,CELEB_COMPONENT_000,,train
CELEBDF_0002995,Celeb-DF v2,Celeb-synthesis/id30_id26_0002.mp4,1,465,850,472,FMP4,1.53,DeepFake,Celeb-synthesis,id30,id26,,CELEB_COMPONENT_000,,train
CELEBDF_0002996,Celeb-DF v2,Celeb-synthesis/id30_id26_0003.mp4,1,470,850,472,FMP4,1.37,DeepFake,Celeb-synthesis,id30,id26,,CELEB_COMPONENT_000,,train
CELEBDF_0002997,Celeb-DF v2,Celeb-synthesis/id30_id26_0004.mp4,1,404,850,472,FMP4,1.34,DeepFake,Celeb-synthesis,id30,id26,,CELEB_COMPONENT_000,,train
CELEBDF_0002998,Celeb-DF v2,Celeb-synthesis/id30_id26_0005.mp4,1,448,850,472,FMP4,1.5,DeepFake,Celeb-synthesis,id30,id26,,CELEB_COMPONENT_000,,train
CELEBDF_0002999,Celeb-DF v2,Celeb-synthesis/id30_id26_0006.mp4,1,366,850,472,FMP4,1.42,DeepFake,Celeb-synthesis,id30,id26,,CELEB_COMPONENT_000,,train
CELEBDF_0003000,Celeb-DF v2,Celeb-synthesis/id30_id26_0007.mp4,1,456,850,472,FMP4,1.11,DeepFake,Celeb-synthesis,id30,id26,,CELEB_COMPONENT_000,,train
CELEBDF_0003001,Celeb-DF v2,Celeb-synthesis/id30_id26_0008.mp4,1,497,850,472,FMP4,1.9,DeepFake,Celeb-synthesis,id30,id26,,CELEB_COMPONENT_000,,train
CELEBDF_0003002,Celeb-DF v2,Celeb-synthesis/id30_id26_0009.mp4,1,479,850,472,FMP4,1.55,DeepFake,Celeb-synthesis,id30,id26,,CELEB_COMPONENT_000,,train
CELEBDF_0003003,Celeb-DF v2,Celeb-synthesis/id30_id28_0000.mp4,1,504,850,472,FMP4,2.15,DeepFake,Celeb-synthesis,id30,id28,,CELEB_COMPONENT_000,,train
CELEBDF_0003004,Celeb-DF v2,Celeb-synthesis/id30_id28_0001.mp4,1,451,850,472,FMP4,1.81,DeepFake,Celeb-synthesis,id30,id28,,CELEB_COMPONENT_000,,train
CELEBDF_0003005,Celeb-DF v2,Celeb-synthesis/id30_id28_0002.mp4,1,465,850,472,FMP4,1.54,DeepFake,Celeb-synthesis,id30,id28,,CELEB_COMPONENT_000,,train
CELEBDF_0003006,Celeb-DF v2,Celeb-synthesis/id30_id28_0003.mp4,1,470,850,472,FMP4,1.38,DeepFake,Celeb-synthesis,id30,id28,,CELEB_COMPONENT_000,,train
CELEBDF_0003007,Celeb-DF v2,Celeb-synthesis/id30_id28_0004.mp4,1,404,850,472,FMP4,1.45,DeepFake,Celeb-synthesis,id30,id28,,CELEB_COMPONENT_000,,train
CELEBDF_0003008,Celeb-DF v2,Celeb-synthesis/id30_id28_0005.mp4,1,448,850,472,FMP4,1.51,DeepFake,Celeb-synthesis,id30,id28,,CELEB_COMPONENT_000,,train
CELEBDF_0003009,Celeb-DF v2,Celeb-synthesis/id30_id28_0006.mp4,1,366,850,472,FMP4,1.42,DeepFake,Celeb-synthesis,id30,id28,,CELEB_COMPONENT_000,,train
CELEBDF_0003010,Celeb-DF v2,Celeb-synthesis/id30_id28_0007.mp4,1,456,850,472,FMP4,1.12,DeepFake,Celeb-synthesis,id30,id28,,CELEB_COMPONENT_000,,train
CELEBDF_0003011,Celeb-DF v2,Celeb-synthesis/id30_id28_0008.mp4,1,497,850,472,FMP4,1.91,DeepFake,Celeb-synthesis,id30,id28,,CELEB_COMPONENT_000,,train
CELEBDF_0003012,Celeb-DF v2,Celeb-synthesis/id30_id28_0009.mp4,1,479,850,472,FMP4,1.56,DeepFake,Celeb-synthesis,id30,id28,,CELEB_COMPONENT_000,,train
CELEBDF_0003013,Celeb-DF v2,Celeb-synthesis/id30_id29_0000.mp4,1,504,850,472,FMP4,2.15,DeepFake,Celeb-synthesis,id30,id29,,CELEB_COMPONENT_000,,train
CELEBDF_0003014,Celeb-DF v2,Celeb-synthesis/id30_id29_0001.mp4,1,451,850,472,FMP4,1.81,DeepFake,Celeb-synthesis,id30,id29,,CELEB_COMPONENT_000,,train
CELEBDF_0003015,Celeb-DF v2,Celeb-synthesis/id30_id29_0002.mp4,1,465,850,472,FMP4,1.53,DeepFake,Celeb-synthesis,id30,id29,,CELEB_COMPONENT_000,,train
CELEBDF_0003016,Celeb-DF v2,Celeb-synthesis/id30_id29_0003.mp4,1,470,850,472,FMP4,1.37,DeepFake,Celeb-synthesis,id30,id29,,CELEB_COMPONENT_000,,train
CELEBDF_0003017,Celeb-DF v2,Celeb-synthesis/id30_id29_0004.mp4,1,404,850,472,FMP4,1.44,DeepFake,Celeb-synthesis,id30,id29,,CELEB_COMPONENT_000,,train
CELEBDF_0003018,Celeb-DF v2,Celeb-synthesis/id30_id29_0005.mp4,1,448,850,472,FMP4,1.5,DeepFake,Celeb-synthesis,id30,id29,,CELEB_COMPONENT_000,,train
CELEBDF_0003019,Celeb-DF v2,Celeb-synthesis/id30_id29_0006.mp4,1,366,850,472,FMP4,1.41,DeepFake,Celeb-synthesis,id30,id29,,CELEB_COMPONENT_000,,train
CELEBDF_0003020,Celeb-DF v2,Celeb-synthesis/id30_id29_0007.mp4,1,456,850,472,FMP4,1.11,DeepFake,Celeb-synthesis,id30,id29,,CELEB_COMPONENT_000,,train
CELEBDF_0003021,Celeb-DF v2,Celeb-synthesis/id30_id29_0008.mp4,1,497,850,472,FMP4,1.89,DeepFake,Celeb-synthesis,id30,id29,,CELEB_COMPONENT_000,,train
CELEBDF_0003022,Celeb-DF v2,Celeb-synthesis/id30_id29_0009.mp4,1,479,850,472,FMP4,1.55,DeepFake,Celeb-synthesis,id30,id29,,CELEB_COMPONENT_000,,train
CELEBDF_0003023,Celeb-DF v2,Celeb-synthesis/id30_id2_0000.mp4,1,504,850,472,FMP4,2.15,DeepFake,Celeb-synthesis,id30,id2,,CELEB_COMPONENT_000,,train
CELEBDF_0003024,Celeb-DF v2,Celeb-synthesis/id30_id2_0001.mp4,1,451,850,472,FMP4,1.82,DeepFake,Celeb-synthesis,id30,id2,,CELEB_COMPONENT_000,,train
CELEBDF_0003025,Celeb-DF v2,Celeb-synthesis/id30_id2_0002.mp4,1,465,850,472,FMP4,1.55,DeepFake,Celeb-synthesis,id30,id2,,CELEB_COMPONENT_000,,train
CELEBDF_0003026,Celeb-DF v2,Celeb-synthesis/id30_id2_0003.mp4,1,470,850,472,FMP4,1.38,DeepFake,Celeb-synthesis,id30,id2,,CELEB_COMPONENT_000,,train
CELEBDF_0003027,Celeb-DF v2,Celeb-synthesis/id30_id2_0004.mp4,1,404,850,472,FMP4,1.45,DeepFake,Celeb-synthesis,id30,id2,,CELEB_COMPONENT_000,,train
CELEBDF_0003028,Celeb-DF v2,Celeb-synthesis/id30_id2_0005.mp4,1,448,850,472,FMP4,1.52,DeepFake,Celeb-synthesis,id30,id2,,CELEB_COMPONENT_000,,train
CELEBDF_0003029,Celeb-DF v2,Celeb-synthesis/id30_id2_0006.mp4,1,366,850,472,FMP4,1.42,DeepFake,Celeb-synthesis,id30,id2,,CELEB_COMPONENT_000,,train
CELEBDF_0003030,Celeb-DF v2,Celeb-synthesis/id30_id2_0007.mp4,1,456,850,472,FMP4,1.13,DeepFake,Celeb-synthesis,id30,id2,,CELEB_COMPONENT_000,,train
CELEBDF_0003031,Celeb-DF v2,Celeb-synthesis/id30_id2_0008.mp4,1,497,850,472,FMP4,1.93,DeepFake,Celeb-synthesis,id30,id2,,CELEB_COMPONENT_000,,train
CELEBDF_0003032,Celeb-DF v2,Celeb-synthesis/id30_id2_0009.mp4,1,479,850,472,FMP4,1.57,DeepFake,Celeb-synthesis,id30,id2,,CELEB_COMPONENT_000,,train
CELEBDF_0003033,Celeb-DF v2,Celeb-synthesis/id30_id31_0000.mp4,1,504,850,472,FMP4,2.14,DeepFake,Celeb-synthesis,id30,id31,,CELEB_COMPONENT_000,,train
CELEBDF_0003034,Celeb-DF v2,Celeb-synthesis/id30_id31_0002.mp4,1,465,850,472,FMP4,1.53,DeepFake,Celeb-synthesis,id30,id31,,CELEB_COMPONENT_000,,train
CELEBDF_0003035,Celeb-DF v2,Celeb-synthesis/id30_id31_0003.mp4,1,470,850,472,FMP4,1.37,DeepFake,Celeb-synthesis,id30,id31,,CELEB_COMPONENT_000,,train
CELEBDF_0003036,Celeb-DF v2,Celeb-synthesis/id30_id31_0004.mp4,1,404,850,472,FMP4,1.44,DeepFake,Celeb-synthesis,id30,id31,,CELEB_COMPONENT_000,,train
CELEBDF_0003037,Celeb-DF v2,Celeb-synthesis/id30_id31_0005.mp4,1,448,850,472,FMP4,1.5,DeepFake,Celeb-synthesis,id30,id31,,CELEB_COMPONENT_000,,train
CELEBDF_0003038,Celeb-DF v2,Celeb-synthesis/id30_id31_0006.mp4,1,366,850,472,FMP4,1.42,DeepFake,Celeb-synthesis,id30,id31,,CELEB_COMPONENT_000,,train
CELEBDF_0003039,Celeb-DF v2,Celeb-synthesis/id30_id31_0008.mp4,1,497,850,472,FMP4,1.89,DeepFake,Celeb-synthesis,id30,id31,,CELEB_COMPONENT_000,,train
CELEBDF_0003040,Celeb-DF v2,Celeb-synthesis/id30_id31_0009.mp4,1,479,850,472,FMP4,1.55,DeepFake,Celeb-synthesis,id30,id31,,CELEB_COMPONENT_000,,train
CELEBDF_0003041,Celeb-DF v2,Celeb-synthesis/id30_id32_0000.mp4,1,504,850,472,FMP4,2.15,DeepFake,Celeb-synthesis,id30,id32,,CELEB_COMPONENT_000,,train
CELEBDF_0003042,Celeb-DF v2,Celeb-synthesis/id30_id32_0001.mp4,1,451,850,472,FMP4,1.82,DeepFake,Celeb-synthesis,id30,id32,,CELEB_COMPONENT_000,,train
CELEBDF_0003043,Celeb-DF v2,Celeb-synthesis/id30_id32_0002.mp4,1,465,850,472,FMP4,1.54,DeepFake,Celeb-synthesis,id30,id32,,CELEB_COMPONENT_000,,train
CELEBDF_0003044,Celeb-DF v2,Celeb-synthesis/id30_id32_0003.mp4,1,470,850,472,FMP4,1.38,DeepFake,Celeb-synthesis,id30,id32,,CELEB_COMPONENT_000,,train
CELEBDF_0003045,Celeb-DF v2,Celeb-synthesis/id30_id32_0004.mp4,1,404,850,472,FMP4,1.45,DeepFake,Celeb-synthesis,id30,id32,,CELEB_COMPONENT_000,,train
CELEBDF_0003046,Celeb-DF v2,Celeb-synthesis/id30_id32_0005.mp4,1,448,850,472,FMP4,1.5,DeepFake,Celeb-synthesis,id30,id32,,CELEB_COMPONENT_000,,train
CELEBDF_0003047,Celeb-DF v2,Celeb-synthesis/id30_id32_0006.mp4,1,366,850,472,FMP4,1.29,DeepFake,Celeb-synthesis,id30,id32,,CELEB_COMPONENT_000,,train
CELEBDF_0003048,Celeb-DF v2,Celeb-synthesis/id30_id32_0007.mp4,1,456,850,472,FMP4,1.12,DeepFake,Celeb-synthesis,id30,id32,,CELEB_COMPONENT_000,,train
CELEBDF_0003049,Celeb-DF v2,Celeb-synthesis/id30_id32_0008.mp4,1,497,850,472,FMP4,1.9,DeepFake,Celeb-synthesis,id30,id32,,CELEB_COMPONENT_000,,train
CELEBDF_0003050,Celeb-DF v2,Celeb-synthesis/id30_id32_0009.mp4,1,479,850,472,FMP4,1.55,DeepFake,Celeb-synthesis,id30,id32,,CELEB_COMPONENT_000,,train
CELEBDF_0003051,Celeb-DF v2,Celeb-synthesis/id30_id33_0000.mp4,1,504,850,472,FMP4,2.14,DeepFake,Celeb-synthesis,id30,id33,,CELEB_COMPONENT_000,,train
CELEBDF_0003052,Celeb-DF v2,Celeb-synthesis/id30_id33_0001.mp4,1,451,850,472,FMP4,1.81,DeepFake,Celeb-synthesis,id30,id33,,CELEB_COMPONENT_000,,train
CELEBDF_0003053,Celeb-DF v2,Celeb-synthesis/id30_id33_0002.mp4,1,465,850,472,FMP4,1.54,DeepFake,Celeb-synthesis,id30,id33,,CELEB_COMPONENT_000,,train
CELEBDF_0003054,Celeb-DF v2,Celeb-synthesis/id30_id33_0003.mp4,1,470,850,472,FMP4,1.37,DeepFake,Celeb-synthesis,id30,id33,,CELEB_COMPONENT_000,,train
CELEBDF_0003055,Celeb-DF v2,Celeb-synthesis/id30_id33_0004.mp4,1,404,850,472,FMP4,1.45,DeepFake,Celeb-synthesis,id30,id33,,CELEB_COMPONENT_000,,train
CELEBDF_0003056,Celeb-DF v2,Celeb-synthesis/id30_id33_0005.mp4,1,448,850,472,FMP4,1.51,DeepFake,Celeb-synthesis,id30,id33,,CELEB_COMPONENT_000,,train
CELEBDF_0003057,Celeb-DF v2,Celeb-synthesis/id30_id33_0006.mp4,1,366,850,472,FMP4,1.41,DeepFake,Celeb-synthesis,id30,id33,,CELEB_COMPONENT_000,,train
CELEBDF_0003058,Celeb-DF v2,Celeb-synthesis/id30_id33_0007.mp4,1,456,850,472,FMP4,1.12,DeepFake,Celeb-synthesis,id30,id33,,CELEB_COMPONENT_000,,train
CELEBDF_0003059,Celeb-DF v2,Celeb-synthesis/id30_id33_0008.mp4,1,497,850,472,FMP4,1.9,DeepFake,Celeb-synthesis,id30,id33,,CELEB_COMPONENT_000,,train
CELEBDF_0003060,Celeb-DF v2,Celeb-synthesis/id30_id33_0009.mp4,1,479,850,472,FMP4,1.55,DeepFake,Celeb-synthesis,id30,id33,,CELEB_COMPONENT_000,,train
CELEBDF_0003061,Celeb-DF v2,Celeb-synthesis/id30_id34_0000.mp4,1,504,850,472,FMP4,2.14,DeepFake,Celeb-synthesis,id30,id34,,CELEB_COMPONENT_000,,train
CELEBDF_0003062,Celeb-DF v2,Celeb-synthesis/id30_id34_0001.mp4,1,451,850,472,FMP4,1.8,DeepFake,Celeb-synthesis,id30,id34,,CELEB_COMPONENT_000,,train
CELEBDF_0003063,Celeb-DF v2,Celeb-synthesis/id30_id34_0002.mp4,1,465,850,472,FMP4,1.53,DeepFake,Celeb-synthesis,id30,id34,,CELEB_COMPONENT_000,,train
CELEBDF_0003064,Celeb-DF v2,Celeb-synthesis/id30_id34_0003.mp4,1,470,850,472,FMP4,1.3,DeepFake,Celeb-synthesis,id30,id34,,CELEB_COMPONENT_000,,train
CELEBDF_0003065,Celeb-DF v2,Celeb-synthesis/id30_id34_0004.mp4,1,404,850,472,FMP4,1.44,DeepFake,Celeb-synthesis,id30,id34,,CELEB_COMPONENT_000,,train
CELEBDF_0003066,Celeb-DF v2,Celeb-synthesis/id30_id34_0005.mp4,1,448,850,472,FMP4,1.5,DeepFake,Celeb-synthesis,id30,id34,,CELEB_COMPONENT_000,,train
CELEBDF_0003067,Celeb-DF v2,Celeb-synthesis/id30_id34_0006.mp4,1,366,850,472,FMP4,1.41,DeepFake,Celeb-synthesis,id30,id34,,CELEB_COMPONENT_000,,train
CELEBDF_0003068,Celeb-DF v2,Celeb-synthesis/id30_id34_0007.mp4,1,456,850,472,FMP4,1.1,DeepFake,Celeb-synthesis,id30,id34,,CELEB_COMPONENT_000,,train
CELEBDF_0003069,Celeb-DF v2,Celeb-synthesis/id30_id34_0008.mp4,1,497,850,472,FMP4,1.89,DeepFake,Celeb-synthesis,id30,id34,,CELEB_COMPONENT_000,,train
CELEBDF_0003070,Celeb-DF v2,Celeb-synthesis/id30_id35_0000.mp4,1,504,850,472,FMP4,2.14,DeepFake,Celeb-synthesis,id30,id35,,CELEB_COMPONENT_000,,train
CELEBDF_0003071,Celeb-DF v2,Celeb-synthesis/id30_id35_0001.mp4,1,451,850,472,FMP4,1.81,DeepFake,Celeb-synthesis,id30,id35,,CELEB_COMPONENT_000,,train
CELEBDF_0003072,Celeb-DF v2,Celeb-synthesis/id30_id35_0002.mp4,1,465,850,472,FMP4,1.54,DeepFake,Celeb-synthesis,id30,id35,,CELEB_COMPONENT_000,,train
CELEBDF_0003073,Celeb-DF v2,Celeb-synthesis/id30_id35_0003.mp4,1,470,850,472,FMP4,1.37,DeepFake,Celeb-synthesis,id30,id35,,CELEB_COMPONENT_000,,train
CELEBDF_0003074,Celeb-DF v2,Celeb-synthesis/id30_id35_0004.mp4,1,404,850,472,FMP4,1.44,DeepFake,Celeb-synthesis,id30,id35,,CELEB_COMPONENT_000,,train
CELEBDF_0003075,Celeb-DF v2,Celeb-synthesis/id30_id35_0005.mp4,1,448,850,472,FMP4,1.5,DeepFake,Celeb-synthesis,id30,id35,,CELEB_COMPONENT_000,,train
CELEBDF_0003076,Celeb-DF v2,Celeb-synthesis/id30_id35_0006.mp4,1,366,850,472,FMP4,1.41,DeepFake,Celeb-synthesis,id30,id35,,CELEB_COMPONENT_000,,train
CELEBDF_0003077,Celeb-DF v2,Celeb-synthesis/id30_id35_0007.mp4,1,456,850,472,FMP4,1.11,DeepFake,Celeb-synthesis,id30,id35,,CELEB_COMPONENT_000,,train
CELEBDF_0003078,Celeb-DF v2,Celeb-synthesis/id30_id35_0008.mp4,1,497,850,472,FMP4,1.9,DeepFake,Celeb-synthesis,id30,id35,,CELEB_COMPONENT_000,,train
CELEBDF_0003079,Celeb-DF v2,Celeb-synthesis/id30_id35_0009.mp4,1,479,850,472,FMP4,1.4,DeepFake,Celeb-synthesis,id30,id35,,CELEB_COMPONENT_000,,train
CELEBDF_0003080,Celeb-DF v2,Celeb-synthesis/id30_id37_0000.mp4,1,504,850,472,FMP4,2.14,DeepFake,Celeb-synthesis,id30,id37,,CELEB_COMPONENT_000,,train
CELEBDF_0003081,Celeb-DF v2,Celeb-synthesis/id30_id37_0001.mp4,1,451,850,472,FMP4,1.81,DeepFake,Celeb-synthesis,id30,id37,,CELEB_COMPONENT_000,,train
CELEBDF_0003082,Celeb-DF v2,Celeb-synthesis/id30_id37_0002.mp4,1,465,850,472,FMP4,1.54,DeepFake,Celeb-synthesis,id30,id37,,CELEB_COMPONENT_000,,train
CELEBDF_0003083,Celeb-DF v2,Celeb-synthesis/id30_id37_0003.mp4,1,470,850,472,FMP4,1.38,DeepFake,Celeb-synthesis,id30,id37,,CELEB_COMPONENT_000,,train
CELEBDF_0003084,Celeb-DF v2,Celeb-synthesis/id30_id37_0004.mp4,1,404,850,472,FMP4,1.45,DeepFake,Celeb-synthesis,id30,id37,,CELEB_COMPONENT_000,,train
CELEBDF_0003085,Celeb-DF v2,Celeb-synthesis/id30_id37_0005.mp4,1,448,850,472,FMP4,1.51,DeepFake,Celeb-synthesis,id30,id37,,CELEB_COMPONENT_000,,train
CELEBDF_0003086,Celeb-DF v2,Celeb-synthesis/id30_id37_0006.mp4,1,366,850,472,FMP4,1.42,DeepFake,Celeb-synthesis,id30,id37,,CELEB_COMPONENT_000,,train
CELEBDF_0003087,Celeb-DF v2,Celeb-synthesis/id30_id37_0007.mp4,1,456,850,472,FMP4,1.12,DeepFake,Celeb-synthesis,id30,id37,,CELEB_COMPONENT_000,,train
CELEBDF_0003088,Celeb-DF v2,Celeb-synthesis/id30_id37_0008.mp4,1,497,850,472,FMP4,1.91,DeepFake,Celeb-synthesis,id30,id37,,CELEB_COMPONENT_000,,train
CELEBDF_0003089,Celeb-DF v2,Celeb-synthesis/id30_id37_0009.mp4,1,479,850,472,FMP4,1.56,DeepFake,Celeb-synthesis,id30,id37,,CELEB_COMPONENT_000,,train
CELEBDF_0003090,Celeb-DF v2,Celeb-synthesis/id30_id38_0000.mp4,1,504,850,472,FMP4,2.14,DeepFake,Celeb-synthesis,id30,id38,,CELEB_COMPONENT_000,,train
CELEBDF_0003091,Celeb-DF v2,Celeb-synthesis/id30_id38_0001.mp4,1,451,850,472,FMP4,1.8,DeepFake,Celeb-synthesis,id30,id38,,CELEB_COMPONENT_000,,train
CELEBDF_0003092,Celeb-DF v2,Celeb-synthesis/id30_id38_0002.mp4,1,465,850,472,FMP4,1.53,DeepFake,Celeb-synthesis,id30,id38,,CELEB_COMPONENT_000,,train
CELEBDF_0003093,Celeb-DF v2,Celeb-synthesis/id30_id38_0003.mp4,1,470,850,472,FMP4,1.37,DeepFake,Celeb-synthesis,id30,id38,,CELEB_COMPONENT_000,,train
CELEBDF_0003094,Celeb-DF v2,Celeb-synthesis/id30_id38_0004.mp4,1,404,850,472,FMP4,1.44,DeepFake,Celeb-synthesis,id30,id38,,CELEB_COMPONENT_000,,train
CELEBDF_0003095,Celeb-DF v2,Celeb-synthesis/id30_id38_0005.mp4,1,448,850,472,FMP4,1.49,DeepFake,Celeb-synthesis,id30,id38,,CELEB_COMPONENT_000,,train
CELEBDF_0003096,Celeb-DF v2,Celeb-synthesis/id30_id38_0006.mp4,1,366,850,472,FMP4,1.41,DeepFake,Celeb-synthesis,id30,id38,,CELEB_COMPONENT_000,,train
CELEBDF_0003097,Celeb-DF v2,Celeb-synthesis/id30_id38_0007.mp4,1,456,850,472,FMP4,1.09,DeepFake,Celeb-synthesis,id30,id38,,CELEB_COMPONENT_000,,train
CELEBDF_0003098,Celeb-DF v2,Celeb-synthesis/id30_id38_0008.mp4,1,497,850,472,FMP4,1.89,DeepFake,Celeb-synthesis,id30,id38,,CELEB_COMPONENT_000,,train
CELEBDF_0003099,Celeb-DF v2,Celeb-synthesis/id30_id38_0009.mp4,1,479,850,472,FMP4,1.54,DeepFake,Celeb-synthesis,id30,id38,,CELEB_COMPONENT_000,,train
CELEBDF_0003100,Celeb-DF v2,Celeb-synthesis/id30_id3_0001.mp4,1,451,850,472,FMP4,1.81,DeepFake,Celeb-synthesis,id30,id3,,CELEB_COMPONENT_000,,train
CELEBDF_0003101,Celeb-DF v2,Celeb-synthesis/id30_id3_0002.mp4,1,465,850,472,FMP4,1.56,DeepFake,Celeb-synthesis,id30,id3,,CELEB_COMPONENT_000,,train
CELEBDF_0003102,Celeb-DF v2,Celeb-synthesis/id30_id3_0005.mp4,1,448,850,472,FMP4,1.51,DeepFake,Celeb-synthesis,id30,id3,,CELEB_COMPONENT_000,,train
CELEBDF_0003103,Celeb-DF v2,Celeb-synthesis/id30_id3_0006.mp4,1,366,850,472,FMP4,1.41,DeepFake,Celeb-synthesis,id30,id3,,CELEB_COMPONENT_000,,train
CELEBDF_0003104,Celeb-DF v2,Celeb-synthesis/id30_id3_0007.mp4,1,456,850,472,FMP4,1.12,DeepFake,Celeb-synthesis,id30,id3,,CELEB_COMPONENT_000,,train
CELEBDF_0003105,Celeb-DF v2,Celeb-synthesis/id30_id3_0008.mp4,1,497,850,472,FMP4,1.91,DeepFake,Celeb-synthesis,id30,id3,,CELEB_COMPONENT_000,,train
CELEBDF_0003106,Celeb-DF v2,Celeb-synthesis/id30_id4_0000.mp4,1,504,850,472,FMP4,2.14,DeepFake,Celeb-synthesis,id30,id4,,CELEB_COMPONENT_000,,train
CELEBDF_0003107,Celeb-DF v2,Celeb-synthesis/id30_id4_0001.mp4,1,451,850,472,FMP4,1.8,DeepFake,Celeb-synthesis,id30,id4,,CELEB_COMPONENT_000,,train
CELEBDF_0003108,Celeb-DF v2,Celeb-synthesis/id30_id4_0002.mp4,1,465,850,472,FMP4,1.54,DeepFake,Celeb-synthesis,id30,id4,,CELEB_COMPONENT_000,,train
CELEBDF_0003109,Celeb-DF v2,Celeb-synthesis/id30_id4_0003.mp4,1,470,850,472,FMP4,1.37,DeepFake,Celeb-synthesis,id30,id4,,CELEB_COMPONENT_000,,train
CELEBDF_0003110,Celeb-DF v2,Celeb-synthesis/id30_id4_0004.mp4,1,404,850,472,FMP4,1.44,DeepFake,Celeb-synthesis,id30,id4,,CELEB_COMPONENT_000,,train
CELEBDF_0003111,Celeb-DF v2,Celeb-synthesis/id30_id4_0005.mp4,1,448,850,472,FMP4,1.5,DeepFake,Celeb-synthesis,id30,id4,,CELEB_COMPONENT_000,,train
CELEBDF_0003112,Celeb-DF v2,Celeb-synthesis/id30_id4_0006.mp4,1,366,850,472,FMP4,1.41,DeepFake,Celeb-synthesis,id30,id4,,CELEB_COMPONENT_000,,train
CELEBDF_0003113,Celeb-DF v2,Celeb-synthesis/id30_id4_0007.mp4,1,456,850,472,FMP4,1.11,DeepFake,Celeb-synthesis,id30,id4,,CELEB_COMPONENT_000,,train
CELEBDF_0003114,Celeb-DF v2,Celeb-synthesis/id30_id4_0008.mp4,1,497,850,472,FMP4,1.89,DeepFake,Celeb-synthesis,id30,id4,,CELEB_COMPONENT_000,,train
CELEBDF_0003115,Celeb-DF v2,Celeb-synthesis/id30_id4_0009.mp4,1,479,850,472,FMP4,1.55,DeepFake,Celeb-synthesis,id30,id4,,CELEB_COMPONENT_000,,train
CELEBDF_0003116,Celeb-DF v2,Celeb-synthesis/id30_id6_0000.mp4,1,504,850,472,FMP4,2.15,DeepFake,Celeb-synthesis,id30,id6,,CELEB_COMPONENT_000,,train
CELEBDF_0003117,Celeb-DF v2,Celeb-synthesis/id30_id6_0001.mp4,1,451,850,472,FMP4,1.81,DeepFake,Celeb-synthesis,id30,id6,,CELEB_COMPONENT_000,,train
CELEBDF_0003118,Celeb-DF v2,Celeb-synthesis/id30_id6_0002.mp4,1,465,850,472,FMP4,1.54,DeepFake,Celeb-synthesis,id30,id6,,CELEB_COMPONENT_000,,train
CELEBDF_0003119,Celeb-DF v2,Celeb-synthesis/id30_id6_0003.mp4,1,470,850,472,FMP4,1.38,DeepFake,Celeb-synthesis,id30,id6,,CELEB_COMPONENT_000,,train
CELEBDF_0003120,Celeb-DF v2,Celeb-synthesis/id30_id6_0004.mp4,1,404,850,472,FMP4,1.44,DeepFake,Celeb-synthesis,id30,id6,,CELEB_COMPONENT_000,,train
CELEBDF_0003121,Celeb-DF v2,Celeb-synthesis/id30_id6_0005.mp4,1,448,850,472,FMP4,1.51,DeepFake,Celeb-synthesis,id30,id6,,CELEB_COMPONENT_000,,train
CELEBDF_0003122,Celeb-DF v2,Celeb-synthesis/id30_id6_0006.mp4,1,366,850,472,FMP4,1.42,DeepFake,Celeb-synthesis,id30,id6,,CELEB_COMPONENT_000,,train
CELEBDF_0003123,Celeb-DF v2,Celeb-synthesis/id30_id6_0007.mp4,1,456,850,472,FMP4,1.12,DeepFake,Celeb-synthesis,id30,id6,,CELEB_COMPONENT_000,,train
CELEBDF_0003124,Celeb-DF v2,Celeb-synthesis/id30_id6_0008.mp4,1,497,850,472,FMP4,1.9,DeepFake,Celeb-synthesis,id30,id6,,CELEB_COMPONENT_000,,train
CELEBDF_0003125,Celeb-DF v2,Celeb-synthesis/id30_id6_0009.mp4,1,479,850,472,FMP4,1.55,DeepFake,Celeb-synthesis,id30,id6,,CELEB_COMPONENT_000,,train
CELEBDF_0003126,Celeb-DF v2,Celeb-synthesis/id30_id9_0000.mp4,1,504,850,472,FMP4,2.15,DeepFake,Celeb-synthesis,id30,id9,,CELEB_COMPONENT_000,,train
CELEBDF_0003127,Celeb-DF v2,Celeb-synthesis/id30_id9_0001.mp4,1,451,850,472,FMP4,1.82,DeepFake,Celeb-synthesis,id30,id9,,CELEB_COMPONENT_000,,train
CELEBDF_0003128,Celeb-DF v2,Celeb-synthesis/id30_id9_0002.mp4,1,465,850,472,FMP4,1.56,DeepFake,Celeb-synthesis,id30,id9,,CELEB_COMPONENT_000,,train
CELEBDF_0003129,Celeb-DF v2,Celeb-synthesis/id30_id9_0003.mp4,1,470,850,472,FMP4,1.39,DeepFake,Celeb-synthesis,id30,id9,,CELEB_COMPONENT_000,,train
CELEBDF_0003130,Celeb-DF v2,Celeb-synthesis/id30_id9_0004.mp4,1,404,850,472,FMP4,1.45,DeepFake,Celeb-synthesis,id30,id9,,CELEB_COMPONENT_000,,train
CELEBDF_0003131,Celeb-DF v2,Celeb-synthesis/id30_id9_0005.mp4,1,448,850,472,FMP4,1.52,DeepFake,Celeb-synthesis,id30,id9,,CELEB_COMPONENT_000,,train
CELEBDF_0003132,Celeb-DF v2,Celeb-synthesis/id30_id9_0006.mp4,1,366,850,472,FMP4,1.43,DeepFake,Celeb-synthesis,id30,id9,,CELEB_COMPONENT_000,,train
CELEBDF_0003133,Celeb-DF v2,Celeb-synthesis/id30_id9_0007.mp4,1,456,850,472,FMP4,1.13,DeepFake,Celeb-synthesis,id30,id9,,CELEB_COMPONENT_000,,train
CELEBDF_0003134,Celeb-DF v2,Celeb-synthesis/id30_id9_0008.mp4,1,497,850,472,FMP4,1.93,DeepFake,Celeb-synthesis,id30,id9,,CELEB_COMPONENT_000,,train
CELEBDF_0003135,Celeb-DF v2,Celeb-synthesis/id30_id9_0009.mp4,1,479,850,472,FMP4,1.57,DeepFake,Celeb-synthesis,id30,id9,,CELEB_COMPONENT_000,,train
CELEBDF_0003136,Celeb-DF v2,Celeb-synthesis/id31_id16_0000.mp4,1,423,850,472,FMP4,1.44,DeepFake,Celeb-synthesis,id31,id16,,CELEB_COMPONENT_000,,train
CELEBDF_0003137,Celeb-DF v2,Celeb-synthesis/id31_id16_0001.mp4,1,369,850,472,FMP4,1.28,DeepFake,Celeb-synthesis,id31,id16,,CELEB_COMPONENT_000,,train
CELEBDF_0003138,Celeb-DF v2,Celeb-synthesis/id31_id16_0002.mp4,1,485,850,472,FMP4,1.42,DeepFake,Celeb-synthesis,id31,id16,,CELEB_COMPONENT_000,,train
CELEBDF_0003139,Celeb-DF v2,Celeb-synthesis/id31_id16_0003.mp4,1,467,850,472,FMP4,1.58,DeepFake,Celeb-synthesis,id31,id16,,CELEB_COMPONENT_000,,train
CELEBDF_0003140,Celeb-DF v2,Celeb-synthesis/id31_id16_0004.mp4,1,465,850,472,FMP4,2.84,DeepFake,Celeb-synthesis,id31,id16,,CELEB_COMPONENT_000,,train
CELEBDF_0003141,Celeb-DF v2,Celeb-synthesis/id31_id16_0005.mp4,1,349,850,472,FMP4,1.0,DeepFake,Celeb-synthesis,id31,id16,,CELEB_COMPONENT_000,,train
CELEBDF_0003142,Celeb-DF v2,Celeb-synthesis/id31_id16_0006.mp4,1,365,850,472,FMP4,1.62,DeepFake,Celeb-synthesis,id31,id16,,CELEB_COMPONENT_000,,train
CELEBDF_0003143,Celeb-DF v2,Celeb-synthesis/id31_id16_0007.mp4,1,455,850,472,FMP4,3.55,DeepFake,Celeb-synthesis,id31,id16,,CELEB_COMPONENT_000,,train
CELEBDF_0003144,Celeb-DF v2,Celeb-synthesis/id31_id16_0009.mp4,1,475,850,472,FMP4,0.94,DeepFake,Celeb-synthesis,id31,id16,,CELEB_COMPONENT_000,,train
CELEBDF_0003145,Celeb-DF v2,Celeb-synthesis/id31_id17_0000.mp4,1,423,850,472,FMP4,1.43,DeepFake,Celeb-synthesis,id31,id17,,CELEB_COMPONENT_000,,train
CELEBDF_0003146,Celeb-DF v2,Celeb-synthesis/id31_id17_0001.mp4,1,369,850,472,FMP4,1.28,DeepFake,Celeb-synthesis,id31,id17,,CELEB_COMPONENT_000,,train
CELEBDF_0003147,Celeb-DF v2,Celeb-synthesis/id31_id17_0002.mp4,1,485,850,472,FMP4,1.42,DeepFake,Celeb-synthesis,id31,id17,,CELEB_COMPONENT_000,,train
CELEBDF_0003148,Celeb-DF v2,Celeb-synthesis/id31_id17_0003.mp4,1,467,850,472,FMP4,1.59,DeepFake,Celeb-synthesis,id31,id17,,CELEB_COMPONENT_000,,train
CELEBDF_0003149,Celeb-DF v2,Celeb-synthesis/id31_id17_0004.mp4,1,465,850,472,FMP4,2.84,DeepFake,Celeb-synthesis,id31,id17,,CELEB_COMPONENT_000,,train
CELEBDF_0003150,Celeb-DF v2,Celeb-synthesis/id31_id17_0005.mp4,1,349,850,472,FMP4,1.0,DeepFake,Celeb-synthesis,id31,id17,,CELEB_COMPONENT_000,,train
CELEBDF_0003151,Celeb-DF v2,Celeb-synthesis/id31_id17_0006.mp4,1,365,850,472,FMP4,1.62,DeepFake,Celeb-synthesis,id31,id17,,CELEB_COMPONENT_000,,train
CELEBDF_0003152,Celeb-DF v2,Celeb-synthesis/id31_id17_0007.mp4,1,455,850,472,FMP4,3.55,DeepFake,Celeb-synthesis,id31,id17,,CELEB_COMPONENT_000,,train
CELEBDF_0003153,Celeb-DF v2,Celeb-synthesis/id31_id17_0009.mp4,1,475,850,472,FMP4,0.92,DeepFake,Celeb-synthesis,id31,id17,,CELEB_COMPONENT_000,,train
CELEBDF_0003154,Celeb-DF v2,Celeb-synthesis/id31_id1_0000.mp4,1,423,850,472,FMP4,1.43,DeepFake,Celeb-synthesis,id31,id1,,CELEB_COMPONENT_000,,train
CELEBDF_0003155,Celeb-DF v2,Celeb-synthesis/id31_id1_0001.mp4,1,369,850,472,FMP4,1.28,DeepFake,Celeb-synthesis,id31,id1,,CELEB_COMPONENT_000,,train
CELEBDF_0003156,Celeb-DF v2,Celeb-synthesis/id31_id1_0002.mp4,1,485,850,472,FMP4,1.42,DeepFake,Celeb-synthesis,id31,id1,,CELEB_COMPONENT_000,,train
CELEBDF_0003157,Celeb-DF v2,Celeb-synthesis/id31_id1_0003.mp4,1,467,850,472,FMP4,1.58,DeepFake,Celeb-synthesis,id31,id1,,CELEB_COMPONENT_000,,train
CELEBDF_0003158,Celeb-DF v2,Celeb-synthesis/id31_id1_0004.mp4,1,465,850,472,FMP4,2.84,DeepFake,Celeb-synthesis,id31,id1,,CELEB_COMPONENT_000,,train
CELEBDF_0003159,Celeb-DF v2,Celeb-synthesis/id31_id1_0005.mp4,1,349,850,472,FMP4,1.0,DeepFake,Celeb-synthesis,id31,id1,,CELEB_COMPONENT_000,,train
CELEBDF_0003160,Celeb-DF v2,Celeb-synthesis/id31_id1_0006.mp4,1,365,850,472,FMP4,1.62,DeepFake,Celeb-synthesis,id31,id1,,CELEB_COMPONENT_000,,train
CELEBDF_0003161,Celeb-DF v2,Celeb-synthesis/id31_id1_0007.mp4,1,455,850,472,FMP4,3.54,DeepFake,Celeb-synthesis,id31,id1,,CELEB_COMPONENT_000,,train
CELEBDF_0003162,Celeb-DF v2,Celeb-synthesis/id31_id1_0008.mp4,1,461,850,472,FMP4,1.49,DeepFake,Celeb-synthesis,id31,id1,,CELEB_COMPONENT_000,,train
CELEBDF_0003163,Celeb-DF v2,Celeb-synthesis/id31_id1_0009.mp4,1,475,850,472,FMP4,0.92,DeepFake,Celeb-synthesis,id31,id1,,CELEB_COMPONENT_000,,train
CELEBDF_0003164,Celeb-DF v2,Celeb-synthesis/id31_id20_0000.mp4,1,423,850,472,FMP4,1.43,DeepFake,Celeb-synthesis,id31,id20,,CELEB_COMPONENT_000,,train
CELEBDF_0003165,Celeb-DF v2,Celeb-synthesis/id31_id20_0001.mp4,1,369,850,472,FMP4,1.28,DeepFake,Celeb-synthesis,id31,id20,,CELEB_COMPONENT_000,,train
CELEBDF_0003166,Celeb-DF v2,Celeb-synthesis/id31_id20_0002.mp4,1,485,850,472,FMP4,1.42,DeepFake,Celeb-synthesis,id31,id20,,CELEB_COMPONENT_000,,train
CELEBDF_0003167,Celeb-DF v2,Celeb-synthesis/id31_id20_0003.mp4,1,467,850,472,FMP4,1.59,DeepFake,Celeb-synthesis,id31,id20,,CELEB_COMPONENT_000,,train
CELEBDF_0003168,Celeb-DF v2,Celeb-synthesis/id31_id20_0004.mp4,1,465,850,472,FMP4,2.83,DeepFake,Celeb-synthesis,id31,id20,,CELEB_COMPONENT_000,,train
CELEBDF_0003169,Celeb-DF v2,Celeb-synthesis/id31_id20_0005.mp4,1,349,850,472,FMP4,1.0,DeepFake,Celeb-synthesis,id31,id20,,CELEB_COMPONENT_000,,train
CELEBDF_0003170,Celeb-DF v2,Celeb-synthesis/id31_id20_0006.mp4,1,365,850,472,FMP4,1.62,DeepFake,Celeb-synthesis,id31,id20,,CELEB_COMPONENT_000,,train
CELEBDF_0003171,Celeb-DF v2,Celeb-synthesis/id31_id20_0007.mp4,1,455,850,472,FMP4,3.56,DeepFake,Celeb-synthesis,id31,id20,,CELEB_COMPONENT_000,,train
CELEBDF_0003172,Celeb-DF v2,Celeb-synthesis/id31_id20_0008.mp4,1,461,850,472,FMP4,1.47,DeepFake,Celeb-synthesis,id31,id20,,CELEB_COMPONENT_000,,train
CELEBDF_0003173,Celeb-DF v2,Celeb-synthesis/id31_id20_0009.mp4,1,475,850,472,FMP4,0.92,DeepFake,Celeb-synthesis,id31,id20,,CELEB_COMPONENT_000,,train
CELEBDF_0003174,Celeb-DF v2,Celeb-synthesis/id31_id21_0000.mp4,1,423,850,472,FMP4,1.43,DeepFake,Celeb-synthesis,id31,id21,,CELEB_COMPONENT_000,,train
CELEBDF_0003175,Celeb-DF v2,Celeb-synthesis/id31_id21_0001.mp4,1,369,850,472,FMP4,1.28,DeepFake,Celeb-synthesis,id31,id21,,CELEB_COMPONENT_000,,train
CELEBDF_0003176,Celeb-DF v2,Celeb-synthesis/id31_id21_0002.mp4,1,485,850,472,FMP4,1.42,DeepFake,Celeb-synthesis,id31,id21,,CELEB_COMPONENT_000,,train
CELEBDF_0003177,Celeb-DF v2,Celeb-synthesis/id31_id21_0003.mp4,1,467,850,472,FMP4,1.58,DeepFake,Celeb-synthesis,id31,id21,,CELEB_COMPONENT_000,,train
CELEBDF_0003178,Celeb-DF v2,Celeb-synthesis/id31_id21_0004.mp4,1,465,850,472,FMP4,2.84,DeepFake,Celeb-synthesis,id31,id21,,CELEB_COMPONENT_000,,train
CELEBDF_0003179,Celeb-DF v2,Celeb-synthesis/id31_id21_0005.mp4,1,349,850,472,FMP4,1.0,DeepFake,Celeb-synthesis,id31,id21,,CELEB_COMPONENT_000,,train
CELEBDF_0003180,Celeb-DF v2,Celeb-synthesis/id31_id21_0006.mp4,1,365,850,472,FMP4,1.62,DeepFake,Celeb-synthesis,id31,id21,,CELEB_COMPONENT_000,,train
CELEBDF_0003181,Celeb-DF v2,Celeb-synthesis/id31_id21_0007.mp4,1,455,850,472,FMP4,3.54,DeepFake,Celeb-synthesis,id31,id21,,CELEB_COMPONENT_000,,train
CELEBDF_0003182,Celeb-DF v2,Celeb-synthesis/id31_id21_0008.mp4,1,461,850,472,FMP4,1.46,DeepFake,Celeb-synthesis,id31,id21,,CELEB_COMPONENT_000,,train
CELEBDF_0003183,Celeb-DF v2,Celeb-synthesis/id31_id21_0009.mp4,1,475,850,472,FMP4,0.92,DeepFake,Celeb-synthesis,id31,id21,,CELEB_COMPONENT_000,,train
CELEBDF_0003184,Celeb-DF v2,Celeb-synthesis/id31_id23_0000.mp4,1,423,850,472,FMP4,1.43,DeepFake,Celeb-synthesis,id31,id23,,CELEB_COMPONENT_000,,train
CELEBDF_0003185,Celeb-DF v2,Celeb-synthesis/id31_id23_0001.mp4,1,369,850,472,FMP4,1.27,DeepFake,Celeb-synthesis,id31,id23,,CELEB_COMPONENT_000,,train
CELEBDF_0003186,Celeb-DF v2,Celeb-synthesis/id31_id23_0002.mp4,1,485,850,472,FMP4,1.42,DeepFake,Celeb-synthesis,id31,id23,,CELEB_COMPONENT_000,,train
CELEBDF_0003187,Celeb-DF v2,Celeb-synthesis/id31_id23_0003.mp4,1,467,850,472,FMP4,1.58,DeepFake,Celeb-synthesis,id31,id23,,CELEB_COMPONENT_000,,train
CELEBDF_0003188,Celeb-DF v2,Celeb-synthesis/id31_id23_0004.mp4,1,465,850,472,FMP4,2.83,DeepFake,Celeb-synthesis,id31,id23,,CELEB_COMPONENT_000,,train
CELEBDF_0003189,Celeb-DF v2,Celeb-synthesis/id31_id23_0005.mp4,1,349,850,472,FMP4,1.0,DeepFake,Celeb-synthesis,id31,id23,,CELEB_COMPONENT_000,,train
CELEBDF_0003190,Celeb-DF v2,Celeb-synthesis/id31_id23_0006.mp4,1,365,850,472,FMP4,1.61,DeepFake,Celeb-synthesis,id31,id23,,CELEB_COMPONENT_000,,train
CELEBDF_0003191,Celeb-DF v2,Celeb-synthesis/id31_id23_0007.mp4,1,455,850,472,FMP4,3.53,DeepFake,Celeb-synthesis,id31,id23,,CELEB_COMPONENT_000,,train
CELEBDF_0003192,Celeb-DF v2,Celeb-synthesis/id31_id23_0009.mp4,1,475,850,472,FMP4,0.92,DeepFake,Celeb-synthesis,id31,id23,,CELEB_COMPONENT_000,,train
CELEBDF_0003193,Celeb-DF v2,Celeb-synthesis/id31_id26_0000.mp4,1,423,850,472,FMP4,1.43,DeepFake,Celeb-synthesis,id31,id26,,CELEB_COMPONENT_000,,train
CELEBDF_0003194,Celeb-DF v2,Celeb-synthesis/id31_id26_0001.mp4,1,369,850,472,FMP4,1.27,DeepFake,Celeb-synthesis,id31,id26,,CELEB_COMPONENT_000,,train
CELEBDF_0003195,Celeb-DF v2,Celeb-synthesis/id31_id26_0002.mp4,1,485,850,472,FMP4,1.42,DeepFake,Celeb-synthesis,id31,id26,,CELEB_COMPONENT_000,,train
CELEBDF_0003196,Celeb-DF v2,Celeb-synthesis/id31_id26_0003.mp4,1,467,850,472,FMP4,1.58,DeepFake,Celeb-synthesis,id31,id26,,CELEB_COMPONENT_000,,train
CELEBDF_0003197,Celeb-DF v2,Celeb-synthesis/id31_id26_0004.mp4,1,465,850,472,FMP4,2.84,DeepFake,Celeb-synthesis,id31,id26,,CELEB_COMPONENT_000,,train
CELEBDF_0003198,Celeb-DF v2,Celeb-synthesis/id31_id26_0005.mp4,1,349,850,472,FMP4,1.0,DeepFake,Celeb-synthesis,id31,id26,,CELEB_COMPONENT_000,,train
CELEBDF_0003199,Celeb-DF v2,Celeb-synthesis/id31_id26_0006.mp4,1,365,850,472,FMP4,1.62,DeepFake,Celeb-synthesis,id31,id26,,CELEB_COMPONENT_000,,train
CELEBDF_0003200,Celeb-DF v2,Celeb-synthesis/id31_id26_0007.mp4,1,455,850,472,FMP4,3.55,DeepFake,Celeb-synthesis,id31,id26,,CELEB_COMPONENT_000,,train
CELEBDF_0003201,Celeb-DF v2,Celeb-synthesis/id31_id26_0009.mp4,1,475,850,472,FMP4,0.91,DeepFake,Celeb-synthesis,id31,id26,,CELEB_COMPONENT_000,,train
CELEBDF_0003202,Celeb-DF v2,Celeb-synthesis/id31_id28_0000.mp4,1,423,850,472,FMP4,1.43,DeepFake,Celeb-synthesis,id31,id28,,CELEB_COMPONENT_000,,train
CELEBDF_0003203,Celeb-DF v2,Celeb-synthesis/id31_id28_0001.mp4,1,369,850,472,FMP4,1.27,DeepFake,Celeb-synthesis,id31,id28,,CELEB_COMPONENT_000,,train
CELEBDF_0003204,Celeb-DF v2,Celeb-synthesis/id31_id28_0002.mp4,1,485,850,472,FMP4,1.42,DeepFake,Celeb-synthesis,id31,id28,,CELEB_COMPONENT_000,,train
CELEBDF_0003205,Celeb-DF v2,Celeb-synthesis/id31_id28_0003.mp4,1,467,850,472,FMP4,1.58,DeepFake,Celeb-synthesis,id31,id28,,CELEB_COMPONENT_000,,train
CELEBDF_0003206,Celeb-DF v2,Celeb-synthesis/id31_id28_0004.mp4,1,465,850,472,FMP4,2.84,DeepFake,Celeb-synthesis,id31,id28,,CELEB_COMPONENT_000,,train
CELEBDF_0003207,Celeb-DF v2,Celeb-synthesis/id31_id28_0005.mp4,1,349,850,472,FMP4,1.0,DeepFake,Celeb-synthesis,id31,id28,,CELEB_COMPONENT_000,,train
CELEBDF_0003208,Celeb-DF v2,Celeb-synthesis/id31_id28_0006.mp4,1,365,850,472,FMP4,1.63,DeepFake,Celeb-synthesis,id31,id28,,CELEB_COMPONENT_000,,train
CELEBDF_0003209,Celeb-DF v2,Celeb-synthesis/id31_id28_0007.mp4,1,455,850,472,FMP4,3.56,DeepFake,Celeb-synthesis,id31,id28,,CELEB_COMPONENT_000,,train
CELEBDF_0003210,Celeb-DF v2,Celeb-synthesis/id31_id28_0008.mp4,1,461,850,472,FMP4,1.49,DeepFake,Celeb-synthesis,id31,id28,,CELEB_COMPONENT_000,,train
CELEBDF_0003211,Celeb-DF v2,Celeb-synthesis/id31_id28_0009.mp4,1,475,850,472,FMP4,0.92,DeepFake,Celeb-synthesis,id31,id28,,CELEB_COMPONENT_000,,train
CELEBDF_0003212,Celeb-DF v2,Celeb-synthesis/id31_id29_0000.mp4,1,423,850,472,FMP4,1.43,DeepFake,Celeb-synthesis,id31,id29,,CELEB_COMPONENT_000,,train
CELEBDF_0003213,Celeb-DF v2,Celeb-synthesis/id31_id29_0001.mp4,1,369,850,472,FMP4,1.27,DeepFake,Celeb-synthesis,id31,id29,,CELEB_COMPONENT_000,,train
CELEBDF_0003214,Celeb-DF v2,Celeb-synthesis/id31_id29_0002.mp4,1,485,850,472,FMP4,1.42,DeepFake,Celeb-synthesis,id31,id29,,CELEB_COMPONENT_000,,train
CELEBDF_0003215,Celeb-DF v2,Celeb-synthesis/id31_id29_0003.mp4,1,467,850,472,FMP4,1.58,DeepFake,Celeb-synthesis,id31,id29,,CELEB_COMPONENT_000,,train
CELEBDF_0003216,Celeb-DF v2,Celeb-synthesis/id31_id29_0004.mp4,1,465,850,472,FMP4,2.83,DeepFake,Celeb-synthesis,id31,id29,,CELEB_COMPONENT_000,,train
CELEBDF_0003217,Celeb-DF v2,Celeb-synthesis/id31_id29_0005.mp4,1,349,850,472,FMP4,1.0,DeepFake,Celeb-synthesis,id31,id29,,CELEB_COMPONENT_000,,train
CELEBDF_0003218,Celeb-DF v2,Celeb-synthesis/id31_id29_0006.mp4,1,365,850,472,FMP4,1.62,DeepFake,Celeb-synthesis,id31,id29,,CELEB_COMPONENT_000,,train
CELEBDF_0003219,Celeb-DF v2,Celeb-synthesis/id31_id29_0007.mp4,1,455,850,472,FMP4,3.53,DeepFake,Celeb-synthesis,id31,id29,,CELEB_COMPONENT_000,,train
CELEBDF_0003220,Celeb-DF v2,Celeb-synthesis/id31_id29_0009.mp4,1,475,850,472,FMP4,0.92,DeepFake,Celeb-synthesis,id31,id29,,CELEB_COMPONENT_000,,train
CELEBDF_0003221,Celeb-DF v2,Celeb-synthesis/id31_id2_0000.mp4,1,423,850,472,FMP4,1.43,DeepFake,Celeb-synthesis,id31,id2,,CELEB_COMPONENT_000,,train
CELEBDF_0003222,Celeb-DF v2,Celeb-synthesis/id31_id2_0001.mp4,1,369,850,472,FMP4,1.28,DeepFake,Celeb-synthesis,id31,id2,,CELEB_COMPONENT_000,,train
CELEBDF_0003223,Celeb-DF v2,Celeb-synthesis/id31_id2_0002.mp4,1,485,850,472,FMP4,1.43,DeepFake,Celeb-synthesis,id31,id2,,CELEB_COMPONENT_000,,train
CELEBDF_0003224,Celeb-DF v2,Celeb-synthesis/id31_id2_0003.mp4,1,467,850,472,FMP4,1.59,DeepFake,Celeb-synthesis,id31,id2,,CELEB_COMPONENT_000,,train
CELEBDF_0003225,Celeb-DF v2,Celeb-synthesis/id31_id2_0004.mp4,1,465,850,472,FMP4,2.85,DeepFake,Celeb-synthesis,id31,id2,,CELEB_COMPONENT_000,,train
CELEBDF_0003226,Celeb-DF v2,Celeb-synthesis/id31_id2_0005.mp4,1,349,850,472,FMP4,1.01,DeepFake,Celeb-synthesis,id31,id2,,CELEB_COMPONENT_000,,train
CELEBDF_0003227,Celeb-DF v2,Celeb-synthesis/id31_id2_0006.mp4,1,365,850,472,FMP4,1.63,DeepFake,Celeb-synthesis,id31,id2,,CELEB_COMPONENT_000,,train
CELEBDF_0003228,Celeb-DF v2,Celeb-synthesis/id31_id2_0007.mp4,1,455,850,472,FMP4,3.56,DeepFake,Celeb-synthesis,id31,id2,,CELEB_COMPONENT_000,,train
CELEBDF_0003229,Celeb-DF v2,Celeb-synthesis/id31_id2_0009.mp4,1,475,850,472,FMP4,0.93,DeepFake,Celeb-synthesis,id31,id2,,CELEB_COMPONENT_000,,train
CELEBDF_0003230,Celeb-DF v2,Celeb-synthesis/id31_id30_0000.mp4,1,423,850,472,FMP4,1.43,DeepFake,Celeb-synthesis,id31,id30,,CELEB_COMPONENT_000,,train
CELEBDF_0003231,Celeb-DF v2,Celeb-synthesis/id31_id30_0001.mp4,1,369,850,472,FMP4,1.27,DeepFake,Celeb-synthesis,id31,id30,,CELEB_COMPONENT_000,,train
CELEBDF_0003232,Celeb-DF v2,Celeb-synthesis/id31_id30_0002.mp4,1,485,850,472,FMP4,1.42,DeepFake,Celeb-synthesis,id31,id30,,CELEB_COMPONENT_000,,train
CELEBDF_0003233,Celeb-DF v2,Celeb-synthesis/id31_id30_0003.mp4,1,467,850,472,FMP4,1.57,DeepFake,Celeb-synthesis,id31,id30,,CELEB_COMPONENT_000,,train
CELEBDF_0003234,Celeb-DF v2,Celeb-synthesis/id31_id30_0004.mp4,1,465,850,472,FMP4,2.83,DeepFake,Celeb-synthesis,id31,id30,,CELEB_COMPONENT_000,,train
CELEBDF_0003235,Celeb-DF v2,Celeb-synthesis/id31_id30_0005.mp4,1,349,850,472,FMP4,1.0,DeepFake,Celeb-synthesis,id31,id30,,CELEB_COMPONENT_000,,train
CELEBDF_0003236,Celeb-DF v2,Celeb-synthesis/id31_id30_0006.mp4,1,365,850,472,FMP4,1.61,DeepFake,Celeb-synthesis,id31,id30,,CELEB_COMPONENT_000,,train
CELEBDF_0003237,Celeb-DF v2,Celeb-synthesis/id31_id30_0007.mp4,1,455,850,472,FMP4,3.53,DeepFake,Celeb-synthesis,id31,id30,,CELEB_COMPONENT_000,,train
CELEBDF_0003238,Celeb-DF v2,Celeb-synthesis/id31_id30_0009.mp4,1,475,850,472,FMP4,0.93,DeepFake,Celeb-synthesis,id31,id30,,CELEB_COMPONENT_000,,train
CELEBDF_0003239,Celeb-DF v2,Celeb-synthesis/id31_id32_0000.mp4,1,423,850,472,FMP4,1.44,DeepFake,Celeb-synthesis,id31,id32,,CELEB_COMPONENT_000,,train
CELEBDF_0003240,Celeb-DF v2,Celeb-synthesis/id31_id32_0001.mp4,1,369,850,472,FMP4,1.28,DeepFake,Celeb-synthesis,id31,id32,,CELEB_COMPONENT_000,,train
CELEBDF_0003241,Celeb-DF v2,Celeb-synthesis/id31_id32_0002.mp4,1,485,850,472,FMP4,1.43,DeepFake,Celeb-synthesis,id31,id32,,CELEB_COMPONENT_000,,train
CELEBDF_0003242,Celeb-DF v2,Celeb-synthesis/id31_id32_0003.mp4,1,467,850,472,FMP4,1.59,DeepFake,Celeb-synthesis,id31,id32,,CELEB_COMPONENT_000,,train
CELEBDF_0003243,Celeb-DF v2,Celeb-synthesis/id31_id32_0004.mp4,1,465,850,472,FMP4,2.85,DeepFake,Celeb-synthesis,id31,id32,,CELEB_COMPONENT_000,,train
CELEBDF_0003244,Celeb-DF v2,Celeb-synthesis/id31_id32_0006.mp4,1,365,850,472,FMP4,1.63,DeepFake,Celeb-synthesis,id31,id32,,CELEB_COMPONENT_000,,train
CELEBDF_0003245,Celeb-DF v2,Celeb-synthesis/id31_id32_0007.mp4,1,455,850,472,FMP4,3.56,DeepFake,Celeb-synthesis,id31,id32,,CELEB_COMPONENT_000,,train
CELEBDF_0003246,Celeb-DF v2,Celeb-synthesis/id31_id32_0008.mp4,1,461,850,472,FMP4,1.49,DeepFake,Celeb-synthesis,id31,id32,,CELEB_COMPONENT_000,,train
CELEBDF_0003247,Celeb-DF v2,Celeb-synthesis/id31_id32_0009.mp4,1,475,850,472,FMP4,0.93,DeepFake,Celeb-synthesis,id31,id32,,CELEB_COMPONENT_000,,train
CELEBDF_0003248,Celeb-DF v2,Celeb-synthesis/id31_id33_0000.mp4,1,423,850,472,FMP4,1.43,DeepFake,Celeb-synthesis,id31,id33,,CELEB_COMPONENT_000,,train
CELEBDF_0003249,Celeb-DF v2,Celeb-synthesis/id31_id33_0001.mp4,1,369,850,472,FMP4,1.27,DeepFake,Celeb-synthesis,id31,id33,,CELEB_COMPONENT_000,,train
CELEBDF_0003250,Celeb-DF v2,Celeb-synthesis/id31_id33_0002.mp4,1,485,850,472,FMP4,1.42,DeepFake,Celeb-synthesis,id31,id33,,CELEB_COMPONENT_000,,train
CELEBDF_0003251,Celeb-DF v2,Celeb-synthesis/id31_id33_0003.mp4,1,467,850,472,FMP4,1.58,DeepFake,Celeb-synthesis,id31,id33,,CELEB_COMPONENT_000,,train
CELEBDF_0003252,Celeb-DF v2,Celeb-synthesis/id31_id33_0004.mp4,1,465,850,472,FMP4,2.83,DeepFake,Celeb-synthesis,id31,id33,,CELEB_COMPONENT_000,,train
CELEBDF_0003253,Celeb-DF v2,Celeb-synthesis/id31_id33_0005.mp4,1,349,850,472,FMP4,1.0,DeepFake,Celeb-synthesis,id31,id33,,CELEB_COMPONENT_000,,train
CELEBDF_0003254,Celeb-DF v2,Celeb-synthesis/id31_id33_0006.mp4,1,365,850,472,FMP4,1.62,DeepFake,Celeb-synthesis,id31,id33,,CELEB_COMPONENT_000,,train
CELEBDF_0003255,Celeb-DF v2,Celeb-synthesis/id31_id33_0007.mp4,1,455,850,472,FMP4,3.53,DeepFake,Celeb-synthesis,id31,id33,,CELEB_COMPONENT_000,,train
CELEBDF_0003256,Celeb-DF v2,Celeb-synthesis/id31_id33_0008.mp4,1,461,850,472,FMP4,1.46,DeepFake,Celeb-synthesis,id31,id33,,CELEB_COMPONENT_000,,train
CELEBDF_0003257,Celeb-DF v2,Celeb-synthesis/id31_id33_0009.mp4,1,475,850,472,FMP4,0.92,DeepFake,Celeb-synthesis,id31,id33,,CELEB_COMPONENT_000,,train
CELEBDF_0003258,Celeb-DF v2,Celeb-synthesis/id31_id34_0000.mp4,1,423,850,472,FMP4,1.43,DeepFake,Celeb-synthesis,id31,id34,,CELEB_COMPONENT_000,,train
CELEBDF_0003259,Celeb-DF v2,Celeb-synthesis/id31_id34_0001.mp4,1,369,850,472,FMP4,1.28,DeepFake,Celeb-synthesis,id31,id34,,CELEB_COMPONENT_000,,train
CELEBDF_0003260,Celeb-DF v2,Celeb-synthesis/id31_id34_0002.mp4,1,485,850,472,FMP4,1.42,DeepFake,Celeb-synthesis,id31,id34,,CELEB_COMPONENT_000,,train
CELEBDF_0003261,Celeb-DF v2,Celeb-synthesis/id31_id34_0003.mp4,1,467,850,472,FMP4,1.57,DeepFake,Celeb-synthesis,id31,id34,,CELEB_COMPONENT_000,,train
CELEBDF_0003262,Celeb-DF v2,Celeb-synthesis/id31_id34_0004.mp4,1,465,850,472,FMP4,2.83,DeepFake,Celeb-synthesis,id31,id34,,CELEB_COMPONENT_000,,train
CELEBDF_0003263,Celeb-DF v2,Celeb-synthesis/id31_id34_0005.mp4,1,349,850,472,FMP4,1.0,DeepFake,Celeb-synthesis,id31,id34,,CELEB_COMPONENT_000,,train
CELEBDF_0003264,Celeb-DF v2,Celeb-synthesis/id31_id34_0006.mp4,1,365,850,472,FMP4,1.61,DeepFake,Celeb-synthesis,id31,id34,,CELEB_COMPONENT_000,,train
CELEBDF_0003265,Celeb-DF v2,Celeb-synthesis/id31_id34_0007.mp4,1,455,850,472,FMP4,3.55,DeepFake,Celeb-synthesis,id31,id34,,CELEB_COMPONENT_000,,train
CELEBDF_0003266,Celeb-DF v2,Celeb-synthesis/id31_id34_0008.mp4,1,461,850,472,FMP4,1.46,DeepFake,Celeb-synthesis,id31,id34,,CELEB_COMPONENT_000,,train
CELEBDF_0003267,Celeb-DF v2,Celeb-synthesis/id31_id34_0009.mp4,1,475,850,472,FMP4,0.92,DeepFake,Celeb-synthesis,id31,id34,,CELEB_COMPONENT_000,,train
CELEBDF_0003268,Celeb-DF v2,Celeb-synthesis/id31_id35_0000.mp4,1,423,850,472,FMP4,1.43,DeepFake,Celeb-synthesis,id31,id35,,CELEB_COMPONENT_000,,train
CELEBDF_0003269,Celeb-DF v2,Celeb-synthesis/id31_id35_0001.mp4,1,369,850,472,FMP4,1.28,DeepFake,Celeb-synthesis,id31,id35,,CELEB_COMPONENT_000,,train
CELEBDF_0003270,Celeb-DF v2,Celeb-synthesis/id31_id35_0002.mp4,1,485,850,472,FMP4,1.42,DeepFake,Celeb-synthesis,id31,id35,,CELEB_COMPONENT_000,,train
CELEBDF_0003271,Celeb-DF v2,Celeb-synthesis/id31_id35_0003.mp4,1,467,850,472,FMP4,1.58,DeepFake,Celeb-synthesis,id31,id35,,CELEB_COMPONENT_000,,train
CELEBDF_0003272,Celeb-DF v2,Celeb-synthesis/id31_id35_0004.mp4,1,465,850,472,FMP4,2.84,DeepFake,Celeb-synthesis,id31,id35,,CELEB_COMPONENT_000,,train
CELEBDF_0003273,Celeb-DF v2,Celeb-synthesis/id31_id35_0005.mp4,1,349,850,472,FMP4,1.0,DeepFake,Celeb-synthesis,id31,id35,,CELEB_COMPONENT_000,,train
CELEBDF_0003274,Celeb-DF v2,Celeb-synthesis/id31_id35_0006.mp4,1,365,850,472,FMP4,1.61,DeepFake,Celeb-synthesis,id31,id35,,CELEB_COMPONENT_000,,train
CELEBDF_0003275,Celeb-DF v2,Celeb-synthesis/id31_id35_0007.mp4,1,455,850,472,FMP4,3.53,DeepFake,Celeb-synthesis,id31,id35,,CELEB_COMPONENT_000,,train
CELEBDF_0003276,Celeb-DF v2,Celeb-synthesis/id31_id35_0009.mp4,1,475,850,472,FMP4,0.93,DeepFake,Celeb-synthesis,id31,id35,,CELEB_COMPONENT_000,,train
CELEBDF_0003277,Celeb-DF v2,Celeb-synthesis/id31_id37_0000.mp4,1,423,850,472,FMP4,1.44,DeepFake,Celeb-synthesis,id31,id37,,CELEB_COMPONENT_000,,train
CELEBDF_0003278,Celeb-DF v2,Celeb-synthesis/id31_id37_0001.mp4,1,369,850,472,FMP4,1.28,DeepFake,Celeb-synthesis,id31,id37,,CELEB_COMPONENT_000,,train
CELEBDF_0003279,Celeb-DF v2,Celeb-synthesis/id31_id37_0002.mp4,1,485,850,472,FMP4,1.42,DeepFake,Celeb-synthesis,id31,id37,,CELEB_COMPONENT_000,,train
CELEBDF_0003280,Celeb-DF v2,Celeb-synthesis/id31_id37_0003.mp4,1,467,850,472,FMP4,1.58,DeepFake,Celeb-synthesis,id31,id37,,CELEB_COMPONENT_000,,train
CELEBDF_0003281,Celeb-DF v2,Celeb-synthesis/id31_id37_0004.mp4,1,465,850,472,FMP4,2.84,DeepFake,Celeb-synthesis,id31,id37,,CELEB_COMPONENT_000,,train
CELEBDF_0003282,Celeb-DF v2,Celeb-synthesis/id31_id37_0005.mp4,1,349,850,472,FMP4,1.01,DeepFake,Celeb-synthesis,id31,id37,,CELEB_COMPONENT_000,,train
CELEBDF_0003283,Celeb-DF v2,Celeb-synthesis/id31_id37_0006.mp4,1,365,850,472,FMP4,1.62,DeepFake,Celeb-synthesis,id31,id37,,CELEB_COMPONENT_000,,train
CELEBDF_0003284,Celeb-DF v2,Celeb-synthesis/id31_id37_0007.mp4,1,455,850,472,FMP4,3.55,DeepFake,Celeb-synthesis,id31,id37,,CELEB_COMPONENT_000,,train
CELEBDF_0003285,Celeb-DF v2,Celeb-synthesis/id31_id37_0008.mp4,1,461,850,472,FMP4,1.49,DeepFake,Celeb-synthesis,id31,id37,,CELEB_COMPONENT_000,,train
CELEBDF_0003286,Celeb-DF v2,Celeb-synthesis/id31_id37_0009.mp4,1,475,850,472,FMP4,0.93,DeepFake,Celeb-synthesis,id31,id37,,CELEB_COMPONENT_000,,train
CELEBDF_0003287,Celeb-DF v2,Celeb-synthesis/id31_id38_0000.mp4,1,423,850,472,FMP4,1.42,DeepFake,Celeb-synthesis,id31,id38,,CELEB_COMPONENT_000,,train
CELEBDF_0003288,Celeb-DF v2,Celeb-synthesis/id31_id38_0001.mp4,1,369,850,472,FMP4,1.27,DeepFake,Celeb-synthesis,id31,id38,,CELEB_COMPONENT_000,,train
CELEBDF_0003289,Celeb-DF v2,Celeb-synthesis/id31_id38_0002.mp4,1,485,850,472,FMP4,1.42,DeepFake,Celeb-synthesis,id31,id38,,CELEB_COMPONENT_000,,train
CELEBDF_0003290,Celeb-DF v2,Celeb-synthesis/id31_id38_0003.mp4,1,467,850,472,FMP4,1.57,DeepFake,Celeb-synthesis,id31,id38,,CELEB_COMPONENT_000,,train
CELEBDF_0003291,Celeb-DF v2,Celeb-synthesis/id31_id38_0004.mp4,1,465,850,472,FMP4,2.83,DeepFake,Celeb-synthesis,id31,id38,,CELEB_COMPONENT_000,,train
CELEBDF_0003292,Celeb-DF v2,Celeb-synthesis/id31_id38_0005.mp4,1,349,850,472,FMP4,1.0,DeepFake,Celeb-synthesis,id31,id38,,CELEB_COMPONENT_000,,train
CELEBDF_0003293,Celeb-DF v2,Celeb-synthesis/id31_id38_0006.mp4,1,365,850,472,FMP4,1.61,DeepFake,Celeb-synthesis,id31,id38,,CELEB_COMPONENT_000,,train
CELEBDF_0003294,Celeb-DF v2,Celeb-synthesis/id31_id38_0007.mp4,1,455,850,472,FMP4,3.53,DeepFake,Celeb-synthesis,id31,id38,,CELEB_COMPONENT_000,,train
CELEBDF_0003295,Celeb-DF v2,Celeb-synthesis/id31_id38_0008.mp4,1,461,850,472,FMP4,1.46,DeepFake,Celeb-synthesis,id31,id38,,CELEB_COMPONENT_000,,train
CELEBDF_0003296,Celeb-DF v2,Celeb-synthesis/id31_id38_0009.mp4,1,475,850,472,FMP4,0.91,DeepFake,Celeb-synthesis,id31,id38,,CELEB_COMPONENT_000,,train
CELEBDF_0003297,Celeb-DF v2,Celeb-synthesis/id31_id3_0000.mp4,1,423,850,472,FMP4,1.45,DeepFake,Celeb-synthesis,id31,id3,,CELEB_COMPONENT_000,,train
CELEBDF_0003298,Celeb-DF v2,Celeb-synthesis/id31_id3_0001.mp4,1,369,850,472,FMP4,1.29,DeepFake,Celeb-synthesis,id31,id3,,CELEB_COMPONENT_000,,train
CELEBDF_0003299,Celeb-DF v2,Celeb-synthesis/id31_id3_0002.mp4,1,485,850,472,FMP4,1.43,DeepFake,Celeb-synthesis,id31,id3,,CELEB_COMPONENT_000,,train
CELEBDF_0003300,Celeb-DF v2,Celeb-synthesis/id31_id3_0003.mp4,1,467,850,472,FMP4,1.6,DeepFake,Celeb-synthesis,id31,id3,,CELEB_COMPONENT_000,,train
CELEBDF_0003301,Celeb-DF v2,Celeb-synthesis/id31_id3_0004.mp4,1,465,850,472,FMP4,2.85,DeepFake,Celeb-synthesis,id31,id3,,CELEB_COMPONENT_000,,train
CELEBDF_0003302,Celeb-DF v2,Celeb-synthesis/id31_id3_0005.mp4,1,349,850,472,FMP4,1.01,DeepFake,Celeb-synthesis,id31,id3,,CELEB_COMPONENT_000,,train
CELEBDF_0003303,Celeb-DF v2,Celeb-synthesis/id31_id3_0006.mp4,1,365,850,472,FMP4,1.64,DeepFake,Celeb-synthesis,id31,id3,,CELEB_COMPONENT_000,,train
CELEBDF_0003304,Celeb-DF v2,Celeb-synthesis/id31_id3_0007.mp4,1,455,850,472,FMP4,3.57,DeepFake,Celeb-synthesis,id31,id3,,CELEB_COMPONENT_000,,train
CELEBDF_0003305,Celeb-DF v2,Celeb-synthesis/id31_id3_0009.mp4,1,475,850,472,FMP4,0.94,DeepFake,Celeb-synthesis,id31,id3,,CELEB_COMPONENT_000,,train
CELEBDF_0003306,Celeb-DF v2,Celeb-synthesis/id31_id4_0001.mp4,1,369,850,472,FMP4,1.28,DeepFake,Celeb-synthesis,id31,id4,,CELEB_COMPONENT_000,,train
CELEBDF_0003307,Celeb-DF v2,Celeb-synthesis/id31_id4_0002.mp4,1,485,850,472,FMP4,1.42,DeepFake,Celeb-synthesis,id31,id4,,CELEB_COMPONENT_000,,train
CELEBDF_0003308,Celeb-DF v2,Celeb-synthesis/id31_id4_0003.mp4,1,467,850,472,FMP4,1.58,DeepFake,Celeb-synthesis,id31,id4,,CELEB_COMPONENT_000,,train
CELEBDF_0003309,Celeb-DF v2,Celeb-synthesis/id31_id4_0004.mp4,1,465,850,472,FMP4,2.84,DeepFake,Celeb-synthesis,id31,id4,,CELEB_COMPONENT_000,,train
CELEBDF_0003310,Celeb-DF v2,Celeb-synthesis/id31_id4_0005.mp4,1,349,850,472,FMP4,1.0,DeepFake,Celeb-synthesis,id31,id4,,CELEB_COMPONENT_000,,train
CELEBDF_0003311,Celeb-DF v2,Celeb-synthesis/id31_id4_0006.mp4,1,365,850,472,FMP4,1.62,DeepFake,Celeb-synthesis,id31,id4,,CELEB_COMPONENT_000,,train
CELEBDF_0003312,Celeb-DF v2,Celeb-synthesis/id31_id4_0007.mp4,1,455,850,472,FMP4,3.54,DeepFake,Celeb-synthesis,id31,id4,,CELEB_COMPONENT_000,,train
CELEBDF_0003313,Celeb-DF v2,Celeb-synthesis/id31_id4_0009.mp4,1,475,850,472,FMP4,0.92,DeepFake,Celeb-synthesis,id31,id4,,CELEB_COMPONENT_000,,train
CELEBDF_0003314,Celeb-DF v2,Celeb-synthesis/id31_id6_0000.mp4,1,423,850,472,FMP4,1.43,DeepFake,Celeb-synthesis,id31,id6,,CELEB_COMPONENT_000,,train
CELEBDF_0003315,Celeb-DF v2,Celeb-synthesis/id31_id6_0001.mp4,1,369,850,472,FMP4,1.27,DeepFake,Celeb-synthesis,id31,id6,,CELEB_COMPONENT_000,,train
CELEBDF_0003316,Celeb-DF v2,Celeb-synthesis/id31_id6_0002.mp4,1,485,850,472,FMP4,1.42,DeepFake,Celeb-synthesis,id31,id6,,CELEB_COMPONENT_000,,train
CELEBDF_0003317,Celeb-DF v2,Celeb-synthesis/id31_id6_0003.mp4,1,467,850,472,FMP4,1.58,DeepFake,Celeb-synthesis,id31,id6,,CELEB_COMPONENT_000,,train
CELEBDF_0003318,Celeb-DF v2,Celeb-synthesis/id31_id6_0004.mp4,1,465,850,472,FMP4,2.84,DeepFake,Celeb-synthesis,id31,id6,,CELEB_COMPONENT_000,,train
CELEBDF_0003319,Celeb-DF v2,Celeb-synthesis/id31_id6_0005.mp4,1,349,850,472,FMP4,1.0,DeepFake,Celeb-synthesis,id31,id6,,CELEB_COMPONENT_000,,train
CELEBDF_0003320,Celeb-DF v2,Celeb-synthesis/id31_id6_0006.mp4,1,365,850,472,FMP4,1.63,DeepFake,Celeb-synthesis,id31,id6,,CELEB_COMPONENT_000,,train
CELEBDF_0003321,Celeb-DF v2,Celeb-synthesis/id31_id6_0007.mp4,1,455,850,472,FMP4,3.54,DeepFake,Celeb-synthesis,id31,id6,,CELEB_COMPONENT_000,,train
CELEBDF_0003322,Celeb-DF v2,Celeb-synthesis/id31_id6_0008.mp4,1,461,850,472,FMP4,1.49,DeepFake,Celeb-synthesis,id31,id6,,CELEB_COMPONENT_000,,train
CELEBDF_0003323,Celeb-DF v2,Celeb-synthesis/id31_id6_0009.mp4,1,475,850,472,FMP4,0.92,DeepFake,Celeb-synthesis,id31,id6,,CELEB_COMPONENT_000,,train
CELEBDF_0003324,Celeb-DF v2,Celeb-synthesis/id31_id9_0000.mp4,1,423,850,472,FMP4,1.44,DeepFake,Celeb-synthesis,id31,id9,,CELEB_COMPONENT_000,,train
CELEBDF_0003325,Celeb-DF v2,Celeb-synthesis/id31_id9_0001.mp4,1,369,850,472,FMP4,1.29,DeepFake,Celeb-synthesis,id31,id9,,CELEB_COMPONENT_000,,train
CELEBDF_0003326,Celeb-DF v2,Celeb-synthesis/id31_id9_0002.mp4,1,485,850,472,FMP4,1.43,DeepFake,Celeb-synthesis,id31,id9,,CELEB_COMPONENT_000,,train
CELEBDF_0003327,Celeb-DF v2,Celeb-synthesis/id31_id9_0003.mp4,1,467,850,472,FMP4,1.6,DeepFake,Celeb-synthesis,id31,id9,,CELEB_COMPONENT_000,,train
CELEBDF_0003328,Celeb-DF v2,Celeb-synthesis/id31_id9_0004.mp4,1,465,850,472,FMP4,2.86,DeepFake,Celeb-synthesis,id31,id9,,CELEB_COMPONENT_000,,train
CELEBDF_0003329,Celeb-DF v2,Celeb-synthesis/id31_id9_0005.mp4,1,349,850,472,FMP4,1.01,DeepFake,Celeb-synthesis,id31,id9,,CELEB_COMPONENT_000,,train
CELEBDF_0003330,Celeb-DF v2,Celeb-synthesis/id31_id9_0006.mp4,1,365,850,472,FMP4,1.65,DeepFake,Celeb-synthesis,id31,id9,,CELEB_COMPONENT_000,,train
CELEBDF_0003331,Celeb-DF v2,Celeb-synthesis/id31_id9_0007.mp4,1,455,850,472,FMP4,3.58,DeepFake,Celeb-synthesis,id31,id9,,CELEB_COMPONENT_000,,train
CELEBDF_0003332,Celeb-DF v2,Celeb-synthesis/id31_id9_0009.mp4,1,475,850,472,FMP4,0.94,DeepFake,Celeb-synthesis,id31,id9,,CELEB_COMPONENT_000,,train
CELEBDF_0003333,Celeb-DF v2,Celeb-synthesis/id32_id20_0000.mp4,1,516,850,472,FMP4,1.85,DeepFake,Celeb-synthesis,id32,id20,,CELEB_COMPONENT_000,,train
CELEBDF_0003334,Celeb-DF v2,Celeb-synthesis/id32_id20_0002.mp4,1,494,850,472,FMP4,1.84,DeepFake,Celeb-synthesis,id32,id20,,CELEB_COMPONENT_000,,train
CELEBDF_0003335,Celeb-DF v2,Celeb-synthesis/id32_id20_0005.mp4,1,431,848,466,FMP4,1.95,DeepFake,Celeb-synthesis,id32,id20,,CELEB_COMPONENT_000,,train
CELEBDF_0003336,Celeb-DF v2,Celeb-synthesis/id32_id20_0007.mp4,1,457,848,466,FMP4,2.23,DeepFake,Celeb-synthesis,id32,id20,,CELEB_COMPONENT_000,,train
CELEBDF_0003337,Celeb-DF v2,Celeb-synthesis/id32_id20_0008.mp4,1,473,848,466,FMP4,2.03,DeepFake,Celeb-synthesis,id32,id20,,CELEB_COMPONENT_000,,train
CELEBDF_0003338,Celeb-DF v2,Celeb-synthesis/id32_id21_0000.mp4,1,516,850,472,FMP4,1.85,DeepFake,Celeb-synthesis,id32,id21,,CELEB_COMPONENT_000,,train
CELEBDF_0003339,Celeb-DF v2,Celeb-synthesis/id32_id21_0002.mp4,1,494,850,472,FMP4,1.83,DeepFake,Celeb-synthesis,id32,id21,,CELEB_COMPONENT_000,,train
CELEBDF_0003340,Celeb-DF v2,Celeb-synthesis/id32_id21_0007.mp4,1,457,848,466,FMP4,2.23,DeepFake,Celeb-synthesis,id32,id21,,CELEB_COMPONENT_000,,train
CELEBDF_0003341,Celeb-DF v2,Celeb-synthesis/id32_id21_0008.mp4,1,473,848,466,FMP4,2.04,DeepFake,Celeb-synthesis,id32,id21,,CELEB_COMPONENT_000,,train
CELEBDF_0003342,Celeb-DF v2,Celeb-synthesis/id32_id23_0000.mp4,1,516,850,472,FMP4,1.84,DeepFake,Celeb-synthesis,id32,id23,,CELEB_COMPONENT_000,,train
CELEBDF_0003343,Celeb-DF v2,Celeb-synthesis/id32_id23_0002.mp4,1,494,850,472,FMP4,1.83,DeepFake,Celeb-synthesis,id32,id23,,CELEB_COMPONENT_000,,train
CELEBDF_0003344,Celeb-DF v2,Celeb-synthesis/id32_id23_0006.mp4,1,464,848,466,FMP4,4.3,DeepFake,Celeb-synthesis,id32,id23,,CELEB_COMPONENT_000,,train
CELEBDF_0003345,Celeb-DF v2,Celeb-synthesis/id32_id23_0007.mp4,1,457,848,466,FMP4,2.21,DeepFake,Celeb-synthesis,id32,id23,,CELEB_COMPONENT_000,,train
CELEBDF_0003346,Celeb-DF v2,Celeb-synthesis/id32_id23_0008.mp4,1,473,848,466,FMP4,2.03,DeepFake,Celeb-synthesis,id32,id23,,CELEB_COMPONENT_000,,train
CELEBDF_0003347,Celeb-DF v2,Celeb-synthesis/id32_id23_0009.mp4,1,479,848,466,FMP4,1.36,DeepFake,Celeb-synthesis,id32,id23,,CELEB_COMPONENT_000,,train
CELEBDF_0003348,Celeb-DF v2,Celeb-synthesis/id32_id26_0000.mp4,1,516,850,472,FMP4,1.85,DeepFake,Celeb-synthesis,id32,id26,,CELEB_COMPONENT_000,,train
CELEBDF_0003349,Celeb-DF v2,Celeb-synthesis/id32_id26_0002.mp4,1,494,850,472,FMP4,1.83,DeepFake,Celeb-synthesis,id32,id26,,CELEB_COMPONENT_000,,train
CELEBDF_0003350,Celeb-DF v2,Celeb-synthesis/id32_id26_0005.mp4,1,431,848,466,FMP4,1.94,DeepFake,Celeb-synthesis,id32,id26,,CELEB_COMPONENT_000,,train
CELEBDF_0003351,Celeb-DF v2,Celeb-synthesis/id32_id26_0006.mp4,1,464,848,466,FMP4,4.3,DeepFake,Celeb-synthesis,id32,id26,,CELEB_COMPONENT_000,,train
CELEBDF_0003352,Celeb-DF v2,Celeb-synthesis/id32_id26_0007.mp4,1,457,848,466,FMP4,2.22,DeepFake,Celeb-synthesis,id32,id26,,CELEB_COMPONENT_000,,train
CELEBDF_0003353,Celeb-DF v2,Celeb-synthesis/id32_id26_0008.mp4,1,473,848,466,FMP4,2.04,DeepFake,Celeb-synthesis,id32,id26,,CELEB_COMPONENT_000,,train
CELEBDF_0003354,Celeb-DF v2,Celeb-synthesis/id32_id28_0000.mp4,1,516,850,472,FMP4,1.86,DeepFake,Celeb-synthesis,id32,id28,,CELEB_COMPONENT_000,,train
CELEBDF_0003355,Celeb-DF v2,Celeb-synthesis/id32_id28_0002.mp4,1,494,850,472,FMP4,1.84,DeepFake,Celeb-synthesis,id32,id28,,CELEB_COMPONENT_000,,train
CELEBDF_0003356,Celeb-DF v2,Celeb-synthesis/id32_id28_0005.mp4,1,431,848,466,FMP4,1.95,DeepFake,Celeb-synthesis,id32,id28,,CELEB_COMPONENT_000,,train
CELEBDF_0003357,Celeb-DF v2,Celeb-synthesis/id32_id28_0007.mp4,1,457,848,466,FMP4,2.23,DeepFake,Celeb-synthesis,id32,id28,,CELEB_COMPONENT_000,,train
CELEBDF_0003358,Celeb-DF v2,Celeb-synthesis/id32_id28_0008.mp4,1,473,848,466,FMP4,2.04,DeepFake,Celeb-synthesis,id32,id28,,CELEB_COMPONENT_000,,train
CELEBDF_0003359,Celeb-DF v2,Celeb-synthesis/id32_id29_0000.mp4,1,516,850,472,FMP4,1.85,DeepFake,Celeb-synthesis,id32,id29,,CELEB_COMPONENT_000,,train
CELEBDF_0003360,Celeb-DF v2,Celeb-synthesis/id32_id29_0001.mp4,1,571,850,472,FMP4,2.09,DeepFake,Celeb-synthesis,id32,id29,,CELEB_COMPONENT_000,,train
CELEBDF_0003361,Celeb-DF v2,Celeb-synthesis/id32_id29_0002.mp4,1,494,850,472,FMP4,1.83,DeepFake,Celeb-synthesis,id32,id29,,CELEB_COMPONENT_000,,train
CELEBDF_0003362,Celeb-DF v2,Celeb-synthesis/id32_id29_0004.mp4,1,428,544,468,FMP4,1.01,DeepFake,Celeb-synthesis,id32,id29,,CELEB_COMPONENT_000,,train
CELEBDF_0003363,Celeb-DF v2,Celeb-synthesis/id32_id29_0005.mp4,1,431,848,466,FMP4,1.93,DeepFake,Celeb-synthesis,id32,id29,,CELEB_COMPONENT_000,,train
CELEBDF_0003364,Celeb-DF v2,Celeb-synthesis/id32_id29_0006.mp4,1,464,848,466,FMP4,4.3,DeepFake,Celeb-synthesis,id32,id29,,CELEB_COMPONENT_000,,train
CELEBDF_0003365,Celeb-DF v2,Celeb-synthesis/id32_id29_0007.mp4,1,457,848,466,FMP4,2.22,DeepFake,Celeb-synthesis,id32,id29,,CELEB_COMPONENT_000,,train
CELEBDF_0003366,Celeb-DF v2,Celeb-synthesis/id32_id29_0008.mp4,1,473,848,466,FMP4,2.04,DeepFake,Celeb-synthesis,id32,id29,,CELEB_COMPONENT_000,,train
CELEBDF_0003367,Celeb-DF v2,Celeb-synthesis/id32_id30_0000.mp4,1,516,850,472,FMP4,1.85,DeepFake,Celeb-synthesis,id32,id30,,CELEB_COMPONENT_000,,train
CELEBDF_0003368,Celeb-DF v2,Celeb-synthesis/id32_id30_0001.mp4,1,571,850,472,FMP4,2.08,DeepFake,Celeb-synthesis,id32,id30,,CELEB_COMPONENT_000,,train
CELEBDF_0003369,Celeb-DF v2,Celeb-synthesis/id32_id30_0002.mp4,1,494,850,472,FMP4,1.83,DeepFake,Celeb-synthesis,id32,id30,,CELEB_COMPONENT_000,,train
CELEBDF_0003370,Celeb-DF v2,Celeb-synthesis/id32_id30_0003.mp4,1,448,848,466,FMP4,2.14,DeepFake,Celeb-synthesis,id32,id30,,CELEB_COMPONENT_000,,train
CELEBDF_0003371,Celeb-DF v2,Celeb-synthesis/id32_id30_0004.mp4,1,428,544,468,FMP4,1.01,DeepFake,Celeb-synthesis,id32,id30,,CELEB_COMPONENT_000,,train
CELEBDF_0003372,Celeb-DF v2,Celeb-synthesis/id32_id30_0005.mp4,1,431,848,466,FMP4,1.93,DeepFake,Celeb-synthesis,id32,id30,,CELEB_COMPONENT_000,,train
CELEBDF_0003373,Celeb-DF v2,Celeb-synthesis/id32_id30_0006.mp4,1,464,848,466,FMP4,4.3,DeepFake,Celeb-synthesis,id32,id30,,CELEB_COMPONENT_000,,train
CELEBDF_0003374,Celeb-DF v2,Celeb-synthesis/id32_id30_0007.mp4,1,457,848,466,FMP4,2.23,DeepFake,Celeb-synthesis,id32,id30,,CELEB_COMPONENT_000,,train
CELEBDF_0003375,Celeb-DF v2,Celeb-synthesis/id32_id30_0008.mp4,1,473,848,466,FMP4,2.04,DeepFake,Celeb-synthesis,id32,id30,,CELEB_COMPONENT_000,,train
CELEBDF_0003376,Celeb-DF v2,Celeb-synthesis/id32_id31_0000.mp4,1,516,850,472,FMP4,1.85,DeepFake,Celeb-synthesis,id32,id31,,CELEB_COMPONENT_000,,train
CELEBDF_0003377,Celeb-DF v2,Celeb-synthesis/id32_id31_0005.mp4,1,431,848,466,FMP4,1.94,DeepFake,Celeb-synthesis,id32,id31,,CELEB_COMPONENT_000,,train
CELEBDF_0003378,Celeb-DF v2,Celeb-synthesis/id32_id31_0006.mp4,1,464,848,466,FMP4,4.3,DeepFake,Celeb-synthesis,id32,id31,,CELEB_COMPONENT_000,,train
CELEBDF_0003379,Celeb-DF v2,Celeb-synthesis/id32_id31_0007.mp4,1,457,848,466,FMP4,2.22,DeepFake,Celeb-synthesis,id32,id31,,CELEB_COMPONENT_000,,train
CELEBDF_0003380,Celeb-DF v2,Celeb-synthesis/id32_id31_0008.mp4,1,473,848,466,FMP4,1.81,DeepFake,Celeb-synthesis,id32,id31,,CELEB_COMPONENT_000,,train
CELEBDF_0003381,Celeb-DF v2,Celeb-synthesis/id32_id31_0009.mp4,1,479,848,466,FMP4,1.36,DeepFake,Celeb-synthesis,id32,id31,,CELEB_COMPONENT_000,,train
CELEBDF_0003382,Celeb-DF v2,Celeb-synthesis/id32_id33_0000.mp4,1,516,850,472,FMP4,1.85,DeepFake,Celeb-synthesis,id32,id33,,CELEB_COMPONENT_000,,train
CELEBDF_0003383,Celeb-DF v2,Celeb-synthesis/id32_id33_0001.mp4,1,571,850,472,FMP4,2.09,DeepFake,Celeb-synthesis,id32,id33,,CELEB_COMPONENT_000,,train
CELEBDF_0003384,Celeb-DF v2,Celeb-synthesis/id32_id33_0002.mp4,1,494,850,472,FMP4,1.72,DeepFake,Celeb-synthesis,id32,id33,,CELEB_COMPONENT_000,,train
CELEBDF_0003385,Celeb-DF v2,Celeb-synthesis/id32_id33_0003.mp4,1,448,848,466,FMP4,2.15,DeepFake,Celeb-synthesis,id32,id33,,CELEB_COMPONENT_000,,train
CELEBDF_0003386,Celeb-DF v2,Celeb-synthesis/id32_id33_0004.mp4,1,428,544,468,FMP4,0.97,DeepFake,Celeb-synthesis,id32,id33,,CELEB_COMPONENT_000,,train
CELEBDF_0003387,Celeb-DF v2,Celeb-synthesis/id32_id33_0005.mp4,1,431,848,466,FMP4,1.93,DeepFake,Celeb-synthesis,id32,id33,,CELEB_COMPONENT_000,,train
CELEBDF_0003388,Celeb-DF v2,Celeb-synthesis/id32_id33_0006.mp4,1,464,848,466,FMP4,4.3,DeepFake,Celeb-synthesis,id32,id33,,CELEB_COMPONENT_000,,train
CELEBDF_0003389,Celeb-DF v2,Celeb-synthesis/id32_id33_0007.mp4,1,457,848,466,FMP4,2.23,DeepFake,Celeb-synthesis,id32,id33,,CELEB_COMPONENT_000,,train
CELEBDF_0003390,Celeb-DF v2,Celeb-synthesis/id32_id33_0008.mp4,1,473,848,466,FMP4,2.04,DeepFake,Celeb-synthesis,id32,id33,,CELEB_COMPONENT_000,,train
CELEBDF_0003391,Celeb-DF v2,Celeb-synthesis/id32_id33_0009.mp4,1,479,848,466,FMP4,1.36,DeepFake,Celeb-synthesis,id32,id33,,CELEB_COMPONENT_000,,train
CELEBDF_0003392,Celeb-DF v2,Celeb-synthesis/id32_id34_0000.mp4,1,516,850,472,FMP4,1.86,DeepFake,Celeb-synthesis,id32,id34,,CELEB_COMPONENT_000,,train
CELEBDF_0003393,Celeb-DF v2,Celeb-synthesis/id32_id34_0002.mp4,1,494,850,472,FMP4,1.83,DeepFake,Celeb-synthesis,id32,id34,,CELEB_COMPONENT_000,,train
CELEBDF_0003394,Celeb-DF v2,Celeb-synthesis/id32_id34_0003.mp4,1,448,848,466,FMP4,2.15,DeepFake,Celeb-synthesis,id32,id34,,CELEB_COMPONENT_000,,train
CELEBDF_0003395,Celeb-DF v2,Celeb-synthesis/id32_id34_0004.mp4,1,428,544,468,FMP4,1.01,DeepFake,Celeb-synthesis,id32,id34,,CELEB_COMPONENT_000,,train
CELEBDF_0003396,Celeb-DF v2,Celeb-synthesis/id32_id34_0005.mp4,1,431,848,466,FMP4,1.94,DeepFake,Celeb-synthesis,id32,id34,,CELEB_COMPONENT_000,,train
CELEBDF_0003397,Celeb-DF v2,Celeb-synthesis/id32_id34_0006.mp4,1,464,848,466,FMP4,4.3,DeepFake,Celeb-synthesis,id32,id34,,CELEB_COMPONENT_000,,train
CELEBDF_0003398,Celeb-DF v2,Celeb-synthesis/id32_id34_0007.mp4,1,457,848,466,FMP4,2.23,DeepFake,Celeb-synthesis,id32,id34,,CELEB_COMPONENT_000,,train
CELEBDF_0003399,Celeb-DF v2,Celeb-synthesis/id32_id34_0008.mp4,1,473,848,466,FMP4,2.04,DeepFake,Celeb-synthesis,id32,id34,,CELEB_COMPONENT_000,,train
CELEBDF_0003400,Celeb-DF v2,Celeb-synthesis/id32_id35_0000.mp4,1,516,850,472,FMP4,1.85,DeepFake,Celeb-synthesis,id32,id35,,CELEB_COMPONENT_000,,train
CELEBDF_0003401,Celeb-DF v2,Celeb-synthesis/id32_id35_0001.mp4,1,571,850,472,FMP4,2.09,DeepFake,Celeb-synthesis,id32,id35,,CELEB_COMPONENT_000,,train
CELEBDF_0003402,Celeb-DF v2,Celeb-synthesis/id32_id35_0002.mp4,1,494,850,472,FMP4,1.84,DeepFake,Celeb-synthesis,id32,id35,,CELEB_COMPONENT_000,,train
CELEBDF_0003403,Celeb-DF v2,Celeb-synthesis/id32_id35_0003.mp4,1,448,848,466,FMP4,2.14,DeepFake,Celeb-synthesis,id32,id35,,CELEB_COMPONENT_000,,train
CELEBDF_0003404,Celeb-DF v2,Celeb-synthesis/id32_id35_0004.mp4,1,428,544,468,FMP4,1.01,DeepFake,Celeb-synthesis,id32,id35,,CELEB_COMPONENT_000,,train
CELEBDF_0003405,Celeb-DF v2,Celeb-synthesis/id32_id35_0005.mp4,1,431,848,466,FMP4,1.93,DeepFake,Celeb-synthesis,id32,id35,,CELEB_COMPONENT_000,,train
CELEBDF_0003406,Celeb-DF v2,Celeb-synthesis/id32_id35_0006.mp4,1,464,848,466,FMP4,4.3,DeepFake,Celeb-synthesis,id32,id35,,CELEB_COMPONENT_000,,train
CELEBDF_0003407,Celeb-DF v2,Celeb-synthesis/id32_id35_0007.mp4,1,457,848,466,FMP4,2.24,DeepFake,Celeb-synthesis,id32,id35,,CELEB_COMPONENT_000,,train
CELEBDF_0003408,Celeb-DF v2,Celeb-synthesis/id32_id35_0008.mp4,1,473,848,466,FMP4,2.04,DeepFake,Celeb-synthesis,id32,id35,,CELEB_COMPONENT_000,,train
CELEBDF_0003409,Celeb-DF v2,Celeb-synthesis/id32_id35_0009.mp4,1,479,848,466,FMP4,1.36,DeepFake,Celeb-synthesis,id32,id35,,CELEB_COMPONENT_000,,train
CELEBDF_0003410,Celeb-DF v2,Celeb-synthesis/id32_id37_0000.mp4,1,516,850,472,FMP4,1.85,DeepFake,Celeb-synthesis,id32,id37,,CELEB_COMPONENT_000,,train
CELEBDF_0003411,Celeb-DF v2,Celeb-synthesis/id32_id37_0002.mp4,1,494,850,472,FMP4,1.84,DeepFake,Celeb-synthesis,id32,id37,,CELEB_COMPONENT_000,,train
CELEBDF_0003412,Celeb-DF v2,Celeb-synthesis/id32_id37_0004.mp4,1,428,544,468,FMP4,1.02,DeepFake,Celeb-synthesis,id32,id37,,CELEB_COMPONENT_000,,train
CELEBDF_0003413,Celeb-DF v2,Celeb-synthesis/id32_id37_0005.mp4,1,431,848,466,FMP4,1.94,DeepFake,Celeb-synthesis,id32,id37,,CELEB_COMPONENT_000,,train
CELEBDF_0003414,Celeb-DF v2,Celeb-synthesis/id32_id37_0006.mp4,1,464,848,466,FMP4,4.3,DeepFake,Celeb-synthesis,id32,id37,,CELEB_COMPONENT_000,,train
CELEBDF_0003415,Celeb-DF v2,Celeb-synthesis/id32_id37_0007.mp4,1,457,848,466,FMP4,2.24,DeepFake,Celeb-synthesis,id32,id37,,CELEB_COMPONENT_000,,train
CELEBDF_0003416,Celeb-DF v2,Celeb-synthesis/id32_id37_0008.mp4,1,473,848,466,FMP4,2.04,DeepFake,Celeb-synthesis,id32,id37,,CELEB_COMPONENT_000,,train
CELEBDF_0003417,Celeb-DF v2,Celeb-synthesis/id32_id37_0009.mp4,1,479,848,466,FMP4,1.37,DeepFake,Celeb-synthesis,id32,id37,,CELEB_COMPONENT_000,,train
CELEBDF_0003418,Celeb-DF v2,Celeb-synthesis/id32_id38_0000.mp4,1,516,850,472,FMP4,1.83,DeepFake,Celeb-synthesis,id32,id38,,CELEB_COMPONENT_000,,train
CELEBDF_0003419,Celeb-DF v2,Celeb-synthesis/id32_id38_0002.mp4,1,494,850,472,FMP4,1.81,DeepFake,Celeb-synthesis,id32,id38,,CELEB_COMPONENT_000,,train
CELEBDF_0003420,Celeb-DF v2,Celeb-synthesis/id32_id38_0006.mp4,1,464,848,466,FMP4,4.3,DeepFake,Celeb-synthesis,id32,id38,,CELEB_COMPONENT_000,,train
CELEBDF_0003421,Celeb-DF v2,Celeb-synthesis/id33_id20_0001.mp4,1,446,848,466,FMP4,1.65,DeepFake,Celeb-synthesis,id33,id20,,CELEB_COMPONENT_000,,train
CELEBDF_0003422,Celeb-DF v2,Celeb-synthesis/id33_id20_0003.mp4,1,490,848,466,FMP4,1.71,DeepFake,Celeb-synthesis,id33,id20,,CELEB_COMPONENT_000,,train
CELEBDF_0003423,Celeb-DF v2,Celeb-synthesis/id33_id20_0004.mp4,1,417,848,466,FMP4,1.22,DeepFake,Celeb-synthesis,id33,id20,,CELEB_COMPONENT_000,,train
CELEBDF_0003424,Celeb-DF v2,Celeb-synthesis/id33_id20_0005.mp4,1,376,848,466,FMP4,1.61,DeepFake,Celeb-synthesis,id33,id20,,CELEB_COMPONENT_000,,train
CELEBDF_0003425,Celeb-DF v2,Celeb-synthesis/id33_id20_0007.mp4,1,503,848,466,FMP4,1.23,DeepFake,Celeb-synthesis,id33,id20,,CELEB_COMPONENT_000,,train
CELEBDF_0003426,Celeb-DF v2,Celeb-synthesis/id33_id20_0009.mp4,1,455,848,466,FMP4,2.25,DeepFake,Celeb-synthesis,id33,id20,,CELEB_COMPONENT_000,,train
CELEBDF_0003427,Celeb-DF v2,Celeb-synthesis/id33_id21_0001.mp4,1,446,848,466,FMP4,1.64,DeepFake,Celeb-synthesis,id33,id21,,CELEB_COMPONENT_000,,train
CELEBDF_0003428,Celeb-DF v2,Celeb-synthesis/id33_id21_0002.mp4,1,452,848,466,FMP4,1.64,DeepFake,Celeb-synthesis,id33,id21,,CELEB_COMPONENT_000,,train
CELEBDF_0003429,Celeb-DF v2,Celeb-synthesis/id33_id21_0004.mp4,1,417,848,466,FMP4,1.21,DeepFake,Celeb-synthesis,id33,id21,,CELEB_COMPONENT_000,,train
CELEBDF_0003430,Celeb-DF v2,Celeb-synthesis/id33_id21_0005.mp4,1,376,848,466,FMP4,1.61,DeepFake,Celeb-synthesis,id33,id21,,CELEB_COMPONENT_000,,train
CELEBDF_0003431,Celeb-DF v2,Celeb-synthesis/id33_id21_0007.mp4,1,503,848,466,FMP4,1.24,DeepFake,Celeb-synthesis,id33,id21,,CELEB_COMPONENT_000,,train
CELEBDF_0003432,Celeb-DF v2,Celeb-synthesis/id33_id21_0009.mp4,1,455,848,466,FMP4,2.25,DeepFake,Celeb-synthesis,id33,id21,,CELEB_COMPONENT_000,,train
CELEBDF_0003433,Celeb-DF v2,Celeb-synthesis/id33_id23_0001.mp4,1,446,848,466,FMP4,1.64,DeepFake,Celeb-synthesis,id33,id23,,CELEB_COMPONENT_000,,train
CELEBDF_0003434,Celeb-DF v2,Celeb-synthesis/id33_id23_0002.mp4,1,452,848,466,FMP4,1.64,DeepFake,Celeb-synthesis,id33,id23,,CELEB_COMPONENT_000,,train
CELEBDF_0003435,Celeb-DF v2,Celeb-synthesis/id33_id23_0003.mp4,1,490,848,466,FMP4,1.71,DeepFake,Celeb-synthesis,id33,id23,,CELEB_COMPONENT_000,,train
CELEBDF_0003436,Celeb-DF v2,Celeb-synthesis/id33_id23_0004.mp4,1,417,848,466,FMP4,1.21,DeepFake,Celeb-synthesis,id33,id23,,CELEB_COMPONENT_000,,train
CELEBDF_0003437,Celeb-DF v2,Celeb-synthesis/id33_id23_0005.mp4,1,376,848,466,FMP4,1.61,DeepFake,Celeb-synthesis,id33,id23,,CELEB_COMPONENT_000,,train
CELEBDF_0003438,Celeb-DF v2,Celeb-synthesis/id33_id23_0006.mp4,1,266,848,466,FMP4,1.82,DeepFake,Celeb-synthesis,id33,id23,,CELEB_COMPONENT_000,,train
CELEBDF_0003439,Celeb-DF v2,Celeb-synthesis/id33_id23_0007.mp4,1,503,848,466,FMP4,1.23,DeepFake,Celeb-synthesis,id33,id23,,CELEB_COMPONENT_000,,train
CELEBDF_0003440,Celeb-DF v2,Celeb-synthesis/id33_id23_0008.mp4,1,504,848,466,FMP4,3.85,DeepFake,Celeb-synthesis,id33,id23,,CELEB_COMPONENT_000,,train
CELEBDF_0003441,Celeb-DF v2,Celeb-synthesis/id33_id23_0009.mp4,1,455,848,466,FMP4,2.24,DeepFake,Celeb-synthesis,id33,id23,,CELEB_COMPONENT_000,,train
CELEBDF_0003442,Celeb-DF v2,Celeb-synthesis/id33_id26_0001.mp4,1,446,848,466,FMP4,1.65,DeepFake,Celeb-synthesis,id33,id26,,CELEB_COMPONENT_000,,train
CELEBDF_0003443,Celeb-DF v2,Celeb-synthesis/id33_id26_0002.mp4,1,452,848,466,FMP4,1.64,DeepFake,Celeb-synthesis,id33,id26,,CELEB_COMPONENT_000,,train
CELEBDF_0003444,Celeb-DF v2,Celeb-synthesis/id33_id26_0003.mp4,1,490,848,466,FMP4,1.71,DeepFake,Celeb-synthesis,id33,id26,,CELEB_COMPONENT_000,,train
CELEBDF_0003445,Celeb-DF v2,Celeb-synthesis/id33_id26_0004.mp4,1,417,848,466,FMP4,1.21,DeepFake,Celeb-synthesis,id33,id26,,CELEB_COMPONENT_000,,train
CELEBDF_0003446,Celeb-DF v2,Celeb-synthesis/id33_id26_0006.mp4,1,266,848,466,FMP4,1.82,DeepFake,Celeb-synthesis,id33,id26,,CELEB_COMPONENT_000,,train
CELEBDF_0003447,Celeb-DF v2,Celeb-synthesis/id33_id26_0009.mp4,1,455,848,466,FMP4,2.24,DeepFake,Celeb-synthesis,id33,id26,,CELEB_COMPONENT_000,,train
CELEBDF_0003448,Celeb-DF v2,Celeb-synthesis/id33_id28_0000.mp4,1,441,848,466,FMP4,2.79,DeepFake,Celeb-synthesis,id33,id28,,CELEB_COMPONENT_000,,train
CELEBDF_0003449,Celeb-DF v2,Celeb-synthesis/id33_id28_0001.mp4,1,446,848,466,FMP4,1.65,DeepFake,Celeb-synthesis,id33,id28,,CELEB_COMPONENT_000,,train
CELEBDF_0003450,Celeb-DF v2,Celeb-synthesis/id33_id28_0003.mp4,1,490,848,466,FMP4,1.73,DeepFake,Celeb-synthesis,id33,id28,,CELEB_COMPONENT_000,,train
CELEBDF_0003451,Celeb-DF v2,Celeb-synthesis/id33_id28_0004.mp4,1,417,848,466,FMP4,1.22,DeepFake,Celeb-synthesis,id33,id28,,CELEB_COMPONENT_000,,train
CELEBDF_0003452,Celeb-DF v2,Celeb-synthesis/id33_id28_0005.mp4,1,376,848,466,FMP4,1.61,DeepFake,Celeb-synthesis,id33,id28,,CELEB_COMPONENT_000,,train
CELEBDF_0003453,Celeb-DF v2,Celeb-synthesis/id33_id28_0008.mp4,1,504,848,466,FMP4,3.86,DeepFake,Celeb-synthesis,id33,id28,,CELEB_COMPONENT_000,,train
CELEBDF_0003454,Celeb-DF v2,Celeb-synthesis/id33_id28_0009.mp4,1,455,848,466,FMP4,2.25,DeepFake,Celeb-synthesis,id33,id28,,CELEB_COMPONENT_000,,train
CELEBDF_0003455,Celeb-DF v2,Celeb-synthesis/id33_id29_0000.mp4,1,441,848,466,FMP4,2.78,DeepFake,Celeb-synthesis,id33,id29,,CELEB_COMPONENT_000,,train
CELEBDF_0003456,Celeb-DF v2,Celeb-synthesis/id33_id29_0001.mp4,1,446,848,466,FMP4,1.64,DeepFake,Celeb-synthesis,id33,id29,,CELEB_COMPONENT_000,,train
CELEBDF_0003457,Celeb-DF v2,Celeb-synthesis/id33_id29_0002.mp4,1,452,848,466,FMP4,1.63,DeepFake,Celeb-synthesis,id33,id29,,CELEB_COMPONENT_000,,train
CELEBDF_0003458,Celeb-DF v2,Celeb-synthesis/id33_id29_0003.mp4,1,490,848,466,FMP4,1.71,DeepFake,Celeb-synthesis,id33,id29,,CELEB_COMPONENT_000,,train
CELEBDF_0003459,Celeb-DF v2,Celeb-synthesis/id33_id29_0004.mp4,1,417,848,466,FMP4,1.21,DeepFake,Celeb-synthesis,id33,id29,,CELEB_COMPONENT_000,,train
CELEBDF_0003460,Celeb-DF v2,Celeb-synthesis/id33_id29_0005.mp4,1,376,848,466,FMP4,1.61,DeepFake,Celeb-synthesis,id33,id29,,CELEB_COMPONENT_000,,train
CELEBDF_0003461,Celeb-DF v2,Celeb-synthesis/id33_id29_0006.mp4,1,266,848,466,FMP4,1.82,DeepFake,Celeb-synthesis,id33,id29,,CELEB_COMPONENT_000,,train
CELEBDF_0003462,Celeb-DF v2,Celeb-synthesis/id33_id29_0007.mp4,1,503,848,466,FMP4,1.23,DeepFake,Celeb-synthesis,id33,id29,,CELEB_COMPONENT_000,,train
CELEBDF_0003463,Celeb-DF v2,Celeb-synthesis/id33_id29_0008.mp4,1,504,848,466,FMP4,3.84,DeepFake,Celeb-synthesis,id33,id29,,CELEB_COMPONENT_000,,train
CELEBDF_0003464,Celeb-DF v2,Celeb-synthesis/id33_id29_0009.mp4,1,455,848,466,FMP4,2.25,DeepFake,Celeb-synthesis,id33,id29,,CELEB_COMPONENT_000,,train
CELEBDF_0003465,Celeb-DF v2,Celeb-synthesis/id33_id30_0000.mp4,1,441,848,466,FMP4,2.77,DeepFake,Celeb-synthesis,id33,id30,,CELEB_COMPONENT_000,,train
CELEBDF_0003466,Celeb-DF v2,Celeb-synthesis/id33_id30_0001.mp4,1,446,848,466,FMP4,1.64,DeepFake,Celeb-synthesis,id33,id30,,CELEB_COMPONENT_000,,train
CELEBDF_0003467,Celeb-DF v2,Celeb-synthesis/id33_id30_0002.mp4,1,452,848,466,FMP4,1.64,DeepFake,Celeb-synthesis,id33,id30,,CELEB_COMPONENT_000,,train
CELEBDF_0003468,Celeb-DF v2,Celeb-synthesis/id33_id30_0003.mp4,1,490,848,466,FMP4,1.7,DeepFake,Celeb-synthesis,id33,id30,,CELEB_COMPONENT_000,,train
CELEBDF_0003469,Celeb-DF v2,Celeb-synthesis/id33_id30_0004.mp4,1,417,848,466,FMP4,1.21,DeepFake,Celeb-synthesis,id33,id30,,CELEB_COMPONENT_000,,train
CELEBDF_0003470,Celeb-DF v2,Celeb-synthesis/id33_id30_0005.mp4,1,376,848,466,FMP4,1.61,DeepFake,Celeb-synthesis,id33,id30,,CELEB_COMPONENT_000,,train
CELEBDF_0003471,Celeb-DF v2,Celeb-synthesis/id33_id30_0006.mp4,1,266,848,466,FMP4,1.82,DeepFake,Celeb-synthesis,id33,id30,,CELEB_COMPONENT_000,,train
CELEBDF_0003472,Celeb-DF v2,Celeb-synthesis/id33_id30_0007.mp4,1,503,848,466,FMP4,1.24,DeepFake,Celeb-synthesis,id33,id30,,CELEB_COMPONENT_000,,train
CELEBDF_0003473,Celeb-DF v2,Celeb-synthesis/id33_id30_0008.mp4,1,504,848,466,FMP4,3.83,DeepFake,Celeb-synthesis,id33,id30,,CELEB_COMPONENT_000,,train
CELEBDF_0003474,Celeb-DF v2,Celeb-synthesis/id33_id30_0009.mp4,1,455,848,466,FMP4,2.25,DeepFake,Celeb-synthesis,id33,id30,,CELEB_COMPONENT_000,,train
CELEBDF_0003475,Celeb-DF v2,Celeb-synthesis/id33_id31_0000.mp4,1,441,848,466,FMP4,2.78,DeepFake,Celeb-synthesis,id33,id31,,CELEB_COMPONENT_000,,train
CELEBDF_0003476,Celeb-DF v2,Celeb-synthesis/id33_id31_0001.mp4,1,446,848,466,FMP4,1.64,DeepFake,Celeb-synthesis,id33,id31,,CELEB_COMPONENT_000,,train
CELEBDF_0003477,Celeb-DF v2,Celeb-synthesis/id33_id31_0002.mp4,1,452,848,466,FMP4,1.64,DeepFake,Celeb-synthesis,id33,id31,,CELEB_COMPONENT_000,,train
CELEBDF_0003478,Celeb-DF v2,Celeb-synthesis/id33_id31_0004.mp4,1,417,848,466,FMP4,1.21,DeepFake,Celeb-synthesis,id33,id31,,CELEB_COMPONENT_000,,train
CELEBDF_0003479,Celeb-DF v2,Celeb-synthesis/id33_id31_0006.mp4,1,266,848,466,FMP4,1.83,DeepFake,Celeb-synthesis,id33,id31,,CELEB_COMPONENT_000,,train
CELEBDF_0003480,Celeb-DF v2,Celeb-synthesis/id33_id31_0007.mp4,1,503,848,466,FMP4,1.23,DeepFake,Celeb-synthesis,id33,id31,,CELEB_COMPONENT_000,,train
CELEBDF_0003481,Celeb-DF v2,Celeb-synthesis/id33_id31_0008.mp4,1,504,848,466,FMP4,3.84,DeepFake,Celeb-synthesis,id33,id31,,CELEB_COMPONENT_000,,train
CELEBDF_0003482,Celeb-DF v2,Celeb-synthesis/id33_id31_0009.mp4,1,455,848,466,FMP4,2.24,DeepFake,Celeb-synthesis,id33,id31,,CELEB_COMPONENT_000,,train
CELEBDF_0003483,Celeb-DF v2,Celeb-synthesis/id33_id32_0000.mp4,1,441,848,466,FMP4,2.78,DeepFake,Celeb-synthesis,id33,id32,,CELEB_COMPONENT_000,,train
CELEBDF_0003484,Celeb-DF v2,Celeb-synthesis/id33_id32_0001.mp4,1,446,848,466,FMP4,1.65,DeepFake,Celeb-synthesis,id33,id32,,CELEB_COMPONENT_000,,train
CELEBDF_0003485,Celeb-DF v2,Celeb-synthesis/id33_id32_0002.mp4,1,452,848,466,FMP4,1.65,DeepFake,Celeb-synthesis,id33,id32,,CELEB_COMPONENT_000,,train
CELEBDF_0003486,Celeb-DF v2,Celeb-synthesis/id33_id32_0003.mp4,1,490,848,466,FMP4,1.72,DeepFake,Celeb-synthesis,id33,id32,,CELEB_COMPONENT_000,,train
CELEBDF_0003487,Celeb-DF v2,Celeb-synthesis/id33_id32_0004.mp4,1,417,848,466,FMP4,1.22,DeepFake,Celeb-synthesis,id33,id32,,CELEB_COMPONENT_000,,train
CELEBDF_0003488,Celeb-DF v2,Celeb-synthesis/id33_id32_0005.mp4,1,376,848,466,FMP4,1.61,DeepFake,Celeb-synthesis,id33,id32,,CELEB_COMPONENT_000,,train
CELEBDF_0003489,Celeb-DF v2,Celeb-synthesis/id33_id32_0006.mp4,1,266,848,466,FMP4,1.63,DeepFake,Celeb-synthesis,id33,id32,,CELEB_COMPONENT_000,,train
CELEBDF_0003490,Celeb-DF v2,Celeb-synthesis/id33_id32_0007.mp4,1,503,848,466,FMP4,1.24,DeepFake,Celeb-synthesis,id33,id32,,CELEB_COMPONENT_000,,train
CELEBDF_0003491,Celeb-DF v2,Celeb-synthesis/id33_id32_0008.mp4,1,504,848,466,FMP4,3.85,DeepFake,Celeb-synthesis,id33,id32,,CELEB_COMPONENT_000,,train
CELEBDF_0003492,Celeb-DF v2,Celeb-synthesis/id33_id32_0009.mp4,1,455,848,466,FMP4,2.25,DeepFake,Celeb-synthesis,id33,id32,,CELEB_COMPONENT_000,,train
CELEBDF_0003493,Celeb-DF v2,Celeb-synthesis/id33_id34_0000.mp4,1,441,848,466,FMP4,2.78,DeepFake,Celeb-synthesis,id33,id34,,CELEB_COMPONENT_000,,train
CELEBDF_0003494,Celeb-DF v2,Celeb-synthesis/id33_id34_0001.mp4,1,446,848,466,FMP4,1.64,DeepFake,Celeb-synthesis,id33,id34,,CELEB_COMPONENT_000,,train
CELEBDF_0003495,Celeb-DF v2,Celeb-synthesis/id33_id34_0002.mp4,1,452,848,466,FMP4,1.64,DeepFake,Celeb-synthesis,id33,id34,,CELEB_COMPONENT_000,,train
CELEBDF_0003496,Celeb-DF v2,Celeb-synthesis/id33_id34_0003.mp4,1,490,848,466,FMP4,1.71,DeepFake,Celeb-synthesis,id33,id34,,CELEB_COMPONENT_000,,train
CELEBDF_0003497,Celeb-DF v2,Celeb-synthesis/id33_id34_0004.mp4,1,417,848,466,FMP4,1.21,DeepFake,Celeb-synthesis,id33,id34,,CELEB_COMPONENT_000,,train
CELEBDF_0003498,Celeb-DF v2,Celeb-synthesis/id33_id34_0005.mp4,1,376,848,466,FMP4,1.61,DeepFake,Celeb-synthesis,id33,id34,,CELEB_COMPONENT_000,,train
CELEBDF_0003499,Celeb-DF v2,Celeb-synthesis/id33_id34_0006.mp4,1,266,848,466,FMP4,1.82,DeepFake,Celeb-synthesis,id33,id34,,CELEB_COMPONENT_000,,train
CELEBDF_0003500,Celeb-DF v2,Celeb-synthesis/id33_id34_0007.mp4,1,503,848,466,FMP4,1.24,DeepFake,Celeb-synthesis,id33,id34,,CELEB_COMPONENT_000,,train
CELEBDF_0003501,Celeb-DF v2,Celeb-synthesis/id33_id34_0008.mp4,1,504,848,466,FMP4,3.86,DeepFake,Celeb-synthesis,id33,id34,,CELEB_COMPONENT_000,,train
CELEBDF_0003502,Celeb-DF v2,Celeb-synthesis/id33_id34_0009.mp4,1,455,848,466,FMP4,2.25,DeepFake,Celeb-synthesis,id33,id34,,CELEB_COMPONENT_000,,train
CELEBDF_0003503,Celeb-DF v2,Celeb-synthesis/id33_id35_0000.mp4,1,441,848,466,FMP4,2.78,DeepFake,Celeb-synthesis,id33,id35,,CELEB_COMPONENT_000,,train
CELEBDF_0003504,Celeb-DF v2,Celeb-synthesis/id33_id35_0001.mp4,1,446,848,466,FMP4,1.64,DeepFake,Celeb-synthesis,id33,id35,,CELEB_COMPONENT_000,,train
CELEBDF_0003505,Celeb-DF v2,Celeb-synthesis/id33_id35_0002.mp4,1,452,848,466,FMP4,1.64,DeepFake,Celeb-synthesis,id33,id35,,CELEB_COMPONENT_000,,train
CELEBDF_0003506,Celeb-DF v2,Celeb-synthesis/id33_id35_0003.mp4,1,490,848,466,FMP4,1.71,DeepFake,Celeb-synthesis,id33,id35,,CELEB_COMPONENT_000,,train
CELEBDF_0003507,Celeb-DF v2,Celeb-synthesis/id33_id35_0004.mp4,1,417,848,466,FMP4,1.21,DeepFake,Celeb-synthesis,id33,id35,,CELEB_COMPONENT_000,,train
CELEBDF_0003508,Celeb-DF v2,Celeb-synthesis/id33_id35_0005.mp4,1,376,848,466,FMP4,1.61,DeepFake,Celeb-synthesis,id33,id35,,CELEB_COMPONENT_000,,train
CELEBDF_0003509,Celeb-DF v2,Celeb-synthesis/id33_id35_0006.mp4,1,266,848,466,FMP4,1.82,DeepFake,Celeb-synthesis,id33,id35,,CELEB_COMPONENT_000,,train
CELEBDF_0003510,Celeb-DF v2,Celeb-synthesis/id33_id35_0007.mp4,1,503,848,466,FMP4,1.25,DeepFake,Celeb-synthesis,id33,id35,,CELEB_COMPONENT_000,,train
CELEBDF_0003511,Celeb-DF v2,Celeb-synthesis/id33_id35_0008.mp4,1,504,848,466,FMP4,3.84,DeepFake,Celeb-synthesis,id33,id35,,CELEB_COMPONENT_000,,train
CELEBDF_0003512,Celeb-DF v2,Celeb-synthesis/id33_id35_0009.mp4,1,455,848,466,FMP4,2.25,DeepFake,Celeb-synthesis,id33,id35,,CELEB_COMPONENT_000,,train
CELEBDF_0003513,Celeb-DF v2,Celeb-synthesis/id33_id37_0000.mp4,1,441,848,466,FMP4,2.78,DeepFake,Celeb-synthesis,id33,id37,,CELEB_COMPONENT_000,,train
CELEBDF_0003514,Celeb-DF v2,Celeb-synthesis/id33_id37_0001.mp4,1,446,848,466,FMP4,1.64,DeepFake,Celeb-synthesis,id33,id37,,CELEB_COMPONENT_000,,train
CELEBDF_0003515,Celeb-DF v2,Celeb-synthesis/id33_id37_0002.mp4,1,452,848,466,FMP4,1.64,DeepFake,Celeb-synthesis,id33,id37,,CELEB_COMPONENT_000,,train
CELEBDF_0003516,Celeb-DF v2,Celeb-synthesis/id33_id37_0004.mp4,1,417,848,466,FMP4,1.21,DeepFake,Celeb-synthesis,id33,id37,,CELEB_COMPONENT_000,,train
CELEBDF_0003517,Celeb-DF v2,Celeb-synthesis/id33_id37_0005.mp4,1,376,848,466,FMP4,1.61,DeepFake,Celeb-synthesis,id33,id37,,CELEB_COMPONENT_000,,train
CELEBDF_0003518,Celeb-DF v2,Celeb-synthesis/id33_id37_0006.mp4,1,266,848,466,FMP4,1.82,DeepFake,Celeb-synthesis,id33,id37,,CELEB_COMPONENT_000,,train
CELEBDF_0003519,Celeb-DF v2,Celeb-synthesis/id33_id37_0007.mp4,1,503,848,466,FMP4,1.24,DeepFake,Celeb-synthesis,id33,id37,,CELEB_COMPONENT_000,,train
CELEBDF_0003520,Celeb-DF v2,Celeb-synthesis/id33_id37_0009.mp4,1,455,848,466,FMP4,2.25,DeepFake,Celeb-synthesis,id33,id37,,CELEB_COMPONENT_000,,train
CELEBDF_0003521,Celeb-DF v2,Celeb-synthesis/id33_id38_0000.mp4,1,441,848,466,FMP4,2.77,DeepFake,Celeb-synthesis,id33,id38,,CELEB_COMPONENT_000,,train
CELEBDF_0003522,Celeb-DF v2,Celeb-synthesis/id33_id38_0001.mp4,1,446,848,466,FMP4,1.52,DeepFake,Celeb-synthesis,id33,id38,,CELEB_COMPONENT_000,,train
CELEBDF_0003523,Celeb-DF v2,Celeb-synthesis/id33_id38_0003.mp4,1,490,848,466,FMP4,1.71,DeepFake,Celeb-synthesis,id33,id38,,CELEB_COMPONENT_000,,train
CELEBDF_0003524,Celeb-DF v2,Celeb-synthesis/id33_id38_0004.mp4,1,417,848,466,FMP4,1.21,DeepFake,Celeb-synthesis,id33,id38,,CELEB_COMPONENT_000,,train
CELEBDF_0003525,Celeb-DF v2,Celeb-synthesis/id33_id38_0005.mp4,1,376,848,466,FMP4,1.61,DeepFake,Celeb-synthesis,id33,id38,,CELEB_COMPONENT_000,,train
CELEBDF_0003526,Celeb-DF v2,Celeb-synthesis/id33_id38_0006.mp4,1,266,848,466,FMP4,1.82,DeepFake,Celeb-synthesis,id33,id38,,CELEB_COMPONENT_000,,train
CELEBDF_0003527,Celeb-DF v2,Celeb-synthesis/id33_id38_0007.mp4,1,503,848,466,FMP4,1.22,DeepFake,Celeb-synthesis,id33,id38,,CELEB_COMPONENT_000,,train
CELEBDF_0003528,Celeb-DF v2,Celeb-synthesis/id33_id38_0008.mp4,1,504,848,466,FMP4,3.84,DeepFake,Celeb-synthesis,id33,id38,,CELEB_COMPONENT_000,,train
CELEBDF_0003529,Celeb-DF v2,Celeb-synthesis/id33_id38_0009.mp4,1,455,848,466,FMP4,2.24,DeepFake,Celeb-synthesis,id33,id38,,CELEB_COMPONENT_000,,train
CELEBDF_0003530,Celeb-DF v2,Celeb-synthesis/id34_id20_0002.mp4,1,322,848,466,FMP4,1.41,DeepFake,Celeb-synthesis,id34,id20,,CELEB_COMPONENT_000,,train
CELEBDF_0003531,Celeb-DF v2,Celeb-synthesis/id34_id20_0003.mp4,1,394,848,466,FMP4,1.76,DeepFake,Celeb-synthesis,id34,id20,,CELEB_COMPONENT_000,,train
CELEBDF_0003532,Celeb-DF v2,Celeb-synthesis/id34_id20_0006.mp4,1,441,848,466,FMP4,2.33,DeepFake,Celeb-synthesis,id34,id20,,CELEB_COMPONENT_000,,train
CELEBDF_0003533,Celeb-DF v2,Celeb-synthesis/id34_id21_0002.mp4,1,322,848,466,FMP4,1.39,DeepFake,Celeb-synthesis,id34,id21,,CELEB_COMPONENT_000,,train
CELEBDF_0003534,Celeb-DF v2,Celeb-synthesis/id34_id21_0003.mp4,1,394,848,466,FMP4,1.76,DeepFake,Celeb-synthesis,id34,id21,,CELEB_COMPONENT_000,,train
CELEBDF_0003535,Celeb-DF v2,Celeb-synthesis/id34_id21_0005.mp4,1,478,848,466,FMP4,2.78,DeepFake,Celeb-synthesis,id34,id21,,CELEB_COMPONENT_000,,train
CELEBDF_0003536,Celeb-DF v2,Celeb-synthesis/id34_id21_0008.mp4,1,516,848,466,FMP4,2.23,DeepFake,Celeb-synthesis,id34,id21,,CELEB_COMPONENT_000,,train
CELEBDF_0003537,Celeb-DF v2,Celeb-synthesis/id34_id21_0009.mp4,1,485,848,466,FMP4,2.72,DeepFake,Celeb-synthesis,id34,id21,,CELEB_COMPONENT_000,,train
CELEBDF_0003538,Celeb-DF v2,Celeb-synthesis/id34_id23_0002.mp4,1,322,848,466,FMP4,1.39,DeepFake,Celeb-synthesis,id34,id23,,CELEB_COMPONENT_000,,train
CELEBDF_0003539,Celeb-DF v2,Celeb-synthesis/id34_id23_0003.mp4,1,394,848,466,FMP4,1.76,DeepFake,Celeb-synthesis,id34,id23,,CELEB_COMPONENT_000,,train
CELEBDF_0003540,Celeb-DF v2,Celeb-synthesis/id34_id23_0008.mp4,1,516,848,466,FMP4,2.21,DeepFake,Celeb-synthesis,id34,id23,,CELEB_COMPONENT_000,,train
CELEBDF_0003541,Celeb-DF v2,Celeb-synthesis/id34_id26_0002.mp4,1,322,848,466,FMP4,1.39,DeepFake,Celeb-synthesis,id34,id26,,CELEB_COMPONENT_000,,train
CELEBDF_0003542,Celeb-DF v2,Celeb-synthesis/id34_id26_0003.mp4,1,394,848,466,FMP4,1.76,DeepFake,Celeb-synthesis,id34,id26,,CELEB_COMPONENT_000,,train
CELEBDF_0003543,Celeb-DF v2,Celeb-synthesis/id34_id26_0005.mp4,1,478,848,466,FMP4,2.77,DeepFake,Celeb-synthesis,id34,id26,,CELEB_COMPONENT_000,,train
CELEBDF_0003544,Celeb-DF v2,Celeb-synthesis/id34_id26_0008.mp4,1,516,848,466,FMP4,2.22,DeepFake,Celeb-synthesis,id34,id26,,CELEB_COMPONENT_000,,train
CELEBDF_0003545,Celeb-DF v2,Celeb-synthesis/id34_id28_0003.mp4,1,394,848,466,FMP4,1.76,DeepFake,Celeb-synthesis,id34,id28,,CELEB_COMPONENT_000,,train
CELEBDF_0003546,Celeb-DF v2,Celeb-synthesis/id34_id28_0005.mp4,1,478,848,466,FMP4,2.8,DeepFake,Celeb-synthesis,id34,id28,,CELEB_COMPONENT_000,,train
CELEBDF_0003547,Celeb-DF v2,Celeb-synthesis/id34_id28_0008.mp4,1,516,848,466,FMP4,2.22,DeepFake,Celeb-synthesis,id34,id28,,CELEB_COMPONENT_000,,train
CELEBDF_0003548,Celeb-DF v2,Celeb-synthesis/id34_id29_0001.mp4,1,419,848,466,FMP4,1.9,DeepFake,Celeb-synthesis,id34,id29,,CELEB_COMPONENT_000,,train
CELEBDF_0003549,Celeb-DF v2,Celeb-synthesis/id34_id29_0002.mp4,1,322,848,466,FMP4,1.39,DeepFake,Celeb-synthesis,id34,id29,,CELEB_COMPONENT_000,,train
CELEBDF_0003550,Celeb-DF v2,Celeb-synthesis/id34_id29_0003.mp4,1,394,848,466,FMP4,1.76,DeepFake,Celeb-synthesis,id34,id29,,CELEB_COMPONENT_000,,train
CELEBDF_0003551,Celeb-DF v2,Celeb-synthesis/id34_id29_0005.mp4,1,478,848,466,FMP4,2.77,DeepFake,Celeb-synthesis,id34,id29,,CELEB_COMPONENT_000,,train
CELEBDF_0003552,Celeb-DF v2,Celeb-synthesis/id34_id29_0006.mp4,1,441,848,466,FMP4,2.33,DeepFake,Celeb-synthesis,id34,id29,,CELEB_COMPONENT_000,,train
CELEBDF_0003553,Celeb-DF v2,Celeb-synthesis/id34_id29_0007.mp4,1,470,848,466,FMP4,6.31,DeepFake,Celeb-synthesis,id34,id29,,CELEB_COMPONENT_000,,train
CELEBDF_0003554,Celeb-DF v2,Celeb-synthesis/id34_id29_0008.mp4,1,516,848,466,FMP4,2.22,DeepFake,Celeb-synthesis,id34,id29,,CELEB_COMPONENT_000,,train
CELEBDF_0003555,Celeb-DF v2,Celeb-synthesis/id34_id30_0000.mp4,1,480,848,466,FMP4,1.98,DeepFake,Celeb-synthesis,id34,id30,,CELEB_COMPONENT_000,,train
CELEBDF_0003556,Celeb-DF v2,Celeb-synthesis/id34_id30_0001.mp4,1,419,848,466,FMP4,1.9,DeepFake,Celeb-synthesis,id34,id30,,CELEB_COMPONENT_000,,train
CELEBDF_0003557,Celeb-DF v2,Celeb-synthesis/id34_id30_0002.mp4,1,322,848,466,FMP4,1.39,DeepFake,Celeb-synthesis,id34,id30,,CELEB_COMPONENT_000,,train
CELEBDF_0003558,Celeb-DF v2,Celeb-synthesis/id34_id30_0003.mp4,1,394,848,466,FMP4,1.75,DeepFake,Celeb-synthesis,id34,id30,,CELEB_COMPONENT_000,,train
CELEBDF_0003559,Celeb-DF v2,Celeb-synthesis/id34_id30_0004.mp4,1,472,848,466,FMP4,1.63,DeepFake,Celeb-synthesis,id34,id30,,CELEB_COMPONENT_000,,train
CELEBDF_0003560,Celeb-DF v2,Celeb-synthesis/id34_id30_0005.mp4,1,478,848,466,FMP4,2.77,DeepFake,Celeb-synthesis,id34,id30,,CELEB_COMPONENT_000,,train
CELEBDF_0003561,Celeb-DF v2,Celeb-synthesis/id34_id30_0006.mp4,1,441,848,466,FMP4,2.32,DeepFake,Celeb-synthesis,id34,id30,,CELEB_COMPONENT_000,,train
CELEBDF_0003562,Celeb-DF v2,Celeb-synthesis/id34_id30_0007.mp4,1,470,848,466,FMP4,6.31,DeepFake,Celeb-synthesis,id34,id30,,CELEB_COMPONENT_000,,train
CELEBDF_0003563,Celeb-DF v2,Celeb-synthesis/id34_id30_0008.mp4,1,516,848,466,FMP4,2.22,DeepFake,Celeb-synthesis,id34,id30,,CELEB_COMPONENT_000,,train
CELEBDF_0003564,Celeb-DF v2,Celeb-synthesis/id34_id30_0009.mp4,1,485,848,466,FMP4,2.71,DeepFake,Celeb-synthesis,id34,id30,,CELEB_COMPONENT_000,,train
CELEBDF_0003565,Celeb-DF v2,Celeb-synthesis/id34_id31_0000.mp4,1,480,848,466,FMP4,1.98,DeepFake,Celeb-synthesis,id34,id31,,CELEB_COMPONENT_000,,train
CELEBDF_0003566,Celeb-DF v2,Celeb-synthesis/id34_id31_0001.mp4,1,419,848,466,FMP4,1.9,DeepFake,Celeb-synthesis,id34,id31,,CELEB_COMPONENT_000,,train
CELEBDF_0003567,Celeb-DF v2,Celeb-synthesis/id34_id31_0002.mp4,1,322,848,466,FMP4,1.39,DeepFake,Celeb-synthesis,id34,id31,,CELEB_COMPONENT_000,,train
CELEBDF_0003568,Celeb-DF v2,Celeb-synthesis/id34_id31_0003.mp4,1,394,848,466,FMP4,1.76,DeepFake,Celeb-synthesis,id34,id31,,CELEB_COMPONENT_000,,train
CELEBDF_0003569,Celeb-DF v2,Celeb-synthesis/id34_id31_0005.mp4,1,478,848,466,FMP4,2.78,DeepFake,Celeb-synthesis,id34,id31,,CELEB_COMPONENT_000,,train
CELEBDF_0003570,Celeb-DF v2,Celeb-synthesis/id34_id31_0006.mp4,1,441,848,466,FMP4,2.33,DeepFake,Celeb-synthesis,id34,id31,,CELEB_COMPONENT_000,,train
CELEBDF_0003571,Celeb-DF v2,Celeb-synthesis/id34_id31_0007.mp4,1,470,848,466,FMP4,6.32,DeepFake,Celeb-synthesis,id34,id31,,CELEB_COMPONENT_000,,train
CELEBDF_0003572,Celeb-DF v2,Celeb-synthesis/id34_id31_0008.mp4,1,516,848,466,FMP4,2.22,DeepFake,Celeb-synthesis,id34,id31,,CELEB_COMPONENT_000,,train
CELEBDF_0003573,Celeb-DF v2,Celeb-synthesis/id34_id31_0009.mp4,1,485,848,466,FMP4,2.7,DeepFake,Celeb-synthesis,id34,id31,,CELEB_COMPONENT_000,,train
CELEBDF_0003574,Celeb-DF v2,Celeb-synthesis/id34_id32_0000.mp4,1,480,848,466,FMP4,1.99,DeepFake,Celeb-synthesis,id34,id32,,CELEB_COMPONENT_000,,train
CELEBDF_0003575,Celeb-DF v2,Celeb-synthesis/id34_id32_0001.mp4,1,419,848,466,FMP4,1.9,DeepFake,Celeb-synthesis,id34,id32,,CELEB_COMPONENT_000,,train
CELEBDF_0003576,Celeb-DF v2,Celeb-synthesis/id34_id32_0002.mp4,1,322,848,466,FMP4,1.39,DeepFake,Celeb-synthesis,id34,id32,,CELEB_COMPONENT_000,,train
CELEBDF_0003577,Celeb-DF v2,Celeb-synthesis/id34_id32_0003.mp4,1,394,848,466,FMP4,1.76,DeepFake,Celeb-synthesis,id34,id32,,CELEB_COMPONENT_000,,train
CELEBDF_0003578,Celeb-DF v2,Celeb-synthesis/id34_id32_0004.mp4,1,472,848,466,FMP4,1.64,DeepFake,Celeb-synthesis,id34,id32,,CELEB_COMPONENT_000,,train
CELEBDF_0003579,Celeb-DF v2,Celeb-synthesis/id34_id32_0005.mp4,1,478,848,466,FMP4,2.79,DeepFake,Celeb-synthesis,id34,id32,,CELEB_COMPONENT_000,,train
CELEBDF_0003580,Celeb-DF v2,Celeb-synthesis/id34_id32_0006.mp4,1,441,848,466,FMP4,2.33,DeepFake,Celeb-synthesis,id34,id32,,CELEB_COMPONENT_000,,train
CELEBDF_0003581,Celeb-DF v2,Celeb-synthesis/id34_id32_0007.mp4,1,470,848,466,FMP4,6.32,DeepFake,Celeb-synthesis,id34,id32,,CELEB_COMPONENT_000,,train
CELEBDF_0003582,Celeb-DF v2,Celeb-synthesis/id34_id32_0008.mp4,1,516,848,466,FMP4,2.22,DeepFake,Celeb-synthesis,id34,id32,,CELEB_COMPONENT_000,,train
CELEBDF_0003583,Celeb-DF v2,Celeb-synthesis/id34_id32_0009.mp4,1,485,848,466,FMP4,2.72,DeepFake,Celeb-synthesis,id34,id32,,CELEB_COMPONENT_000,,train
CELEBDF_0003584,Celeb-DF v2,Celeb-synthesis/id34_id33_0001.mp4,1,419,848,466,FMP4,1.9,DeepFake,Celeb-synthesis,id34,id33,,CELEB_COMPONENT_000,,train
CELEBDF_0003585,Celeb-DF v2,Celeb-synthesis/id34_id33_0002.mp4,1,322,848,466,FMP4,1.4,DeepFake,Celeb-synthesis,id34,id33,,CELEB_COMPONENT_000,,train
CELEBDF_0003586,Celeb-DF v2,Celeb-synthesis/id34_id33_0003.mp4,1,394,848,466,FMP4,1.76,DeepFake,Celeb-synthesis,id34,id33,,CELEB_COMPONENT_000,,train
CELEBDF_0003587,Celeb-DF v2,Celeb-synthesis/id34_id33_0004.mp4,1,472,848,466,FMP4,1.64,DeepFake,Celeb-synthesis,id34,id33,,CELEB_COMPONENT_000,,train
CELEBDF_0003588,Celeb-DF v2,Celeb-synthesis/id34_id33_0005.mp4,1,478,848,466,FMP4,2.53,DeepFake,Celeb-synthesis,id34,id33,,CELEB_COMPONENT_000,,train
CELEBDF_0003589,Celeb-DF v2,Celeb-synthesis/id34_id33_0006.mp4,1,441,848,466,FMP4,2.33,DeepFake,Celeb-synthesis,id34,id33,,CELEB_COMPONENT_000,,train
CELEBDF_0003590,Celeb-DF v2,Celeb-synthesis/id34_id33_0007.mp4,1,470,848,466,FMP4,6.31,DeepFake,Celeb-synthesis,id34,id33,,CELEB_COMPONENT_000,,train
CELEBDF_0003591,Celeb-DF v2,Celeb-synthesis/id34_id33_0008.mp4,1,516,848,466,FMP4,2.22,DeepFake,Celeb-synthesis,id34,id33,,CELEB_COMPONENT_000,,train
CELEBDF_0003592,Celeb-DF v2,Celeb-synthesis/id34_id33_0009.mp4,1,485,848,466,FMP4,2.72,DeepFake,Celeb-synthesis,id34,id33,,CELEB_COMPONENT_000,,train
CELEBDF_0003593,Celeb-DF v2,Celeb-synthesis/id34_id35_0001.mp4,1,419,848,466,FMP4,1.9,DeepFake,Celeb-synthesis,id34,id35,,CELEB_COMPONENT_000,,train
CELEBDF_0003594,Celeb-DF v2,Celeb-synthesis/id34_id35_0002.mp4,1,322,848,466,FMP4,1.39,DeepFake,Celeb-synthesis,id34,id35,,CELEB_COMPONENT_000,,train
CELEBDF_0003595,Celeb-DF v2,Celeb-synthesis/id34_id35_0003.mp4,1,394,848,466,FMP4,1.76,DeepFake,Celeb-synthesis,id34,id35,,CELEB_COMPONENT_000,,train
CELEBDF_0003596,Celeb-DF v2,Celeb-synthesis/id34_id35_0004.mp4,1,472,848,466,FMP4,1.63,DeepFake,Celeb-synthesis,id34,id35,,CELEB_COMPONENT_000,,train
CELEBDF_0003597,Celeb-DF v2,Celeb-synthesis/id34_id35_0005.mp4,1,478,848,466,FMP4,2.77,DeepFake,Celeb-synthesis,id34,id35,,CELEB_COMPONENT_000,,train
CELEBDF_0003598,Celeb-DF v2,Celeb-synthesis/id34_id35_0006.mp4,1,441,848,466,FMP4,2.33,DeepFake,Celeb-synthesis,id34,id35,,CELEB_COMPONENT_000,,train
CELEBDF_0003599,Celeb-DF v2,Celeb-synthesis/id34_id35_0007.mp4,1,470,848,466,FMP4,6.3,DeepFake,Celeb-synthesis,id34,id35,,CELEB_COMPONENT_000,,train
CELEBDF_0003600,Celeb-DF v2,Celeb-synthesis/id34_id35_0008.mp4,1,516,848,466,FMP4,2.21,DeepFake,Celeb-synthesis,id34,id35,,CELEB_COMPONENT_000,,train
CELEBDF_0003601,Celeb-DF v2,Celeb-synthesis/id34_id35_0009.mp4,1,485,848,466,FMP4,2.71,DeepFake,Celeb-synthesis,id34,id35,,CELEB_COMPONENT_000,,train
CELEBDF_0003602,Celeb-DF v2,Celeb-synthesis/id34_id37_0001.mp4,1,419,848,466,FMP4,1.92,DeepFake,Celeb-synthesis,id34,id37,,CELEB_COMPONENT_000,,train
CELEBDF_0003603,Celeb-DF v2,Celeb-synthesis/id34_id37_0002.mp4,1,322,848,466,FMP4,1.4,DeepFake,Celeb-synthesis,id34,id37,,CELEB_COMPONENT_000,,train
CELEBDF_0003604,Celeb-DF v2,Celeb-synthesis/id34_id37_0003.mp4,1,394,848,466,FMP4,1.77,DeepFake,Celeb-synthesis,id34,id37,,CELEB_COMPONENT_000,,train
CELEBDF_0003605,Celeb-DF v2,Celeb-synthesis/id34_id37_0005.mp4,1,478,848,466,FMP4,2.8,DeepFake,Celeb-synthesis,id34,id37,,CELEB_COMPONENT_000,,train
CELEBDF_0003606,Celeb-DF v2,Celeb-synthesis/id34_id37_0006.mp4,1,441,848,466,FMP4,2.34,DeepFake,Celeb-synthesis,id34,id37,,CELEB_COMPONENT_000,,train
CELEBDF_0003607,Celeb-DF v2,Celeb-synthesis/id34_id37_0007.mp4,1,470,848,466,FMP4,6.32,DeepFake,Celeb-synthesis,id34,id37,,CELEB_COMPONENT_000,,train
CELEBDF_0003608,Celeb-DF v2,Celeb-synthesis/id34_id37_0008.mp4,1,516,848,466,FMP4,2.24,DeepFake,Celeb-synthesis,id34,id37,,CELEB_COMPONENT_000,,train
CELEBDF_0003609,Celeb-DF v2,Celeb-synthesis/id34_id38_0001.mp4,1,419,848,466,FMP4,1.9,DeepFake,Celeb-synthesis,id34,id38,,CELEB_COMPONENT_000,,train
CELEBDF_0003610,Celeb-DF v2,Celeb-synthesis/id34_id38_0002.mp4,1,322,848,466,FMP4,1.39,DeepFake,Celeb-synthesis,id34,id38,,CELEB_COMPONENT_000,,train
CELEBDF_0003611,Celeb-DF v2,Celeb-synthesis/id34_id38_0003.mp4,1,394,848,466,FMP4,1.75,DeepFake,Celeb-synthesis,id34,id38,,CELEB_COMPONENT_000,,train
CELEBDF_0003612,Celeb-DF v2,Celeb-synthesis/id34_id38_0005.mp4,1,478,848,466,FMP4,2.77,DeepFake,Celeb-synthesis,id34,id38,,CELEB_COMPONENT_000,,train
CELEBDF_0003613,Celeb-DF v2,Celeb-synthesis/id34_id38_0006.mp4,1,441,848,466,FMP4,2.32,DeepFake,Celeb-synthesis,id34,id38,,CELEB_COMPONENT_000,,train
CELEBDF_0003614,Celeb-DF v2,Celeb-synthesis/id34_id38_0007.mp4,1,470,848,466,FMP4,6.29,DeepFake,Celeb-synthesis,id34,id38,,CELEB_COMPONENT_000,,train
CELEBDF_0003615,Celeb-DF v2,Celeb-synthesis/id34_id38_0008.mp4,1,516,848,466,FMP4,2.2,DeepFake,Celeb-synthesis,id34,id38,,CELEB_COMPONENT_000,,train
CELEBDF_0003616,Celeb-DF v2,Celeb-synthesis/id34_id38_0009.mp4,1,485,848,466,FMP4,2.69,DeepFake,Celeb-synthesis,id34,id38,,CELEB_COMPONENT_000,,train
CELEBDF_0003617,Celeb-DF v2,Celeb-synthesis/id35_id16_0000.mp4,1,487,848,466,FMP4,2.51,DeepFake,Celeb-synthesis,id35,id16,,CELEB_COMPONENT_000,,train
CELEBDF_0003618,Celeb-DF v2,Celeb-synthesis/id35_id16_0001.mp4,1,508,848,466,FMP4,2.09,DeepFake,Celeb-synthesis,id35,id16,,CELEB_COMPONENT_000,,train
CELEBDF_0003619,Celeb-DF v2,Celeb-synthesis/id35_id16_0002.mp4,1,380,848,466,FMP4,1.27,DeepFake,Celeb-synthesis,id35,id16,,CELEB_COMPONENT_000,,train
CELEBDF_0003620,Celeb-DF v2,Celeb-synthesis/id35_id16_0003.mp4,1,454,848,466,FMP4,1.24,DeepFake,Celeb-synthesis,id35,id16,,CELEB_COMPONENT_000,,train
CELEBDF_0003621,Celeb-DF v2,Celeb-synthesis/id35_id16_0004.mp4,1,256,848,466,FMP4,0.94,DeepFake,Celeb-synthesis,id35,id16,,CELEB_COMPONENT_000,,train
CELEBDF_0003622,Celeb-DF v2,Celeb-synthesis/id35_id16_0005.mp4,1,295,848,466,FMP4,1.34,DeepFake,Celeb-synthesis,id35,id16,,CELEB_COMPONENT_000,,train
CELEBDF_0003623,Celeb-DF v2,Celeb-synthesis/id35_id16_0006.mp4,1,228,848,466,FMP4,0.91,DeepFake,Celeb-synthesis,id35,id16,,CELEB_COMPONENT_000,,train
CELEBDF_0003624,Celeb-DF v2,Celeb-synthesis/id35_id16_0007.mp4,1,399,848,466,FMP4,2.0,DeepFake,Celeb-synthesis,id35,id16,,CELEB_COMPONENT_000,,train
CELEBDF_0003625,Celeb-DF v2,Celeb-synthesis/id35_id16_0008.mp4,1,209,848,466,FMP4,0.83,DeepFake,Celeb-synthesis,id35,id16,,CELEB_COMPONENT_000,,train
CELEBDF_0003626,Celeb-DF v2,Celeb-synthesis/id35_id16_0009.mp4,1,321,848,466,FMP4,1.52,DeepFake,Celeb-synthesis,id35,id16,,CELEB_COMPONENT_000,,train
CELEBDF_0003627,Celeb-DF v2,Celeb-synthesis/id35_id17_0000.mp4,1,487,848,466,FMP4,2.5,DeepFake,Celeb-synthesis,id35,id17,,CELEB_COMPONENT_000,,train
CELEBDF_0003628,Celeb-DF v2,Celeb-synthesis/id35_id17_0001.mp4,1,508,848,466,FMP4,2.08,DeepFake,Celeb-synthesis,id35,id17,,CELEB_COMPONENT_000,,train
CELEBDF_0003629,Celeb-DF v2,Celeb-synthesis/id35_id17_0002.mp4,1,380,848,466,FMP4,1.27,DeepFake,Celeb-synthesis,id35,id17,,CELEB_COMPONENT_000,,train
CELEBDF_0003630,Celeb-DF v2,Celeb-synthesis/id35_id17_0003.mp4,1,454,848,466,FMP4,1.25,DeepFake,Celeb-synthesis,id35,id17,,CELEB_COMPONENT_000,,train
CELEBDF_0003631,Celeb-DF v2,Celeb-synthesis/id35_id17_0006.mp4,1,228,848,466,FMP4,0.9,DeepFake,Celeb-synthesis,id35,id17,,CELEB_COMPONENT_000,,train
CELEBDF_0003632,Celeb-DF v2,Celeb-synthesis/id35_id17_0007.mp4,1,399,848,466,FMP4,2.0,DeepFake,Celeb-synthesis,id35,id17,,CELEB_COMPONENT_000,,train
CELEBDF_0003633,Celeb-DF v2,Celeb-synthesis/id35_id17_0008.mp4,1,209,848,466,FMP4,0.83,DeepFake,Celeb-synthesis,id35,id17,,CELEB_COMPONENT_000,,train
CELEBDF_0003634,Celeb-DF v2,Celeb-synthesis/id35_id17_0009.mp4,1,321,848,466,FMP4,1.52,DeepFake,Celeb-synthesis,id35,id17,,CELEB_COMPONENT_000,,train
CELEBDF_0003635,Celeb-DF v2,Celeb-synthesis/id35_id1_0000.mp4,1,487,848,466,FMP4,2.5,DeepFake,Celeb-synthesis,id35,id1,,CELEB_COMPONENT_000,,train
CELEBDF_0003636,Celeb-DF v2,Celeb-synthesis/id35_id1_0001.mp4,1,508,848,466,FMP4,2.08,DeepFake,Celeb-synthesis,id35,id1,,CELEB_COMPONENT_000,,train
CELEBDF_0003637,Celeb-DF v2,Celeb-synthesis/id35_id1_0002.mp4,1,380,848,466,FMP4,1.27,DeepFake,Celeb-synthesis,id35,id1,,CELEB_COMPONENT_000,,train
CELEBDF_0003638,Celeb-DF v2,Celeb-synthesis/id35_id1_0006.mp4,1,228,848,466,FMP4,0.91,DeepFake,Celeb-synthesis,id35,id1,,CELEB_COMPONENT_000,,train
CELEBDF_0003639,Celeb-DF v2,Celeb-synthesis/id35_id1_0007.mp4,1,399,848,466,FMP4,2.0,DeepFake,Celeb-synthesis,id35,id1,,CELEB_COMPONENT_000,,train
CELEBDF_0003640,Celeb-DF v2,Celeb-synthesis/id35_id1_0008.mp4,1,209,848,466,FMP4,0.83,DeepFake,Celeb-synthesis,id35,id1,,CELEB_COMPONENT_000,,train
CELEBDF_0003641,Celeb-DF v2,Celeb-synthesis/id35_id1_0009.mp4,1,321,848,466,FMP4,1.52,DeepFake,Celeb-synthesis,id35,id1,,CELEB_COMPONENT_000,,train
CELEBDF_0003642,Celeb-DF v2,Celeb-synthesis/id35_id20_0000.mp4,1,487,848,466,FMP4,2.49,DeepFake,Celeb-synthesis,id35,id20,,CELEB_COMPONENT_000,,train
CELEBDF_0003643,Celeb-DF v2,Celeb-synthesis/id35_id20_0002.mp4,1,380,848,466,FMP4,1.27,DeepFake,Celeb-synthesis,id35,id20,,CELEB_COMPONENT_000,,train
CELEBDF_0003644,Celeb-DF v2,Celeb-synthesis/id35_id20_0003.mp4,1,454,848,466,FMP4,1.24,DeepFake,Celeb-synthesis,id35,id20,,CELEB_COMPONENT_000,,train
CELEBDF_0003645,Celeb-DF v2,Celeb-synthesis/id35_id20_0006.mp4,1,228,848,466,FMP4,0.9,DeepFake,Celeb-synthesis,id35,id20,,CELEB_COMPONENT_000,,train
CELEBDF_0003646,Celeb-DF v2,Celeb-synthesis/id35_id20_0007.mp4,1,399,848,466,FMP4,2.0,DeepFake,Celeb-synthesis,id35,id20,,CELEB_COMPONENT_000,,train
CELEBDF_0003647,Celeb-DF v2,Celeb-synthesis/id35_id20_0008.mp4,1,209,848,466,FMP4,0.83,DeepFake,Celeb-synthesis,id35,id20,,CELEB_COMPONENT_000,,train
CELEBDF_0003648,Celeb-DF v2,Celeb-synthesis/id35_id20_0009.mp4,1,321,848,466,FMP4,1.51,DeepFake,Celeb-synthesis,id35,id20,,CELEB_COMPONENT_000,,train
CELEBDF_0003649,Celeb-DF v2,Celeb-synthesis/id35_id21_0000.mp4,1,487,848,466,FMP4,2.5,DeepFake,Celeb-synthesis,id35,id21,,CELEB_COMPONENT_000,,train
CELEBDF_0003650,Celeb-DF v2,Celeb-synthesis/id35_id21_0001.mp4,1,508,848,466,FMP4,2.07,DeepFake,Celeb-synthesis,id35,id21,,CELEB_COMPONENT_000,,train
CELEBDF_0003651,Celeb-DF v2,Celeb-synthesis/id35_id21_0002.mp4,1,380,848,466,FMP4,1.26,DeepFake,Celeb-synthesis,id35,id21,,CELEB_COMPONENT_000,,train
CELEBDF_0003652,Celeb-DF v2,Celeb-synthesis/id35_id21_0003.mp4,1,454,848,466,FMP4,1.25,DeepFake,Celeb-synthesis,id35,id21,,CELEB_COMPONENT_000,,train
CELEBDF_0003653,Celeb-DF v2,Celeb-synthesis/id35_id21_0006.mp4,1,228,848,466,FMP4,0.9,DeepFake,Celeb-synthesis,id35,id21,,CELEB_COMPONENT_000,,train
CELEBDF_0003654,Celeb-DF v2,Celeb-synthesis/id35_id21_0007.mp4,1,399,848,466,FMP4,2.0,DeepFake,Celeb-synthesis,id35,id21,,CELEB_COMPONENT_000,,train
CELEBDF_0003655,Celeb-DF v2,Celeb-synthesis/id35_id21_0008.mp4,1,209,848,466,FMP4,0.83,DeepFake,Celeb-synthesis,id35,id21,,CELEB_COMPONENT_000,,train
CELEBDF_0003656,Celeb-DF v2,Celeb-synthesis/id35_id21_0009.mp4,1,321,848,466,FMP4,1.52,DeepFake,Celeb-synthesis,id35,id21,,CELEB_COMPONENT_000,,train
CELEBDF_0003657,Celeb-DF v2,Celeb-synthesis/id35_id23_0000.mp4,1,487,848,466,FMP4,2.5,DeepFake,Celeb-synthesis,id35,id23,,CELEB_COMPONENT_000,,train
CELEBDF_0003658,Celeb-DF v2,Celeb-synthesis/id35_id23_0001.mp4,1,508,848,466,FMP4,2.08,DeepFake,Celeb-synthesis,id35,id23,,CELEB_COMPONENT_000,,train
CELEBDF_0003659,Celeb-DF v2,Celeb-synthesis/id35_id23_0002.mp4,1,380,848,466,FMP4,1.26,DeepFake,Celeb-synthesis,id35,id23,,CELEB_COMPONENT_000,,train
CELEBDF_0003660,Celeb-DF v2,Celeb-synthesis/id35_id23_0003.mp4,1,454,848,466,FMP4,1.24,DeepFake,Celeb-synthesis,id35,id23,,CELEB_COMPONENT_000,,train
CELEBDF_0003661,Celeb-DF v2,Celeb-synthesis/id35_id23_0004.mp4,1,256,848,466,FMP4,0.93,DeepFake,Celeb-synthesis,id35,id23,,CELEB_COMPONENT_000,,train
CELEBDF_0003662,Celeb-DF v2,Celeb-synthesis/id35_id23_0005.mp4,1,295,848,466,FMP4,1.33,DeepFake,Celeb-synthesis,id35,id23,,CELEB_COMPONENT_000,,train
CELEBDF_0003663,Celeb-DF v2,Celeb-synthesis/id35_id23_0006.mp4,1,228,848,466,FMP4,0.89,DeepFake,Celeb-synthesis,id35,id23,,CELEB_COMPONENT_000,,train
CELEBDF_0003664,Celeb-DF v2,Celeb-synthesis/id35_id23_0007.mp4,1,399,848,466,FMP4,2.0,DeepFake,Celeb-synthesis,id35,id23,,CELEB_COMPONENT_000,,train
CELEBDF_0003665,Celeb-DF v2,Celeb-synthesis/id35_id23_0008.mp4,1,209,848,466,FMP4,0.83,DeepFake,Celeb-synthesis,id35,id23,,CELEB_COMPONENT_000,,train
CELEBDF_0003666,Celeb-DF v2,Celeb-synthesis/id35_id23_0009.mp4,1,321,848,466,FMP4,1.51,DeepFake,Celeb-synthesis,id35,id23,,CELEB_COMPONENT_000,,train
CELEBDF_0003667,Celeb-DF v2,Celeb-synthesis/id35_id26_0000.mp4,1,487,848,466,FMP4,2.49,DeepFake,Celeb-synthesis,id35,id26,,CELEB_COMPONENT_000,,train
CELEBDF_0003668,Celeb-DF v2,Celeb-synthesis/id35_id26_0001.mp4,1,508,848,466,FMP4,2.07,DeepFake,Celeb-synthesis,id35,id26,,CELEB_COMPONENT_000,,train
CELEBDF_0003669,Celeb-DF v2,Celeb-synthesis/id35_id26_0002.mp4,1,380,848,466,FMP4,1.26,DeepFake,Celeb-synthesis,id35,id26,,CELEB_COMPONENT_000,,train
CELEBDF_0003670,Celeb-DF v2,Celeb-synthesis/id35_id26_0003.mp4,1,454,848,466,FMP4,1.22,DeepFake,Celeb-synthesis,id35,id26,,CELEB_COMPONENT_000,,train
CELEBDF_0003671,Celeb-DF v2,Celeb-synthesis/id35_id26_0005.mp4,1,295,848,466,FMP4,1.33,DeepFake,Celeb-synthesis,id35,id26,,CELEB_COMPONENT_000,,train
CELEBDF_0003672,Celeb-DF v2,Celeb-synthesis/id35_id26_0006.mp4,1,228,848,466,FMP4,0.9,DeepFake,Celeb-synthesis,id35,id26,,CELEB_COMPONENT_000,,train
CELEBDF_0003673,Celeb-DF v2,Celeb-synthesis/id35_id26_0007.mp4,1,399,848,466,FMP4,2.0,DeepFake,Celeb-synthesis,id35,id26,,CELEB_COMPONENT_000,,train
CELEBDF_0003674,Celeb-DF v2,Celeb-synthesis/id35_id26_0008.mp4,1,209,848,466,FMP4,0.83,DeepFake,Celeb-synthesis,id35,id26,,CELEB_COMPONENT_000,,train
CELEBDF_0003675,Celeb-DF v2,Celeb-synthesis/id35_id26_0009.mp4,1,321,848,466,FMP4,1.51,DeepFake,Celeb-synthesis,id35,id26,,CELEB_COMPONENT_000,,train
CELEBDF_0003676,Celeb-DF v2,Celeb-synthesis/id35_id28_0000.mp4,1,487,848,466,FMP4,2.51,DeepFake,Celeb-synthesis,id35,id28,,CELEB_COMPONENT_000,,train
CELEBDF_0003677,Celeb-DF v2,Celeb-synthesis/id35_id28_0002.mp4,1,380,848,466,FMP4,1.27,DeepFake,Celeb-synthesis,id35,id28,,CELEB_COMPONENT_000,,train
CELEBDF_0003678,Celeb-DF v2,Celeb-synthesis/id35_id28_0003.mp4,1,454,848,466,FMP4,1.25,DeepFake,Celeb-synthesis,id35,id28,,CELEB_COMPONENT_000,,train
CELEBDF_0003679,Celeb-DF v2,Celeb-synthesis/id35_id28_0005.mp4,1,295,848,466,FMP4,1.34,DeepFake,Celeb-synthesis,id35,id28,,CELEB_COMPONENT_000,,train
CELEBDF_0003680,Celeb-DF v2,Celeb-synthesis/id35_id28_0006.mp4,1,228,848,466,FMP4,0.79,DeepFake,Celeb-synthesis,id35,id28,,CELEB_COMPONENT_000,,train
CELEBDF_0003681,Celeb-DF v2,Celeb-synthesis/id35_id28_0007.mp4,1,399,848,466,FMP4,2.01,DeepFake,Celeb-synthesis,id35,id28,,CELEB_COMPONENT_000,,train
CELEBDF_0003682,Celeb-DF v2,Celeb-synthesis/id35_id28_0008.mp4,1,209,848,466,FMP4,0.83,DeepFake,Celeb-synthesis,id35,id28,,CELEB_COMPONENT_000,,train
CELEBDF_0003683,Celeb-DF v2,Celeb-synthesis/id35_id28_0009.mp4,1,321,848,466,FMP4,1.53,DeepFake,Celeb-synthesis,id35,id28,,CELEB_COMPONENT_000,,train
CELEBDF_0003684,Celeb-DF v2,Celeb-synthesis/id35_id29_0000.mp4,1,487,848,466,FMP4,2.5,DeepFake,Celeb-synthesis,id35,id29,,CELEB_COMPONENT_000,,train
CELEBDF_0003685,Celeb-DF v2,Celeb-synthesis/id35_id29_0001.mp4,1,508,848,466,FMP4,2.08,DeepFake,Celeb-synthesis,id35,id29,,CELEB_COMPONENT_000,,train
CELEBDF_0003686,Celeb-DF v2,Celeb-synthesis/id35_id29_0002.mp4,1,380,848,466,FMP4,1.26,DeepFake,Celeb-synthesis,id35,id29,,CELEB_COMPONENT_000,,train
CELEBDF_0003687,Celeb-DF v2,Celeb-synthesis/id35_id29_0003.mp4,1,454,848,466,FMP4,1.24,DeepFake,Celeb-synthesis,id35,id29,,CELEB_COMPONENT_000,,train
CELEBDF_0003688,Celeb-DF v2,Celeb-synthesis/id35_id29_0004.mp4,1,256,848,466,FMP4,0.93,DeepFake,Celeb-synthesis,id35,id29,,CELEB_COMPONENT_000,,train
CELEBDF_0003689,Celeb-DF v2,Celeb-synthesis/id35_id29_0005.mp4,1,295,848,466,FMP4,1.33,DeepFake,Celeb-synthesis,id35,id29,,CELEB_COMPONENT_000,,train
CELEBDF_0003690,Celeb-DF v2,Celeb-synthesis/id35_id29_0006.mp4,1,228,848,466,FMP4,0.89,DeepFake,Celeb-synthesis,id35,id29,,CELEB_COMPONENT_000,,train
CELEBDF_0003691,Celeb-DF v2,Celeb-synthesis/id35_id29_0007.mp4,1,399,848,466,FMP4,2.0,DeepFake,Celeb-synthesis,id35,id29,,CELEB_COMPONENT_000,,train
CELEBDF_0003692,Celeb-DF v2,Celeb-synthesis/id35_id29_0008.mp4,1,209,848,466,FMP4,0.83,DeepFake,Celeb-synthesis,id35,id29,,CELEB_COMPONENT_000,,train
CELEBDF_0003693,Celeb-DF v2,Celeb-synthesis/id35_id29_0009.mp4,1,321,848,466,FMP4,1.51,DeepFake,Celeb-synthesis,id35,id29,,CELEB_COMPONENT_000,,train
CELEBDF_0003694,Celeb-DF v2,Celeb-synthesis/id35_id2_0000.mp4,1,487,848,466,FMP4,2.51,DeepFake,Celeb-synthesis,id35,id2,,CELEB_COMPONENT_000,,train
CELEBDF_0003695,Celeb-DF v2,Celeb-synthesis/id35_id2_0001.mp4,1,508,848,466,FMP4,2.09,DeepFake,Celeb-synthesis,id35,id2,,CELEB_COMPONENT_000,,train
CELEBDF_0003696,Celeb-DF v2,Celeb-synthesis/id35_id2_0002.mp4,1,380,848,466,FMP4,1.28,DeepFake,Celeb-synthesis,id35,id2,,CELEB_COMPONENT_000,,train
CELEBDF_0003697,Celeb-DF v2,Celeb-synthesis/id35_id2_0003.mp4,1,454,848,466,FMP4,1.27,DeepFake,Celeb-synthesis,id35,id2,,CELEB_COMPONENT_000,,train
CELEBDF_0003698,Celeb-DF v2,Celeb-synthesis/id35_id2_0006.mp4,1,228,848,466,FMP4,0.91,DeepFake,Celeb-synthesis,id35,id2,,CELEB_COMPONENT_000,,train
CELEBDF_0003699,Celeb-DF v2,Celeb-synthesis/id35_id2_0007.mp4,1,399,848,466,FMP4,2.01,DeepFake,Celeb-synthesis,id35,id2,,CELEB_COMPONENT_000,,train
CELEBDF_0003700,Celeb-DF v2,Celeb-synthesis/id35_id2_0008.mp4,1,209,848,466,FMP4,0.84,DeepFake,Celeb-synthesis,id35,id2,,CELEB_COMPONENT_000,,train
CELEBDF_0003701,Celeb-DF v2,Celeb-synthesis/id35_id2_0009.mp4,1,321,848,466,FMP4,1.52,DeepFake,Celeb-synthesis,id35,id2,,CELEB_COMPONENT_000,,train
CELEBDF_0003702,Celeb-DF v2,Celeb-synthesis/id35_id30_0001.mp4,1,508,848,466,FMP4,2.08,DeepFake,Celeb-synthesis,id35,id30,,CELEB_COMPONENT_000,,train
CELEBDF_0003703,Celeb-DF v2,Celeb-synthesis/id35_id30_0002.mp4,1,380,848,466,FMP4,1.26,DeepFake,Celeb-synthesis,id35,id30,,CELEB_COMPONENT_000,,train
CELEBDF_0003704,Celeb-DF v2,Celeb-synthesis/id35_id30_0003.mp4,1,454,848,466,FMP4,1.24,DeepFake,Celeb-synthesis,id35,id30,,CELEB_COMPONENT_000,,train
CELEBDF_0003705,Celeb-DF v2,Celeb-synthesis/id35_id30_0004.mp4,1,256,848,466,FMP4,0.93,DeepFake,Celeb-synthesis,id35,id30,,CELEB_COMPONENT_000,,train
CELEBDF_0003706,Celeb-DF v2,Celeb-synthesis/id35_id30_0005.mp4,1,295,848,466,FMP4,1.34,DeepFake,Celeb-synthesis,id35,id30,,CELEB_COMPONENT_000,,train
CELEBDF_0003707,Celeb-DF v2,Celeb-synthesis/id35_id30_0006.mp4,1,228,848,466,FMP4,0.91,DeepFake,Celeb-synthesis,id35,id30,,CELEB_COMPONENT_000,,train
CELEBDF_0003708,Celeb-DF v2,Celeb-synthesis/id35_id30_0007.mp4,1,399,848,466,FMP4,2.0,DeepFake,Celeb-synthesis,id35,id30,,CELEB_COMPONENT_000,,train
CELEBDF_0003709,Celeb-DF v2,Celeb-synthesis/id35_id30_0008.mp4,1,209,848,466,FMP4,0.83,DeepFake,Celeb-synthesis,id35,id30,,CELEB_COMPONENT_000,,train
CELEBDF_0003710,Celeb-DF v2,Celeb-synthesis/id35_id30_0009.mp4,1,321,848,466,FMP4,1.52,DeepFake,Celeb-synthesis,id35,id30,,CELEB_COMPONENT_000,,train
CELEBDF_0003711,Celeb-DF v2,Celeb-synthesis/id35_id31_0000.mp4,1,487,848,466,FMP4,2.5,DeepFake,Celeb-synthesis,id35,id31,,CELEB_COMPONENT_000,,train
CELEBDF_0003712,Celeb-DF v2,Celeb-synthesis/id35_id31_0002.mp4,1,380,848,466,FMP4,1.27,DeepFake,Celeb-synthesis,id35,id31,,CELEB_COMPONENT_000,,train
CELEBDF_0003713,Celeb-DF v2,Celeb-synthesis/id35_id31_0003.mp4,1,454,848,466,FMP4,1.24,DeepFake,Celeb-synthesis,id35,id31,,CELEB_COMPONENT_000,,train
CELEBDF_0003714,Celeb-DF v2,Celeb-synthesis/id35_id31_0006.mp4,1,228,848,466,FMP4,0.78,DeepFake,Celeb-synthesis,id35,id31,,CELEB_COMPONENT_000,,train
CELEBDF_0003715,Celeb-DF v2,Celeb-synthesis/id35_id31_0007.mp4,1,399,848,466,FMP4,1.74,DeepFake,Celeb-synthesis,id35,id31,,CELEB_COMPONENT_000,,train
CELEBDF_0003716,Celeb-DF v2,Celeb-synthesis/id35_id31_0008.mp4,1,209,848,466,FMP4,0.83,DeepFake,Celeb-synthesis,id35,id31,,CELEB_COMPONENT_000,,train
CELEBDF_0003717,Celeb-DF v2,Celeb-synthesis/id35_id31_0009.mp4,1,321,848,466,FMP4,1.43,DeepFake,Celeb-synthesis,id35,id31,,CELEB_COMPONENT_000,,train
CELEBDF_0003718,Celeb-DF v2,Celeb-synthesis/id35_id32_0000.mp4,1,487,848,466,FMP4,2.5,DeepFake,Celeb-synthesis,id35,id32,,CELEB_COMPONENT_000,,train
CELEBDF_0003719,Celeb-DF v2,Celeb-synthesis/id35_id32_0001.mp4,1,508,848,466,FMP4,2.08,DeepFake,Celeb-synthesis,id35,id32,,CELEB_COMPONENT_000,,train
CELEBDF_0003720,Celeb-DF v2,Celeb-synthesis/id35_id32_0002.mp4,1,380,848,466,FMP4,1.27,DeepFake,Celeb-synthesis,id35,id32,,CELEB_COMPONENT_000,,train
CELEBDF_0003721,Celeb-DF v2,Celeb-synthesis/id35_id32_0003.mp4,1,454,848,466,FMP4,1.24,DeepFake,Celeb-synthesis,id35,id32,,CELEB_COMPONENT_000,,train
CELEBDF_0003722,Celeb-DF v2,Celeb-synthesis/id35_id32_0004.mp4,1,256,848,466,FMP4,0.94,DeepFake,Celeb-synthesis,id35,id32,,CELEB_COMPONENT_000,,train
CELEBDF_0003723,Celeb-DF v2,Celeb-synthesis/id35_id32_0005.mp4,1,295,848,466,FMP4,1.34,DeepFake,Celeb-synthesis,id35,id32,,CELEB_COMPONENT_000,,train
CELEBDF_0003724,Celeb-DF v2,Celeb-synthesis/id35_id32_0006.mp4,1,228,848,466,FMP4,0.91,DeepFake,Celeb-synthesis,id35,id32,,CELEB_COMPONENT_000,,train
CELEBDF_0003725,Celeb-DF v2,Celeb-synthesis/id35_id32_0007.mp4,1,399,848,466,FMP4,1.75,DeepFake,Celeb-synthesis,id35,id32,,CELEB_COMPONENT_000,,train
CELEBDF_0003726,Celeb-DF v2,Celeb-synthesis/id35_id32_0008.mp4,1,209,848,466,FMP4,0.83,DeepFake,Celeb-synthesis,id35,id32,,CELEB_COMPONENT_000,,train
CELEBDF_0003727,Celeb-DF v2,Celeb-synthesis/id35_id32_0009.mp4,1,321,848,466,FMP4,1.52,DeepFake,Celeb-synthesis,id35,id32,,CELEB_COMPONENT_000,,train
CELEBDF_0003728,Celeb-DF v2,Celeb-synthesis/id35_id33_0000.mp4,1,487,848,466,FMP4,2.5,DeepFake,Celeb-synthesis,id35,id33,,CELEB_COMPONENT_000,,train
CELEBDF_0003729,Celeb-DF v2,Celeb-synthesis/id35_id33_0001.mp4,1,508,848,466,FMP4,2.08,DeepFake,Celeb-synthesis,id35,id33,,CELEB_COMPONENT_000,,train
CELEBDF_0003730,Celeb-DF v2,Celeb-synthesis/id35_id33_0002.mp4,1,380,848,466,FMP4,1.27,DeepFake,Celeb-synthesis,id35,id33,,CELEB_COMPONENT_000,,train
CELEBDF_0003731,Celeb-DF v2,Celeb-synthesis/id35_id33_0003.mp4,1,454,848,466,FMP4,1.24,DeepFake,Celeb-synthesis,id35,id33,,CELEB_COMPONENT_000,,train
CELEBDF_0003732,Celeb-DF v2,Celeb-synthesis/id35_id33_0004.mp4,1,256,848,466,FMP4,0.93,DeepFake,Celeb-synthesis,id35,id33,,CELEB_COMPONENT_000,,train
CELEBDF_0003733,Celeb-DF v2,Celeb-synthesis/id35_id33_0005.mp4,1,295,848,466,FMP4,1.34,DeepFake,Celeb-synthesis,id35,id33,,CELEB_COMPONENT_000,,train
CELEBDF_0003734,Celeb-DF v2,Celeb-synthesis/id35_id33_0006.mp4,1,228,848,466,FMP4,0.9,DeepFake,Celeb-synthesis,id35,id33,,CELEB_COMPONENT_000,,train
CELEBDF_0003735,Celeb-DF v2,Celeb-synthesis/id35_id33_0007.mp4,1,399,848,466,FMP4,2.0,DeepFake,Celeb-synthesis,id35,id33,,CELEB_COMPONENT_000,,train
CELEBDF_0003736,Celeb-DF v2,Celeb-synthesis/id35_id33_0008.mp4,1,209,848,466,FMP4,0.83,DeepFake,Celeb-synthesis,id35,id33,,CELEB_COMPONENT_000,,train
CELEBDF_0003737,Celeb-DF v2,Celeb-synthesis/id35_id33_0009.mp4,1,321,848,466,FMP4,1.52,DeepFake,Celeb-synthesis,id35,id33,,CELEB_COMPONENT_000,,train
CELEBDF_0003738,Celeb-DF v2,Celeb-synthesis/id35_id34_0000.mp4,1,487,848,466,FMP4,2.5,DeepFake,Celeb-synthesis,id35,id34,,CELEB_COMPONENT_000,,train
CELEBDF_0003739,Celeb-DF v2,Celeb-synthesis/id35_id34_0001.mp4,1,508,848,466,FMP4,2.08,DeepFake,Celeb-synthesis,id35,id34,,CELEB_COMPONENT_000,,train
CELEBDF_0003740,Celeb-DF v2,Celeb-synthesis/id35_id34_0002.mp4,1,380,848,466,FMP4,1.16,DeepFake,Celeb-synthesis,id35,id34,,CELEB_COMPONENT_000,,train
CELEBDF_0003741,Celeb-DF v2,Celeb-synthesis/id35_id34_0004.mp4,1,256,848,466,FMP4,0.93,DeepFake,Celeb-synthesis,id35,id34,,CELEB_COMPONENT_000,,train
CELEBDF_0003742,Celeb-DF v2,Celeb-synthesis/id35_id34_0005.mp4,1,295,848,466,FMP4,1.34,DeepFake,Celeb-synthesis,id35,id34,,CELEB_COMPONENT_000,,train
CELEBDF_0003743,Celeb-DF v2,Celeb-synthesis/id35_id34_0006.mp4,1,228,848,466,FMP4,0.91,DeepFake,Celeb-synthesis,id35,id34,,CELEB_COMPONENT_000,,train
CELEBDF_0003744,Celeb-DF v2,Celeb-synthesis/id35_id34_0007.mp4,1,399,848,466,FMP4,2.0,DeepFake,Celeb-synthesis,id35,id34,,CELEB_COMPONENT_000,,train
CELEBDF_0003745,Celeb-DF v2,Celeb-synthesis/id35_id34_0008.mp4,1,209,848,466,FMP4,0.83,DeepFake,Celeb-synthesis,id35,id34,,CELEB_COMPONENT_000,,train
CELEBDF_0003746,Celeb-DF v2,Celeb-synthesis/id35_id34_0009.mp4,1,321,848,466,FMP4,1.52,DeepFake,Celeb-synthesis,id35,id34,,CELEB_COMPONENT_000,,train
CELEBDF_0003747,Celeb-DF v2,Celeb-synthesis/id35_id37_0000.mp4,1,487,848,466,FMP4,2.51,DeepFake,Celeb-synthesis,id35,id37,,CELEB_COMPONENT_000,,train
CELEBDF_0003748,Celeb-DF v2,Celeb-synthesis/id35_id37_0001.mp4,1,508,848,466,FMP4,2.09,DeepFake,Celeb-synthesis,id35,id37,,CELEB_COMPONENT_000,,train
CELEBDF_0003749,Celeb-DF v2,Celeb-synthesis/id35_id37_0002.mp4,1,380,848,466,FMP4,1.27,DeepFake,Celeb-synthesis,id35,id37,,CELEB_COMPONENT_000,,train
CELEBDF_0003750,Celeb-DF v2,Celeb-synthesis/id35_id37_0003.mp4,1,454,848,466,FMP4,1.25,DeepFake,Celeb-synthesis,id35,id37,,CELEB_COMPONENT_000,,train
CELEBDF_0003751,Celeb-DF v2,Celeb-synthesis/id35_id37_0005.mp4,1,295,848,466,FMP4,1.34,DeepFake,Celeb-synthesis,id35,id37,,CELEB_COMPONENT_000,,train
CELEBDF_0003752,Celeb-DF v2,Celeb-synthesis/id35_id37_0006.mp4,1,228,848,466,FMP4,0.91,DeepFake,Celeb-synthesis,id35,id37,,CELEB_COMPONENT_000,,train
CELEBDF_0003753,Celeb-DF v2,Celeb-synthesis/id35_id37_0007.mp4,1,399,848,466,FMP4,2.01,DeepFake,Celeb-synthesis,id35,id37,,CELEB_COMPONENT_000,,train
CELEBDF_0003754,Celeb-DF v2,Celeb-synthesis/id35_id37_0008.mp4,1,209,848,466,FMP4,0.84,DeepFake,Celeb-synthesis,id35,id37,,CELEB_COMPONENT_000,,train
CELEBDF_0003755,Celeb-DF v2,Celeb-synthesis/id35_id37_0009.mp4,1,321,848,466,FMP4,1.52,DeepFake,Celeb-synthesis,id35,id37,,CELEB_COMPONENT_000,,train
CELEBDF_0003756,Celeb-DF v2,Celeb-synthesis/id35_id38_0000.mp4,1,487,848,466,FMP4,2.5,DeepFake,Celeb-synthesis,id35,id38,,CELEB_COMPONENT_000,,train
CELEBDF_0003757,Celeb-DF v2,Celeb-synthesis/id35_id38_0001.mp4,1,508,848,466,FMP4,2.08,DeepFake,Celeb-synthesis,id35,id38,,CELEB_COMPONENT_000,,train
CELEBDF_0003758,Celeb-DF v2,Celeb-synthesis/id35_id38_0002.mp4,1,380,848,466,FMP4,1.26,DeepFake,Celeb-synthesis,id35,id38,,CELEB_COMPONENT_000,,train
CELEBDF_0003759,Celeb-DF v2,Celeb-synthesis/id35_id38_0004.mp4,1,256,848,466,FMP4,0.93,DeepFake,Celeb-synthesis,id35,id38,,CELEB_COMPONENT_000,,train
CELEBDF_0003760,Celeb-DF v2,Celeb-synthesis/id35_id38_0005.mp4,1,295,848,466,FMP4,1.33,DeepFake,Celeb-synthesis,id35,id38,,CELEB_COMPONENT_000,,train
CELEBDF_0003761,Celeb-DF v2,Celeb-synthesis/id35_id38_0006.mp4,1,228,848,466,FMP4,0.9,DeepFake,Celeb-synthesis,id35,id38,,CELEB_COMPONENT_000,,train
CELEBDF_0003762,Celeb-DF v2,Celeb-synthesis/id35_id38_0007.mp4,1,399,848,466,FMP4,2.0,DeepFake,Celeb-synthesis,id35,id38,,CELEB_COMPONENT_000,,train
CELEBDF_0003763,Celeb-DF v2,Celeb-synthesis/id35_id38_0008.mp4,1,209,848,466,FMP4,0.83,DeepFake,Celeb-synthesis,id35,id38,,CELEB_COMPONENT_000,,train
CELEBDF_0003764,Celeb-DF v2,Celeb-synthesis/id35_id38_0009.mp4,1,321,848,466,FMP4,1.51,DeepFake,Celeb-synthesis,id35,id38,,CELEB_COMPONENT_000,,train
CELEBDF_0003765,Celeb-DF v2,Celeb-synthesis/id35_id3_0000.mp4,1,487,848,466,FMP4,2.51,DeepFake,Celeb-synthesis,id35,id3,,CELEB_COMPONENT_000,,train
CELEBDF_0003766,Celeb-DF v2,Celeb-synthesis/id35_id3_0001.mp4,1,508,848,466,FMP4,2.09,DeepFake,Celeb-synthesis,id35,id3,,CELEB_COMPONENT_000,,train
CELEBDF_0003767,Celeb-DF v2,Celeb-synthesis/id35_id3_0002.mp4,1,380,848,466,FMP4,1.28,DeepFake,Celeb-synthesis,id35,id3,,CELEB_COMPONENT_000,,train
CELEBDF_0003768,Celeb-DF v2,Celeb-synthesis/id35_id3_0003.mp4,1,454,848,466,FMP4,1.24,DeepFake,Celeb-synthesis,id35,id3,,CELEB_COMPONENT_000,,train
CELEBDF_0003769,Celeb-DF v2,Celeb-synthesis/id35_id3_0006.mp4,1,228,848,466,FMP4,0.91,DeepFake,Celeb-synthesis,id35,id3,,CELEB_COMPONENT_000,,train
CELEBDF_0003770,Celeb-DF v2,Celeb-synthesis/id35_id3_0007.mp4,1,399,848,466,FMP4,2.01,DeepFake,Celeb-synthesis,id35,id3,,CELEB_COMPONENT_000,,train
CELEBDF_0003771,Celeb-DF v2,Celeb-synthesis/id35_id3_0008.mp4,1,209,848,466,FMP4,0.84,DeepFake,Celeb-synthesis,id35,id3,,CELEB_COMPONENT_000,,train
CELEBDF_0003772,Celeb-DF v2,Celeb-synthesis/id35_id3_0009.mp4,1,321,848,466,FMP4,1.52,DeepFake,Celeb-synthesis,id35,id3,,CELEB_COMPONENT_000,,train
CELEBDF_0003773,Celeb-DF v2,Celeb-synthesis/id35_id4_0000.mp4,1,487,848,466,FMP4,2.49,DeepFake,Celeb-synthesis,id35,id4,,CELEB_COMPONENT_000,,train
CELEBDF_0003774,Celeb-DF v2,Celeb-synthesis/id35_id4_0001.mp4,1,508,848,466,FMP4,2.07,DeepFake,Celeb-synthesis,id35,id4,,CELEB_COMPONENT_000,,train
CELEBDF_0003775,Celeb-DF v2,Celeb-synthesis/id35_id4_0002.mp4,1,380,848,466,FMP4,1.26,DeepFake,Celeb-synthesis,id35,id4,,CELEB_COMPONENT_000,,train
CELEBDF_0003776,Celeb-DF v2,Celeb-synthesis/id35_id4_0003.mp4,1,454,848,466,FMP4,1.23,DeepFake,Celeb-synthesis,id35,id4,,CELEB_COMPONENT_000,,train
CELEBDF_0003777,Celeb-DF v2,Celeb-synthesis/id35_id4_0006.mp4,1,228,848,466,FMP4,0.9,DeepFake,Celeb-synthesis,id35,id4,,CELEB_COMPONENT_000,,train
CELEBDF_0003778,Celeb-DF v2,Celeb-synthesis/id35_id4_0007.mp4,1,399,848,466,FMP4,2.0,DeepFake,Celeb-synthesis,id35,id4,,CELEB_COMPONENT_000,,train
CELEBDF_0003779,Celeb-DF v2,Celeb-synthesis/id35_id4_0008.mp4,1,209,848,466,FMP4,0.83,DeepFake,Celeb-synthesis,id35,id4,,CELEB_COMPONENT_000,,train
CELEBDF_0003780,Celeb-DF v2,Celeb-synthesis/id35_id4_0009.mp4,1,321,848,466,FMP4,1.52,DeepFake,Celeb-synthesis,id35,id4,,CELEB_COMPONENT_000,,train
CELEBDF_0003781,Celeb-DF v2,Celeb-synthesis/id35_id6_0000.mp4,1,487,848,466,FMP4,2.5,DeepFake,Celeb-synthesis,id35,id6,,CELEB_COMPONENT_000,,train
CELEBDF_0003782,Celeb-DF v2,Celeb-synthesis/id35_id6_0001.mp4,1,508,848,466,FMP4,2.07,DeepFake,Celeb-synthesis,id35,id6,,CELEB_COMPONENT_000,,train
CELEBDF_0003783,Celeb-DF v2,Celeb-synthesis/id35_id6_0002.mp4,1,380,848,466,FMP4,1.27,DeepFake,Celeb-synthesis,id35,id6,,CELEB_COMPONENT_000,,train
CELEBDF_0003784,Celeb-DF v2,Celeb-synthesis/id35_id6_0003.mp4,1,454,848,466,FMP4,1.24,DeepFake,Celeb-synthesis,id35,id6,,CELEB_COMPONENT_000,,train
CELEBDF_0003785,Celeb-DF v2,Celeb-synthesis/id35_id6_0006.mp4,1,228,848,466,FMP4,0.9,DeepFake,Celeb-synthesis,id35,id6,,CELEB_COMPONENT_000,,train
CELEBDF_0003786,Celeb-DF v2,Celeb-synthesis/id35_id6_0007.mp4,1,399,848,466,FMP4,2.0,DeepFake,Celeb-synthesis,id35,id6,,CELEB_COMPONENT_000,,train
CELEBDF_0003787,Celeb-DF v2,Celeb-synthesis/id35_id6_0008.mp4,1,209,848,466,FMP4,0.83,DeepFake,Celeb-synthesis,id35,id6,,CELEB_COMPONENT_000,,train
CELEBDF_0003788,Celeb-DF v2,Celeb-synthesis/id35_id6_0009.mp4,1,321,848,466,FMP4,1.51,DeepFake,Celeb-synthesis,id35,id6,,CELEB_COMPONENT_000,,train
CELEBDF_0003789,Celeb-DF v2,Celeb-synthesis/id35_id9_0000.mp4,1,487,848,466,FMP4,2.52,DeepFake,Celeb-synthesis,id35,id9,,CELEB_COMPONENT_000,,train
CELEBDF_0003790,Celeb-DF v2,Celeb-synthesis/id35_id9_0001.mp4,1,508,848,466,FMP4,2.09,DeepFake,Celeb-synthesis,id35,id9,,CELEB_COMPONENT_000,,train
CELEBDF_0003791,Celeb-DF v2,Celeb-synthesis/id35_id9_0002.mp4,1,380,848,466,FMP4,1.28,DeepFake,Celeb-synthesis,id35,id9,,CELEB_COMPONENT_000,,train
CELEBDF_0003792,Celeb-DF v2,Celeb-synthesis/id35_id9_0003.mp4,1,454,848,466,FMP4,1.27,DeepFake,Celeb-synthesis,id35,id9,,CELEB_COMPONENT_000,,train
CELEBDF_0003793,Celeb-DF v2,Celeb-synthesis/id35_id9_0004.mp4,1,256,848,466,FMP4,0.94,DeepFake,Celeb-synthesis,id35,id9,,CELEB_COMPONENT_000,,train
CELEBDF_0003794,Celeb-DF v2,Celeb-synthesis/id35_id9_0005.mp4,1,295,848,466,FMP4,1.36,DeepFake,Celeb-synthesis,id35,id9,,CELEB_COMPONENT_000,,train
CELEBDF_0003795,Celeb-DF v2,Celeb-synthesis/id35_id9_0006.mp4,1,228,848,466,FMP4,0.92,DeepFake,Celeb-synthesis,id35,id9,,CELEB_COMPONENT_000,,train
CELEBDF_0003796,Celeb-DF v2,Celeb-synthesis/id35_id9_0007.mp4,1,399,848,466,FMP4,2.01,DeepFake,Celeb-synthesis,id35,id9,,CELEB_COMPONENT_000,,train
CELEBDF_0003797,Celeb-DF v2,Celeb-synthesis/id35_id9_0008.mp4,1,209,848,466,FMP4,0.83,DeepFake,Celeb-synthesis,id35,id9,,CELEB_COMPONENT_000,,train
CELEBDF_0003798,Celeb-DF v2,Celeb-synthesis/id35_id9_0009.mp4,1,321,848,466,FMP4,1.52,DeepFake,Celeb-synthesis,id35,id9,,CELEB_COMPONENT_000,,train
CELEBDF_0003799,Celeb-DF v2,Celeb-synthesis/id37_id16_0000.mp4,1,502,856,478,FMP4,1.75,DeepFake,Celeb-synthesis,id37,id16,,CELEB_COMPONENT_000,,train
CELEBDF_0003800,Celeb-DF v2,Celeb-synthesis/id37_id16_0001.mp4,1,290,856,478,FMP4,1.31,DeepFake,Celeb-synthesis,id37,id16,,CELEB_COMPONENT_000,,train
CELEBDF_0003801,Celeb-DF v2,Celeb-synthesis/id37_id16_0002.mp4,1,458,856,478,FMP4,1.76,DeepFake,Celeb-synthesis,id37,id16,,CELEB_COMPONENT_000,,train
CELEBDF_0003802,Celeb-DF v2,Celeb-synthesis/id37_id16_0003.mp4,1,353,856,478,FMP4,1.24,DeepFake,Celeb-synthesis,id37,id16,,CELEB_COMPONENT_000,,train
CELEBDF_0003803,Celeb-DF v2,Celeb-synthesis/id37_id16_0005.mp4,1,458,856,478,FMP4,0.86,DeepFake,Celeb-synthesis,id37,id16,,CELEB_COMPONENT_000,,train
CELEBDF_0003804,Celeb-DF v2,Celeb-synthesis/id37_id16_0006.mp4,1,454,856,478,FMP4,1.4,DeepFake,Celeb-synthesis,id37,id16,,CELEB_COMPONENT_000,,train
CELEBDF_0003805,Celeb-DF v2,Celeb-synthesis/id37_id16_0008.mp4,1,483,856,478,FMP4,1.67,DeepFake,Celeb-synthesis,id37,id16,,CELEB_COMPONENT_000,,train
CELEBDF_0003806,Celeb-DF v2,Celeb-synthesis/id37_id17_0000.mp4,1,502,856,478,FMP4,1.74,DeepFake,Celeb-synthesis,id37,id17,,CELEB_COMPONENT_000,,train
CELEBDF_0003807,Celeb-DF v2,Celeb-synthesis/id37_id17_0001.mp4,1,290,856,478,FMP4,1.31,DeepFake,Celeb-synthesis,id37,id17,,CELEB_COMPONENT_000,,train
CELEBDF_0003808,Celeb-DF v2,Celeb-synthesis/id37_id17_0002.mp4,1,458,856,478,FMP4,1.74,DeepFake,Celeb-synthesis,id37,id17,,CELEB_COMPONENT_000,,train
CELEBDF_0003809,Celeb-DF v2,Celeb-synthesis/id37_id17_0003.mp4,1,353,856,478,FMP4,1.24,DeepFake,Celeb-synthesis,id37,id17,,CELEB_COMPONENT_000,,train
CELEBDF_0003810,Celeb-DF v2,Celeb-synthesis/id37_id17_0005.mp4,1,458,856,478,FMP4,0.85,DeepFake,Celeb-synthesis,id37,id17,,CELEB_COMPONENT_000,,train
CELEBDF_0003811,Celeb-DF v2,Celeb-synthesis/id37_id17_0007.mp4,1,473,856,478,FMP4,1.67,DeepFake,Celeb-synthesis,id37,id17,,CELEB_COMPONENT_000,,train
CELEBDF_0003812,Celeb-DF v2,Celeb-synthesis/id37_id17_0009.mp4,1,473,856,478,FMP4,1.41,DeepFake,Celeb-synthesis,id37,id17,,CELEB_COMPONENT_000,,train
CELEBDF_0003813,Celeb-DF v2,Celeb-synthesis/id37_id1_0001.mp4,1,290,856,478,FMP4,1.31,DeepFake,Celeb-synthesis,id37,id1,,CELEB_COMPONENT_000,,train
CELEBDF_0003814,Celeb-DF v2,Celeb-synthesis/id37_id1_0002.mp4,1,458,856,478,FMP4,1.74,DeepFake,Celeb-synthesis,id37,id1,,CELEB_COMPONENT_000,,train
CELEBDF_0003815,Celeb-DF v2,Celeb-synthesis/id37_id1_0003.mp4,1,353,856,478,FMP4,1.25,DeepFake,Celeb-synthesis,id37,id1,,CELEB_COMPONENT_000,,train
CELEBDF_0003816,Celeb-DF v2,Celeb-synthesis/id37_id1_0004.mp4,1,370,856,478,FMP4,1.07,DeepFake,Celeb-synthesis,id37,id1,,CELEB_COMPONENT_000,,train
CELEBDF_0003817,Celeb-DF v2,Celeb-synthesis/id37_id1_0005.mp4,1,458,856,478,FMP4,0.85,DeepFake,Celeb-synthesis,id37,id1,,CELEB_COMPONENT_000,,train
CELEBDF_0003818,Celeb-DF v2,Celeb-synthesis/id37_id1_0007.mp4,1,473,856,478,FMP4,1.67,DeepFake,Celeb-synthesis,id37,id1,,CELEB_COMPONENT_000,,train
CELEBDF_0003819,Celeb-DF v2,Celeb-synthesis/id37_id1_0008.mp4,1,483,856,478,FMP4,1.66,DeepFake,Celeb-synthesis,id37,id1,,CELEB_COMPONENT_000,,train
CELEBDF_0003820,Celeb-DF v2,Celeb-synthesis/id37_id1_0009.mp4,1,473,856,478,FMP4,1.41,DeepFake,Celeb-synthesis,id37,id1,,CELEB_COMPONENT_000,,train
CELEBDF_0003821,Celeb-DF v2,Celeb-synthesis/id37_id20_0000.mp4,1,502,856,478,FMP4,1.75,DeepFake,Celeb-synthesis,id37,id20,,CELEB_COMPONENT_000,,train
CELEBDF_0003822,Celeb-DF v2,Celeb-synthesis/id37_id20_0001.mp4,1,290,856,478,FMP4,1.32,DeepFake,Celeb-synthesis,id37,id20,,CELEB_COMPONENT_000,,train
CELEBDF_0003823,Celeb-DF v2,Celeb-synthesis/id37_id20_0002.mp4,1,458,856,478,FMP4,1.78,DeepFake,Celeb-synthesis,id37,id20,,CELEB_COMPONENT_000,,train
CELEBDF_0003824,Celeb-DF v2,Celeb-synthesis/id37_id20_0004.mp4,1,370,856,478,FMP4,1.1,DeepFake,Celeb-synthesis,id37,id20,,CELEB_COMPONENT_000,,train
CELEBDF_0003825,Celeb-DF v2,Celeb-synthesis/id37_id20_0005.mp4,1,458,856,478,FMP4,0.85,DeepFake,Celeb-synthesis,id37,id20,,CELEB_COMPONENT_000,,train
CELEBDF_0003826,Celeb-DF v2,Celeb-synthesis/id37_id20_0008.mp4,1,483,856,478,FMP4,1.66,DeepFake,Celeb-synthesis,id37,id20,,CELEB_COMPONENT_000,,train
CELEBDF_0003827,Celeb-DF v2,Celeb-synthesis/id37_id21_0000.mp4,1,502,856,478,FMP4,1.74,DeepFake,Celeb-synthesis,id37,id21,,CELEB_COMPONENT_000,,train
CELEBDF_0003828,Celeb-DF v2,Celeb-synthesis/id37_id21_0001.mp4,1,290,856,478,FMP4,1.31,DeepFake,Celeb-synthesis,id37,id21,,CELEB_COMPONENT_000,,train
CELEBDF_0003829,Celeb-DF v2,Celeb-synthesis/id37_id21_0002.mp4,1,458,856,478,FMP4,1.75,DeepFake,Celeb-synthesis,id37,id21,,CELEB_COMPONENT_000,,train
CELEBDF_0003830,Celeb-DF v2,Celeb-synthesis/id37_id21_0005.mp4,1,458,856,478,FMP4,0.77,DeepFake,Celeb-synthesis,id37,id21,,CELEB_COMPONENT_000,,train
CELEBDF_0003831,Celeb-DF v2,Celeb-synthesis/id37_id21_0006.mp4,1,454,856,478,FMP4,1.41,DeepFake,Celeb-synthesis,id37,id21,,CELEB_COMPONENT_000,,train
CELEBDF_0003832,Celeb-DF v2,Celeb-synthesis/id37_id21_0007.mp4,1,473,856,478,FMP4,1.69,DeepFake,Celeb-synthesis,id37,id21,,CELEB_COMPONENT_000,,train
CELEBDF_0003833,Celeb-DF v2,Celeb-synthesis/id37_id21_0008.mp4,1,483,856,478,FMP4,1.66,DeepFake,Celeb-synthesis,id37,id21,,CELEB_COMPONENT_000,,train
CELEBDF_0003834,Celeb-DF v2,Celeb-synthesis/id37_id21_0009.mp4,1,473,856,478,FMP4,1.41,DeepFake,Celeb-synthesis,id37,id21,,CELEB_COMPONENT_000,,train
CELEBDF_0003835,Celeb-DF v2,Celeb-synthesis/id37_id23_0002.mp4,1,458,856,478,FMP4,1.74,DeepFake,Celeb-synthesis,id37,id23,,CELEB_COMPONENT_000,,train
CELEBDF_0003836,Celeb-DF v2,Celeb-synthesis/id37_id23_0003.mp4,1,353,856,478,FMP4,1.24,DeepFake,Celeb-synthesis,id37,id23,,CELEB_COMPONENT_000,,train
CELEBDF_0003837,Celeb-DF v2,Celeb-synthesis/id37_id23_0005.mp4,1,458,856,478,FMP4,0.84,DeepFake,Celeb-synthesis,id37,id23,,CELEB_COMPONENT_000,,train
CELEBDF_0003838,Celeb-DF v2,Celeb-synthesis/id37_id23_0008.mp4,1,483,856,478,FMP4,1.64,DeepFake,Celeb-synthesis,id37,id23,,CELEB_COMPONENT_000,,train
CELEBDF_0003839,Celeb-DF v2,Celeb-synthesis/id37_id26_0000.mp4,1,502,856,478,FMP4,1.72,DeepFake,Celeb-synthesis,id37,id26,,CELEB_COMPONENT_000,,train
CELEBDF_0003840,Celeb-DF v2,Celeb-synthesis/id37_id26_0001.mp4,1,290,856,478,FMP4,1.31,DeepFake,Celeb-synthesis,id37,id26,,CELEB_COMPONENT_000,,train
CELEBDF_0003841,Celeb-DF v2,Celeb-synthesis/id37_id26_0002.mp4,1,458,856,478,FMP4,1.73,DeepFake,Celeb-synthesis,id37,id26,,CELEB_COMPONENT_000,,train
CELEBDF_0003842,Celeb-DF v2,Celeb-synthesis/id37_id26_0003.mp4,1,353,856,478,FMP4,1.23,DeepFake,Celeb-synthesis,id37,id26,,CELEB_COMPONENT_000,,train
CELEBDF_0003843,Celeb-DF v2,Celeb-synthesis/id37_id26_0005.mp4,1,458,856,478,FMP4,0.84,DeepFake,Celeb-synthesis,id37,id26,,CELEB_COMPONENT_000,,train
CELEBDF_0003844,Celeb-DF v2,Celeb-synthesis/id37_id26_0006.mp4,1,454,856,478,FMP4,1.39,DeepFake,Celeb-synthesis,id37,id26,,CELEB_COMPONENT_000,,train
CELEBDF_0003845,Celeb-DF v2,Celeb-synthesis/id37_id26_0007.mp4,1,473,856,478,FMP4,1.67,DeepFake,Celeb-synthesis,id37,id26,,CELEB_COMPONENT_000,,train
CELEBDF_0003846,Celeb-DF v2,Celeb-synthesis/id37_id26_0008.mp4,1,483,856,478,FMP4,1.66,DeepFake,Celeb-synthesis,id37,id26,,CELEB_COMPONENT_000,,train
CELEBDF_0003847,Celeb-DF v2,Celeb-synthesis/id37_id26_0009.mp4,1,473,856,478,FMP4,1.4,DeepFake,Celeb-synthesis,id37,id26,,CELEB_COMPONENT_000,,train
CELEBDF_0003848,Celeb-DF v2,Celeb-synthesis/id37_id28_0000.mp4,1,502,856,478,FMP4,1.75,DeepFake,Celeb-synthesis,id37,id28,,CELEB_COMPONENT_000,,train
CELEBDF_0003849,Celeb-DF v2,Celeb-synthesis/id37_id28_0001.mp4,1,290,856,478,FMP4,1.31,DeepFake,Celeb-synthesis,id37,id28,,CELEB_COMPONENT_000,,train
CELEBDF_0003850,Celeb-DF v2,Celeb-synthesis/id37_id28_0002.mp4,1,458,856,478,FMP4,1.76,DeepFake,Celeb-synthesis,id37,id28,,CELEB_COMPONENT_000,,train
CELEBDF_0003851,Celeb-DF v2,Celeb-synthesis/id37_id28_0003.mp4,1,353,856,478,FMP4,1.24,DeepFake,Celeb-synthesis,id37,id28,,CELEB_COMPONENT_000,,train
CELEBDF_0003852,Celeb-DF v2,Celeb-synthesis/id37_id28_0004.mp4,1,370,856,478,FMP4,1.1,DeepFake,Celeb-synthesis,id37,id28,,CELEB_COMPONENT_000,,train
CELEBDF_0003853,Celeb-DF v2,Celeb-synthesis/id37_id28_0006.mp4,1,454,856,478,FMP4,1.41,DeepFake,Celeb-synthesis,id37,id28,,CELEB_COMPONENT_000,,train
CELEBDF_0003854,Celeb-DF v2,Celeb-synthesis/id37_id28_0007.mp4,1,473,856,478,FMP4,1.63,DeepFake,Celeb-synthesis,id37,id28,,CELEB_COMPONENT_000,,train
CELEBDF_0003855,Celeb-DF v2,Celeb-synthesis/id37_id28_0008.mp4,1,483,856,478,FMP4,1.66,DeepFake,Celeb-synthesis,id37,id28,,CELEB_COMPONENT_000,,train
CELEBDF_0003856,Celeb-DF v2,Celeb-synthesis/id37_id29_0000.mp4,1,502,856,478,FMP4,1.73,DeepFake,Celeb-synthesis,id37,id29,,CELEB_COMPONENT_000,,train
CELEBDF_0003857,Celeb-DF v2,Celeb-synthesis/id37_id29_0001.mp4,1,290,856,478,FMP4,1.31,DeepFake,Celeb-synthesis,id37,id29,,CELEB_COMPONENT_000,,train
CELEBDF_0003858,Celeb-DF v2,Celeb-synthesis/id37_id29_0002.mp4,1,458,856,478,FMP4,1.74,DeepFake,Celeb-synthesis,id37,id29,,CELEB_COMPONENT_000,,train
CELEBDF_0003859,Celeb-DF v2,Celeb-synthesis/id37_id29_0003.mp4,1,353,856,478,FMP4,1.23,DeepFake,Celeb-synthesis,id37,id29,,CELEB_COMPONENT_000,,train
CELEBDF_0003860,Celeb-DF v2,Celeb-synthesis/id37_id29_0005.mp4,1,458,856,478,FMP4,0.85,DeepFake,Celeb-synthesis,id37,id29,,CELEB_COMPONENT_000,,train
CELEBDF_0003861,Celeb-DF v2,Celeb-synthesis/id37_id29_0006.mp4,1,454,856,478,FMP4,1.4,DeepFake,Celeb-synthesis,id37,id29,,CELEB_COMPONENT_000,,train
CELEBDF_0003862,Celeb-DF v2,Celeb-synthesis/id37_id29_0007.mp4,1,473,856,478,FMP4,1.67,DeepFake,Celeb-synthesis,id37,id29,,CELEB_COMPONENT_000,,train
CELEBDF_0003863,Celeb-DF v2,Celeb-synthesis/id37_id29_0008.mp4,1,483,856,478,FMP4,1.65,DeepFake,Celeb-synthesis,id37,id29,,CELEB_COMPONENT_000,,train
CELEBDF_0003864,Celeb-DF v2,Celeb-synthesis/id37_id29_0009.mp4,1,473,856,478,FMP4,1.41,DeepFake,Celeb-synthesis,id37,id29,,CELEB_COMPONENT_000,,train
CELEBDF_0003865,Celeb-DF v2,Celeb-synthesis/id37_id2_0000.mp4,1,502,856,478,FMP4,1.76,DeepFake,Celeb-synthesis,id37,id2,,CELEB_COMPONENT_000,,train
CELEBDF_0003866,Celeb-DF v2,Celeb-synthesis/id37_id2_0001.mp4,1,290,856,478,FMP4,1.31,DeepFake,Celeb-synthesis,id37,id2,,CELEB_COMPONENT_000,,train
CELEBDF_0003867,Celeb-DF v2,Celeb-synthesis/id37_id2_0002.mp4,1,458,856,478,FMP4,1.78,DeepFake,Celeb-synthesis,id37,id2,,CELEB_COMPONENT_000,,train
CELEBDF_0003868,Celeb-DF v2,Celeb-synthesis/id37_id2_0003.mp4,1,353,856,478,FMP4,1.25,DeepFake,Celeb-synthesis,id37,id2,,CELEB_COMPONENT_000,,train
CELEBDF_0003869,Celeb-DF v2,Celeb-synthesis/id37_id2_0004.mp4,1,370,856,478,FMP4,1.11,DeepFake,Celeb-synthesis,id37,id2,,CELEB_COMPONENT_000,,train
CELEBDF_0003870,Celeb-DF v2,Celeb-synthesis/id37_id2_0005.mp4,1,458,856,478,FMP4,0.86,DeepFake,Celeb-synthesis,id37,id2,,CELEB_COMPONENT_000,,train
CELEBDF_0003871,Celeb-DF v2,Celeb-synthesis/id37_id2_0006.mp4,1,454,856,478,FMP4,1.43,DeepFake,Celeb-synthesis,id37,id2,,CELEB_COMPONENT_000,,train
CELEBDF_0003872,Celeb-DF v2,Celeb-synthesis/id37_id2_0007.mp4,1,473,856,478,FMP4,1.7,DeepFake,Celeb-synthesis,id37,id2,,CELEB_COMPONENT_000,,train
CELEBDF_0003873,Celeb-DF v2,Celeb-synthesis/id37_id2_0008.mp4,1,483,856,478,FMP4,1.68,DeepFake,Celeb-synthesis,id37,id2,,CELEB_COMPONENT_000,,train
CELEBDF_0003874,Celeb-DF v2,Celeb-synthesis/id37_id2_0009.mp4,1,473,856,478,FMP4,1.41,DeepFake,Celeb-synthesis,id37,id2,,CELEB_COMPONENT_000,,train
CELEBDF_0003875,Celeb-DF v2,Celeb-synthesis/id37_id30_0000.mp4,1,502,856,478,FMP4,1.74,DeepFake,Celeb-synthesis,id37,id30,,CELEB_COMPONENT_000,,train
CELEBDF_0003876,Celeb-DF v2,Celeb-synthesis/id37_id30_0001.mp4,1,290,856,478,FMP4,1.31,DeepFake,Celeb-synthesis,id37,id30,,CELEB_COMPONENT_000,,train
CELEBDF_0003877,Celeb-DF v2,Celeb-synthesis/id37_id30_0002.mp4,1,458,856,478,FMP4,1.75,DeepFake,Celeb-synthesis,id37,id30,,CELEB_COMPONENT_000,,train
CELEBDF_0003878,Celeb-DF v2,Celeb-synthesis/id37_id30_0003.mp4,1,353,856,478,FMP4,1.23,DeepFake,Celeb-synthesis,id37,id30,,CELEB_COMPONENT_000,,train
CELEBDF_0003879,Celeb-DF v2,Celeb-synthesis/id37_id30_0004.mp4,1,370,856,478,FMP4,1.09,DeepFake,Celeb-synthesis,id37,id30,,CELEB_COMPONENT_000,,train
CELEBDF_0003880,Celeb-DF v2,Celeb-synthesis/id37_id30_0005.mp4,1,458,856,478,FMP4,0.85,DeepFake,Celeb-synthesis,id37,id30,,CELEB_COMPONENT_000,,train
CELEBDF_0003881,Celeb-DF v2,Celeb-synthesis/id37_id30_0006.mp4,1,454,856,478,FMP4,1.39,DeepFake,Celeb-synthesis,id37,id30,,CELEB_COMPONENT_000,,train
CELEBDF_0003882,Celeb-DF v2,Celeb-synthesis/id37_id30_0007.mp4,1,473,856,478,FMP4,1.68,DeepFake,Celeb-synthesis,id37,id30,,CELEB_COMPONENT_000,,train
CELEBDF_0003883,Celeb-DF v2,Celeb-synthesis/id37_id30_0008.mp4,1,483,856,478,FMP4,1.66,DeepFake,Celeb-synthesis,id37,id30,,CELEB_COMPONENT_000,,train
CELEBDF_0003884,Celeb-DF v2,Celeb-synthesis/id37_id31_0000.mp4,1,502,856,478,FMP4,1.73,DeepFake,Celeb-synthesis,id37,id31,,CELEB_COMPONENT_000,,train
CELEBDF_0003885,Celeb-DF v2,Celeb-synthesis/id37_id31_0001.mp4,1,290,856,478,FMP4,1.31,DeepFake,Celeb-synthesis,id37,id31,,CELEB_COMPONENT_000,,train
CELEBDF_0003886,Celeb-DF v2,Celeb-synthesis/id37_id31_0002.mp4,1,458,856,478,FMP4,1.73,DeepFake,Celeb-synthesis,id37,id31,,CELEB_COMPONENT_000,,train
CELEBDF_0003887,Celeb-DF v2,Celeb-synthesis/id37_id31_0003.mp4,1,353,856,478,FMP4,1.23,DeepFake,Celeb-synthesis,id37,id31,,CELEB_COMPONENT_000,,train
CELEBDF_0003888,Celeb-DF v2,Celeb-synthesis/id37_id31_0004.mp4,1,370,856,478,FMP4,1.08,DeepFake,Celeb-synthesis,id37,id31,,CELEB_COMPONENT_000,,train
CELEBDF_0003889,Celeb-DF v2,Celeb-synthesis/id37_id31_0005.mp4,1,458,856,478,FMP4,0.84,DeepFake,Celeb-synthesis,id37,id31,,CELEB_COMPONENT_000,,train
CELEBDF_0003890,Celeb-DF v2,Celeb-synthesis/id37_id31_0006.mp4,1,454,856,478,FMP4,1.39,DeepFake,Celeb-synthesis,id37,id31,,CELEB_COMPONENT_000,,train
CELEBDF_0003891,Celeb-DF v2,Celeb-synthesis/id37_id31_0007.mp4,1,473,856,478,FMP4,1.67,DeepFake,Celeb-synthesis,id37,id31,,CELEB_COMPONENT_000,,train
CELEBDF_0003892,Celeb-DF v2,Celeb-synthesis/id37_id31_0008.mp4,1,483,856,478,FMP4,1.54,DeepFake,Celeb-synthesis,id37,id31,,CELEB_COMPONENT_000,,train
CELEBDF_0003893,Celeb-DF v2,Celeb-synthesis/id37_id31_0009.mp4,1,473,856,478,FMP4,1.4,DeepFake,Celeb-synthesis,id37,id31,,CELEB_COMPONENT_000,,train
CELEBDF_0003894,Celeb-DF v2,Celeb-synthesis/id37_id32_0000.mp4,1,502,856,478,FMP4,1.74,DeepFake,Celeb-synthesis,id37,id32,,CELEB_COMPONENT_000,,train
CELEBDF_0003895,Celeb-DF v2,Celeb-synthesis/id37_id32_0001.mp4,1,290,856,478,FMP4,1.32,DeepFake,Celeb-synthesis,id37,id32,,CELEB_COMPONENT_000,,train
CELEBDF_0003896,Celeb-DF v2,Celeb-synthesis/id37_id32_0002.mp4,1,458,856,478,FMP4,1.76,DeepFake,Celeb-synthesis,id37,id32,,CELEB_COMPONENT_000,,train
CELEBDF_0003897,Celeb-DF v2,Celeb-synthesis/id37_id32_0003.mp4,1,353,856,478,FMP4,1.24,DeepFake,Celeb-synthesis,id37,id32,,CELEB_COMPONENT_000,,train
CELEBDF_0003898,Celeb-DF v2,Celeb-synthesis/id37_id32_0004.mp4,1,370,856,478,FMP4,1.09,DeepFake,Celeb-synthesis,id37,id32,,CELEB_COMPONENT_000,,train
CELEBDF_0003899,Celeb-DF v2,Celeb-synthesis/id37_id32_0005.mp4,1,458,856,478,FMP4,0.86,DeepFake,Celeb-synthesis,id37,id32,,CELEB_COMPONENT_000,,train
CELEBDF_0003900,Celeb-DF v2,Celeb-synthesis/id37_id32_0006.mp4,1,454,856,478,FMP4,1.4,DeepFake,Celeb-synthesis,id37,id32,,CELEB_COMPONENT_000,,train
CELEBDF_0003901,Celeb-DF v2,Celeb-synthesis/id37_id32_0007.mp4,1,473,856,478,FMP4,1.68,DeepFake,Celeb-synthesis,id37,id32,,CELEB_COMPONENT_000,,train
CELEBDF_0003902,Celeb-DF v2,Celeb-synthesis/id37_id32_0008.mp4,1,483,856,478,FMP4,1.66,DeepFake,Celeb-synthesis,id37,id32,,CELEB_COMPONENT_000,,train
CELEBDF_0003903,Celeb-DF v2,Celeb-synthesis/id37_id33_0000.mp4,1,502,856,478,FMP4,1.74,DeepFake,Celeb-synthesis,id37,id33,,CELEB_COMPONENT_000,,train
CELEBDF_0003904,Celeb-DF v2,Celeb-synthesis/id37_id33_0001.mp4,1,290,856,478,FMP4,1.31,DeepFake,Celeb-synthesis,id37,id33,,CELEB_COMPONENT_000,,train
CELEBDF_0003905,Celeb-DF v2,Celeb-synthesis/id37_id33_0002.mp4,1,458,856,478,FMP4,1.75,DeepFake,Celeb-synthesis,id37,id33,,CELEB_COMPONENT_000,,train
CELEBDF_0003906,Celeb-DF v2,Celeb-synthesis/id37_id33_0003.mp4,1,353,856,478,FMP4,1.24,DeepFake,Celeb-synthesis,id37,id33,,CELEB_COMPONENT_000,,train
CELEBDF_0003907,Celeb-DF v2,Celeb-synthesis/id37_id33_0005.mp4,1,458,856,478,FMP4,0.85,DeepFake,Celeb-synthesis,id37,id33,,CELEB_COMPONENT_000,,train
CELEBDF_0003908,Celeb-DF v2,Celeb-synthesis/id37_id33_0006.mp4,1,454,856,478,FMP4,1.4,DeepFake,Celeb-synthesis,id37,id33,,CELEB_COMPONENT_000,,train
CELEBDF_0003909,Celeb-DF v2,Celeb-synthesis/id37_id33_0007.mp4,1,473,856,478,FMP4,1.67,DeepFake,Celeb-synthesis,id37,id33,,CELEB_COMPONENT_000,,train
CELEBDF_0003910,Celeb-DF v2,Celeb-synthesis/id37_id33_0008.mp4,1,483,856,478,FMP4,1.65,DeepFake,Celeb-synthesis,id37,id33,,CELEB_COMPONENT_000,,train
CELEBDF_0003911,Celeb-DF v2,Celeb-synthesis/id37_id33_0009.mp4,1,473,856,478,FMP4,1.41,DeepFake,Celeb-synthesis,id37,id33,,CELEB_COMPONENT_000,,train
CELEBDF_0003912,Celeb-DF v2,Celeb-synthesis/id37_id34_0000.mp4,1,502,856,478,FMP4,1.74,DeepFake,Celeb-synthesis,id37,id34,,CELEB_COMPONENT_000,,train
CELEBDF_0003913,Celeb-DF v2,Celeb-synthesis/id37_id34_0001.mp4,1,290,856,478,FMP4,1.31,DeepFake,Celeb-synthesis,id37,id34,,CELEB_COMPONENT_000,,train
CELEBDF_0003914,Celeb-DF v2,Celeb-synthesis/id37_id34_0002.mp4,1,458,856,478,FMP4,1.75,DeepFake,Celeb-synthesis,id37,id34,,CELEB_COMPONENT_000,,train
CELEBDF_0003915,Celeb-DF v2,Celeb-synthesis/id37_id34_0003.mp4,1,353,856,478,FMP4,1.24,DeepFake,Celeb-synthesis,id37,id34,,CELEB_COMPONENT_000,,train
CELEBDF_0003916,Celeb-DF v2,Celeb-synthesis/id37_id34_0005.mp4,1,458,856,478,FMP4,0.85,DeepFake,Celeb-synthesis,id37,id34,,CELEB_COMPONENT_000,,train
CELEBDF_0003917,Celeb-DF v2,Celeb-synthesis/id37_id34_0006.mp4,1,454,856,478,FMP4,1.4,DeepFake,Celeb-synthesis,id37,id34,,CELEB_COMPONENT_000,,train
CELEBDF_0003918,Celeb-DF v2,Celeb-synthesis/id37_id34_0008.mp4,1,483,856,478,FMP4,1.55,DeepFake,Celeb-synthesis,id37,id34,,CELEB_COMPONENT_000,,train
CELEBDF_0003919,Celeb-DF v2,Celeb-synthesis/id37_id35_0000.mp4,1,502,856,478,FMP4,1.72,DeepFake,Celeb-synthesis,id37,id35,,CELEB_COMPONENT_000,,train
CELEBDF_0003920,Celeb-DF v2,Celeb-synthesis/id37_id35_0001.mp4,1,290,856,478,FMP4,1.2,DeepFake,Celeb-synthesis,id37,id35,,CELEB_COMPONENT_000,,train
CELEBDF_0003921,Celeb-DF v2,Celeb-synthesis/id37_id35_0002.mp4,1,458,856,478,FMP4,1.73,DeepFake,Celeb-synthesis,id37,id35,,CELEB_COMPONENT_000,,train
CELEBDF_0003922,Celeb-DF v2,Celeb-synthesis/id37_id35_0003.mp4,1,353,856,478,FMP4,1.23,DeepFake,Celeb-synthesis,id37,id35,,CELEB_COMPONENT_000,,train
CELEBDF_0003923,Celeb-DF v2,Celeb-synthesis/id37_id35_0004.mp4,1,370,856,478,FMP4,1.07,DeepFake,Celeb-synthesis,id37,id35,,CELEB_COMPONENT_000,,train
CELEBDF_0003924,Celeb-DF v2,Celeb-synthesis/id37_id35_0005.mp4,1,458,856,478,FMP4,0.84,DeepFake,Celeb-synthesis,id37,id35,,CELEB_COMPONENT_000,,train
CELEBDF_0003925,Celeb-DF v2,Celeb-synthesis/id37_id35_0007.mp4,1,473,856,478,FMP4,1.67,DeepFake,Celeb-synthesis,id37,id35,,CELEB_COMPONENT_000,,train
CELEBDF_0003926,Celeb-DF v2,Celeb-synthesis/id37_id35_0008.mp4,1,483,856,478,FMP4,1.65,DeepFake,Celeb-synthesis,id37,id35,,CELEB_COMPONENT_000,,train
CELEBDF_0003927,Celeb-DF v2,Celeb-synthesis/id37_id35_0009.mp4,1,473,856,478,FMP4,1.4,DeepFake,Celeb-synthesis,id37,id35,,CELEB_COMPONENT_000,,train
CELEBDF_0003928,Celeb-DF v2,Celeb-synthesis/id37_id38_0000.mp4,1,502,856,478,FMP4,1.72,DeepFake,Celeb-synthesis,id37,id38,,CELEB_COMPONENT_000,,train
CELEBDF_0003929,Celeb-DF v2,Celeb-synthesis/id37_id38_0001.mp4,1,290,856,478,FMP4,1.3,DeepFake,Celeb-synthesis,id37,id38,,CELEB_COMPONENT_000,,train
CELEBDF_0003930,Celeb-DF v2,Celeb-synthesis/id37_id38_0003.mp4,1,353,856,478,FMP4,1.22,DeepFake,Celeb-synthesis,id37,id38,,CELEB_COMPONENT_000,,train
CELEBDF_0003931,Celeb-DF v2,Celeb-synthesis/id37_id38_0005.mp4,1,458,856,478,FMP4,0.84,DeepFake,Celeb-synthesis,id37,id38,,CELEB_COMPONENT_000,,train
CELEBDF_0003932,Celeb-DF v2,Celeb-synthesis/id37_id38_0007.mp4,1,473,856,478,FMP4,1.66,DeepFake,Celeb-synthesis,id37,id38,,CELEB_COMPONENT_000,,train
CELEBDF_0003933,Celeb-DF v2,Celeb-synthesis/id37_id38_0008.mp4,1,483,856,478,FMP4,1.65,DeepFake,Celeb-synthesis,id37,id38,,CELEB_COMPONENT_000,,train
CELEBDF_0003934,Celeb-DF v2,Celeb-synthesis/id37_id38_0009.mp4,1,473,856,478,FMP4,1.4,DeepFake,Celeb-synthesis,id37,id38,,CELEB_COMPONENT_000,,train
CELEBDF_0003935,Celeb-DF v2,Celeb-synthesis/id37_id3_0000.mp4,1,502,856,478,FMP4,1.76,DeepFake,Celeb-synthesis,id37,id3,,CELEB_COMPONENT_000,,train
CELEBDF_0003936,Celeb-DF v2,Celeb-synthesis/id37_id3_0001.mp4,1,290,856,478,FMP4,1.31,DeepFake,Celeb-synthesis,id37,id3,,CELEB_COMPONENT_000,,train
CELEBDF_0003937,Celeb-DF v2,Celeb-synthesis/id37_id3_0002.mp4,1,458,856,478,FMP4,1.78,DeepFake,Celeb-synthesis,id37,id3,,CELEB_COMPONENT_000,,train
CELEBDF_0003938,Celeb-DF v2,Celeb-synthesis/id37_id3_0003.mp4,1,353,856,478,FMP4,1.25,DeepFake,Celeb-synthesis,id37,id3,,CELEB_COMPONENT_000,,train
CELEBDF_0003939,Celeb-DF v2,Celeb-synthesis/id37_id3_0004.mp4,1,370,856,478,FMP4,1.1,DeepFake,Celeb-synthesis,id37,id3,,CELEB_COMPONENT_000,,train
CELEBDF_0003940,Celeb-DF v2,Celeb-synthesis/id37_id3_0005.mp4,1,458,856,478,FMP4,0.87,DeepFake,Celeb-synthesis,id37,id3,,CELEB_COMPONENT_000,,train
CELEBDF_0003941,Celeb-DF v2,Celeb-synthesis/id37_id3_0006.mp4,1,454,856,478,FMP4,1.4,DeepFake,Celeb-synthesis,id37,id3,,CELEB_COMPONENT_000,,train
CELEBDF_0003942,Celeb-DF v2,Celeb-synthesis/id37_id3_0007.mp4,1,473,856,478,FMP4,1.7,DeepFake,Celeb-synthesis,id37,id3,,CELEB_COMPONENT_000,,train
CELEBDF_0003943,Celeb-DF v2,Celeb-synthesis/id37_id3_0008.mp4,1,483,856,478,FMP4,1.68,DeepFake,Celeb-synthesis,id37,id3,,CELEB_COMPONENT_000,,train
CELEBDF_0003944,Celeb-DF v2,Celeb-synthesis/id37_id3_0009.mp4,1,473,856,478,FMP4,1.41,DeepFake,Celeb-synthesis,id37,id3,,CELEB_COMPONENT_000,,train
CELEBDF_0003945,Celeb-DF v2,Celeb-synthesis/id37_id4_0000.mp4,1,502,856,478,FMP4,1.72,DeepFake,Celeb-synthesis,id37,id4,,CELEB_COMPONENT_000,,train
CELEBDF_0003946,Celeb-DF v2,Celeb-synthesis/id37_id4_0001.mp4,1,290,856,478,FMP4,1.31,DeepFake,Celeb-synthesis,id37,id4,,CELEB_COMPONENT_000,,train
CELEBDF_0003947,Celeb-DF v2,Celeb-synthesis/id37_id4_0002.mp4,1,458,856,478,FMP4,1.74,DeepFake,Celeb-synthesis,id37,id4,,CELEB_COMPONENT_000,,train
CELEBDF_0003948,Celeb-DF v2,Celeb-synthesis/id37_id4_0003.mp4,1,353,856,478,FMP4,1.23,DeepFake,Celeb-synthesis,id37,id4,,CELEB_COMPONENT_000,,train
CELEBDF_0003949,Celeb-DF v2,Celeb-synthesis/id37_id4_0004.mp4,1,370,856,478,FMP4,1.07,DeepFake,Celeb-synthesis,id37,id4,,CELEB_COMPONENT_000,,train
CELEBDF_0003950,Celeb-DF v2,Celeb-synthesis/id37_id4_0005.mp4,1,458,856,478,FMP4,0.85,DeepFake,Celeb-synthesis,id37,id4,,CELEB_COMPONENT_000,,train
CELEBDF_0003951,Celeb-DF v2,Celeb-synthesis/id37_id4_0006.mp4,1,454,856,478,FMP4,1.39,DeepFake,Celeb-synthesis,id37,id4,,CELEB_COMPONENT_000,,train
CELEBDF_0003952,Celeb-DF v2,Celeb-synthesis/id37_id4_0007.mp4,1,473,856,478,FMP4,1.68,DeepFake,Celeb-synthesis,id37,id4,,CELEB_COMPONENT_000,,train
CELEBDF_0003953,Celeb-DF v2,Celeb-synthesis/id37_id4_0008.mp4,1,483,856,478,FMP4,1.65,DeepFake,Celeb-synthesis,id37,id4,,CELEB_COMPONENT_000,,train
CELEBDF_0003954,Celeb-DF v2,Celeb-synthesis/id37_id4_0009.mp4,1,473,856,478,FMP4,1.4,DeepFake,Celeb-synthesis,id37,id4,,CELEB_COMPONENT_000,,train
CELEBDF_0003955,Celeb-DF v2,Celeb-synthesis/id37_id6_0000.mp4,1,502,856,478,FMP4,1.74,DeepFake,Celeb-synthesis,id37,id6,,CELEB_COMPONENT_000,,train
CELEBDF_0003956,Celeb-DF v2,Celeb-synthesis/id37_id6_0001.mp4,1,290,856,478,FMP4,1.31,DeepFake,Celeb-synthesis,id37,id6,,CELEB_COMPONENT_000,,train
CELEBDF_0003957,Celeb-DF v2,Celeb-synthesis/id37_id6_0002.mp4,1,458,856,478,FMP4,1.75,DeepFake,Celeb-synthesis,id37,id6,,CELEB_COMPONENT_000,,train
CELEBDF_0003958,Celeb-DF v2,Celeb-synthesis/id37_id6_0003.mp4,1,353,856,478,FMP4,1.24,DeepFake,Celeb-synthesis,id37,id6,,CELEB_COMPONENT_000,,train
CELEBDF_0003959,Celeb-DF v2,Celeb-synthesis/id37_id6_0005.mp4,1,458,856,478,FMP4,0.85,DeepFake,Celeb-synthesis,id37,id6,,CELEB_COMPONENT_000,,train
CELEBDF_0003960,Celeb-DF v2,Celeb-synthesis/id37_id6_0006.mp4,1,454,856,478,FMP4,1.4,DeepFake,Celeb-synthesis,id37,id6,,CELEB_COMPONENT_000,,train
CELEBDF_0003961,Celeb-DF v2,Celeb-synthesis/id37_id6_0007.mp4,1,473,856,478,FMP4,1.68,DeepFake,Celeb-synthesis,id37,id6,,CELEB_COMPONENT_000,,train
CELEBDF_0003962,Celeb-DF v2,Celeb-synthesis/id37_id6_0008.mp4,1,483,856,478,FMP4,1.66,DeepFake,Celeb-synthesis,id37,id6,,CELEB_COMPONENT_000,,train
CELEBDF_0003963,Celeb-DF v2,Celeb-synthesis/id37_id9_0000.mp4,1,502,856,478,FMP4,1.74,DeepFake,Celeb-synthesis,id37,id9,,CELEB_COMPONENT_000,,train
CELEBDF_0003964,Celeb-DF v2,Celeb-synthesis/id37_id9_0001.mp4,1,290,856,478,FMP4,1.32,DeepFake,Celeb-synthesis,id37,id9,,CELEB_COMPONENT_000,,train
CELEBDF_0003965,Celeb-DF v2,Celeb-synthesis/id37_id9_0002.mp4,1,458,856,478,FMP4,1.77,DeepFake,Celeb-synthesis,id37,id9,,CELEB_COMPONENT_000,,train
CELEBDF_0003966,Celeb-DF v2,Celeb-synthesis/id37_id9_0003.mp4,1,353,856,478,FMP4,1.26,DeepFake,Celeb-synthesis,id37,id9,,CELEB_COMPONENT_000,,train
CELEBDF_0003967,Celeb-DF v2,Celeb-synthesis/id37_id9_0005.mp4,1,458,856,478,FMP4,0.86,DeepFake,Celeb-synthesis,id37,id9,,CELEB_COMPONENT_000,,train
CELEBDF_0003968,Celeb-DF v2,Celeb-synthesis/id37_id9_0007.mp4,1,473,856,478,FMP4,1.7,DeepFake,Celeb-synthesis,id37,id9,,CELEB_COMPONENT_000,,train
CELEBDF_0003969,Celeb-DF v2,Celeb-synthesis/id37_id9_0008.mp4,1,483,856,478,FMP4,1.68,DeepFake,Celeb-synthesis,id37,id9,,CELEB_COMPONENT_000,,train
CELEBDF_0003970,Celeb-DF v2,Celeb-synthesis/id37_id9_0009.mp4,1,473,856,478,FMP4,1.41,DeepFake,Celeb-synthesis,id37,id9,,CELEB_COMPONENT_000,,train
CELEBDF_0003971,Celeb-DF v2,Celeb-synthesis/id38_id20_0000.mp4,1,466,856,478,FMP4,2.36,DeepFake,Celeb-synthesis,id38,id20,,CELEB_COMPONENT_000,,train
CELEBDF_0003972,Celeb-DF v2,Celeb-synthesis/id38_id20_0002.mp4,1,301,856,478,FMP4,1.88,DeepFake,Celeb-synthesis,id38,id20,,CELEB_COMPONENT_000,,train
CELEBDF_0003973,Celeb-DF v2,Celeb-synthesis/id38_id20_0005.mp4,1,459,856,478,FMP4,1.41,DeepFake,Celeb-synthesis,id38,id20,,CELEB_COMPONENT_000,,train
CELEBDF_0003974,Celeb-DF v2,Celeb-synthesis/id38_id21_0000.mp4,1,466,856,478,FMP4,2.35,DeepFake,Celeb-synthesis,id38,id21,,CELEB_COMPONENT_000,,train
CELEBDF_0003975,Celeb-DF v2,Celeb-synthesis/id38_id21_0001.mp4,1,261,856,478,FMP4,1.45,DeepFake,Celeb-synthesis,id38,id21,,CELEB_COMPONENT_000,,train
CELEBDF_0003976,Celeb-DF v2,Celeb-synthesis/id38_id21_0004.mp4,1,457,856,478,FMP4,1.67,DeepFake,Celeb-synthesis,id38,id21,,CELEB_COMPONENT_000,,train
CELEBDF_0003977,Celeb-DF v2,Celeb-synthesis/id38_id21_0005.mp4,1,459,856,478,FMP4,1.41,DeepFake,Celeb-synthesis,id38,id21,,CELEB_COMPONENT_000,,train
CELEBDF_0003978,Celeb-DF v2,Celeb-synthesis/id38_id21_0008.mp4,1,492,856,478,FMP4,1.68,DeepFake,Celeb-synthesis,id38,id21,,CELEB_COMPONENT_000,,train
CELEBDF_0003979,Celeb-DF v2,Celeb-synthesis/id38_id23_0000.mp4,1,466,856,478,FMP4,2.35,DeepFake,Celeb-synthesis,id38,id23,,CELEB_COMPONENT_000,,train
CELEBDF_0003980,Celeb-DF v2,Celeb-synthesis/id38_id23_0001.mp4,1,261,856,478,FMP4,1.45,DeepFake,Celeb-synthesis,id38,id23,,CELEB_COMPONENT_000,,train
CELEBDF_0003981,Celeb-DF v2,Celeb-synthesis/id38_id23_0002.mp4,1,301,856,478,FMP4,1.87,DeepFake,Celeb-synthesis,id38,id23,,CELEB_COMPONENT_000,,train
CELEBDF_0003982,Celeb-DF v2,Celeb-synthesis/id38_id23_0004.mp4,1,457,856,478,FMP4,1.67,DeepFake,Celeb-synthesis,id38,id23,,CELEB_COMPONENT_000,,train
CELEBDF_0003983,Celeb-DF v2,Celeb-synthesis/id38_id23_0005.mp4,1,459,856,478,FMP4,1.39,DeepFake,Celeb-synthesis,id38,id23,,CELEB_COMPONENT_000,,train
CELEBDF_0003984,Celeb-DF v2,Celeb-synthesis/id38_id23_0006.mp4,1,467,856,478,FMP4,2.31,DeepFake,Celeb-synthesis,id38,id23,,CELEB_COMPONENT_000,,train
CELEBDF_0003985,Celeb-DF v2,Celeb-synthesis/id38_id23_0007.mp4,1,456,856,478,FMP4,1.8,DeepFake,Celeb-synthesis,id38,id23,,CELEB_COMPONENT_000,,train
CELEBDF_0003986,Celeb-DF v2,Celeb-synthesis/id38_id23_0009.mp4,1,585,856,478,FMP4,2.15,DeepFake,Celeb-synthesis,id38,id23,,CELEB_COMPONENT_000,,train
CELEBDF_0003987,Celeb-DF v2,Celeb-synthesis/id38_id26_0000.mp4,1,466,856,478,FMP4,2.35,DeepFake,Celeb-synthesis,id38,id26,,CELEB_COMPONENT_000,,train
CELEBDF_0003988,Celeb-DF v2,Celeb-synthesis/id38_id26_0001.mp4,1,261,856,478,FMP4,1.45,DeepFake,Celeb-synthesis,id38,id26,,CELEB_COMPONENT_000,,train
CELEBDF_0003989,Celeb-DF v2,Celeb-synthesis/id38_id26_0004.mp4,1,457,856,478,FMP4,1.67,DeepFake,Celeb-synthesis,id38,id26,,CELEB_COMPONENT_000,,train
CELEBDF_0003990,Celeb-DF v2,Celeb-synthesis/id38_id26_0005.mp4,1,459,856,478,FMP4,1.41,DeepFake,Celeb-synthesis,id38,id26,,CELEB_COMPONENT_000,,train
CELEBDF_0003991,Celeb-DF v2,Celeb-synthesis/id38_id26_0006.mp4,1,467,856,478,FMP4,2.31,DeepFake,Celeb-synthesis,id38,id26,,CELEB_COMPONENT_000,,train
CELEBDF_0003992,Celeb-DF v2,Celeb-synthesis/id38_id26_0007.mp4,1,456,856,478,FMP4,1.8,DeepFake,Celeb-synthesis,id38,id26,,CELEB_COMPONENT_000,,train
CELEBDF_0003993,Celeb-DF v2,Celeb-synthesis/id38_id26_0008.mp4,1,492,856,478,FMP4,1.68,DeepFake,Celeb-synthesis,id38,id26,,CELEB_COMPONENT_000,,train
CELEBDF_0003994,Celeb-DF v2,Celeb-synthesis/id38_id28_0001.mp4,1,261,856,478,FMP4,1.46,DeepFake,Celeb-synthesis,id38,id28,,CELEB_COMPONENT_000,,train
CELEBDF_0003995,Celeb-DF v2,Celeb-synthesis/id38_id28_0002.mp4,1,301,856,478,FMP4,1.88,DeepFake,Celeb-synthesis,id38,id28,,CELEB_COMPONENT_000,,train
CELEBDF_0003996,Celeb-DF v2,Celeb-synthesis/id38_id28_0003.mp4,1,475,856,478,FMP4,1.81,DeepFake,Celeb-synthesis,id38,id28,,CELEB_COMPONENT_000,,train
CELEBDF_0003997,Celeb-DF v2,Celeb-synthesis/id38_id28_0004.mp4,1,457,856,478,FMP4,1.68,DeepFake,Celeb-synthesis,id38,id28,,CELEB_COMPONENT_000,,train
CELEBDF_0003998,Celeb-DF v2,Celeb-synthesis/id38_id28_0005.mp4,1,459,856,478,FMP4,1.41,DeepFake,Celeb-synthesis,id38,id28,,CELEB_COMPONENT_000,,train
CELEBDF_0003999,Celeb-DF v2,Celeb-synthesis/id38_id28_0006.mp4,1,467,856,478,FMP4,2.31,DeepFake,Celeb-synthesis,id38,id28,,CELEB_COMPONENT_000,,train
CELEBDF_0004000,Celeb-DF v2,Celeb-synthesis/id38_id28_0007.mp4,1,456,856,478,FMP4,1.81,DeepFake,Celeb-synthesis,id38,id28,,CELEB_COMPONENT_000,,train
CELEBDF_0004001,Celeb-DF v2,Celeb-synthesis/id38_id28_0008.mp4,1,492,856,478,FMP4,1.68,DeepFake,Celeb-synthesis,id38,id28,,CELEB_COMPONENT_000,,train
CELEBDF_0004002,Celeb-DF v2,Celeb-synthesis/id38_id28_0009.mp4,1,585,856,478,FMP4,2.15,DeepFake,Celeb-synthesis,id38,id28,,CELEB_COMPONENT_000,,train
CELEBDF_0004003,Celeb-DF v2,Celeb-synthesis/id38_id29_0000.mp4,1,466,856,478,FMP4,2.35,DeepFake,Celeb-synthesis,id38,id29,,CELEB_COMPONENT_000,,train
CELEBDF_0004004,Celeb-DF v2,Celeb-synthesis/id38_id29_0001.mp4,1,261,856,478,FMP4,1.45,DeepFake,Celeb-synthesis,id38,id29,,CELEB_COMPONENT_000,,train
CELEBDF_0004005,Celeb-DF v2,Celeb-synthesis/id38_id29_0002.mp4,1,301,856,478,FMP4,1.88,DeepFake,Celeb-synthesis,id38,id29,,CELEB_COMPONENT_000,,train
CELEBDF_0004006,Celeb-DF v2,Celeb-synthesis/id38_id29_0004.mp4,1,457,856,478,FMP4,1.67,DeepFake,Celeb-synthesis,id38,id29,,CELEB_COMPONENT_000,,train
CELEBDF_0004007,Celeb-DF v2,Celeb-synthesis/id38_id29_0005.mp4,1,459,856,478,FMP4,1.4,DeepFake,Celeb-synthesis,id38,id29,,CELEB_COMPONENT_000,,train
CELEBDF_0004008,Celeb-DF v2,Celeb-synthesis/id38_id29_0006.mp4,1,467,856,478,FMP4,2.31,DeepFake,Celeb-synthesis,id38,id29,,CELEB_COMPONENT_000,,train
CELEBDF_0004009,Celeb-DF v2,Celeb-synthesis/id38_id29_0007.mp4,1,456,856,478,FMP4,1.8,DeepFake,Celeb-synthesis,id38,id29,,CELEB_COMPONENT_000,,train
CELEBDF_0004010,Celeb-DF v2,Celeb-synthesis/id38_id29_0008.mp4,1,492,856,478,FMP4,1.68,DeepFake,Celeb-synthesis,id38,id29,,CELEB_COMPONENT_000,,train
CELEBDF_0004011,Celeb-DF v2,Celeb-synthesis/id38_id29_0009.mp4,1,585,856,478,FMP4,2.15,DeepFake,Celeb-synthesis,id38,id29,,CELEB_COMPONENT_000,,train
CELEBDF_0004012,Celeb-DF v2,Celeb-synthesis/id38_id30_0000.mp4,1,466,856,478,FMP4,2.35,DeepFake,Celeb-synthesis,id38,id30,,CELEB_COMPONENT_000,,train
CELEBDF_0004013,Celeb-DF v2,Celeb-synthesis/id38_id30_0001.mp4,1,261,856,478,FMP4,1.45,DeepFake,Celeb-synthesis,id38,id30,,CELEB_COMPONENT_000,,train
CELEBDF_0004014,Celeb-DF v2,Celeb-synthesis/id38_id30_0002.mp4,1,301,856,478,FMP4,1.87,DeepFake,Celeb-synthesis,id38,id30,,CELEB_COMPONENT_000,,train
CELEBDF_0004015,Celeb-DF v2,Celeb-synthesis/id38_id30_0003.mp4,1,475,856,478,FMP4,1.81,DeepFake,Celeb-synthesis,id38,id30,,CELEB_COMPONENT_000,,train
CELEBDF_0004016,Celeb-DF v2,Celeb-synthesis/id38_id30_0004.mp4,1,457,856,478,FMP4,1.67,DeepFake,Celeb-synthesis,id38,id30,,CELEB_COMPONENT_000,,train
CELEBDF_0004017,Celeb-DF v2,Celeb-synthesis/id38_id30_0005.mp4,1,459,856,478,FMP4,1.41,DeepFake,Celeb-synthesis,id38,id30,,CELEB_COMPONENT_000,,train
CELEBDF_0004018,Celeb-DF v2,Celeb-synthesis/id38_id30_0006.mp4,1,467,856,478,FMP4,2.3,DeepFake,Celeb-synthesis,id38,id30,,CELEB_COMPONENT_000,,train
CELEBDF_0004019,Celeb-DF v2,Celeb-synthesis/id38_id30_0007.mp4,1,456,856,478,FMP4,1.8,DeepFake,Celeb-synthesis,id38,id30,,CELEB_COMPONENT_000,,train
CELEBDF_0004020,Celeb-DF v2,Celeb-synthesis/id38_id30_0008.mp4,1,492,856,478,FMP4,1.68,DeepFake,Celeb-synthesis,id38,id30,,CELEB_COMPONENT_000,,train
CELEBDF_0004021,Celeb-DF v2,Celeb-synthesis/id38_id30_0009.mp4,1,585,856,478,FMP4,2.15,DeepFake,Celeb-synthesis,id38,id30,,CELEB_COMPONENT_000,,train
CELEBDF_0004022,Celeb-DF v2,Celeb-synthesis/id38_id31_0000.mp4,1,466,856,478,FMP4,2.35,DeepFake,Celeb-synthesis,id38,id31,,CELEB_COMPONENT_000,,train
CELEBDF_0004023,Celeb-DF v2,Celeb-synthesis/id38_id31_0001.mp4,1,261,856,478,FMP4,1.45,DeepFake,Celeb-synthesis,id38,id31,,CELEB_COMPONENT_000,,train
CELEBDF_0004024,Celeb-DF v2,Celeb-synthesis/id38_id31_0002.mp4,1,301,856,478,FMP4,1.87,DeepFake,Celeb-synthesis,id38,id31,,CELEB_COMPONENT_000,,train
CELEBDF_0004025,Celeb-DF v2,Celeb-synthesis/id38_id31_0003.mp4,1,475,856,478,FMP4,1.81,DeepFake,Celeb-synthesis,id38,id31,,CELEB_COMPONENT_000,,train
CELEBDF_0004026,Celeb-DF v2,Celeb-synthesis/id38_id31_0004.mp4,1,457,856,478,FMP4,1.67,DeepFake,Celeb-synthesis,id38,id31,,CELEB_COMPONENT_000,,train
CELEBDF_0004027,Celeb-DF v2,Celeb-synthesis/id38_id31_0005.mp4,1,459,856,478,FMP4,1.4,DeepFake,Celeb-synthesis,id38,id31,,CELEB_COMPONENT_000,,train
CELEBDF_0004028,Celeb-DF v2,Celeb-synthesis/id38_id31_0006.mp4,1,467,856,478,FMP4,2.31,DeepFake,Celeb-synthesis,id38,id31,,CELEB_COMPONENT_000,,train
CELEBDF_0004029,Celeb-DF v2,Celeb-synthesis/id38_id31_0007.mp4,1,456,856,478,FMP4,1.8,DeepFake,Celeb-synthesis,id38,id31,,CELEB_COMPONENT_000,,train
CELEBDF_0004030,Celeb-DF v2,Celeb-synthesis/id38_id31_0008.mp4,1,492,856,478,FMP4,1.68,DeepFake,Celeb-synthesis,id38,id31,,CELEB_COMPONENT_000,,train
CELEBDF_0004031,Celeb-DF v2,Celeb-synthesis/id38_id31_0009.mp4,1,585,856,478,FMP4,2.16,DeepFake,Celeb-synthesis,id38,id31,,CELEB_COMPONENT_000,,train
CELEBDF_0004032,Celeb-DF v2,Celeb-synthesis/id38_id32_0001.mp4,1,261,856,478,FMP4,1.45,DeepFake,Celeb-synthesis,id38,id32,,CELEB_COMPONENT_000,,train
CELEBDF_0004033,Celeb-DF v2,Celeb-synthesis/id38_id32_0005.mp4,1,459,856,478,FMP4,1.41,DeepFake,Celeb-synthesis,id38,id32,,CELEB_COMPONENT_000,,train
CELEBDF_0004034,Celeb-DF v2,Celeb-synthesis/id38_id32_0007.mp4,1,456,856,478,FMP4,1.8,DeepFake,Celeb-synthesis,id38,id32,,CELEB_COMPONENT_000,,train
CELEBDF_0004035,Celeb-DF v2,Celeb-synthesis/id38_id32_0008.mp4,1,492,856,478,FMP4,1.69,DeepFake,Celeb-synthesis,id38,id32,,CELEB_COMPONENT_000,,train
CELEBDF_0004036,Celeb-DF v2,Celeb-synthesis/id38_id33_0000.mp4,1,466,856,478,FMP4,2.35,DeepFake,Celeb-synthesis,id38,id33,,CELEB_COMPONENT_000,,train
CELEBDF_0004037,Celeb-DF v2,Celeb-synthesis/id38_id33_0001.mp4,1,261,856,478,FMP4,1.45,DeepFake,Celeb-synthesis,id38,id33,,CELEB_COMPONENT_000,,train
CELEBDF_0004038,Celeb-DF v2,Celeb-synthesis/id38_id33_0002.mp4,1,301,856,478,FMP4,1.88,DeepFake,Celeb-synthesis,id38,id33,,CELEB_COMPONENT_000,,train
CELEBDF_0004039,Celeb-DF v2,Celeb-synthesis/id38_id33_0003.mp4,1,475,856,478,FMP4,1.81,DeepFake,Celeb-synthesis,id38,id33,,CELEB_COMPONENT_000,,train
CELEBDF_0004040,Celeb-DF v2,Celeb-synthesis/id38_id33_0004.mp4,1,457,856,478,FMP4,1.67,DeepFake,Celeb-synthesis,id38,id33,,CELEB_COMPONENT_000,,train
CELEBDF_0004041,Celeb-DF v2,Celeb-synthesis/id38_id33_0005.mp4,1,459,856,478,FMP4,1.21,DeepFake,Celeb-synthesis,id38,id33,,CELEB_COMPONENT_000,,train
CELEBDF_0004042,Celeb-DF v2,Celeb-synthesis/id38_id33_0006.mp4,1,467,856,478,FMP4,2.31,DeepFake,Celeb-synthesis,id38,id33,,CELEB_COMPONENT_000,,train
CELEBDF_0004043,Celeb-DF v2,Celeb-synthesis/id38_id33_0007.mp4,1,456,856,478,FMP4,1.8,DeepFake,Celeb-synthesis,id38,id33,,CELEB_COMPONENT_000,,train
CELEBDF_0004044,Celeb-DF v2,Celeb-synthesis/id38_id33_0008.mp4,1,492,856,478,FMP4,1.68,DeepFake,Celeb-synthesis,id38,id33,,CELEB_COMPONENT_000,,train
CELEBDF_0004045,Celeb-DF v2,Celeb-synthesis/id38_id33_0009.mp4,1,585,856,478,FMP4,2.15,DeepFake,Celeb-synthesis,id38,id33,,CELEB_COMPONENT_000,,train
CELEBDF_0004046,Celeb-DF v2,Celeb-synthesis/id38_id34_0000.mp4,1,466,856,478,FMP4,2.35,DeepFake,Celeb-synthesis,id38,id34,,CELEB_COMPONENT_000,,train
CELEBDF_0004047,Celeb-DF v2,Celeb-synthesis/id38_id34_0001.mp4,1,261,856,478,FMP4,1.44,DeepFake,Celeb-synthesis,id38,id34,,CELEB_COMPONENT_000,,train
CELEBDF_0004048,Celeb-DF v2,Celeb-synthesis/id38_id34_0002.mp4,1,301,856,478,FMP4,1.87,DeepFake,Celeb-synthesis,id38,id34,,CELEB_COMPONENT_000,,train
CELEBDF_0004049,Celeb-DF v2,Celeb-synthesis/id38_id34_0003.mp4,1,475,856,478,FMP4,1.81,DeepFake,Celeb-synthesis,id38,id34,,CELEB_COMPONENT_000,,train
CELEBDF_0004050,Celeb-DF v2,Celeb-synthesis/id38_id34_0004.mp4,1,457,856,478,FMP4,1.49,DeepFake,Celeb-synthesis,id38,id34,,CELEB_COMPONENT_000,,train
CELEBDF_0004051,Celeb-DF v2,Celeb-synthesis/id38_id34_0005.mp4,1,459,856,478,FMP4,1.4,DeepFake,Celeb-synthesis,id38,id34,,CELEB_COMPONENT_000,,train
CELEBDF_0004052,Celeb-DF v2,Celeb-synthesis/id38_id34_0006.mp4,1,467,856,478,FMP4,2.3,DeepFake,Celeb-synthesis,id38,id34,,CELEB_COMPONENT_000,,train
CELEBDF_0004053,Celeb-DF v2,Celeb-synthesis/id38_id34_0007.mp4,1,456,856,478,FMP4,1.8,DeepFake,Celeb-synthesis,id38,id34,,CELEB_COMPONENT_000,,train
CELEBDF_0004054,Celeb-DF v2,Celeb-synthesis/id38_id34_0008.mp4,1,492,856,478,FMP4,1.68,DeepFake,Celeb-synthesis,id38,id34,,CELEB_COMPONENT_000,,train
CELEBDF_0004055,Celeb-DF v2,Celeb-synthesis/id38_id34_0009.mp4,1,585,856,478,FMP4,2.15,DeepFake,Celeb-synthesis,id38,id34,,CELEB_COMPONENT_000,,train
CELEBDF_0004056,Celeb-DF v2,Celeb-synthesis/id38_id35_0000.mp4,1,466,856,478,FMP4,2.35,DeepFake,Celeb-synthesis,id38,id35,,CELEB_COMPONENT_000,,train
CELEBDF_0004057,Celeb-DF v2,Celeb-synthesis/id38_id35_0001.mp4,1,261,856,478,FMP4,1.45,DeepFake,Celeb-synthesis,id38,id35,,CELEB_COMPONENT_000,,train
CELEBDF_0004058,Celeb-DF v2,Celeb-synthesis/id38_id35_0002.mp4,1,301,856,478,FMP4,1.87,DeepFake,Celeb-synthesis,id38,id35,,CELEB_COMPONENT_000,,train
CELEBDF_0004059,Celeb-DF v2,Celeb-synthesis/id38_id35_0003.mp4,1,475,856,478,FMP4,1.81,DeepFake,Celeb-synthesis,id38,id35,,CELEB_COMPONENT_000,,train
CELEBDF_0004060,Celeb-DF v2,Celeb-synthesis/id38_id35_0004.mp4,1,457,856,478,FMP4,1.67,DeepFake,Celeb-synthesis,id38,id35,,CELEB_COMPONENT_000,,train
CELEBDF_0004061,Celeb-DF v2,Celeb-synthesis/id38_id35_0005.mp4,1,459,856,478,FMP4,1.41,DeepFake,Celeb-synthesis,id38,id35,,CELEB_COMPONENT_000,,train
CELEBDF_0004062,Celeb-DF v2,Celeb-synthesis/id38_id35_0006.mp4,1,467,856,478,FMP4,2.31,DeepFake,Celeb-synthesis,id38,id35,,CELEB_COMPONENT_000,,train
CELEBDF_0004063,Celeb-DF v2,Celeb-synthesis/id38_id35_0007.mp4,1,456,856,478,FMP4,1.8,DeepFake,Celeb-synthesis,id38,id35,,CELEB_COMPONENT_000,,train
CELEBDF_0004064,Celeb-DF v2,Celeb-synthesis/id38_id35_0009.mp4,1,585,856,478,FMP4,2.15,DeepFake,Celeb-synthesis,id38,id35,,CELEB_COMPONENT_000,,train
CELEBDF_0004065,Celeb-DF v2,Celeb-synthesis/id38_id37_0000.mp4,1,466,856,478,FMP4,2.36,DeepFake,Celeb-synthesis,id38,id37,,CELEB_COMPONENT_000,,train
CELEBDF_0004066,Celeb-DF v2,Celeb-synthesis/id38_id37_0001.mp4,1,261,856,478,FMP4,1.46,DeepFake,Celeb-synthesis,id38,id37,,CELEB_COMPONENT_000,,train
CELEBDF_0004067,Celeb-DF v2,Celeb-synthesis/id38_id37_0002.mp4,1,301,856,478,FMP4,1.88,DeepFake,Celeb-synthesis,id38,id37,,CELEB_COMPONENT_000,,train
CELEBDF_0004068,Celeb-DF v2,Celeb-synthesis/id38_id37_0003.mp4,1,475,856,478,FMP4,1.81,DeepFake,Celeb-synthesis,id38,id37,,CELEB_COMPONENT_000,,train
CELEBDF_0004069,Celeb-DF v2,Celeb-synthesis/id38_id37_0004.mp4,1,457,856,478,FMP4,1.68,DeepFake,Celeb-synthesis,id38,id37,,CELEB_COMPONENT_000,,train
CELEBDF_0004070,Celeb-DF v2,Celeb-synthesis/id38_id37_0005.mp4,1,459,856,478,FMP4,1.41,DeepFake,Celeb-synthesis,id38,id37,,CELEB_COMPONENT_000,,train
CELEBDF_0004071,Celeb-DF v2,Celeb-synthesis/id38_id37_0006.mp4,1,467,856,478,FMP4,2.32,DeepFake,Celeb-synthesis,id38,id37,,CELEB_COMPONENT_000,,train
CELEBDF_0004072,Celeb-DF v2,Celeb-synthesis/id38_id37_0007.mp4,1,456,856,478,FMP4,1.81,DeepFake,Celeb-synthesis,id38,id37,,CELEB_COMPONENT_000,,train
CELEBDF_0004073,Celeb-DF v2,Celeb-synthesis/id38_id37_0008.mp4,1,492,856,478,FMP4,1.68,DeepFake,Celeb-synthesis,id38,id37,,CELEB_COMPONENT_000,,train
CELEBDF_0004074,Celeb-DF v2,Celeb-synthesis/id38_id37_0009.mp4,1,585,856,478,FMP4,2.16,DeepFake,Celeb-synthesis,id38,id37,,CELEB_COMPONENT_000,,train
CELEBDF_0004075,Celeb-DF v2,Celeb-synthesis/id39_id40_0000.mp4,1,321,840,406,FMP4,0.8,DeepFake,Celeb-synthesis,id39,id40,,CELEB_COMPONENT_002,,test
CELEBDF_0004076,Celeb-DF v2,Celeb-synthesis/id39_id40_0001.mp4,1,315,836,474,FMP4,1.29,DeepFake,Celeb-synthesis,id39,id40,,CELEB_COMPONENT_002,,test
CELEBDF_0004077,Celeb-DF v2,Celeb-synthesis/id39_id40_0002.mp4,1,310,850,476,FMP4,1.41,DeepFake,Celeb-synthesis,id39,id40,,CELEB_COMPONENT_002,,test
CELEBDF_0004078,Celeb-DF v2,Celeb-synthesis/id39_id40_0003.mp4,1,315,850,476,FMP4,1.43,DeepFake,Celeb-synthesis,id39,id40,,CELEB_COMPONENT_002,,test
CELEBDF_0004079,Celeb-DF v2,Celeb-synthesis/id39_id40_0004.mp4,1,280,850,476,FMP4,1.96,DeepFake,Celeb-synthesis,id39,id40,,CELEB_COMPONENT_002,,test
CELEBDF_0004080,Celeb-DF v2,Celeb-synthesis/id39_id40_0005.mp4,1,267,754,500,FMP4,1.11,DeepFake,Celeb-synthesis,id39,id40,,CELEB_COMPONENT_002,,test
CELEBDF_0004081,Celeb-DF v2,Celeb-synthesis/id39_id40_0007.mp4,1,334,846,478,FMP4,1.16,DeepFake,Celeb-synthesis,id39,id40,,CELEB_COMPONENT_002,,test
CELEBDF_0004082,Celeb-DF v2,Celeb-synthesis/id39_id40_0009.mp4,1,313,666,500,FMP4,1.3,DeepFake,Celeb-synthesis,id39,id40,,CELEB_COMPONENT_002,,test
CELEBDF_0004083,Celeb-DF v2,Celeb-synthesis/id39_id42_0000.mp4,1,321,840,406,FMP4,0.8,DeepFake,Celeb-synthesis,id39,id42,,CELEB_COMPONENT_002,,test
CELEBDF_0004084,Celeb-DF v2,Celeb-synthesis/id39_id42_0001.mp4,1,315,836,474,FMP4,1.31,DeepFake,Celeb-synthesis,id39,id42,,CELEB_COMPONENT_002,,test
CELEBDF_0004085,Celeb-DF v2,Celeb-synthesis/id39_id42_0002.mp4,1,310,850,476,FMP4,1.41,DeepFake,Celeb-synthesis,id39,id42,,CELEB_COMPONENT_002,,test
CELEBDF_0004086,Celeb-DF v2,Celeb-synthesis/id39_id42_0003.mp4,1,315,850,476,FMP4,1.44,DeepFake,Celeb-synthesis,id39,id42,,CELEB_COMPONENT_002,,test
CELEBDF_0004087,Celeb-DF v2,Celeb-synthesis/id39_id42_0004.mp4,1,280,850,476,FMP4,1.96,DeepFake,Celeb-synthesis,id39,id42,,CELEB_COMPONENT_002,,test
CELEBDF_0004088,Celeb-DF v2,Celeb-synthesis/id39_id42_0005.mp4,1,267,754,500,FMP4,1.12,DeepFake,Celeb-synthesis,id39,id42,,CELEB_COMPONENT_002,,test
CELEBDF_0004089,Celeb-DF v2,Celeb-synthesis/id39_id42_0006.mp4,1,335,846,480,FMP4,1.55,DeepFake,Celeb-synthesis,id39,id42,,CELEB_COMPONENT_002,,test
CELEBDF_0004090,Celeb-DF v2,Celeb-synthesis/id39_id42_0007.mp4,1,334,846,478,FMP4,1.17,DeepFake,Celeb-synthesis,id39,id42,,CELEB_COMPONENT_002,,test
CELEBDF_0004091,Celeb-DF v2,Celeb-synthesis/id39_id42_0008.mp4,1,312,846,478,FMP4,1.04,DeepFake,Celeb-synthesis,id39,id42,,CELEB_COMPONENT_002,,test
CELEBDF_0004092,Celeb-DF v2,Celeb-synthesis/id39_id43_0000.mp4,1,321,840,406,FMP4,0.8,DeepFake,Celeb-synthesis,id39,id43,,CELEB_COMPONENT_002,,test
CELEBDF_0004093,Celeb-DF v2,Celeb-synthesis/id39_id43_0001.mp4,1,315,836,474,FMP4,1.29,DeepFake,Celeb-synthesis,id39,id43,,CELEB_COMPONENT_002,,test
CELEBDF_0004094,Celeb-DF v2,Celeb-synthesis/id39_id43_0002.mp4,1,310,850,476,FMP4,1.4,DeepFake,Celeb-synthesis,id39,id43,,CELEB_COMPONENT_002,,test
CELEBDF_0004095,Celeb-DF v2,Celeb-synthesis/id39_id43_0003.mp4,1,315,850,476,FMP4,1.43,DeepFake,Celeb-synthesis,id39,id43,,CELEB_COMPONENT_002,,test
CELEBDF_0004096,Celeb-DF v2,Celeb-synthesis/id39_id43_0004.mp4,1,280,850,476,FMP4,1.96,DeepFake,Celeb-synthesis,id39,id43,,CELEB_COMPONENT_002,,test
CELEBDF_0004097,Celeb-DF v2,Celeb-synthesis/id39_id43_0006.mp4,1,335,846,480,FMP4,1.54,DeepFake,Celeb-synthesis,id39,id43,,CELEB_COMPONENT_002,,test
CELEBDF_0004098,Celeb-DF v2,Celeb-synthesis/id39_id43_0007.mp4,1,334,846,478,FMP4,1.17,DeepFake,Celeb-synthesis,id39,id43,,CELEB_COMPONENT_002,,test
CELEBDF_0004099,Celeb-DF v2,Celeb-synthesis/id39_id43_0008.mp4,1,312,846,478,FMP4,1.03,DeepFake,Celeb-synthesis,id39,id43,,CELEB_COMPONENT_002,,test
CELEBDF_0004100,Celeb-DF v2,Celeb-synthesis/id39_id43_0009.mp4,1,313,666,500,FMP4,1.3,DeepFake,Celeb-synthesis,id39,id43,,CELEB_COMPONENT_002,,test
CELEBDF_0004101,Celeb-DF v2,Celeb-synthesis/id39_id44_0000.mp4,1,321,840,406,FMP4,0.8,DeepFake,Celeb-synthesis,id39,id44,,CELEB_COMPONENT_002,,test
CELEBDF_0004102,Celeb-DF v2,Celeb-synthesis/id39_id44_0001.mp4,1,315,836,474,FMP4,1.29,DeepFake,Celeb-synthesis,id39,id44,,CELEB_COMPONENT_002,,test
CELEBDF_0004103,Celeb-DF v2,Celeb-synthesis/id39_id44_0002.mp4,1,310,850,476,FMP4,1.4,DeepFake,Celeb-synthesis,id39,id44,,CELEB_COMPONENT_002,,test
CELEBDF_0004104,Celeb-DF v2,Celeb-synthesis/id39_id44_0003.mp4,1,315,850,476,FMP4,1.44,DeepFake,Celeb-synthesis,id39,id44,,CELEB_COMPONENT_002,,test
CELEBDF_0004105,Celeb-DF v2,Celeb-synthesis/id39_id44_0004.mp4,1,280,850,476,FMP4,1.96,DeepFake,Celeb-synthesis,id39,id44,,CELEB_COMPONENT_002,,test
CELEBDF_0004106,Celeb-DF v2,Celeb-synthesis/id39_id44_0005.mp4,1,267,754,500,FMP4,1.11,DeepFake,Celeb-synthesis,id39,id44,,CELEB_COMPONENT_002,,test
CELEBDF_0004107,Celeb-DF v2,Celeb-synthesis/id39_id44_0006.mp4,1,335,846,480,FMP4,1.55,DeepFake,Celeb-synthesis,id39,id44,,CELEB_COMPONENT_002,,test
CELEBDF_0004108,Celeb-DF v2,Celeb-synthesis/id39_id44_0007.mp4,1,334,846,478,FMP4,1.17,DeepFake,Celeb-synthesis,id39,id44,,CELEB_COMPONENT_002,,test
CELEBDF_0004109,Celeb-DF v2,Celeb-synthesis/id39_id44_0008.mp4,1,312,846,478,FMP4,1.04,DeepFake,Celeb-synthesis,id39,id44,,CELEB_COMPONENT_002,,test
CELEBDF_0004110,Celeb-DF v2,Celeb-synthesis/id39_id44_0009.mp4,1,313,666,500,FMP4,1.3,DeepFake,Celeb-synthesis,id39,id44,,CELEB_COMPONENT_002,,test
CELEBDF_0004111,Celeb-DF v2,Celeb-synthesis/id39_id45_0000.mp4,1,321,840,406,FMP4,0.8,DeepFake,Celeb-synthesis,id39,id45,,CELEB_COMPONENT_002,,test
CELEBDF_0004112,Celeb-DF v2,Celeb-synthesis/id39_id45_0001.mp4,1,315,836,474,FMP4,1.29,DeepFake,Celeb-synthesis,id39,id45,,CELEB_COMPONENT_002,,test
CELEBDF_0004113,Celeb-DF v2,Celeb-synthesis/id39_id45_0002.mp4,1,310,850,476,FMP4,1.41,DeepFake,Celeb-synthesis,id39,id45,,CELEB_COMPONENT_002,,test
CELEBDF_0004114,Celeb-DF v2,Celeb-synthesis/id39_id45_0003.mp4,1,315,850,476,FMP4,1.43,DeepFake,Celeb-synthesis,id39,id45,,CELEB_COMPONENT_002,,test
CELEBDF_0004115,Celeb-DF v2,Celeb-synthesis/id39_id45_0004.mp4,1,280,850,476,FMP4,1.96,DeepFake,Celeb-synthesis,id39,id45,,CELEB_COMPONENT_002,,test
CELEBDF_0004116,Celeb-DF v2,Celeb-synthesis/id39_id45_0005.mp4,1,267,754,500,FMP4,1.11,DeepFake,Celeb-synthesis,id39,id45,,CELEB_COMPONENT_002,,test
CELEBDF_0004117,Celeb-DF v2,Celeb-synthesis/id39_id45_0006.mp4,1,335,846,480,FMP4,1.54,DeepFake,Celeb-synthesis,id39,id45,,CELEB_COMPONENT_002,,test
CELEBDF_0004118,Celeb-DF v2,Celeb-synthesis/id39_id45_0007.mp4,1,334,846,478,FMP4,1.16,DeepFake,Celeb-synthesis,id39,id45,,CELEB_COMPONENT_002,,test
CELEBDF_0004119,Celeb-DF v2,Celeb-synthesis/id39_id45_0008.mp4,1,312,846,478,FMP4,1.03,DeepFake,Celeb-synthesis,id39,id45,,CELEB_COMPONENT_002,,test
CELEBDF_0004120,Celeb-DF v2,Celeb-synthesis/id39_id45_0009.mp4,1,313,666,500,FMP4,1.31,DeepFake,Celeb-synthesis,id39,id45,,CELEB_COMPONENT_002,,test
CELEBDF_0004121,Celeb-DF v2,Celeb-synthesis/id39_id46_0000.mp4,1,321,840,406,FMP4,0.8,DeepFake,Celeb-synthesis,id39,id46,,CELEB_COMPONENT_002,,test
CELEBDF_0004122,Celeb-DF v2,Celeb-synthesis/id39_id46_0001.mp4,1,315,836,474,FMP4,1.29,DeepFake,Celeb-synthesis,id39,id46,,CELEB_COMPONENT_002,,test
CELEBDF_0004123,Celeb-DF v2,Celeb-synthesis/id39_id46_0002.mp4,1,310,850,476,FMP4,1.4,DeepFake,Celeb-synthesis,id39,id46,,CELEB_COMPONENT_002,,test
CELEBDF_0004124,Celeb-DF v2,Celeb-synthesis/id39_id46_0003.mp4,1,315,850,476,FMP4,1.43,DeepFake,Celeb-synthesis,id39,id46,,CELEB_COMPONENT_002,,test
CELEBDF_0004125,Celeb-DF v2,Celeb-synthesis/id39_id46_0004.mp4,1,280,850,476,FMP4,1.96,DeepFake,Celeb-synthesis,id39,id46,,CELEB_COMPONENT_002,,test
CELEBDF_0004126,Celeb-DF v2,Celeb-synthesis/id39_id46_0006.mp4,1,335,846,480,FMP4,1.54,DeepFake,Celeb-synthesis,id39,id46,,CELEB_COMPONENT_002,,test
CELEBDF_0004127,Celeb-DF v2,Celeb-synthesis/id39_id46_0007.mp4,1,334,846,478,FMP4,1.16,DeepFake,Celeb-synthesis,id39,id46,,CELEB_COMPONENT_002,,test
CELEBDF_0004128,Celeb-DF v2,Celeb-synthesis/id39_id46_0008.mp4,1,312,846,478,FMP4,1.03,DeepFake,Celeb-synthesis,id39,id46,,CELEB_COMPONENT_002,,test
CELEBDF_0004129,Celeb-DF v2,Celeb-synthesis/id39_id47_0000.mp4,1,321,840,406,FMP4,0.8,DeepFake,Celeb-synthesis,id39,id47,,CELEB_COMPONENT_002,,test
CELEBDF_0004130,Celeb-DF v2,Celeb-synthesis/id39_id47_0001.mp4,1,315,836,474,FMP4,1.29,DeepFake,Celeb-synthesis,id39,id47,,CELEB_COMPONENT_002,,test
CELEBDF_0004131,Celeb-DF v2,Celeb-synthesis/id39_id47_0002.mp4,1,310,850,476,FMP4,1.41,DeepFake,Celeb-synthesis,id39,id47,,CELEB_COMPONENT_002,,test
CELEBDF_0004132,Celeb-DF v2,Celeb-synthesis/id39_id47_0003.mp4,1,315,850,476,FMP4,1.43,DeepFake,Celeb-synthesis,id39,id47,,CELEB_COMPONENT_002,,test
CELEBDF_0004133,Celeb-DF v2,Celeb-synthesis/id39_id47_0004.mp4,1,280,850,476,FMP4,1.96,DeepFake,Celeb-synthesis,id39,id47,,CELEB_COMPONENT_002,,test
CELEBDF_0004134,Celeb-DF v2,Celeb-synthesis/id39_id47_0005.mp4,1,267,754,500,FMP4,1.12,DeepFake,Celeb-synthesis,id39,id47,,CELEB_COMPONENT_002,,test
CELEBDF_0004135,Celeb-DF v2,Celeb-synthesis/id39_id47_0007.mp4,1,334,846,478,FMP4,1.16,DeepFake,Celeb-synthesis,id39,id47,,CELEB_COMPONENT_002,,test
CELEBDF_0004136,Celeb-DF v2,Celeb-synthesis/id39_id47_0008.mp4,1,312,846,478,FMP4,1.04,DeepFake,Celeb-synthesis,id39,id47,,CELEB_COMPONENT_002,,test
CELEBDF_0004137,Celeb-DF v2,Celeb-synthesis/id39_id47_0009.mp4,1,313,666,500,FMP4,1.31,DeepFake,Celeb-synthesis,id39,id47,,CELEB_COMPONENT_002,,test
CELEBDF_0004138,Celeb-DF v2,Celeb-synthesis/id39_id48_0000.mp4,1,321,840,406,FMP4,0.8,DeepFake,Celeb-synthesis,id39,id48,,CELEB_COMPONENT_002,,test
CELEBDF_0004139,Celeb-DF v2,Celeb-synthesis/id39_id48_0001.mp4,1,315,836,474,FMP4,1.29,DeepFake,Celeb-synthesis,id39,id48,,CELEB_COMPONENT_002,,test
CELEBDF_0004140,Celeb-DF v2,Celeb-synthesis/id39_id48_0002.mp4,1,310,850,476,FMP4,1.41,DeepFake,Celeb-synthesis,id39,id48,,CELEB_COMPONENT_002,,test
CELEBDF_0004141,Celeb-DF v2,Celeb-synthesis/id39_id48_0003.mp4,1,315,850,476,FMP4,1.43,DeepFake,Celeb-synthesis,id39,id48,,CELEB_COMPONENT_002,,test
CELEBDF_0004142,Celeb-DF v2,Celeb-synthesis/id39_id48_0004.mp4,1,280,850,476,FMP4,1.96,DeepFake,Celeb-synthesis,id39,id48,,CELEB_COMPONENT_002,,test
CELEBDF_0004143,Celeb-DF v2,Celeb-synthesis/id39_id48_0006.mp4,1,335,846,480,FMP4,1.54,DeepFake,Celeb-synthesis,id39,id48,,CELEB_COMPONENT_002,,test
CELEBDF_0004144,Celeb-DF v2,Celeb-synthesis/id39_id48_0007.mp4,1,334,846,478,FMP4,1.16,DeepFake,Celeb-synthesis,id39,id48,,CELEB_COMPONENT_002,,test
CELEBDF_0004145,Celeb-DF v2,Celeb-synthesis/id39_id48_0008.mp4,1,312,846,478,FMP4,1.03,DeepFake,Celeb-synthesis,id39,id48,,CELEB_COMPONENT_002,,test
CELEBDF_0004146,Celeb-DF v2,Celeb-synthesis/id39_id48_0009.mp4,1,313,666,500,FMP4,1.3,DeepFake,Celeb-synthesis,id39,id48,,CELEB_COMPONENT_002,,test
CELEBDF_0004147,Celeb-DF v2,Celeb-synthesis/id3_id0_0000.mp4,1,458,474,500,FMP4,0.84,DeepFake,Celeb-synthesis,id3,id0,,CELEB_COMPONENT_000,,train
CELEBDF_0004148,Celeb-DF v2,Celeb-synthesis/id3_id0_0001.mp4,1,380,528,500,FMP4,1.31,DeepFake,Celeb-synthesis,id3,id0,,CELEB_COMPONENT_000,,train
CELEBDF_0004149,Celeb-DF v2,Celeb-synthesis/id3_id0_0002.mp4,1,428,530,500,FMP4,1.32,DeepFake,Celeb-synthesis,id3,id0,,CELEB_COMPONENT_000,,train
CELEBDF_0004150,Celeb-DF v2,Celeb-synthesis/id3_id0_0003.mp4,1,372,650,500,FMP4,1.1,DeepFake,Celeb-synthesis,id3,id0,,CELEB_COMPONENT_000,,train
CELEBDF_0004151,Celeb-DF v2,Celeb-synthesis/id3_id0_0004.mp4,1,499,514,500,FMP4,1.09,DeepFake,Celeb-synthesis,id3,id0,,CELEB_COMPONENT_000,,train
CELEBDF_0004152,Celeb-DF v2,Celeb-synthesis/id3_id0_0005.mp4,1,398,490,500,FMP4,1.2,DeepFake,Celeb-synthesis,id3,id0,,CELEB_COMPONENT_000,,train
CELEBDF_0004153,Celeb-DF v2,Celeb-synthesis/id3_id0_0006.mp4,1,409,568,500,FMP4,1.24,DeepFake,Celeb-synthesis,id3,id0,,CELEB_COMPONENT_000,,train
CELEBDF_0004154,Celeb-DF v2,Celeb-synthesis/id3_id0_0007.mp4,1,361,668,500,FMP4,1.2,DeepFake,Celeb-synthesis,id3,id0,,CELEB_COMPONENT_000,,train
CELEBDF_0004155,Celeb-DF v2,Celeb-synthesis/id3_id0_0008.mp4,1,458,488,500,FMP4,1.31,DeepFake,Celeb-synthesis,id3,id0,,CELEB_COMPONENT_000,,train
CELEBDF_0004156,Celeb-DF v2,Celeb-synthesis/id3_id0_0009.mp4,1,497,884,500,FMP4,1.07,DeepFake,Celeb-synthesis,id3,id0,,CELEB_COMPONENT_000,,train
CELEBDF_0004157,Celeb-DF v2,Celeb-synthesis/id3_id16_0000.mp4,1,458,474,500,FMP4,0.84,DeepFake,Celeb-synthesis,id3,id16,,CELEB_COMPONENT_000,,train
CELEBDF_0004158,Celeb-DF v2,Celeb-synthesis/id3_id16_0001.mp4,1,380,528,500,FMP4,1.31,DeepFake,Celeb-synthesis,id3,id16,,CELEB_COMPONENT_000,,train
CELEBDF_0004159,Celeb-DF v2,Celeb-synthesis/id3_id16_0002.mp4,1,428,530,500,FMP4,1.32,DeepFake,Celeb-synthesis,id3,id16,,CELEB_COMPONENT_000,,train
CELEBDF_0004160,Celeb-DF v2,Celeb-synthesis/id3_id16_0003.mp4,1,372,650,500,FMP4,1.11,DeepFake,Celeb-synthesis,id3,id16,,CELEB_COMPONENT_000,,train
CELEBDF_0004161,Celeb-DF v2,Celeb-synthesis/id3_id16_0004.mp4,1,499,514,500,FMP4,1.08,DeepFake,Celeb-synthesis,id3,id16,,CELEB_COMPONENT_000,,train
CELEBDF_0004162,Celeb-DF v2,Celeb-synthesis/id3_id16_0005.mp4,1,398,490,500,FMP4,1.21,DeepFake,Celeb-synthesis,id3,id16,,CELEB_COMPONENT_000,,train
CELEBDF_0004163,Celeb-DF v2,Celeb-synthesis/id3_id16_0006.mp4,1,409,568,500,FMP4,1.25,DeepFake,Celeb-synthesis,id3,id16,,CELEB_COMPONENT_000,,train
CELEBDF_0004164,Celeb-DF v2,Celeb-synthesis/id3_id16_0008.mp4,1,458,488,500,FMP4,1.31,DeepFake,Celeb-synthesis,id3,id16,,CELEB_COMPONENT_000,,train
CELEBDF_0004165,Celeb-DF v2,Celeb-synthesis/id3_id16_0009.mp4,1,497,884,500,FMP4,1.07,DeepFake,Celeb-synthesis,id3,id16,,CELEB_COMPONENT_000,,train
CELEBDF_0004166,Celeb-DF v2,Celeb-synthesis/id3_id17_0000.mp4,1,458,474,500,FMP4,0.84,DeepFake,Celeb-synthesis,id3,id17,,CELEB_COMPONENT_000,,train
CELEBDF_0004167,Celeb-DF v2,Celeb-synthesis/id3_id17_0001.mp4,1,380,528,500,FMP4,1.3,DeepFake,Celeb-synthesis,id3,id17,,CELEB_COMPONENT_000,,train
CELEBDF_0004168,Celeb-DF v2,Celeb-synthesis/id3_id17_0002.mp4,1,428,530,500,FMP4,1.31,DeepFake,Celeb-synthesis,id3,id17,,CELEB_COMPONENT_000,,train
CELEBDF_0004169,Celeb-DF v2,Celeb-synthesis/id3_id17_0003.mp4,1,372,650,500,FMP4,1.1,DeepFake,Celeb-synthesis,id3,id17,,CELEB_COMPONENT_000,,train
CELEBDF_0004170,Celeb-DF v2,Celeb-synthesis/id3_id17_0004.mp4,1,499,514,500,FMP4,1.08,DeepFake,Celeb-synthesis,id3,id17,,CELEB_COMPONENT_000,,train
CELEBDF_0004171,Celeb-DF v2,Celeb-synthesis/id3_id17_0005.mp4,1,398,490,500,FMP4,1.19,DeepFake,Celeb-synthesis,id3,id17,,CELEB_COMPONENT_000,,train
CELEBDF_0004172,Celeb-DF v2,Celeb-synthesis/id3_id17_0006.mp4,1,409,568,500,FMP4,1.24,DeepFake,Celeb-synthesis,id3,id17,,CELEB_COMPONENT_000,,train
CELEBDF_0004173,Celeb-DF v2,Celeb-synthesis/id3_id17_0007.mp4,1,361,668,500,FMP4,1.21,DeepFake,Celeb-synthesis,id3,id17,,CELEB_COMPONENT_000,,train
CELEBDF_0004174,Celeb-DF v2,Celeb-synthesis/id3_id17_0008.mp4,1,458,488,500,FMP4,1.3,DeepFake,Celeb-synthesis,id3,id17,,CELEB_COMPONENT_000,,train
CELEBDF_0004175,Celeb-DF v2,Celeb-synthesis/id3_id17_0009.mp4,1,497,884,500,FMP4,1.07,DeepFake,Celeb-synthesis,id3,id17,,CELEB_COMPONENT_000,,train
CELEBDF_0004176,Celeb-DF v2,Celeb-synthesis/id3_id1_0001.mp4,1,380,528,500,FMP4,1.31,DeepFake,Celeb-synthesis,id3,id1,,CELEB_COMPONENT_000,,train
CELEBDF_0004177,Celeb-DF v2,Celeb-synthesis/id3_id1_0002.mp4,1,428,530,500,FMP4,1.32,DeepFake,Celeb-synthesis,id3,id1,,CELEB_COMPONENT_000,,train
CELEBDF_0004178,Celeb-DF v2,Celeb-synthesis/id3_id1_0003.mp4,1,372,650,500,FMP4,1.1,DeepFake,Celeb-synthesis,id3,id1,,CELEB_COMPONENT_000,,train
CELEBDF_0004179,Celeb-DF v2,Celeb-synthesis/id3_id1_0004.mp4,1,499,514,500,FMP4,1.08,DeepFake,Celeb-synthesis,id3,id1,,CELEB_COMPONENT_000,,train
CELEBDF_0004180,Celeb-DF v2,Celeb-synthesis/id3_id1_0005.mp4,1,398,490,500,FMP4,1.19,DeepFake,Celeb-synthesis,id3,id1,,CELEB_COMPONENT_000,,train
CELEBDF_0004181,Celeb-DF v2,Celeb-synthesis/id3_id1_0006.mp4,1,409,568,500,FMP4,1.24,DeepFake,Celeb-synthesis,id3,id1,,CELEB_COMPONENT_000,,train
CELEBDF_0004182,Celeb-DF v2,Celeb-synthesis/id3_id1_0007.mp4,1,361,668,500,FMP4,1.22,DeepFake,Celeb-synthesis,id3,id1,,CELEB_COMPONENT_000,,train
CELEBDF_0004183,Celeb-DF v2,Celeb-synthesis/id3_id1_0008.mp4,1,458,488,500,FMP4,1.31,DeepFake,Celeb-synthesis,id3,id1,,CELEB_COMPONENT_000,,train
CELEBDF_0004184,Celeb-DF v2,Celeb-synthesis/id3_id1_0009.mp4,1,497,884,500,FMP4,1.07,DeepFake,Celeb-synthesis,id3,id1,,CELEB_COMPONENT_000,,train
CELEBDF_0004185,Celeb-DF v2,Celeb-synthesis/id3_id20_0000.mp4,1,458,474,500,FMP4,0.88,DeepFake,Celeb-synthesis,id3,id20,,CELEB_COMPONENT_000,,train
CELEBDF_0004186,Celeb-DF v2,Celeb-synthesis/id3_id20_0001.mp4,1,380,528,500,FMP4,1.37,DeepFake,Celeb-synthesis,id3,id20,,CELEB_COMPONENT_000,,train
CELEBDF_0004187,Celeb-DF v2,Celeb-synthesis/id3_id20_0003.mp4,1,372,650,500,FMP4,1.18,DeepFake,Celeb-synthesis,id3,id20,,CELEB_COMPONENT_000,,train
CELEBDF_0004188,Celeb-DF v2,Celeb-synthesis/id3_id20_0005.mp4,1,398,490,500,FMP4,1.26,DeepFake,Celeb-synthesis,id3,id20,,CELEB_COMPONENT_000,,train
CELEBDF_0004189,Celeb-DF v2,Celeb-synthesis/id3_id20_0006.mp4,1,409,568,500,FMP4,1.31,DeepFake,Celeb-synthesis,id3,id20,,CELEB_COMPONENT_000,,train
CELEBDF_0004190,Celeb-DF v2,Celeb-synthesis/id3_id20_0008.mp4,1,458,488,500,FMP4,1.21,DeepFake,Celeb-synthesis,id3,id20,,CELEB_COMPONENT_000,,train
CELEBDF_0004191,Celeb-DF v2,Celeb-synthesis/id3_id20_0009.mp4,1,497,884,500,FMP4,1.13,DeepFake,Celeb-synthesis,id3,id20,,CELEB_COMPONENT_000,,train
CELEBDF_0004192,Celeb-DF v2,Celeb-synthesis/id3_id21_0000.mp4,1,458,474,500,FMP4,0.87,DeepFake,Celeb-synthesis,id3,id21,,CELEB_COMPONENT_000,,train
CELEBDF_0004193,Celeb-DF v2,Celeb-synthesis/id3_id21_0001.mp4,1,380,528,500,FMP4,1.37,DeepFake,Celeb-synthesis,id3,id21,,CELEB_COMPONENT_000,,train
CELEBDF_0004194,Celeb-DF v2,Celeb-synthesis/id3_id21_0002.mp4,1,428,530,500,FMP4,1.39,DeepFake,Celeb-synthesis,id3,id21,,CELEB_COMPONENT_000,,train
CELEBDF_0004195,Celeb-DF v2,Celeb-synthesis/id3_id21_0003.mp4,1,372,650,500,FMP4,1.16,DeepFake,Celeb-synthesis,id3,id21,,CELEB_COMPONENT_000,,train
CELEBDF_0004196,Celeb-DF v2,Celeb-synthesis/id3_id21_0004.mp4,1,499,514,500,FMP4,1.13,DeepFake,Celeb-synthesis,id3,id21,,CELEB_COMPONENT_000,,train
CELEBDF_0004197,Celeb-DF v2,Celeb-synthesis/id3_id21_0005.mp4,1,398,490,500,FMP4,1.24,DeepFake,Celeb-synthesis,id3,id21,,CELEB_COMPONENT_000,,train
CELEBDF_0004198,Celeb-DF v2,Celeb-synthesis/id3_id21_0006.mp4,1,409,568,500,FMP4,1.3,DeepFake,Celeb-synthesis,id3,id21,,CELEB_COMPONENT_000,,train
CELEBDF_0004199,Celeb-DF v2,Celeb-synthesis/id3_id21_0008.mp4,1,458,488,500,FMP4,1.37,DeepFake,Celeb-synthesis,id3,id21,,CELEB_COMPONENT_000,,train
CELEBDF_0004200,Celeb-DF v2,Celeb-synthesis/id3_id23_0000.mp4,1,458,474,500,FMP4,0.87,DeepFake,Celeb-synthesis,id3,id23,,CELEB_COMPONENT_000,,train
CELEBDF_0004201,Celeb-DF v2,Celeb-synthesis/id3_id23_0001.mp4,1,380,528,500,FMP4,1.36,DeepFake,Celeb-synthesis,id3,id23,,CELEB_COMPONENT_000,,train
CELEBDF_0004202,Celeb-DF v2,Celeb-synthesis/id3_id23_0002.mp4,1,428,530,500,FMP4,1.38,DeepFake,Celeb-synthesis,id3,id23,,CELEB_COMPONENT_000,,train
CELEBDF_0004203,Celeb-DF v2,Celeb-synthesis/id3_id23_0003.mp4,1,372,650,500,FMP4,1.16,DeepFake,Celeb-synthesis,id3,id23,,CELEB_COMPONENT_000,,train
CELEBDF_0004204,Celeb-DF v2,Celeb-synthesis/id3_id23_0004.mp4,1,499,514,500,FMP4,1.13,DeepFake,Celeb-synthesis,id3,id23,,CELEB_COMPONENT_000,,train
CELEBDF_0004205,Celeb-DF v2,Celeb-synthesis/id3_id23_0005.mp4,1,398,490,500,FMP4,1.24,DeepFake,Celeb-synthesis,id3,id23,,CELEB_COMPONENT_000,,train
CELEBDF_0004206,Celeb-DF v2,Celeb-synthesis/id3_id23_0006.mp4,1,409,568,500,FMP4,1.29,DeepFake,Celeb-synthesis,id3,id23,,CELEB_COMPONENT_000,,train
CELEBDF_0004207,Celeb-DF v2,Celeb-synthesis/id3_id23_0007.mp4,1,361,668,500,FMP4,1.28,DeepFake,Celeb-synthesis,id3,id23,,CELEB_COMPONENT_000,,train
CELEBDF_0004208,Celeb-DF v2,Celeb-synthesis/id3_id23_0008.mp4,1,458,488,500,FMP4,1.36,DeepFake,Celeb-synthesis,id3,id23,,CELEB_COMPONENT_000,,train
CELEBDF_0004209,Celeb-DF v2,Celeb-synthesis/id3_id23_0009.mp4,1,497,884,500,FMP4,1.1,DeepFake,Celeb-synthesis,id3,id23,,CELEB_COMPONENT_000,,train
CELEBDF_0004210,Celeb-DF v2,Celeb-synthesis/id3_id26_0000.mp4,1,458,474,500,FMP4,0.87,DeepFake,Celeb-synthesis,id3,id26,,CELEB_COMPONENT_000,,train
CELEBDF_0004211,Celeb-DF v2,Celeb-synthesis/id3_id26_0001.mp4,1,380,528,500,FMP4,1.37,DeepFake,Celeb-synthesis,id3,id26,,CELEB_COMPONENT_000,,train
CELEBDF_0004212,Celeb-DF v2,Celeb-synthesis/id3_id26_0002.mp4,1,428,530,500,FMP4,1.39,DeepFake,Celeb-synthesis,id3,id26,,CELEB_COMPONENT_000,,train
CELEBDF_0004213,Celeb-DF v2,Celeb-synthesis/id3_id26_0003.mp4,1,372,650,500,FMP4,1.15,DeepFake,Celeb-synthesis,id3,id26,,CELEB_COMPONENT_000,,train
CELEBDF_0004214,Celeb-DF v2,Celeb-synthesis/id3_id26_0004.mp4,1,499,514,500,FMP4,1.14,DeepFake,Celeb-synthesis,id3,id26,,CELEB_COMPONENT_000,,train
CELEBDF_0004215,Celeb-DF v2,Celeb-synthesis/id3_id26_0005.mp4,1,398,490,500,FMP4,1.24,DeepFake,Celeb-synthesis,id3,id26,,CELEB_COMPONENT_000,,train
CELEBDF_0004216,Celeb-DF v2,Celeb-synthesis/id3_id26_0006.mp4,1,409,568,500,FMP4,1.29,DeepFake,Celeb-synthesis,id3,id26,,CELEB_COMPONENT_000,,train
CELEBDF_0004217,Celeb-DF v2,Celeb-synthesis/id3_id26_0008.mp4,1,458,488,500,FMP4,1.36,DeepFake,Celeb-synthesis,id3,id26,,CELEB_COMPONENT_000,,train
CELEBDF_0004218,Celeb-DF v2,Celeb-synthesis/id3_id26_0009.mp4,1,497,884,500,FMP4,1.09,DeepFake,Celeb-synthesis,id3,id26,,CELEB_COMPONENT_000,,train
CELEBDF_0004219,Celeb-DF v2,Celeb-synthesis/id3_id28_0000.mp4,1,458,474,500,FMP4,0.87,DeepFake,Celeb-synthesis,id3,id28,,CELEB_COMPONENT_000,,train
CELEBDF_0004220,Celeb-DF v2,Celeb-synthesis/id3_id28_0001.mp4,1,380,528,500,FMP4,1.3,DeepFake,Celeb-synthesis,id3,id28,,CELEB_COMPONENT_000,,train
CELEBDF_0004221,Celeb-DF v2,Celeb-synthesis/id3_id28_0002.mp4,1,428,530,500,FMP4,1.41,DeepFake,Celeb-synthesis,id3,id28,,CELEB_COMPONENT_000,,train
CELEBDF_0004222,Celeb-DF v2,Celeb-synthesis/id3_id28_0003.mp4,1,372,650,500,FMP4,1.17,DeepFake,Celeb-synthesis,id3,id28,,CELEB_COMPONENT_000,,train
CELEBDF_0004223,Celeb-DF v2,Celeb-synthesis/id3_id28_0004.mp4,1,499,514,500,FMP4,1.14,DeepFake,Celeb-synthesis,id3,id28,,CELEB_COMPONENT_000,,train
CELEBDF_0004224,Celeb-DF v2,Celeb-synthesis/id3_id28_0005.mp4,1,398,490,500,FMP4,1.25,DeepFake,Celeb-synthesis,id3,id28,,CELEB_COMPONENT_000,,train
CELEBDF_0004225,Celeb-DF v2,Celeb-synthesis/id3_id28_0006.mp4,1,409,568,500,FMP4,1.31,DeepFake,Celeb-synthesis,id3,id28,,CELEB_COMPONENT_000,,train
CELEBDF_0004226,Celeb-DF v2,Celeb-synthesis/id3_id28_0008.mp4,1,458,488,500,FMP4,1.38,DeepFake,Celeb-synthesis,id3,id28,,CELEB_COMPONENT_000,,train
CELEBDF_0004227,Celeb-DF v2,Celeb-synthesis/id3_id28_0009.mp4,1,497,884,500,FMP4,1.06,DeepFake,Celeb-synthesis,id3,id28,,CELEB_COMPONENT_000,,train
CELEBDF_0004228,Celeb-DF v2,Celeb-synthesis/id3_id2_0000.mp4,1,458,474,500,FMP4,0.84,DeepFake,Celeb-synthesis,id3,id2,,CELEB_COMPONENT_000,,train
CELEBDF_0004229,Celeb-DF v2,Celeb-synthesis/id3_id2_0001.mp4,1,380,528,500,FMP4,1.32,DeepFake,Celeb-synthesis,id3,id2,,CELEB_COMPONENT_000,,train
CELEBDF_0004230,Celeb-DF v2,Celeb-synthesis/id3_id2_0002.mp4,1,428,530,500,FMP4,1.33,DeepFake,Celeb-synthesis,id3,id2,,CELEB_COMPONENT_000,,train
CELEBDF_0004231,Celeb-DF v2,Celeb-synthesis/id3_id2_0003.mp4,1,372,650,500,FMP4,1.12,DeepFake,Celeb-synthesis,id3,id2,,CELEB_COMPONENT_000,,train
CELEBDF_0004232,Celeb-DF v2,Celeb-synthesis/id3_id2_0004.mp4,1,499,514,500,FMP4,1.09,DeepFake,Celeb-synthesis,id3,id2,,CELEB_COMPONENT_000,,train
CELEBDF_0004233,Celeb-DF v2,Celeb-synthesis/id3_id2_0005.mp4,1,398,490,500,FMP4,1.21,DeepFake,Celeb-synthesis,id3,id2,,CELEB_COMPONENT_000,,train
CELEBDF_0004234,Celeb-DF v2,Celeb-synthesis/id3_id2_0006.mp4,1,409,568,500,FMP4,1.25,DeepFake,Celeb-synthesis,id3,id2,,CELEB_COMPONENT_000,,train
CELEBDF_0004235,Celeb-DF v2,Celeb-synthesis/id3_id2_0007.mp4,1,361,668,500,FMP4,1.21,DeepFake,Celeb-synthesis,id3,id2,,CELEB_COMPONENT_000,,train
CELEBDF_0004236,Celeb-DF v2,Celeb-synthesis/id3_id2_0008.mp4,1,458,488,500,FMP4,1.32,DeepFake,Celeb-synthesis,id3,id2,,CELEB_COMPONENT_000,,train
CELEBDF_0004237,Celeb-DF v2,Celeb-synthesis/id3_id2_0009.mp4,1,497,884,500,FMP4,1.08,DeepFake,Celeb-synthesis,id3,id2,,CELEB_COMPONENT_000,,train
CELEBDF_0004238,Celeb-DF v2,Celeb-synthesis/id3_id30_0000.mp4,1,458,474,500,FMP4,0.86,DeepFake,Celeb-synthesis,id3,id30,,CELEB_COMPONENT_000,,train
CELEBDF_0004239,Celeb-DF v2,Celeb-synthesis/id3_id30_0001.mp4,1,380,528,500,FMP4,1.37,DeepFake,Celeb-synthesis,id3,id30,,CELEB_COMPONENT_000,,train
CELEBDF_0004240,Celeb-DF v2,Celeb-synthesis/id3_id30_0002.mp4,1,428,530,500,FMP4,1.39,DeepFake,Celeb-synthesis,id3,id30,,CELEB_COMPONENT_000,,train
CELEBDF_0004241,Celeb-DF v2,Celeb-synthesis/id3_id30_0003.mp4,1,372,650,500,FMP4,1.17,DeepFake,Celeb-synthesis,id3,id30,,CELEB_COMPONENT_000,,train
CELEBDF_0004242,Celeb-DF v2,Celeb-synthesis/id3_id30_0004.mp4,1,499,514,500,FMP4,1.12,DeepFake,Celeb-synthesis,id3,id30,,CELEB_COMPONENT_000,,train
CELEBDF_0004243,Celeb-DF v2,Celeb-synthesis/id3_id30_0005.mp4,1,398,490,500,FMP4,1.24,DeepFake,Celeb-synthesis,id3,id30,,CELEB_COMPONENT_000,,train
CELEBDF_0004244,Celeb-DF v2,Celeb-synthesis/id3_id30_0006.mp4,1,409,568,500,FMP4,1.29,DeepFake,Celeb-synthesis,id3,id30,,CELEB_COMPONENT_000,,train
CELEBDF_0004245,Celeb-DF v2,Celeb-synthesis/id3_id30_0007.mp4,1,361,668,500,FMP4,1.27,DeepFake,Celeb-synthesis,id3,id30,,CELEB_COMPONENT_000,,train
CELEBDF_0004246,Celeb-DF v2,Celeb-synthesis/id3_id30_0008.mp4,1,458,488,500,FMP4,1.38,DeepFake,Celeb-synthesis,id3,id30,,CELEB_COMPONENT_000,,train
CELEBDF_0004247,Celeb-DF v2,Celeb-synthesis/id3_id30_0009.mp4,1,497,884,500,FMP4,1.1,DeepFake,Celeb-synthesis,id3,id30,,CELEB_COMPONENT_000,,train
CELEBDF_0004248,Celeb-DF v2,Celeb-synthesis/id3_id31_0000.mp4,1,458,474,500,FMP4,0.87,DeepFake,Celeb-synthesis,id3,id31,,CELEB_COMPONENT_000,,train
CELEBDF_0004249,Celeb-DF v2,Celeb-synthesis/id3_id31_0001.mp4,1,380,528,500,FMP4,1.36,DeepFake,Celeb-synthesis,id3,id31,,CELEB_COMPONENT_000,,train
CELEBDF_0004250,Celeb-DF v2,Celeb-synthesis/id3_id31_0002.mp4,1,428,530,500,FMP4,1.39,DeepFake,Celeb-synthesis,id3,id31,,CELEB_COMPONENT_000,,train
CELEBDF_0004251,Celeb-DF v2,Celeb-synthesis/id3_id31_0003.mp4,1,372,650,500,FMP4,1.16,DeepFake,Celeb-synthesis,id3,id31,,CELEB_COMPONENT_000,,train
CELEBDF_0004252,Celeb-DF v2,Celeb-synthesis/id3_id31_0004.mp4,1,499,514,500,FMP4,1.14,DeepFake,Celeb-synthesis,id3,id31,,CELEB_COMPONENT_000,,train
CELEBDF_0004253,Celeb-DF v2,Celeb-synthesis/id3_id31_0005.mp4,1,398,490,500,FMP4,1.24,DeepFake,Celeb-synthesis,id3,id31,,CELEB_COMPONENT_000,,train
CELEBDF_0004254,Celeb-DF v2,Celeb-synthesis/id3_id31_0006.mp4,1,409,568,500,FMP4,1.3,DeepFake,Celeb-synthesis,id3,id31,,CELEB_COMPONENT_000,,train
CELEBDF_0004255,Celeb-DF v2,Celeb-synthesis/id3_id31_0007.mp4,1,361,668,500,FMP4,1.29,DeepFake,Celeb-synthesis,id3,id31,,CELEB_COMPONENT_000,,train
CELEBDF_0004256,Celeb-DF v2,Celeb-synthesis/id3_id31_0008.mp4,1,458,488,500,FMP4,1.37,DeepFake,Celeb-synthesis,id3,id31,,CELEB_COMPONENT_000,,train
CELEBDF_0004257,Celeb-DF v2,Celeb-synthesis/id3_id31_0009.mp4,1,497,884,500,FMP4,1.1,DeepFake,Celeb-synthesis,id3,id31,,CELEB_COMPONENT_000,,train
CELEBDF_0004258,Celeb-DF v2,Celeb-synthesis/id3_id35_0000.mp4,1,458,474,500,FMP4,0.87,DeepFake,Celeb-synthesis,id3,id35,,CELEB_COMPONENT_000,,train
CELEBDF_0004259,Celeb-DF v2,Celeb-synthesis/id3_id35_0001.mp4,1,380,528,500,FMP4,1.37,DeepFake,Celeb-synthesis,id3,id35,,CELEB_COMPONENT_000,,train
CELEBDF_0004260,Celeb-DF v2,Celeb-synthesis/id3_id35_0002.mp4,1,428,530,500,FMP4,1.4,DeepFake,Celeb-synthesis,id3,id35,,CELEB_COMPONENT_000,,train
CELEBDF_0004261,Celeb-DF v2,Celeb-synthesis/id3_id35_0003.mp4,1,372,650,500,FMP4,1.17,DeepFake,Celeb-synthesis,id3,id35,,CELEB_COMPONENT_000,,train
CELEBDF_0004262,Celeb-DF v2,Celeb-synthesis/id3_id35_0004.mp4,1,499,514,500,FMP4,1.12,DeepFake,Celeb-synthesis,id3,id35,,CELEB_COMPONENT_000,,train
CELEBDF_0004263,Celeb-DF v2,Celeb-synthesis/id3_id35_0005.mp4,1,398,490,500,FMP4,1.24,DeepFake,Celeb-synthesis,id3,id35,,CELEB_COMPONENT_000,,train
CELEBDF_0004264,Celeb-DF v2,Celeb-synthesis/id3_id35_0006.mp4,1,409,568,500,FMP4,1.3,DeepFake,Celeb-synthesis,id3,id35,,CELEB_COMPONENT_000,,train
CELEBDF_0004265,Celeb-DF v2,Celeb-synthesis/id3_id35_0007.mp4,1,361,668,500,FMP4,1.27,DeepFake,Celeb-synthesis,id3,id35,,CELEB_COMPONENT_000,,train
CELEBDF_0004266,Celeb-DF v2,Celeb-synthesis/id3_id35_0008.mp4,1,458,488,500,FMP4,1.37,DeepFake,Celeb-synthesis,id3,id35,,CELEB_COMPONENT_000,,train
CELEBDF_0004267,Celeb-DF v2,Celeb-synthesis/id3_id35_0009.mp4,1,497,884,500,FMP4,1.1,DeepFake,Celeb-synthesis,id3,id35,,CELEB_COMPONENT_000,,train
CELEBDF_0004268,Celeb-DF v2,Celeb-synthesis/id3_id37_0000.mp4,1,458,474,500,FMP4,0.87,DeepFake,Celeb-synthesis,id3,id37,,CELEB_COMPONENT_000,,train
CELEBDF_0004269,Celeb-DF v2,Celeb-synthesis/id3_id37_0001.mp4,1,380,528,500,FMP4,1.37,DeepFake,Celeb-synthesis,id3,id37,,CELEB_COMPONENT_000,,train
CELEBDF_0004270,Celeb-DF v2,Celeb-synthesis/id3_id37_0002.mp4,1,428,530,500,FMP4,1.4,DeepFake,Celeb-synthesis,id3,id37,,CELEB_COMPONENT_000,,train
CELEBDF_0004271,Celeb-DF v2,Celeb-synthesis/id3_id37_0003.mp4,1,372,650,500,FMP4,1.17,DeepFake,Celeb-synthesis,id3,id37,,CELEB_COMPONENT_000,,train
CELEBDF_0004272,Celeb-DF v2,Celeb-synthesis/id3_id37_0004.mp4,1,499,514,500,FMP4,1.13,DeepFake,Celeb-synthesis,id3,id37,,CELEB_COMPONENT_000,,train
CELEBDF_0004273,Celeb-DF v2,Celeb-synthesis/id3_id37_0005.mp4,1,398,490,500,FMP4,1.25,DeepFake,Celeb-synthesis,id3,id37,,CELEB_COMPONENT_000,,train
CELEBDF_0004274,Celeb-DF v2,Celeb-synthesis/id3_id37_0006.mp4,1,409,568,500,FMP4,1.31,DeepFake,Celeb-synthesis,id3,id37,,CELEB_COMPONENT_000,,train
CELEBDF_0004275,Celeb-DF v2,Celeb-synthesis/id3_id37_0007.mp4,1,361,668,500,FMP4,1.29,DeepFake,Celeb-synthesis,id3,id37,,CELEB_COMPONENT_000,,train
CELEBDF_0004276,Celeb-DF v2,Celeb-synthesis/id3_id37_0008.mp4,1,458,488,500,FMP4,1.38,DeepFake,Celeb-synthesis,id3,id37,,CELEB_COMPONENT_000,,train
CELEBDF_0004277,Celeb-DF v2,Celeb-synthesis/id3_id37_0009.mp4,1,497,884,500,FMP4,1.11,DeepFake,Celeb-synthesis,id3,id37,,CELEB_COMPONENT_000,,train
CELEBDF_0004278,Celeb-DF v2,Celeb-synthesis/id3_id4_0001.mp4,1,380,528,500,FMP4,1.3,DeepFake,Celeb-synthesis,id3,id4,,CELEB_COMPONENT_000,,train
CELEBDF_0004279,Celeb-DF v2,Celeb-synthesis/id3_id4_0003.mp4,1,372,650,500,FMP4,1.09,DeepFake,Celeb-synthesis,id3,id4,,CELEB_COMPONENT_000,,train
CELEBDF_0004280,Celeb-DF v2,Celeb-synthesis/id3_id4_0004.mp4,1,499,514,500,FMP4,1.07,DeepFake,Celeb-synthesis,id3,id4,,CELEB_COMPONENT_000,,train
CELEBDF_0004281,Celeb-DF v2,Celeb-synthesis/id3_id4_0005.mp4,1,398,490,500,FMP4,1.19,DeepFake,Celeb-synthesis,id3,id4,,CELEB_COMPONENT_000,,train
CELEBDF_0004282,Celeb-DF v2,Celeb-synthesis/id3_id4_0006.mp4,1,409,568,500,FMP4,1.23,DeepFake,Celeb-synthesis,id3,id4,,CELEB_COMPONENT_000,,train
CELEBDF_0004283,Celeb-DF v2,Celeb-synthesis/id3_id4_0008.mp4,1,458,488,500,FMP4,1.3,DeepFake,Celeb-synthesis,id3,id4,,CELEB_COMPONENT_000,,train
CELEBDF_0004284,Celeb-DF v2,Celeb-synthesis/id3_id6_0000.mp4,1,458,474,500,FMP4,0.83,DeepFake,Celeb-synthesis,id3,id6,,CELEB_COMPONENT_000,,train
CELEBDF_0004285,Celeb-DF v2,Celeb-synthesis/id3_id6_0001.mp4,1,380,528,500,FMP4,1.3,DeepFake,Celeb-synthesis,id3,id6,,CELEB_COMPONENT_000,,train
CELEBDF_0004286,Celeb-DF v2,Celeb-synthesis/id3_id6_0002.mp4,1,428,530,500,FMP4,1.31,DeepFake,Celeb-synthesis,id3,id6,,CELEB_COMPONENT_000,,train
CELEBDF_0004287,Celeb-DF v2,Celeb-synthesis/id3_id6_0003.mp4,1,372,650,500,FMP4,1.09,DeepFake,Celeb-synthesis,id3,id6,,CELEB_COMPONENT_000,,train
CELEBDF_0004288,Celeb-DF v2,Celeb-synthesis/id3_id6_0004.mp4,1,499,514,500,FMP4,1.08,DeepFake,Celeb-synthesis,id3,id6,,CELEB_COMPONENT_000,,train
CELEBDF_0004289,Celeb-DF v2,Celeb-synthesis/id3_id6_0005.mp4,1,398,490,500,FMP4,1.2,DeepFake,Celeb-synthesis,id3,id6,,CELEB_COMPONENT_000,,train
CELEBDF_0004290,Celeb-DF v2,Celeb-synthesis/id3_id6_0006.mp4,1,409,568,500,FMP4,1.24,DeepFake,Celeb-synthesis,id3,id6,,CELEB_COMPONENT_000,,train
CELEBDF_0004291,Celeb-DF v2,Celeb-synthesis/id3_id6_0007.mp4,1,361,668,500,FMP4,1.21,DeepFake,Celeb-synthesis,id3,id6,,CELEB_COMPONENT_000,,train
CELEBDF_0004292,Celeb-DF v2,Celeb-synthesis/id3_id6_0008.mp4,1,458,488,500,FMP4,1.3,DeepFake,Celeb-synthesis,id3,id6,,CELEB_COMPONENT_000,,train
CELEBDF_0004293,Celeb-DF v2,Celeb-synthesis/id3_id6_0009.mp4,1,497,884,500,FMP4,1.06,DeepFake,Celeb-synthesis,id3,id6,,CELEB_COMPONENT_000,,train
CELEBDF_0004294,Celeb-DF v2,Celeb-synthesis/id3_id9_0000.mp4,1,458,474,500,FMP4,0.84,DeepFake,Celeb-synthesis,id3,id9,,CELEB_COMPONENT_000,,train
CELEBDF_0004295,Celeb-DF v2,Celeb-synthesis/id3_id9_0001.mp4,1,380,528,500,FMP4,1.32,DeepFake,Celeb-synthesis,id3,id9,,CELEB_COMPONENT_000,,train
CELEBDF_0004296,Celeb-DF v2,Celeb-synthesis/id3_id9_0002.mp4,1,428,530,500,FMP4,1.33,DeepFake,Celeb-synthesis,id3,id9,,CELEB_COMPONENT_000,,train
CELEBDF_0004297,Celeb-DF v2,Celeb-synthesis/id3_id9_0003.mp4,1,372,650,500,FMP4,1.12,DeepFake,Celeb-synthesis,id3,id9,,CELEB_COMPONENT_000,,train
CELEBDF_0004298,Celeb-DF v2,Celeb-synthesis/id3_id9_0004.mp4,1,499,514,500,FMP4,1.09,DeepFake,Celeb-synthesis,id3,id9,,CELEB_COMPONENT_000,,train
CELEBDF_0004299,Celeb-DF v2,Celeb-synthesis/id3_id9_0005.mp4,1,398,490,500,FMP4,1.21,DeepFake,Celeb-synthesis,id3,id9,,CELEB_COMPONENT_000,,train
CELEBDF_0004300,Celeb-DF v2,Celeb-synthesis/id3_id9_0006.mp4,1,409,568,500,FMP4,1.25,DeepFake,Celeb-synthesis,id3,id9,,CELEB_COMPONENT_000,,train
CELEBDF_0004301,Celeb-DF v2,Celeb-synthesis/id3_id9_0007.mp4,1,361,668,500,FMP4,1.22,DeepFake,Celeb-synthesis,id3,id9,,CELEB_COMPONENT_000,,train
CELEBDF_0004302,Celeb-DF v2,Celeb-synthesis/id3_id9_0008.mp4,1,458,488,500,FMP4,1.32,DeepFake,Celeb-synthesis,id3,id9,,CELEB_COMPONENT_000,,train
CELEBDF_0004303,Celeb-DF v2,Celeb-synthesis/id3_id9_0009.mp4,1,497,884,500,FMP4,1.08,DeepFake,Celeb-synthesis,id3,id9,,CELEB_COMPONENT_000,,train
CELEBDF_0004304,Celeb-DF v2,Celeb-synthesis/id40_id39_0000.mp4,1,319,418,466,FMP4,0.89,DeepFake,Celeb-synthesis,id40,id39,,CELEB_COMPONENT_002,,test
CELEBDF_0004305,Celeb-DF v2,Celeb-synthesis/id40_id39_0001.mp4,1,320,440,390,FMP4,1.19,DeepFake,Celeb-synthesis,id40,id39,,CELEB_COMPONENT_002,,test
CELEBDF_0004306,Celeb-DF v2,Celeb-synthesis/id40_id39_0002.mp4,1,332,848,478,FMP4,1.39,DeepFake,Celeb-synthesis,id40,id39,,CELEB_COMPONENT_002,,test
CELEBDF_0004307,Celeb-DF v2,Celeb-synthesis/id40_id39_0003.mp4,1,319,848,478,FMP4,1.32,DeepFake,Celeb-synthesis,id40,id39,,CELEB_COMPONENT_002,,test
CELEBDF_0004308,Celeb-DF v2,Celeb-synthesis/id40_id39_0005.mp4,1,322,848,478,FMP4,1.02,DeepFake,Celeb-synthesis,id40,id39,,CELEB_COMPONENT_002,,test
CELEBDF_0004309,Celeb-DF v2,Celeb-synthesis/id40_id39_0006.mp4,1,317,848,478,FMP4,1.27,DeepFake,Celeb-synthesis,id40,id39,,CELEB_COMPONENT_002,,test
CELEBDF_0004310,Celeb-DF v2,Celeb-synthesis/id40_id39_0007.mp4,1,331,848,478,FMP4,1.45,DeepFake,Celeb-synthesis,id40,id39,,CELEB_COMPONENT_002,,test
CELEBDF_0004311,Celeb-DF v2,Celeb-synthesis/id40_id39_0008.mp4,1,310,848,478,FMP4,1.35,DeepFake,Celeb-synthesis,id40,id39,,CELEB_COMPONENT_002,,test
CELEBDF_0004312,Celeb-DF v2,Celeb-synthesis/id40_id39_0009.mp4,1,316,848,478,FMP4,0.82,DeepFake,Celeb-synthesis,id40,id39,,CELEB_COMPONENT_002,,test
CELEBDF_0004313,Celeb-DF v2,Celeb-synthesis/id40_id41_0000.mp4,1,319,418,466,FMP4,0.89,DeepFake,Celeb-synthesis,id40,id41,,CELEB_COMPONENT_002,,test
CELEBDF_0004314,Celeb-DF v2,Celeb-synthesis/id40_id41_0001.mp4,1,320,440,390,FMP4,1.19,DeepFake,Celeb-synthesis,id40,id41,,CELEB_COMPONENT_002,,test
CELEBDF_0004315,Celeb-DF v2,Celeb-synthesis/id40_id41_0002.mp4,1,332,848,478,FMP4,1.38,DeepFake,Celeb-synthesis,id40,id41,,CELEB_COMPONENT_002,,test
CELEBDF_0004316,Celeb-DF v2,Celeb-synthesis/id40_id41_0003.mp4,1,319,848,478,FMP4,1.31,DeepFake,Celeb-synthesis,id40,id41,,CELEB_COMPONENT_002,,test
CELEBDF_0004317,Celeb-DF v2,Celeb-synthesis/id40_id41_0004.mp4,1,326,848,478,FMP4,1.78,DeepFake,Celeb-synthesis,id40,id41,,CELEB_COMPONENT_002,,test
CELEBDF_0004318,Celeb-DF v2,Celeb-synthesis/id40_id41_0005.mp4,1,322,848,478,FMP4,1.02,DeepFake,Celeb-synthesis,id40,id41,,CELEB_COMPONENT_002,,test
CELEBDF_0004319,Celeb-DF v2,Celeb-synthesis/id40_id41_0006.mp4,1,317,848,478,FMP4,1.27,DeepFake,Celeb-synthesis,id40,id41,,CELEB_COMPONENT_002,,test
CELEBDF_0004320,Celeb-DF v2,Celeb-synthesis/id40_id41_0007.mp4,1,331,848,478,FMP4,1.45,DeepFake,Celeb-synthesis,id40,id41,,CELEB_COMPONENT_002,,test
CELEBDF_0004321,Celeb-DF v2,Celeb-synthesis/id40_id41_0008.mp4,1,310,848,478,FMP4,1.35,DeepFake,Celeb-synthesis,id40,id41,,CELEB_COMPONENT_002,,test
CELEBDF_0004322,Celeb-DF v2,Celeb-synthesis/id40_id41_0009.mp4,1,316,848,478,FMP4,0.82,DeepFake,Celeb-synthesis,id40,id41,,CELEB_COMPONENT_002,,test
CELEBDF_0004323,Celeb-DF v2,Celeb-synthesis/id40_id42_0000.mp4,1,319,418,466,FMP4,0.9,DeepFake,Celeb-synthesis,id40,id42,,CELEB_COMPONENT_002,,test
CELEBDF_0004324,Celeb-DF v2,Celeb-synthesis/id40_id42_0001.mp4,1,320,440,390,FMP4,1.19,DeepFake,Celeb-synthesis,id40,id42,,CELEB_COMPONENT_002,,test
CELEBDF_0004325,Celeb-DF v2,Celeb-synthesis/id40_id42_0002.mp4,1,332,848,478,FMP4,1.39,DeepFake,Celeb-synthesis,id40,id42,,CELEB_COMPONENT_002,,test
CELEBDF_0004326,Celeb-DF v2,Celeb-synthesis/id40_id42_0003.mp4,1,319,848,478,FMP4,1.33,DeepFake,Celeb-synthesis,id40,id42,,CELEB_COMPONENT_002,,test
CELEBDF_0004327,Celeb-DF v2,Celeb-synthesis/id40_id42_0004.mp4,1,326,848,478,FMP4,1.77,DeepFake,Celeb-synthesis,id40,id42,,CELEB_COMPONENT_002,,test
CELEBDF_0004328,Celeb-DF v2,Celeb-synthesis/id40_id42_0007.mp4,1,331,848,478,FMP4,1.44,DeepFake,Celeb-synthesis,id40,id42,,CELEB_COMPONENT_002,,test
CELEBDF_0004329,Celeb-DF v2,Celeb-synthesis/id40_id42_0008.mp4,1,310,848,478,FMP4,1.35,DeepFake,Celeb-synthesis,id40,id42,,CELEB_COMPONENT_002,,test
CELEBDF_0004330,Celeb-DF v2,Celeb-synthesis/id40_id42_0009.mp4,1,316,848,478,FMP4,0.83,DeepFake,Celeb-synthesis,id40,id42,,CELEB_COMPONENT_002,,test
CELEBDF_0004331,Celeb-DF v2,Celeb-synthesis/id40_id43_0000.mp4,1,319,418,466,FMP4,0.89,DeepFake,Celeb-synthesis,id40,id43,,CELEB_COMPONENT_002,,test
CELEBDF_0004332,Celeb-DF v2,Celeb-synthesis/id40_id43_0001.mp4,1,320,440,390,FMP4,1.19,DeepFake,Celeb-synthesis,id40,id43,,CELEB_COMPONENT_002,,test
CELEBDF_0004333,Celeb-DF v2,Celeb-synthesis/id40_id43_0002.mp4,1,332,848,478,FMP4,1.39,DeepFake,Celeb-synthesis,id40,id43,,CELEB_COMPONENT_002,,test
CELEBDF_0004334,Celeb-DF v2,Celeb-synthesis/id40_id43_0003.mp4,1,319,848,478,FMP4,1.32,DeepFake,Celeb-synthesis,id40,id43,,CELEB_COMPONENT_002,,test
CELEBDF_0004335,Celeb-DF v2,Celeb-synthesis/id40_id43_0004.mp4,1,326,848,478,FMP4,1.78,DeepFake,Celeb-synthesis,id40,id43,,CELEB_COMPONENT_002,,test
CELEBDF_0004336,Celeb-DF v2,Celeb-synthesis/id40_id43_0005.mp4,1,322,848,478,FMP4,1.02,DeepFake,Celeb-synthesis,id40,id43,,CELEB_COMPONENT_002,,test
CELEBDF_0004337,Celeb-DF v2,Celeb-synthesis/id40_id43_0006.mp4,1,317,848,478,FMP4,1.27,DeepFake,Celeb-synthesis,id40,id43,,CELEB_COMPONENT_002,,test
CELEBDF_0004338,Celeb-DF v2,Celeb-synthesis/id40_id43_0007.mp4,1,331,848,478,FMP4,1.44,DeepFake,Celeb-synthesis,id40,id43,,CELEB_COMPONENT_002,,test
CELEBDF_0004339,Celeb-DF v2,Celeb-synthesis/id40_id43_0008.mp4,1,310,848,478,FMP4,1.35,DeepFake,Celeb-synthesis,id40,id43,,CELEB_COMPONENT_002,,test
CELEBDF_0004340,Celeb-DF v2,Celeb-synthesis/id40_id43_0009.mp4,1,316,848,478,FMP4,0.83,DeepFake,Celeb-synthesis,id40,id43,,CELEB_COMPONENT_002,,test
CELEBDF_0004341,Celeb-DF v2,Celeb-synthesis/id40_id44_0000.mp4,1,319,418,466,FMP4,0.9,DeepFake,Celeb-synthesis,id40,id44,,CELEB_COMPONENT_002,,test
CELEBDF_0004342,Celeb-DF v2,Celeb-synthesis/id40_id44_0001.mp4,1,320,440,390,FMP4,1.19,DeepFake,Celeb-synthesis,id40,id44,,CELEB_COMPONENT_002,,test
CELEBDF_0004343,Celeb-DF v2,Celeb-synthesis/id40_id44_0002.mp4,1,332,848,478,FMP4,1.39,DeepFake,Celeb-synthesis,id40,id44,,CELEB_COMPONENT_002,,test
CELEBDF_0004344,Celeb-DF v2,Celeb-synthesis/id40_id44_0003.mp4,1,319,848,478,FMP4,1.33,DeepFake,Celeb-synthesis,id40,id44,,CELEB_COMPONENT_002,,test
CELEBDF_0004345,Celeb-DF v2,Celeb-synthesis/id40_id44_0005.mp4,1,322,848,478,FMP4,1.03,DeepFake,Celeb-synthesis,id40,id44,,CELEB_COMPONENT_002,,test
CELEBDF_0004346,Celeb-DF v2,Celeb-synthesis/id40_id44_0006.mp4,1,317,848,478,FMP4,1.27,DeepFake,Celeb-synthesis,id40,id44,,CELEB_COMPONENT_002,,test
CELEBDF_0004347,Celeb-DF v2,Celeb-synthesis/id40_id44_0008.mp4,1,310,848,478,FMP4,1.35,DeepFake,Celeb-synthesis,id40,id44,,CELEB_COMPONENT_002,,test
CELEBDF_0004348,Celeb-DF v2,Celeb-synthesis/id40_id44_0009.mp4,1,316,848,478,FMP4,0.83,DeepFake,Celeb-synthesis,id40,id44,,CELEB_COMPONENT_002,,test
CELEBDF_0004349,Celeb-DF v2,Celeb-synthesis/id40_id45_0000.mp4,1,319,418,466,FMP4,0.89,DeepFake,Celeb-synthesis,id40,id45,,CELEB_COMPONENT_002,,test
CELEBDF_0004350,Celeb-DF v2,Celeb-synthesis/id40_id45_0001.mp4,1,320,440,390,FMP4,1.19,DeepFake,Celeb-synthesis,id40,id45,,CELEB_COMPONENT_002,,test
CELEBDF_0004351,Celeb-DF v2,Celeb-synthesis/id40_id45_0002.mp4,1,332,848,478,FMP4,1.39,DeepFake,Celeb-synthesis,id40,id45,,CELEB_COMPONENT_002,,test
CELEBDF_0004352,Celeb-DF v2,Celeb-synthesis/id40_id45_0003.mp4,1,319,848,478,FMP4,1.31,DeepFake,Celeb-synthesis,id40,id45,,CELEB_COMPONENT_002,,test
CELEBDF_0004353,Celeb-DF v2,Celeb-synthesis/id40_id45_0004.mp4,1,326,848,478,FMP4,1.77,DeepFake,Celeb-synthesis,id40,id45,,CELEB_COMPONENT_002,,test
CELEBDF_0004354,Celeb-DF v2,Celeb-synthesis/id40_id45_0005.mp4,1,322,848,478,FMP4,1.02,DeepFake,Celeb-synthesis,id40,id45,,CELEB_COMPONENT_002,,test
CELEBDF_0004355,Celeb-DF v2,Celeb-synthesis/id40_id45_0006.mp4,1,317,848,478,FMP4,1.27,DeepFake,Celeb-synthesis,id40,id45,,CELEB_COMPONENT_002,,test
CELEBDF_0004356,Celeb-DF v2,Celeb-synthesis/id40_id45_0007.mp4,1,331,848,478,FMP4,1.44,DeepFake,Celeb-synthesis,id40,id45,,CELEB_COMPONENT_002,,test
CELEBDF_0004357,Celeb-DF v2,Celeb-synthesis/id40_id45_0008.mp4,1,310,848,478,FMP4,1.35,DeepFake,Celeb-synthesis,id40,id45,,CELEB_COMPONENT_002,,test
CELEBDF_0004358,Celeb-DF v2,Celeb-synthesis/id40_id45_0009.mp4,1,316,848,478,FMP4,0.82,DeepFake,Celeb-synthesis,id40,id45,,CELEB_COMPONENT_002,,test
CELEBDF_0004359,Celeb-DF v2,Celeb-synthesis/id40_id46_0000.mp4,1,319,418,466,FMP4,0.89,DeepFake,Celeb-synthesis,id40,id46,,CELEB_COMPONENT_002,,test
CELEBDF_0004360,Celeb-DF v2,Celeb-synthesis/id40_id46_0001.mp4,1,320,440,390,FMP4,1.18,DeepFake,Celeb-synthesis,id40,id46,,CELEB_COMPONENT_002,,test
CELEBDF_0004361,Celeb-DF v2,Celeb-synthesis/id40_id46_0002.mp4,1,332,848,478,FMP4,1.38,DeepFake,Celeb-synthesis,id40,id46,,CELEB_COMPONENT_002,,test
CELEBDF_0004362,Celeb-DF v2,Celeb-synthesis/id40_id46_0003.mp4,1,319,848,478,FMP4,1.31,DeepFake,Celeb-synthesis,id40,id46,,CELEB_COMPONENT_002,,test
CELEBDF_0004363,Celeb-DF v2,Celeb-synthesis/id40_id46_0005.mp4,1,322,848,478,FMP4,1.02,DeepFake,Celeb-synthesis,id40,id46,,CELEB_COMPONENT_002,,test
CELEBDF_0004364,Celeb-DF v2,Celeb-synthesis/id40_id46_0006.mp4,1,317,848,478,FMP4,1.27,DeepFake,Celeb-synthesis,id40,id46,,CELEB_COMPONENT_002,,test
CELEBDF_0004365,Celeb-DF v2,Celeb-synthesis/id40_id46_0007.mp4,1,331,848,478,FMP4,1.44,DeepFake,Celeb-synthesis,id40,id46,,CELEB_COMPONENT_002,,test
CELEBDF_0004366,Celeb-DF v2,Celeb-synthesis/id40_id46_0008.mp4,1,310,848,478,FMP4,1.35,DeepFake,Celeb-synthesis,id40,id46,,CELEB_COMPONENT_002,,test
CELEBDF_0004367,Celeb-DF v2,Celeb-synthesis/id40_id46_0009.mp4,1,316,848,478,FMP4,0.82,DeepFake,Celeb-synthesis,id40,id46,,CELEB_COMPONENT_002,,test
CELEBDF_0004368,Celeb-DF v2,Celeb-synthesis/id40_id47_0000.mp4,1,319,418,466,FMP4,0.89,DeepFake,Celeb-synthesis,id40,id47,,CELEB_COMPONENT_002,,test
CELEBDF_0004369,Celeb-DF v2,Celeb-synthesis/id40_id47_0001.mp4,1,320,440,390,FMP4,1.18,DeepFake,Celeb-synthesis,id40,id47,,CELEB_COMPONENT_002,,test
CELEBDF_0004370,Celeb-DF v2,Celeb-synthesis/id40_id47_0002.mp4,1,332,848,478,FMP4,1.38,DeepFake,Celeb-synthesis,id40,id47,,CELEB_COMPONENT_002,,test
CELEBDF_0004371,Celeb-DF v2,Celeb-synthesis/id40_id47_0003.mp4,1,319,848,478,FMP4,1.32,DeepFake,Celeb-synthesis,id40,id47,,CELEB_COMPONENT_002,,test
CELEBDF_0004372,Celeb-DF v2,Celeb-synthesis/id40_id47_0004.mp4,1,326,848,478,FMP4,1.77,DeepFake,Celeb-synthesis,id40,id47,,CELEB_COMPONENT_002,,test
CELEBDF_0004373,Celeb-DF v2,Celeb-synthesis/id40_id47_0005.mp4,1,322,848,478,FMP4,1.02,DeepFake,Celeb-synthesis,id40,id47,,CELEB_COMPONENT_002,,test
CELEBDF_0004374,Celeb-DF v2,Celeb-synthesis/id40_id47_0006.mp4,1,317,848,478,FMP4,1.27,DeepFake,Celeb-synthesis,id40,id47,,CELEB_COMPONENT_002,,test
CELEBDF_0004375,Celeb-DF v2,Celeb-synthesis/id40_id47_0007.mp4,1,331,848,478,FMP4,1.44,DeepFake,Celeb-synthesis,id40,id47,,CELEB_COMPONENT_002,,test
CELEBDF_0004376,Celeb-DF v2,Celeb-synthesis/id40_id47_0008.mp4,1,310,848,478,FMP4,1.35,DeepFake,Celeb-synthesis,id40,id47,,CELEB_COMPONENT_002,,test
CELEBDF_0004377,Celeb-DF v2,Celeb-synthesis/id40_id47_0009.mp4,1,316,848,478,FMP4,0.82,DeepFake,Celeb-synthesis,id40,id47,,CELEB_COMPONENT_002,,test
CELEBDF_0004378,Celeb-DF v2,Celeb-synthesis/id40_id48_0000.mp4,1,319,418,466,FMP4,0.89,DeepFake,Celeb-synthesis,id40,id48,,CELEB_COMPONENT_002,,test
CELEBDF_0004379,Celeb-DF v2,Celeb-synthesis/id40_id48_0001.mp4,1,320,440,390,FMP4,1.19,DeepFake,Celeb-synthesis,id40,id48,,CELEB_COMPONENT_002,,test
CELEBDF_0004380,Celeb-DF v2,Celeb-synthesis/id40_id48_0002.mp4,1,332,848,478,FMP4,1.38,DeepFake,Celeb-synthesis,id40,id48,,CELEB_COMPONENT_002,,test
CELEBDF_0004381,Celeb-DF v2,Celeb-synthesis/id40_id48_0003.mp4,1,319,848,478,FMP4,1.31,DeepFake,Celeb-synthesis,id40,id48,,CELEB_COMPONENT_002,,test
CELEBDF_0004382,Celeb-DF v2,Celeb-synthesis/id40_id48_0004.mp4,1,326,848,478,FMP4,1.77,DeepFake,Celeb-synthesis,id40,id48,,CELEB_COMPONENT_002,,test
CELEBDF_0004383,Celeb-DF v2,Celeb-synthesis/id40_id48_0005.mp4,1,322,848,478,FMP4,1.01,DeepFake,Celeb-synthesis,id40,id48,,CELEB_COMPONENT_002,,test
CELEBDF_0004384,Celeb-DF v2,Celeb-synthesis/id40_id48_0006.mp4,1,317,848,478,FMP4,1.27,DeepFake,Celeb-synthesis,id40,id48,,CELEB_COMPONENT_002,,test
CELEBDF_0004385,Celeb-DF v2,Celeb-synthesis/id40_id48_0008.mp4,1,310,848,478,FMP4,1.35,DeepFake,Celeb-synthesis,id40,id48,,CELEB_COMPONENT_002,,test
CELEBDF_0004386,Celeb-DF v2,Celeb-synthesis/id40_id48_0009.mp4,1,316,848,478,FMP4,0.82,DeepFake,Celeb-synthesis,id40,id48,,CELEB_COMPONENT_002,,test
CELEBDF_0004387,Celeb-DF v2,Celeb-synthesis/id41_id40_0000.mp4,1,306,850,472,FMP4,0.67,DeepFake,Celeb-synthesis,id41,id40,,CELEB_COMPONENT_002,,test
CELEBDF_0004388,Celeb-DF v2,Celeb-synthesis/id41_id40_0002.mp4,1,332,844,474,FMP4,1.29,DeepFake,Celeb-synthesis,id41,id40,,CELEB_COMPONENT_002,,test
CELEBDF_0004389,Celeb-DF v2,Celeb-synthesis/id41_id40_0003.mp4,1,332,844,474,FMP4,1.24,DeepFake,Celeb-synthesis,id41,id40,,CELEB_COMPONENT_002,,test
CELEBDF_0004390,Celeb-DF v2,Celeb-synthesis/id41_id40_0004.mp4,1,314,844,474,FMP4,1.36,DeepFake,Celeb-synthesis,id41,id40,,CELEB_COMPONENT_002,,test
CELEBDF_0004391,Celeb-DF v2,Celeb-synthesis/id41_id40_0005.mp4,1,230,844,474,FMP4,1.1,DeepFake,Celeb-synthesis,id41,id40,,CELEB_COMPONENT_002,,test
CELEBDF_0004392,Celeb-DF v2,Celeb-synthesis/id41_id40_0006.mp4,1,321,844,474,FMP4,0.99,DeepFake,Celeb-synthesis,id41,id40,,CELEB_COMPONENT_002,,test
CELEBDF_0004393,Celeb-DF v2,Celeb-synthesis/id41_id40_0007.mp4,1,332,844,474,FMP4,1.19,DeepFake,Celeb-synthesis,id41,id40,,CELEB_COMPONENT_002,,test
CELEBDF_0004394,Celeb-DF v2,Celeb-synthesis/id41_id40_0008.mp4,1,329,844,474,FMP4,0.84,DeepFake,Celeb-synthesis,id41,id40,,CELEB_COMPONENT_002,,test
CELEBDF_0004395,Celeb-DF v2,Celeb-synthesis/id41_id40_0009.mp4,1,315,844,474,FMP4,0.57,DeepFake,Celeb-synthesis,id41,id40,,CELEB_COMPONENT_002,,test
CELEBDF_0004396,Celeb-DF v2,Celeb-synthesis/id41_id42_0001.mp4,1,310,850,472,FMP4,1.19,DeepFake,Celeb-synthesis,id41,id42,,CELEB_COMPONENT_002,,test
CELEBDF_0004397,Celeb-DF v2,Celeb-synthesis/id41_id42_0002.mp4,1,332,844,474,FMP4,1.29,DeepFake,Celeb-synthesis,id41,id42,,CELEB_COMPONENT_002,,test
CELEBDF_0004398,Celeb-DF v2,Celeb-synthesis/id41_id42_0003.mp4,1,332,844,474,FMP4,1.24,DeepFake,Celeb-synthesis,id41,id42,,CELEB_COMPONENT_002,,test
CELEBDF_0004399,Celeb-DF v2,Celeb-synthesis/id41_id42_0004.mp4,1,314,844,474,FMP4,1.37,DeepFake,Celeb-synthesis,id41,id42,,CELEB_COMPONENT_002,,test
CELEBDF_0004400,Celeb-DF v2,Celeb-synthesis/id41_id42_0006.mp4,1,321,844,474,FMP4,1.0,DeepFake,Celeb-synthesis,id41,id42,,CELEB_COMPONENT_002,,test
CELEBDF_0004401,Celeb-DF v2,Celeb-synthesis/id41_id42_0007.mp4,1,332,844,474,FMP4,1.19,DeepFake,Celeb-synthesis,id41,id42,,CELEB_COMPONENT_002,,test
CELEBDF_0004402,Celeb-DF v2,Celeb-synthesis/id41_id42_0008.mp4,1,329,844,474,FMP4,0.84,DeepFake,Celeb-synthesis,id41,id42,,CELEB_COMPONENT_002,,test
CELEBDF_0004403,Celeb-DF v2,Celeb-synthesis/id41_id42_0009.mp4,1,315,844,474,FMP4,0.58,DeepFake,Celeb-synthesis,id41,id42,,CELEB_COMPONENT_002,,test
CELEBDF_0004404,Celeb-DF v2,Celeb-synthesis/id41_id43_0000.mp4,1,306,850,472,FMP4,0.67,DeepFake,Celeb-synthesis,id41,id43,,CELEB_COMPONENT_002,,test
CELEBDF_0004405,Celeb-DF v2,Celeb-synthesis/id41_id43_0001.mp4,1,310,850,472,FMP4,1.19,DeepFake,Celeb-synthesis,id41,id43,,CELEB_COMPONENT_002,,test
CELEBDF_0004406,Celeb-DF v2,Celeb-synthesis/id41_id43_0002.mp4,1,332,844,474,FMP4,1.29,DeepFake,Celeb-synthesis,id41,id43,,CELEB_COMPONENT_002,,test
CELEBDF_0004407,Celeb-DF v2,Celeb-synthesis/id41_id43_0003.mp4,1,332,844,474,FMP4,1.23,DeepFake,Celeb-synthesis,id41,id43,,CELEB_COMPONENT_002,,test
CELEBDF_0004408,Celeb-DF v2,Celeb-synthesis/id41_id43_0004.mp4,1,314,844,474,FMP4,1.36,DeepFake,Celeb-synthesis,id41,id43,,CELEB_COMPONENT_002,,test
CELEBDF_0004409,Celeb-DF v2,Celeb-synthesis/id41_id43_0005.mp4,1,230,844,474,FMP4,1.1,DeepFake,Celeb-synthesis,id41,id43,,CELEB_COMPONENT_002,,test
CELEBDF_0004410,Celeb-DF v2,Celeb-synthesis/id41_id43_0006.mp4,1,321,844,474,FMP4,0.99,DeepFake,Celeb-synthesis,id41,id43,,CELEB_COMPONENT_002,,test
CELEBDF_0004411,Celeb-DF v2,Celeb-synthesis/id41_id43_0008.mp4,1,329,844,474,FMP4,0.84,DeepFake,Celeb-synthesis,id41,id43,,CELEB_COMPONENT_002,,test
CELEBDF_0004412,Celeb-DF v2,Celeb-synthesis/id41_id44_0000.mp4,1,306,850,472,FMP4,0.67,DeepFake,Celeb-synthesis,id41,id44,,CELEB_COMPONENT_002,,test
CELEBDF_0004413,Celeb-DF v2,Celeb-synthesis/id41_id44_0001.mp4,1,310,850,472,FMP4,1.2,DeepFake,Celeb-synthesis,id41,id44,,CELEB_COMPONENT_002,,test
CELEBDF_0004414,Celeb-DF v2,Celeb-synthesis/id41_id44_0002.mp4,1,332,844,474,FMP4,1.29,DeepFake,Celeb-synthesis,id41,id44,,CELEB_COMPONENT_002,,test
CELEBDF_0004415,Celeb-DF v2,Celeb-synthesis/id41_id44_0003.mp4,1,332,844,474,FMP4,1.24,DeepFake,Celeb-synthesis,id41,id44,,CELEB_COMPONENT_002,,test
CELEBDF_0004416,Celeb-DF v2,Celeb-synthesis/id41_id44_0004.mp4,1,314,844,474,FMP4,1.36,DeepFake,Celeb-synthesis,id41,id44,,CELEB_COMPONENT_002,,test
CELEBDF_0004417,Celeb-DF v2,Celeb-synthesis/id41_id44_0005.mp4,1,230,844,474,FMP4,1.11,DeepFake,Celeb-synthesis,id41,id44,,CELEB_COMPONENT_002,,test
CELEBDF_0004418,Celeb-DF v2,Celeb-synthesis/id41_id44_0006.mp4,1,321,844,474,FMP4,1.0,DeepFake,Celeb-synthesis,id41,id44,,CELEB_COMPONENT_002,,test
CELEBDF_0004419,Celeb-DF v2,Celeb-synthesis/id41_id44_0007.mp4,1,332,844,474,FMP4,1.19,DeepFake,Celeb-synthesis,id41,id44,,CELEB_COMPONENT_002,,test
CELEBDF_0004420,Celeb-DF v2,Celeb-synthesis/id41_id44_0008.mp4,1,329,844,474,FMP4,0.85,DeepFake,Celeb-synthesis,id41,id44,,CELEB_COMPONENT_002,,test
CELEBDF_0004421,Celeb-DF v2,Celeb-synthesis/id41_id44_0009.mp4,1,315,844,474,FMP4,0.58,DeepFake,Celeb-synthesis,id41,id44,,CELEB_COMPONENT_002,,test
CELEBDF_0004422,Celeb-DF v2,Celeb-synthesis/id41_id45_0000.mp4,1,306,850,472,FMP4,0.66,DeepFake,Celeb-synthesis,id41,id45,,CELEB_COMPONENT_002,,test
CELEBDF_0004423,Celeb-DF v2,Celeb-synthesis/id41_id45_0001.mp4,1,310,850,472,FMP4,1.19,DeepFake,Celeb-synthesis,id41,id45,,CELEB_COMPONENT_002,,test
CELEBDF_0004424,Celeb-DF v2,Celeb-synthesis/id41_id45_0002.mp4,1,332,844,474,FMP4,1.29,DeepFake,Celeb-synthesis,id41,id45,,CELEB_COMPONENT_002,,test
CELEBDF_0004425,Celeb-DF v2,Celeb-synthesis/id41_id45_0003.mp4,1,332,844,474,FMP4,1.23,DeepFake,Celeb-synthesis,id41,id45,,CELEB_COMPONENT_002,,test
CELEBDF_0004426,Celeb-DF v2,Celeb-synthesis/id41_id45_0004.mp4,1,314,844,474,FMP4,1.36,DeepFake,Celeb-synthesis,id41,id45,,CELEB_COMPONENT_002,,test
CELEBDF_0004427,Celeb-DF v2,Celeb-synthesis/id41_id45_0005.mp4,1,230,844,474,FMP4,1.09,DeepFake,Celeb-synthesis,id41,id45,,CELEB_COMPONENT_002,,test
CELEBDF_0004428,Celeb-DF v2,Celeb-synthesis/id41_id45_0006.mp4,1,321,844,474,FMP4,0.99,DeepFake,Celeb-synthesis,id41,id45,,CELEB_COMPONENT_002,,test
CELEBDF_0004429,Celeb-DF v2,Celeb-synthesis/id41_id45_0007.mp4,1,332,844,474,FMP4,1.18,DeepFake,Celeb-synthesis,id41,id45,,CELEB_COMPONENT_002,,test
CELEBDF_0004430,Celeb-DF v2,Celeb-synthesis/id41_id45_0008.mp4,1,329,844,474,FMP4,0.83,DeepFake,Celeb-synthesis,id41,id45,,CELEB_COMPONENT_002,,test
CELEBDF_0004431,Celeb-DF v2,Celeb-synthesis/id41_id45_0009.mp4,1,315,844,474,FMP4,0.57,DeepFake,Celeb-synthesis,id41,id45,,CELEB_COMPONENT_002,,test
CELEBDF_0004432,Celeb-DF v2,Celeb-synthesis/id41_id46_0001.mp4,1,310,850,472,FMP4,1.19,DeepFake,Celeb-synthesis,id41,id46,,CELEB_COMPONENT_002,,test
CELEBDF_0004433,Celeb-DF v2,Celeb-synthesis/id41_id46_0002.mp4,1,332,844,474,FMP4,1.28,DeepFake,Celeb-synthesis,id41,id46,,CELEB_COMPONENT_002,,test
CELEBDF_0004434,Celeb-DF v2,Celeb-synthesis/id41_id46_0003.mp4,1,332,844,474,FMP4,1.23,DeepFake,Celeb-synthesis,id41,id46,,CELEB_COMPONENT_002,,test
CELEBDF_0004435,Celeb-DF v2,Celeb-synthesis/id41_id46_0004.mp4,1,314,844,474,FMP4,1.36,DeepFake,Celeb-synthesis,id41,id46,,CELEB_COMPONENT_002,,test
CELEBDF_0004436,Celeb-DF v2,Celeb-synthesis/id41_id46_0006.mp4,1,321,844,474,FMP4,0.99,DeepFake,Celeb-synthesis,id41,id46,,CELEB_COMPONENT_002,,test
CELEBDF_0004437,Celeb-DF v2,Celeb-synthesis/id41_id46_0008.mp4,1,329,844,474,FMP4,0.84,DeepFake,Celeb-synthesis,id41,id46,,CELEB_COMPONENT_002,,test
CELEBDF_0004438,Celeb-DF v2,Celeb-synthesis/id41_id46_0009.mp4,1,315,844,474,FMP4,0.57,DeepFake,Celeb-synthesis,id41,id46,,CELEB_COMPONENT_002,,test
CELEBDF_0004439,Celeb-DF v2,Celeb-synthesis/id41_id47_0000.mp4,1,306,850,472,FMP4,0.66,DeepFake,Celeb-synthesis,id41,id47,,CELEB_COMPONENT_002,,test
CELEBDF_0004440,Celeb-DF v2,Celeb-synthesis/id41_id47_0001.mp4,1,310,850,472,FMP4,1.19,DeepFake,Celeb-synthesis,id41,id47,,CELEB_COMPONENT_002,,test
CELEBDF_0004441,Celeb-DF v2,Celeb-synthesis/id41_id47_0002.mp4,1,332,844,474,FMP4,1.29,DeepFake,Celeb-synthesis,id41,id47,,CELEB_COMPONENT_002,,test
CELEBDF_0004442,Celeb-DF v2,Celeb-synthesis/id41_id47_0003.mp4,1,332,844,474,FMP4,1.23,DeepFake,Celeb-synthesis,id41,id47,,CELEB_COMPONENT_002,,test
CELEBDF_0004443,Celeb-DF v2,Celeb-synthesis/id41_id47_0004.mp4,1,314,844,474,FMP4,1.36,DeepFake,Celeb-synthesis,id41,id47,,CELEB_COMPONENT_002,,test
CELEBDF_0004444,Celeb-DF v2,Celeb-synthesis/id41_id47_0005.mp4,1,230,844,474,FMP4,1.1,DeepFake,Celeb-synthesis,id41,id47,,CELEB_COMPONENT_002,,test
CELEBDF_0004445,Celeb-DF v2,Celeb-synthesis/id41_id47_0006.mp4,1,321,844,474,FMP4,0.99,DeepFake,Celeb-synthesis,id41,id47,,CELEB_COMPONENT_002,,test
CELEBDF_0004446,Celeb-DF v2,Celeb-synthesis/id41_id47_0007.mp4,1,332,844,474,FMP4,1.18,DeepFake,Celeb-synthesis,id41,id47,,CELEB_COMPONENT_002,,test
CELEBDF_0004447,Celeb-DF v2,Celeb-synthesis/id41_id47_0008.mp4,1,329,844,474,FMP4,0.84,DeepFake,Celeb-synthesis,id41,id47,,CELEB_COMPONENT_002,,test
CELEBDF_0004448,Celeb-DF v2,Celeb-synthesis/id41_id47_0009.mp4,1,315,844,474,FMP4,0.57,DeepFake,Celeb-synthesis,id41,id47,,CELEB_COMPONENT_002,,test
CELEBDF_0004449,Celeb-DF v2,Celeb-synthesis/id41_id48_0000.mp4,1,306,850,472,FMP4,0.66,DeepFake,Celeb-synthesis,id41,id48,,CELEB_COMPONENT_002,,test
CELEBDF_0004450,Celeb-DF v2,Celeb-synthesis/id41_id48_0002.mp4,1,332,844,474,FMP4,1.29,DeepFake,Celeb-synthesis,id41,id48,,CELEB_COMPONENT_002,,test
CELEBDF_0004451,Celeb-DF v2,Celeb-synthesis/id41_id48_0003.mp4,1,332,844,474,FMP4,1.23,DeepFake,Celeb-synthesis,id41,id48,,CELEB_COMPONENT_002,,test
CELEBDF_0004452,Celeb-DF v2,Celeb-synthesis/id41_id48_0004.mp4,1,314,844,474,FMP4,1.36,DeepFake,Celeb-synthesis,id41,id48,,CELEB_COMPONENT_002,,test
CELEBDF_0004453,Celeb-DF v2,Celeb-synthesis/id41_id48_0005.mp4,1,230,844,474,FMP4,1.1,DeepFake,Celeb-synthesis,id41,id48,,CELEB_COMPONENT_002,,test
CELEBDF_0004454,Celeb-DF v2,Celeb-synthesis/id41_id48_0006.mp4,1,321,844,474,FMP4,1.0,DeepFake,Celeb-synthesis,id41,id48,,CELEB_COMPONENT_002,,test
CELEBDF_0004455,Celeb-DF v2,Celeb-synthesis/id41_id48_0007.mp4,1,332,844,474,FMP4,1.19,DeepFake,Celeb-synthesis,id41,id48,,CELEB_COMPONENT_002,,test
CELEBDF_0004456,Celeb-DF v2,Celeb-synthesis/id41_id48_0008.mp4,1,329,844,474,FMP4,0.84,DeepFake,Celeb-synthesis,id41,id48,,CELEB_COMPONENT_002,,test
CELEBDF_0004457,Celeb-DF v2,Celeb-synthesis/id41_id48_0009.mp4,1,315,844,474,FMP4,0.57,DeepFake,Celeb-synthesis,id41,id48,,CELEB_COMPONENT_002,,test
CELEBDF_0004458,Celeb-DF v2,Celeb-synthesis/id42_id39_0000.mp4,1,347,844,474,FMP4,0.9,DeepFake,Celeb-synthesis,id42,id39,,CELEB_COMPONENT_002,,test
CELEBDF_0004459,Celeb-DF v2,Celeb-synthesis/id42_id39_0001.mp4,1,315,426,448,FMP4,0.87,DeepFake,Celeb-synthesis,id42,id39,,CELEB_COMPONENT_002,,test
CELEBDF_0004460,Celeb-DF v2,Celeb-synthesis/id42_id39_0002.mp4,1,317,852,478,FMP4,1.06,DeepFake,Celeb-synthesis,id42,id39,,CELEB_COMPONENT_002,,test
CELEBDF_0004461,Celeb-DF v2,Celeb-synthesis/id42_id39_0003.mp4,1,310,852,478,FMP4,1.25,DeepFake,Celeb-synthesis,id42,id39,,CELEB_COMPONENT_002,,test
CELEBDF_0004462,Celeb-DF v2,Celeb-synthesis/id42_id40_0000.mp4,1,347,844,474,FMP4,0.89,DeepFake,Celeb-synthesis,id42,id40,,CELEB_COMPONENT_002,,test
CELEBDF_0004463,Celeb-DF v2,Celeb-synthesis/id42_id40_0001.mp4,1,315,426,448,FMP4,0.86,DeepFake,Celeb-synthesis,id42,id40,,CELEB_COMPONENT_002,,test
CELEBDF_0004464,Celeb-DF v2,Celeb-synthesis/id42_id40_0002.mp4,1,317,852,478,FMP4,1.05,DeepFake,Celeb-synthesis,id42,id40,,CELEB_COMPONENT_002,,test
CELEBDF_0004465,Celeb-DF v2,Celeb-synthesis/id42_id40_0003.mp4,1,310,852,478,FMP4,1.25,DeepFake,Celeb-synthesis,id42,id40,,CELEB_COMPONENT_002,,test
CELEBDF_0004466,Celeb-DF v2,Celeb-synthesis/id42_id41_0000.mp4,1,347,844,474,FMP4,0.9,DeepFake,Celeb-synthesis,id42,id41,,CELEB_COMPONENT_002,,test
CELEBDF_0004467,Celeb-DF v2,Celeb-synthesis/id42_id41_0001.mp4,1,315,426,448,FMP4,0.87,DeepFake,Celeb-synthesis,id42,id41,,CELEB_COMPONENT_002,,test
CELEBDF_0004468,Celeb-DF v2,Celeb-synthesis/id42_id41_0002.mp4,1,317,852,478,FMP4,1.05,DeepFake,Celeb-synthesis,id42,id41,,CELEB_COMPONENT_002,,test
CELEBDF_0004469,Celeb-DF v2,Celeb-synthesis/id42_id41_0003.mp4,1,310,852,478,FMP4,1.25,DeepFake,Celeb-synthesis,id42,id41,,CELEB_COMPONENT_002,,test
CELEBDF_0004470,Celeb-DF v2,Celeb-synthesis/id42_id43_0000.mp4,1,347,844,474,FMP4,0.9,DeepFake,Celeb-synthesis,id42,id43,,CELEB_COMPONENT_002,,test
CELEBDF_0004471,Celeb-DF v2,Celeb-synthesis/id42_id43_0001.mp4,1,315,426,448,FMP4,0.87,DeepFake,Celeb-synthesis,id42,id43,,CELEB_COMPONENT_002,,test
CELEBDF_0004472,Celeb-DF v2,Celeb-synthesis/id42_id43_0002.mp4,1,317,852,478,FMP4,1.06,DeepFake,Celeb-synthesis,id42,id43,,CELEB_COMPONENT_002,,test
CELEBDF_0004473,Celeb-DF v2,Celeb-synthesis/id42_id43_0003.mp4,1,310,852,478,FMP4,1.25,DeepFake,Celeb-synthesis,id42,id43,,CELEB_COMPONENT_002,,test
CELEBDF_0004474,Celeb-DF v2,Celeb-synthesis/id42_id44_0000.mp4,1,347,844,474,FMP4,0.91,DeepFake,Celeb-synthesis,id42,id44,,CELEB_COMPONENT_002,,test
CELEBDF_0004475,Celeb-DF v2,Celeb-synthesis/id42_id44_0001.mp4,1,315,426,448,FMP4,0.87,DeepFake,Celeb-synthesis,id42,id44,,CELEB_COMPONENT_002,,test
CELEBDF_0004476,Celeb-DF v2,Celeb-synthesis/id42_id44_0002.mp4,1,317,852,478,FMP4,1.07,DeepFake,Celeb-synthesis,id42,id44,,CELEB_COMPONENT_002,,test
CELEBDF_0004477,Celeb-DF v2,Celeb-synthesis/id42_id44_0003.mp4,1,310,852,478,FMP4,1.25,DeepFake,Celeb-synthesis,id42,id44,,CELEB_COMPONENT_002,,test
CELEBDF_0004478,Celeb-DF v2,Celeb-synthesis/id42_id45_0000.mp4,1,347,844,474,FMP4,0.89,DeepFake,Celeb-synthesis,id42,id45,,CELEB_COMPONENT_002,,test
CELEBDF_0004479,Celeb-DF v2,Celeb-synthesis/id42_id45_0001.mp4,1,315,426,448,FMP4,0.87,DeepFake,Celeb-synthesis,id42,id45,,CELEB_COMPONENT_002,,test
CELEBDF_0004480,Celeb-DF v2,Celeb-synthesis/id42_id45_0002.mp4,1,317,852,478,FMP4,1.05,DeepFake,Celeb-synthesis,id42,id45,,CELEB_COMPONENT_002,,test
CELEBDF_0004481,Celeb-DF v2,Celeb-synthesis/id42_id45_0003.mp4,1,310,852,478,FMP4,1.24,DeepFake,Celeb-synthesis,id42,id45,,CELEB_COMPONENT_002,,test
CELEBDF_0004482,Celeb-DF v2,Celeb-synthesis/id42_id46_0000.mp4,1,347,844,474,FMP4,0.9,DeepFake,Celeb-synthesis,id42,id46,,CELEB_COMPONENT_002,,test
CELEBDF_0004483,Celeb-DF v2,Celeb-synthesis/id42_id46_0001.mp4,1,315,426,448,FMP4,0.87,DeepFake,Celeb-synthesis,id42,id46,,CELEB_COMPONENT_002,,test
CELEBDF_0004484,Celeb-DF v2,Celeb-synthesis/id42_id46_0002.mp4,1,317,852,478,FMP4,1.05,DeepFake,Celeb-synthesis,id42,id46,,CELEB_COMPONENT_002,,test
CELEBDF_0004485,Celeb-DF v2,Celeb-synthesis/id42_id46_0003.mp4,1,310,852,478,FMP4,1.25,DeepFake,Celeb-synthesis,id42,id46,,CELEB_COMPONENT_002,,test
CELEBDF_0004486,Celeb-DF v2,Celeb-synthesis/id42_id47_0000.mp4,1,347,844,474,FMP4,0.9,DeepFake,Celeb-synthesis,id42,id47,,CELEB_COMPONENT_002,,test
CELEBDF_0004487,Celeb-DF v2,Celeb-synthesis/id42_id47_0001.mp4,1,315,426,448,FMP4,0.87,DeepFake,Celeb-synthesis,id42,id47,,CELEB_COMPONENT_002,,test
CELEBDF_0004488,Celeb-DF v2,Celeb-synthesis/id42_id47_0002.mp4,1,317,852,478,FMP4,1.06,DeepFake,Celeb-synthesis,id42,id47,,CELEB_COMPONENT_002,,test
CELEBDF_0004489,Celeb-DF v2,Celeb-synthesis/id42_id47_0003.mp4,1,310,852,478,FMP4,1.24,DeepFake,Celeb-synthesis,id42,id47,,CELEB_COMPONENT_002,,test
CELEBDF_0004490,Celeb-DF v2,Celeb-synthesis/id42_id48_0000.mp4,1,347,844,474,FMP4,0.9,DeepFake,Celeb-synthesis,id42,id48,,CELEB_COMPONENT_002,,test
CELEBDF_0004491,Celeb-DF v2,Celeb-synthesis/id42_id48_0001.mp4,1,315,426,448,FMP4,0.87,DeepFake,Celeb-synthesis,id42,id48,,CELEB_COMPONENT_002,,test
CELEBDF_0004492,Celeb-DF v2,Celeb-synthesis/id42_id48_0002.mp4,1,317,852,478,FMP4,1.06,DeepFake,Celeb-synthesis,id42,id48,,CELEB_COMPONENT_002,,test
CELEBDF_0004493,Celeb-DF v2,Celeb-synthesis/id42_id48_0003.mp4,1,310,852,478,FMP4,1.24,DeepFake,Celeb-synthesis,id42,id48,,CELEB_COMPONENT_002,,test
CELEBDF_0004494,Celeb-DF v2,Celeb-synthesis/id43_id39_0000.mp4,1,319,852,478,FMP4,1.28,DeepFake,Celeb-synthesis,id43,id39,,CELEB_COMPONENT_002,,test
CELEBDF_0004495,Celeb-DF v2,Celeb-synthesis/id43_id39_0001.mp4,1,341,676,500,FMP4,0.99,DeepFake,Celeb-synthesis,id43,id39,,CELEB_COMPONENT_002,,test
CELEBDF_0004496,Celeb-DF v2,Celeb-synthesis/id43_id39_0002.mp4,1,335,848,480,FMP4,1.47,DeepFake,Celeb-synthesis,id43,id39,,CELEB_COMPONENT_002,,test
CELEBDF_0004497,Celeb-DF v2,Celeb-synthesis/id43_id39_0003.mp4,1,492,848,480,FMP4,1.35,DeepFake,Celeb-synthesis,id43,id39,,CELEB_COMPONENT_002,,test
CELEBDF_0004498,Celeb-DF v2,Celeb-synthesis/id43_id39_0004.mp4,1,319,676,500,FMP4,0.85,DeepFake,Celeb-synthesis,id43,id39,,CELEB_COMPONENT_002,,test
CELEBDF_0004499,Celeb-DF v2,Celeb-synthesis/id43_id39_0005.mp4,1,333,848,474,FMP4,1.29,DeepFake,Celeb-synthesis,id43,id39,,CELEB_COMPONENT_002,,test
CELEBDF_0004500,Celeb-DF v2,Celeb-synthesis/id43_id39_0006.mp4,1,319,848,474,FMP4,1.45,DeepFake,Celeb-synthesis,id43,id39,,CELEB_COMPONENT_002,,test
CELEBDF_0004501,Celeb-DF v2,Celeb-synthesis/id43_id39_0008.mp4,1,314,848,474,FMP4,1.39,DeepFake,Celeb-synthesis,id43,id39,,CELEB_COMPONENT_002,,test
CELEBDF_0004502,Celeb-DF v2,Celeb-synthesis/id43_id39_0009.mp4,1,334,666,500,FMP4,0.97,DeepFake,Celeb-synthesis,id43,id39,,CELEB_COMPONENT_002,,test
CELEBDF_0004503,Celeb-DF v2,Celeb-synthesis/id43_id40_0000.mp4,1,319,852,478,FMP4,1.27,DeepFake,Celeb-synthesis,id43,id40,,CELEB_COMPONENT_002,,test
CELEBDF_0004504,Celeb-DF v2,Celeb-synthesis/id43_id40_0001.mp4,1,341,676,500,FMP4,0.98,DeepFake,Celeb-synthesis,id43,id40,,CELEB_COMPONENT_002,,test
CELEBDF_0004505,Celeb-DF v2,Celeb-synthesis/id43_id40_0002.mp4,1,335,848,480,FMP4,1.46,DeepFake,Celeb-synthesis,id43,id40,,CELEB_COMPONENT_002,,test
CELEBDF_0004506,Celeb-DF v2,Celeb-synthesis/id43_id40_0003.mp4,1,492,848,480,FMP4,1.34,DeepFake,Celeb-synthesis,id43,id40,,CELEB_COMPONENT_002,,test
CELEBDF_0004507,Celeb-DF v2,Celeb-synthesis/id43_id40_0004.mp4,1,319,676,500,FMP4,0.84,DeepFake,Celeb-synthesis,id43,id40,,CELEB_COMPONENT_002,,test
CELEBDF_0004508,Celeb-DF v2,Celeb-synthesis/id43_id40_0005.mp4,1,333,848,474,FMP4,1.27,DeepFake,Celeb-synthesis,id43,id40,,CELEB_COMPONENT_002,,test
CELEBDF_0004509,Celeb-DF v2,Celeb-synthesis/id43_id40_0006.mp4,1,319,848,474,FMP4,1.45,DeepFake,Celeb-synthesis,id43,id40,,CELEB_COMPONENT_002,,test
CELEBDF_0004510,Celeb-DF v2,Celeb-synthesis/id43_id40_0008.mp4,1,314,848,474,FMP4,1.39,DeepFake,Celeb-synthesis,id43,id40,,CELEB_COMPONENT_002,,test
CELEBDF_0004511,Celeb-DF v2,Celeb-synthesis/id43_id40_0009.mp4,1,334,666,500,FMP4,0.95,DeepFake,Celeb-synthesis,id43,id40,,CELEB_COMPONENT_002,,test
CELEBDF_0004512,Celeb-DF v2,Celeb-synthesis/id43_id41_0000.mp4,1,319,852,478,FMP4,1.28,DeepFake,Celeb-synthesis,id43,id41,,CELEB_COMPONENT_002,,test
CELEBDF_0004513,Celeb-DF v2,Celeb-synthesis/id43_id41_0001.mp4,1,341,676,500,FMP4,0.99,DeepFake,Celeb-synthesis,id43,id41,,CELEB_COMPONENT_002,,test
CELEBDF_0004514,Celeb-DF v2,Celeb-synthesis/id43_id41_0002.mp4,1,335,848,480,FMP4,1.46,DeepFake,Celeb-synthesis,id43,id41,,CELEB_COMPONENT_002,,test
CELEBDF_0004515,Celeb-DF v2,Celeb-synthesis/id43_id41_0003.mp4,1,492,848,480,FMP4,1.35,DeepFake,Celeb-synthesis,id43,id41,,CELEB_COMPONENT_002,,test
CELEBDF_0004516,Celeb-DF v2,Celeb-synthesis/id43_id41_0004.mp4,1,319,676,500,FMP4,0.85,DeepFake,Celeb-synthesis,id43,id41,,CELEB_COMPONENT_002,,test
CELEBDF_0004517,Celeb-DF v2,Celeb-synthesis/id43_id41_0005.mp4,1,333,848,474,FMP4,1.29,DeepFake,Celeb-synthesis,id43,id41,,CELEB_COMPONENT_002,,test
CELEBDF_0004518,Celeb-DF v2,Celeb-synthesis/id43_id41_0006.mp4,1,319,848,474,FMP4,1.45,DeepFake,Celeb-synthesis,id43,id41,,CELEB_COMPONENT_002,,test
CELEBDF_0004519,Celeb-DF v2,Celeb-synthesis/id43_id41_0007.mp4,1,313,848,474,FMP4,1.18,DeepFake,Celeb-synthesis,id43,id41,,CELEB_COMPONENT_002,,test
CELEBDF_0004520,Celeb-DF v2,Celeb-synthesis/id43_id41_0008.mp4,1,314,848,474,FMP4,1.39,DeepFake,Celeb-synthesis,id43,id41,,CELEB_COMPONENT_002,,test
CELEBDF_0004521,Celeb-DF v2,Celeb-synthesis/id43_id41_0009.mp4,1,334,666,500,FMP4,0.96,DeepFake,Celeb-synthesis,id43,id41,,CELEB_COMPONENT_002,,test
CELEBDF_0004522,Celeb-DF v2,Celeb-synthesis/id43_id42_0000.mp4,1,319,852,478,FMP4,1.28,DeepFake,Celeb-synthesis,id43,id42,,CELEB_COMPONENT_002,,test
CELEBDF_0004523,Celeb-DF v2,Celeb-synthesis/id43_id42_0001.mp4,1,341,676,500,FMP4,0.98,DeepFake,Celeb-synthesis,id43,id42,,CELEB_COMPONENT_002,,test
CELEBDF_0004524,Celeb-DF v2,Celeb-synthesis/id43_id42_0002.mp4,1,335,848,480,FMP4,1.47,DeepFake,Celeb-synthesis,id43,id42,,CELEB_COMPONENT_002,,test
CELEBDF_0004525,Celeb-DF v2,Celeb-synthesis/id43_id42_0005.mp4,1,333,848,474,FMP4,1.28,DeepFake,Celeb-synthesis,id43,id42,,CELEB_COMPONENT_002,,test
CELEBDF_0004526,Celeb-DF v2,Celeb-synthesis/id43_id42_0006.mp4,1,319,848,474,FMP4,1.46,DeepFake,Celeb-synthesis,id43,id42,,CELEB_COMPONENT_002,,test
CELEBDF_0004527,Celeb-DF v2,Celeb-synthesis/id43_id42_0007.mp4,1,313,848,474,FMP4,1.19,DeepFake,Celeb-synthesis,id43,id42,,CELEB_COMPONENT_002,,test
CELEBDF_0004528,Celeb-DF v2,Celeb-synthesis/id43_id42_0008.mp4,1,314,848,474,FMP4,1.39,DeepFake,Celeb-synthesis,id43,id42,,CELEB_COMPONENT_002,,test
CELEBDF_0004529,Celeb-DF v2,Celeb-synthesis/id43_id42_0009.mp4,1,334,666,500,FMP4,0.95,DeepFake,Celeb-synthesis,id43,id42,,CELEB_COMPONENT_002,,test
CELEBDF_0004530,Celeb-DF v2,Celeb-synthesis/id43_id44_0001.mp4,1,341,676,500,FMP4,1.0,DeepFake,Celeb-synthesis,id43,id44,,CELEB_COMPONENT_002,,test
CELEBDF_0004531,Celeb-DF v2,Celeb-synthesis/id43_id44_0003.mp4,1,492,848,480,FMP4,1.36,DeepFake,Celeb-synthesis,id43,id44,,CELEB_COMPONENT_002,,test
CELEBDF_0004532,Celeb-DF v2,Celeb-synthesis/id43_id44_0004.mp4,1,319,676,500,FMP4,0.86,DeepFake,Celeb-synthesis,id43,id44,,CELEB_COMPONENT_002,,test
CELEBDF_0004533,Celeb-DF v2,Celeb-synthesis/id43_id44_0006.mp4,1,319,848,474,FMP4,1.46,DeepFake,Celeb-synthesis,id43,id44,,CELEB_COMPONENT_002,,test
CELEBDF_0004534,Celeb-DF v2,Celeb-synthesis/id43_id44_0007.mp4,1,313,848,474,FMP4,1.18,DeepFake,Celeb-synthesis,id43,id44,,CELEB_COMPONENT_002,,test
CELEBDF_0004535,Celeb-DF v2,Celeb-synthesis/id43_id44_0008.mp4,1,314,848,474,FMP4,1.39,DeepFake,Celeb-synthesis,id43,id44,,CELEB_COMPONENT_002,,test
CELEBDF_0004536,Celeb-DF v2,Celeb-synthesis/id43_id44_0009.mp4,1,334,666,500,FMP4,0.96,DeepFake,Celeb-synthesis,id43,id44,,CELEB_COMPONENT_002,,test
CELEBDF_0004537,Celeb-DF v2,Celeb-synthesis/id43_id45_0000.mp4,1,319,852,478,FMP4,1.27,DeepFake,Celeb-synthesis,id43,id45,,CELEB_COMPONENT_002,,test
CELEBDF_0004538,Celeb-DF v2,Celeb-synthesis/id43_id45_0001.mp4,1,341,676,500,FMP4,0.98,DeepFake,Celeb-synthesis,id43,id45,,CELEB_COMPONENT_002,,test
CELEBDF_0004539,Celeb-DF v2,Celeb-synthesis/id43_id45_0002.mp4,1,335,848,480,FMP4,1.46,DeepFake,Celeb-synthesis,id43,id45,,CELEB_COMPONENT_002,,test
CELEBDF_0004540,Celeb-DF v2,Celeb-synthesis/id43_id45_0003.mp4,1,492,848,480,FMP4,1.35,DeepFake,Celeb-synthesis,id43,id45,,CELEB_COMPONENT_002,,test
CELEBDF_0004541,Celeb-DF v2,Celeb-synthesis/id43_id45_0004.mp4,1,319,676,500,FMP4,0.85,DeepFake,Celeb-synthesis,id43,id45,,CELEB_COMPONENT_002,,test
CELEBDF_0004542,Celeb-DF v2,Celeb-synthesis/id43_id45_0006.mp4,1,319,848,474,FMP4,1.45,DeepFake,Celeb-synthesis,id43,id45,,CELEB_COMPONENT_002,,test
CELEBDF_0004543,Celeb-DF v2,Celeb-synthesis/id43_id45_0008.mp4,1,314,848,474,FMP4,1.39,DeepFake,Celeb-synthesis,id43,id45,,CELEB_COMPONENT_002,,test
CELEBDF_0004544,Celeb-DF v2,Celeb-synthesis/id43_id45_0009.mp4,1,334,666,500,FMP4,0.96,DeepFake,Celeb-synthesis,id43,id45,,CELEB_COMPONENT_002,,test
CELEBDF_0004545,Celeb-DF v2,Celeb-synthesis/id43_id46_0000.mp4,1,319,852,478,FMP4,1.27,DeepFake,Celeb-synthesis,id43,id46,,CELEB_COMPONENT_002,,test
CELEBDF_0004546,Celeb-DF v2,Celeb-synthesis/id43_id46_0001.mp4,1,341,676,500,FMP4,0.98,DeepFake,Celeb-synthesis,id43,id46,,CELEB_COMPONENT_002,,test
CELEBDF_0004547,Celeb-DF v2,Celeb-synthesis/id43_id46_0002.mp4,1,335,848,480,FMP4,1.46,DeepFake,Celeb-synthesis,id43,id46,,CELEB_COMPONENT_002,,test
CELEBDF_0004548,Celeb-DF v2,Celeb-synthesis/id43_id46_0003.mp4,1,492,848,480,FMP4,1.34,DeepFake,Celeb-synthesis,id43,id46,,CELEB_COMPONENT_002,,test
CELEBDF_0004549,Celeb-DF v2,Celeb-synthesis/id43_id46_0004.mp4,1,319,676,500,FMP4,0.84,DeepFake,Celeb-synthesis,id43,id46,,CELEB_COMPONENT_002,,test
CELEBDF_0004550,Celeb-DF v2,Celeb-synthesis/id43_id46_0005.mp4,1,333,848,474,FMP4,1.27,DeepFake,Celeb-synthesis,id43,id46,,CELEB_COMPONENT_002,,test
CELEBDF_0004551,Celeb-DF v2,Celeb-synthesis/id43_id46_0006.mp4,1,319,848,474,FMP4,1.45,DeepFake,Celeb-synthesis,id43,id46,,CELEB_COMPONENT_002,,test
CELEBDF_0004552,Celeb-DF v2,Celeb-synthesis/id43_id46_0008.mp4,1,314,848,474,FMP4,1.38,DeepFake,Celeb-synthesis,id43,id46,,CELEB_COMPONENT_002,,test
CELEBDF_0004553,Celeb-DF v2,Celeb-synthesis/id43_id46_0009.mp4,1,334,666,500,FMP4,0.95,DeepFake,Celeb-synthesis,id43,id46,,CELEB_COMPONENT_002,,test
CELEBDF_0004554,Celeb-DF v2,Celeb-synthesis/id43_id47_0000.mp4,1,319,852,478,FMP4,1.27,DeepFake,Celeb-synthesis,id43,id47,,CELEB_COMPONENT_002,,test
CELEBDF_0004555,Celeb-DF v2,Celeb-synthesis/id43_id47_0001.mp4,1,341,676,500,FMP4,0.99,DeepFake,Celeb-synthesis,id43,id47,,CELEB_COMPONENT_002,,test
CELEBDF_0004556,Celeb-DF v2,Celeb-synthesis/id43_id47_0002.mp4,1,335,848,480,FMP4,1.46,DeepFake,Celeb-synthesis,id43,id47,,CELEB_COMPONENT_002,,test
CELEBDF_0004557,Celeb-DF v2,Celeb-synthesis/id43_id47_0003.mp4,1,492,848,480,FMP4,1.35,DeepFake,Celeb-synthesis,id43,id47,,CELEB_COMPONENT_002,,test
CELEBDF_0004558,Celeb-DF v2,Celeb-synthesis/id43_id47_0004.mp4,1,319,676,500,FMP4,0.85,DeepFake,Celeb-synthesis,id43,id47,,CELEB_COMPONENT_002,,test
CELEBDF_0004559,Celeb-DF v2,Celeb-synthesis/id43_id47_0005.mp4,1,333,848,474,FMP4,1.29,DeepFake,Celeb-synthesis,id43,id47,,CELEB_COMPONENT_002,,test
CELEBDF_0004560,Celeb-DF v2,Celeb-synthesis/id43_id47_0006.mp4,1,319,848,474,FMP4,1.45,DeepFake,Celeb-synthesis,id43,id47,,CELEB_COMPONENT_002,,test
CELEBDF_0004561,Celeb-DF v2,Celeb-synthesis/id43_id47_0008.mp4,1,314,848,474,FMP4,1.39,DeepFake,Celeb-synthesis,id43,id47,,CELEB_COMPONENT_002,,test
CELEBDF_0004562,Celeb-DF v2,Celeb-synthesis/id43_id47_0009.mp4,1,334,666,500,FMP4,0.96,DeepFake,Celeb-synthesis,id43,id47,,CELEB_COMPONENT_002,,test
CELEBDF_0004563,Celeb-DF v2,Celeb-synthesis/id43_id48_0000.mp4,1,319,852,478,FMP4,1.27,DeepFake,Celeb-synthesis,id43,id48,,CELEB_COMPONENT_002,,test
CELEBDF_0004564,Celeb-DF v2,Celeb-synthesis/id43_id48_0001.mp4,1,341,676,500,FMP4,0.99,DeepFake,Celeb-synthesis,id43,id48,,CELEB_COMPONENT_002,,test
CELEBDF_0004565,Celeb-DF v2,Celeb-synthesis/id43_id48_0002.mp4,1,335,848,480,FMP4,1.46,DeepFake,Celeb-synthesis,id43,id48,,CELEB_COMPONENT_002,,test
CELEBDF_0004566,Celeb-DF v2,Celeb-synthesis/id43_id48_0003.mp4,1,492,848,480,FMP4,1.34,DeepFake,Celeb-synthesis,id43,id48,,CELEB_COMPONENT_002,,test
CELEBDF_0004567,Celeb-DF v2,Celeb-synthesis/id43_id48_0004.mp4,1,319,676,500,FMP4,0.85,DeepFake,Celeb-synthesis,id43,id48,,CELEB_COMPONENT_002,,test
CELEBDF_0004568,Celeb-DF v2,Celeb-synthesis/id43_id48_0005.mp4,1,333,848,474,FMP4,1.28,DeepFake,Celeb-synthesis,id43,id48,,CELEB_COMPONENT_002,,test
CELEBDF_0004569,Celeb-DF v2,Celeb-synthesis/id43_id48_0006.mp4,1,319,848,474,FMP4,1.46,DeepFake,Celeb-synthesis,id43,id48,,CELEB_COMPONENT_002,,test
CELEBDF_0004570,Celeb-DF v2,Celeb-synthesis/id43_id48_0007.mp4,1,313,848,474,FMP4,1.18,DeepFake,Celeb-synthesis,id43,id48,,CELEB_COMPONENT_002,,test
CELEBDF_0004571,Celeb-DF v2,Celeb-synthesis/id43_id48_0008.mp4,1,314,848,474,FMP4,1.39,DeepFake,Celeb-synthesis,id43,id48,,CELEB_COMPONENT_002,,test
CELEBDF_0004572,Celeb-DF v2,Celeb-synthesis/id43_id48_0009.mp4,1,334,666,500,FMP4,0.95,DeepFake,Celeb-synthesis,id43,id48,,CELEB_COMPONENT_002,,test
CELEBDF_0004573,Celeb-DF v2,Celeb-synthesis/id44_id39_0000.mp4,1,305,666,500,FMP4,0.56,DeepFake,Celeb-synthesis,id44,id39,,CELEB_COMPONENT_002,,test
CELEBDF_0004574,Celeb-DF v2,Celeb-synthesis/id44_id39_0001.mp4,1,314,844,474,FMP4,1.0,DeepFake,Celeb-synthesis,id44,id39,,CELEB_COMPONENT_002,,test
CELEBDF_0004575,Celeb-DF v2,Celeb-synthesis/id44_id39_0002.mp4,1,315,844,474,FMP4,1.35,DeepFake,Celeb-synthesis,id44,id39,,CELEB_COMPONENT_002,,test
CELEBDF_0004576,Celeb-DF v2,Celeb-synthesis/id44_id39_0003.mp4,1,342,748,500,FMP4,1.4,DeepFake,Celeb-synthesis,id44,id39,,CELEB_COMPONENT_002,,test
CELEBDF_0004577,Celeb-DF v2,Celeb-synthesis/id44_id39_0004.mp4,1,331,848,472,FMP4,1.1,DeepFake,Celeb-synthesis,id44,id39,,CELEB_COMPONENT_002,,test
CELEBDF_0004578,Celeb-DF v2,Celeb-synthesis/id44_id40_0000.mp4,1,305,666,500,FMP4,0.56,DeepFake,Celeb-synthesis,id44,id40,,CELEB_COMPONENT_002,,test
CELEBDF_0004579,Celeb-DF v2,Celeb-synthesis/id44_id40_0002.mp4,1,315,844,474,FMP4,1.34,DeepFake,Celeb-synthesis,id44,id40,,CELEB_COMPONENT_002,,test
CELEBDF_0004580,Celeb-DF v2,Celeb-synthesis/id44_id41_0000.mp4,1,305,666,500,FMP4,0.56,DeepFake,Celeb-synthesis,id44,id41,,CELEB_COMPONENT_002,,test
CELEBDF_0004581,Celeb-DF v2,Celeb-synthesis/id44_id41_0001.mp4,1,314,844,474,FMP4,0.99,DeepFake,Celeb-synthesis,id44,id41,,CELEB_COMPONENT_002,,test
CELEBDF_0004582,Celeb-DF v2,Celeb-synthesis/id44_id41_0002.mp4,1,315,844,474,FMP4,1.35,DeepFake,Celeb-synthesis,id44,id41,,CELEB_COMPONENT_002,,test
CELEBDF_0004583,Celeb-DF v2,Celeb-synthesis/id44_id41_0005.mp4,1,333,848,472,FMP4,1.49,DeepFake,Celeb-synthesis,id44,id41,,CELEB_COMPONENT_002,,test
CELEBDF_0004584,Celeb-DF v2,Celeb-synthesis/id44_id42_0000.mp4,1,305,666,500,FMP4,0.56,DeepFake,Celeb-synthesis,id44,id42,,CELEB_COMPONENT_002,,test
CELEBDF_0004585,Celeb-DF v2,Celeb-synthesis/id44_id42_0001.mp4,1,314,844,474,FMP4,1.01,DeepFake,Celeb-synthesis,id44,id42,,CELEB_COMPONENT_002,,test
CELEBDF_0004586,Celeb-DF v2,Celeb-synthesis/id44_id42_0002.mp4,1,315,844,474,FMP4,1.35,DeepFake,Celeb-synthesis,id44,id42,,CELEB_COMPONENT_002,,test
CELEBDF_0004587,Celeb-DF v2,Celeb-synthesis/id44_id42_0003.mp4,1,342,748,500,FMP4,1.4,DeepFake,Celeb-synthesis,id44,id42,,CELEB_COMPONENT_002,,test
CELEBDF_0004588,Celeb-DF v2,Celeb-synthesis/id44_id42_0004.mp4,1,331,848,472,FMP4,1.1,DeepFake,Celeb-synthesis,id44,id42,,CELEB_COMPONENT_002,,test
CELEBDF_0004589,Celeb-DF v2,Celeb-synthesis/id44_id42_0005.mp4,1,333,848,472,FMP4,1.5,DeepFake,Celeb-synthesis,id44,id42,,CELEB_COMPONENT_002,,test
CELEBDF_0004590,Celeb-DF v2,Celeb-synthesis/id44_id43_0000.mp4,1,305,666,500,FMP4,0.56,DeepFake,Celeb-synthesis,id44,id43,,CELEB_COMPONENT_002,,test
CELEBDF_0004591,Celeb-DF v2,Celeb-synthesis/id44_id43_0001.mp4,1,314,844,474,FMP4,0.99,DeepFake,Celeb-synthesis,id44,id43,,CELEB_COMPONENT_002,,test
CELEBDF_0004592,Celeb-DF v2,Celeb-synthesis/id44_id43_0002.mp4,1,315,844,474,FMP4,1.34,DeepFake,Celeb-synthesis,id44,id43,,CELEB_COMPONENT_002,,test
CELEBDF_0004593,Celeb-DF v2,Celeb-synthesis/id44_id43_0003.mp4,1,342,748,500,FMP4,1.39,DeepFake,Celeb-synthesis,id44,id43,,CELEB_COMPONENT_002,,test
CELEBDF_0004594,Celeb-DF v2,Celeb-synthesis/id44_id43_0004.mp4,1,331,848,472,FMP4,1.09,DeepFake,Celeb-synthesis,id44,id43,,CELEB_COMPONENT_002,,test
CELEBDF_0004595,Celeb-DF v2,Celeb-synthesis/id44_id43_0005.mp4,1,333,848,472,FMP4,1.49,DeepFake,Celeb-synthesis,id44,id43,,CELEB_COMPONENT_002,,test
CELEBDF_0004596,Celeb-DF v2,Celeb-synthesis/id44_id45_0000.mp4,1,305,666,500,FMP4,0.56,DeepFake,Celeb-synthesis,id44,id45,,CELEB_COMPONENT_002,,test
CELEBDF_0004597,Celeb-DF v2,Celeb-synthesis/id44_id45_0001.mp4,1,314,844,474,FMP4,0.99,DeepFake,Celeb-synthesis,id44,id45,,CELEB_COMPONENT_002,,test
CELEBDF_0004598,Celeb-DF v2,Celeb-synthesis/id44_id45_0002.mp4,1,315,844,474,FMP4,1.35,DeepFake,Celeb-synthesis,id44,id45,,CELEB_COMPONENT_002,,test
CELEBDF_0004599,Celeb-DF v2,Celeb-synthesis/id44_id45_0003.mp4,1,342,748,500,FMP4,1.39,DeepFake,Celeb-synthesis,id44,id45,,CELEB_COMPONENT_002,,test
CELEBDF_0004600,Celeb-DF v2,Celeb-synthesis/id44_id45_0004.mp4,1,331,848,472,FMP4,1.09,DeepFake,Celeb-synthesis,id44,id45,,CELEB_COMPONENT_002,,test
CELEBDF_0004601,Celeb-DF v2,Celeb-synthesis/id44_id45_0005.mp4,1,333,848,472,FMP4,1.49,DeepFake,Celeb-synthesis,id44,id45,,CELEB_COMPONENT_002,,test
CELEBDF_0004602,Celeb-DF v2,Celeb-synthesis/id44_id46_0000.mp4,1,305,666,500,FMP4,0.55,DeepFake,Celeb-synthesis,id44,id46,,CELEB_COMPONENT_002,,test
CELEBDF_0004603,Celeb-DF v2,Celeb-synthesis/id44_id46_0001.mp4,1,314,844,474,FMP4,0.99,DeepFake,Celeb-synthesis,id44,id46,,CELEB_COMPONENT_002,,test
CELEBDF_0004604,Celeb-DF v2,Celeb-synthesis/id44_id46_0002.mp4,1,315,844,474,FMP4,1.34,DeepFake,Celeb-synthesis,id44,id46,,CELEB_COMPONENT_002,,test
CELEBDF_0004605,Celeb-DF v2,Celeb-synthesis/id44_id46_0003.mp4,1,342,748,500,FMP4,1.39,DeepFake,Celeb-synthesis,id44,id46,,CELEB_COMPONENT_002,,test
CELEBDF_0004606,Celeb-DF v2,Celeb-synthesis/id44_id46_0004.mp4,1,331,848,472,FMP4,1.09,DeepFake,Celeb-synthesis,id44,id46,,CELEB_COMPONENT_002,,test
CELEBDF_0004607,Celeb-DF v2,Celeb-synthesis/id44_id47_0000.mp4,1,305,666,500,FMP4,0.56,DeepFake,Celeb-synthesis,id44,id47,,CELEB_COMPONENT_002,,test
CELEBDF_0004608,Celeb-DF v2,Celeb-synthesis/id44_id47_0001.mp4,1,314,844,474,FMP4,0.99,DeepFake,Celeb-synthesis,id44,id47,,CELEB_COMPONENT_002,,test
CELEBDF_0004609,Celeb-DF v2,Celeb-synthesis/id44_id47_0002.mp4,1,315,844,474,FMP4,1.34,DeepFake,Celeb-synthesis,id44,id47,,CELEB_COMPONENT_002,,test
CELEBDF_0004610,Celeb-DF v2,Celeb-synthesis/id44_id47_0003.mp4,1,342,748,500,FMP4,1.39,DeepFake,Celeb-synthesis,id44,id47,,CELEB_COMPONENT_002,,test
CELEBDF_0004611,Celeb-DF v2,Celeb-synthesis/id44_id47_0004.mp4,1,331,848,472,FMP4,1.09,DeepFake,Celeb-synthesis,id44,id47,,CELEB_COMPONENT_002,,test
CELEBDF_0004612,Celeb-DF v2,Celeb-synthesis/id44_id47_0005.mp4,1,333,848,472,FMP4,1.49,DeepFake,Celeb-synthesis,id44,id47,,CELEB_COMPONENT_002,,test
CELEBDF_0004613,Celeb-DF v2,Celeb-synthesis/id44_id48_0000.mp4,1,305,666,500,FMP4,0.55,DeepFake,Celeb-synthesis,id44,id48,,CELEB_COMPONENT_002,,test
CELEBDF_0004614,Celeb-DF v2,Celeb-synthesis/id44_id48_0001.mp4,1,314,844,474,FMP4,0.99,DeepFake,Celeb-synthesis,id44,id48,,CELEB_COMPONENT_002,,test
CELEBDF_0004615,Celeb-DF v2,Celeb-synthesis/id44_id48_0002.mp4,1,315,844,474,FMP4,1.34,DeepFake,Celeb-synthesis,id44,id48,,CELEB_COMPONENT_002,,test
CELEBDF_0004616,Celeb-DF v2,Celeb-synthesis/id44_id48_0003.mp4,1,342,748,500,FMP4,1.39,DeepFake,Celeb-synthesis,id44,id48,,CELEB_COMPONENT_002,,test
CELEBDF_0004617,Celeb-DF v2,Celeb-synthesis/id44_id48_0004.mp4,1,331,848,472,FMP4,1.09,DeepFake,Celeb-synthesis,id44,id48,,CELEB_COMPONENT_002,,test
CELEBDF_0004618,Celeb-DF v2,Celeb-synthesis/id44_id48_0005.mp4,1,333,848,472,FMP4,1.49,DeepFake,Celeb-synthesis,id44,id48,,CELEB_COMPONENT_002,,test
CELEBDF_0004619,Celeb-DF v2,Celeb-synthesis/id45_id39_0000.mp4,1,312,848,472,FMP4,1.42,DeepFake,Celeb-synthesis,id45,id39,,CELEB_COMPONENT_002,,test
CELEBDF_0004620,Celeb-DF v2,Celeb-synthesis/id45_id39_0001.mp4,1,257,848,472,FMP4,1.27,DeepFake,Celeb-synthesis,id45,id39,,CELEB_COMPONENT_002,,test
CELEBDF_0004621,Celeb-DF v2,Celeb-synthesis/id45_id39_0002.mp4,1,286,848,472,FMP4,1.97,DeepFake,Celeb-synthesis,id45,id39,,CELEB_COMPONENT_002,,test
CELEBDF_0004622,Celeb-DF v2,Celeb-synthesis/id45_id39_0003.mp4,1,313,848,472,FMP4,1.21,DeepFake,Celeb-synthesis,id45,id39,,CELEB_COMPONENT_002,,test
CELEBDF_0004623,Celeb-DF v2,Celeb-synthesis/id45_id39_0004.mp4,1,312,848,472,FMP4,1.27,DeepFake,Celeb-synthesis,id45,id39,,CELEB_COMPONENT_002,,test
CELEBDF_0004624,Celeb-DF v2,Celeb-synthesis/id45_id39_0005.mp4,1,327,848,472,FMP4,1.41,DeepFake,Celeb-synthesis,id45,id39,,CELEB_COMPONENT_002,,test
CELEBDF_0004625,Celeb-DF v2,Celeb-synthesis/id45_id39_0006.mp4,1,317,848,472,FMP4,1.21,DeepFake,Celeb-synthesis,id45,id39,,CELEB_COMPONENT_002,,test
CELEBDF_0004626,Celeb-DF v2,Celeb-synthesis/id45_id39_0007.mp4,1,333,848,472,FMP4,0.58,DeepFake,Celeb-synthesis,id45,id39,,CELEB_COMPONENT_002,,test
CELEBDF_0004627,Celeb-DF v2,Celeb-synthesis/id45_id39_0008.mp4,1,321,848,472,FMP4,0.82,DeepFake,Celeb-synthesis,id45,id39,,CELEB_COMPONENT_002,,test
CELEBDF_0004628,Celeb-DF v2,Celeb-synthesis/id45_id39_0009.mp4,1,328,848,472,FMP4,1.57,DeepFake,Celeb-synthesis,id45,id39,,CELEB_COMPONENT_002,,test
CELEBDF_0004629,Celeb-DF v2,Celeb-synthesis/id45_id40_0000.mp4,1,312,848,472,FMP4,1.42,DeepFake,Celeb-synthesis,id45,id40,,CELEB_COMPONENT_002,,test
CELEBDF_0004630,Celeb-DF v2,Celeb-synthesis/id45_id40_0001.mp4,1,257,848,472,FMP4,1.27,DeepFake,Celeb-synthesis,id45,id40,,CELEB_COMPONENT_002,,test
CELEBDF_0004631,Celeb-DF v2,Celeb-synthesis/id45_id40_0002.mp4,1,286,848,472,FMP4,1.96,DeepFake,Celeb-synthesis,id45,id40,,CELEB_COMPONENT_002,,test
CELEBDF_0004632,Celeb-DF v2,Celeb-synthesis/id45_id40_0003.mp4,1,313,848,472,FMP4,1.2,DeepFake,Celeb-synthesis,id45,id40,,CELEB_COMPONENT_002,,test
CELEBDF_0004633,Celeb-DF v2,Celeb-synthesis/id45_id40_0004.mp4,1,312,848,472,FMP4,1.27,DeepFake,Celeb-synthesis,id45,id40,,CELEB_COMPONENT_002,,test
CELEBDF_0004634,Celeb-DF v2,Celeb-synthesis/id45_id40_0005.mp4,1,327,848,472,FMP4,1.41,DeepFake,Celeb-synthesis,id45,id40,,CELEB_COMPONENT_002,,test
CELEBDF_0004635,Celeb-DF v2,Celeb-synthesis/id45_id40_0006.mp4,1,317,848,472,FMP4,1.2,DeepFake,Celeb-synthesis,id45,id40,,CELEB_COMPONENT_002,,test
CELEBDF_0004636,Celeb-DF v2,Celeb-synthesis/id45_id40_0007.mp4,1,333,848,472,FMP4,0.57,DeepFake,Celeb-synthesis,id45,id40,,CELEB_COMPONENT_002,,test
CELEBDF_0004637,Celeb-DF v2,Celeb-synthesis/id45_id40_0008.mp4,1,321,848,472,FMP4,0.81,DeepFake,Celeb-synthesis,id45,id40,,CELEB_COMPONENT_002,,test
CELEBDF_0004638,Celeb-DF v2,Celeb-synthesis/id45_id40_0009.mp4,1,328,848,472,FMP4,1.57,DeepFake,Celeb-synthesis,id45,id40,,CELEB_COMPONENT_002,,test
CELEBDF_0004639,Celeb-DF v2,Celeb-synthesis/id45_id41_0000.mp4,1,312,848,472,FMP4,1.41,DeepFake,Celeb-synthesis,id45,id41,,CELEB_COMPONENT_002,,test
CELEBDF_0004640,Celeb-DF v2,Celeb-synthesis/id45_id41_0001.mp4,1,257,848,472,FMP4,1.27,DeepFake,Celeb-synthesis,id45,id41,,CELEB_COMPONENT_002,,test
CELEBDF_0004641,Celeb-DF v2,Celeb-synthesis/id45_id41_0002.mp4,1,286,848,472,FMP4,1.96,DeepFake,Celeb-synthesis,id45,id41,,CELEB_COMPONENT_002,,test
CELEBDF_0004642,Celeb-DF v2,Celeb-synthesis/id45_id41_0003.mp4,1,313,848,472,FMP4,1.21,DeepFake,Celeb-synthesis,id45,id41,,CELEB_COMPONENT_002,,test
CELEBDF_0004643,Celeb-DF v2,Celeb-synthesis/id45_id41_0004.mp4,1,312,848,472,FMP4,1.27,DeepFake,Celeb-synthesis,id45,id41,,CELEB_COMPONENT_002,,test
CELEBDF_0004644,Celeb-DF v2,Celeb-synthesis/id45_id41_0005.mp4,1,327,848,472,FMP4,1.4,DeepFake,Celeb-synthesis,id45,id41,,CELEB_COMPONENT_002,,test
CELEBDF_0004645,Celeb-DF v2,Celeb-synthesis/id45_id41_0006.mp4,1,317,848,472,FMP4,1.2,DeepFake,Celeb-synthesis,id45,id41,,CELEB_COMPONENT_002,,test
CELEBDF_0004646,Celeb-DF v2,Celeb-synthesis/id45_id41_0007.mp4,1,333,848,472,FMP4,0.57,DeepFake,Celeb-synthesis,id45,id41,,CELEB_COMPONENT_002,,test
CELEBDF_0004647,Celeb-DF v2,Celeb-synthesis/id45_id41_0008.mp4,1,321,848,472,FMP4,0.81,DeepFake,Celeb-synthesis,id45,id41,,CELEB_COMPONENT_002,,test
CELEBDF_0004648,Celeb-DF v2,Celeb-synthesis/id45_id41_0009.mp4,1,328,848,472,FMP4,1.57,DeepFake,Celeb-synthesis,id45,id41,,CELEB_COMPONENT_002,,test
CELEBDF_0004649,Celeb-DF v2,Celeb-synthesis/id45_id42_0000.mp4,1,312,848,472,FMP4,1.41,DeepFake,Celeb-synthesis,id45,id42,,CELEB_COMPONENT_002,,test
CELEBDF_0004650,Celeb-DF v2,Celeb-synthesis/id45_id42_0002.mp4,1,286,848,472,FMP4,1.97,DeepFake,Celeb-synthesis,id45,id42,,CELEB_COMPONENT_002,,test
CELEBDF_0004651,Celeb-DF v2,Celeb-synthesis/id45_id42_0003.mp4,1,313,848,472,FMP4,1.21,DeepFake,Celeb-synthesis,id45,id42,,CELEB_COMPONENT_002,,test
CELEBDF_0004652,Celeb-DF v2,Celeb-synthesis/id45_id42_0004.mp4,1,312,848,472,FMP4,1.27,DeepFake,Celeb-synthesis,id45,id42,,CELEB_COMPONENT_002,,test
CELEBDF_0004653,Celeb-DF v2,Celeb-synthesis/id45_id42_0005.mp4,1,327,848,472,FMP4,1.41,DeepFake,Celeb-synthesis,id45,id42,,CELEB_COMPONENT_002,,test
CELEBDF_0004654,Celeb-DF v2,Celeb-synthesis/id45_id42_0006.mp4,1,317,848,472,FMP4,1.21,DeepFake,Celeb-synthesis,id45,id42,,CELEB_COMPONENT_002,,test
CELEBDF_0004655,Celeb-DF v2,Celeb-synthesis/id45_id42_0007.mp4,1,333,848,472,FMP4,0.57,DeepFake,Celeb-synthesis,id45,id42,,CELEB_COMPONENT_002,,test
CELEBDF_0004656,Celeb-DF v2,Celeb-synthesis/id45_id42_0008.mp4,1,321,848,472,FMP4,0.82,DeepFake,Celeb-synthesis,id45,id42,,CELEB_COMPONENT_002,,test
CELEBDF_0004657,Celeb-DF v2,Celeb-synthesis/id45_id43_0000.mp4,1,312,848,472,FMP4,1.41,DeepFake,Celeb-synthesis,id45,id43,,CELEB_COMPONENT_002,,test
CELEBDF_0004658,Celeb-DF v2,Celeb-synthesis/id45_id43_0001.mp4,1,257,848,472,FMP4,1.27,DeepFake,Celeb-synthesis,id45,id43,,CELEB_COMPONENT_002,,test
CELEBDF_0004659,Celeb-DF v2,Celeb-synthesis/id45_id43_0002.mp4,1,286,848,472,FMP4,1.96,DeepFake,Celeb-synthesis,id45,id43,,CELEB_COMPONENT_002,,test
CELEBDF_0004660,Celeb-DF v2,Celeb-synthesis/id45_id43_0003.mp4,1,313,848,472,FMP4,1.21,DeepFake,Celeb-synthesis,id45,id43,,CELEB_COMPONENT_002,,test
CELEBDF_0004661,Celeb-DF v2,Celeb-synthesis/id45_id43_0004.mp4,1,312,848,472,FMP4,1.27,DeepFake,Celeb-synthesis,id45,id43,,CELEB_COMPONENT_002,,test
CELEBDF_0004662,Celeb-DF v2,Celeb-synthesis/id45_id43_0005.mp4,1,327,848,472,FMP4,1.41,DeepFake,Celeb-synthesis,id45,id43,,CELEB_COMPONENT_002,,test
CELEBDF_0004663,Celeb-DF v2,Celeb-synthesis/id45_id43_0006.mp4,1,317,848,472,FMP4,1.2,DeepFake,Celeb-synthesis,id45,id43,,CELEB_COMPONENT_002,,test
CELEBDF_0004664,Celeb-DF v2,Celeb-synthesis/id45_id43_0007.mp4,1,333,848,472,FMP4,0.58,DeepFake,Celeb-synthesis,id45,id43,,CELEB_COMPONENT_002,,test
CELEBDF_0004665,Celeb-DF v2,Celeb-synthesis/id45_id43_0008.mp4,1,321,848,472,FMP4,0.81,DeepFake,Celeb-synthesis,id45,id43,,CELEB_COMPONENT_002,,test
CELEBDF_0004666,Celeb-DF v2,Celeb-synthesis/id45_id43_0009.mp4,1,328,848,472,FMP4,1.57,DeepFake,Celeb-synthesis,id45,id43,,CELEB_COMPONENT_002,,test
CELEBDF_0004667,Celeb-DF v2,Celeb-synthesis/id45_id44_0000.mp4,1,312,848,472,FMP4,1.41,DeepFake,Celeb-synthesis,id45,id44,,CELEB_COMPONENT_002,,test
CELEBDF_0004668,Celeb-DF v2,Celeb-synthesis/id45_id44_0001.mp4,1,257,848,472,FMP4,1.27,DeepFake,Celeb-synthesis,id45,id44,,CELEB_COMPONENT_002,,test
CELEBDF_0004669,Celeb-DF v2,Celeb-synthesis/id45_id44_0002.mp4,1,286,848,472,FMP4,1.97,DeepFake,Celeb-synthesis,id45,id44,,CELEB_COMPONENT_002,,test
CELEBDF_0004670,Celeb-DF v2,Celeb-synthesis/id45_id44_0003.mp4,1,313,848,472,FMP4,1.21,DeepFake,Celeb-synthesis,id45,id44,,CELEB_COMPONENT_002,,test
CELEBDF_0004671,Celeb-DF v2,Celeb-synthesis/id45_id44_0004.mp4,1,312,848,472,FMP4,1.27,DeepFake,Celeb-synthesis,id45,id44,,CELEB_COMPONENT_002,,test
CELEBDF_0004672,Celeb-DF v2,Celeb-synthesis/id45_id44_0005.mp4,1,327,848,472,FMP4,1.42,DeepFake,Celeb-synthesis,id45,id44,,CELEB_COMPONENT_002,,test
CELEBDF_0004673,Celeb-DF v2,Celeb-synthesis/id45_id44_0006.mp4,1,317,848,472,FMP4,1.21,DeepFake,Celeb-synthesis,id45,id44,,CELEB_COMPONENT_002,,test
CELEBDF_0004674,Celeb-DF v2,Celeb-synthesis/id45_id44_0007.mp4,1,333,848,472,FMP4,0.58,DeepFake,Celeb-synthesis,id45,id44,,CELEB_COMPONENT_002,,test
CELEBDF_0004675,Celeb-DF v2,Celeb-synthesis/id45_id44_0008.mp4,1,321,848,472,FMP4,0.82,DeepFake,Celeb-synthesis,id45,id44,,CELEB_COMPONENT_002,,test
CELEBDF_0004676,Celeb-DF v2,Celeb-synthesis/id45_id44_0009.mp4,1,328,848,472,FMP4,1.57,DeepFake,Celeb-synthesis,id45,id44,,CELEB_COMPONENT_002,,test
CELEBDF_0004677,Celeb-DF v2,Celeb-synthesis/id45_id46_0000.mp4,1,312,848,472,FMP4,1.4,DeepFake,Celeb-synthesis,id45,id46,,CELEB_COMPONENT_002,,test
CELEBDF_0004678,Celeb-DF v2,Celeb-synthesis/id45_id46_0002.mp4,1,286,848,472,FMP4,1.96,DeepFake,Celeb-synthesis,id45,id46,,CELEB_COMPONENT_002,,test
CELEBDF_0004679,Celeb-DF v2,Celeb-synthesis/id45_id46_0003.mp4,1,313,848,472,FMP4,1.2,DeepFake,Celeb-synthesis,id45,id46,,CELEB_COMPONENT_002,,test
CELEBDF_0004680,Celeb-DF v2,Celeb-synthesis/id45_id46_0004.mp4,1,312,848,472,FMP4,1.27,DeepFake,Celeb-synthesis,id45,id46,,CELEB_COMPONENT_002,,test
CELEBDF_0004681,Celeb-DF v2,Celeb-synthesis/id45_id46_0005.mp4,1,327,848,472,FMP4,1.41,DeepFake,Celeb-synthesis,id45,id46,,CELEB_COMPONENT_002,,test
CELEBDF_0004682,Celeb-DF v2,Celeb-synthesis/id45_id46_0006.mp4,1,317,848,472,FMP4,1.2,DeepFake,Celeb-synthesis,id45,id46,,CELEB_COMPONENT_002,,test
CELEBDF_0004683,Celeb-DF v2,Celeb-synthesis/id45_id46_0007.mp4,1,333,848,472,FMP4,0.58,DeepFake,Celeb-synthesis,id45,id46,,CELEB_COMPONENT_002,,test
CELEBDF_0004684,Celeb-DF v2,Celeb-synthesis/id45_id46_0008.mp4,1,321,848,472,FMP4,0.81,DeepFake,Celeb-synthesis,id45,id46,,CELEB_COMPONENT_002,,test
CELEBDF_0004685,Celeb-DF v2,Celeb-synthesis/id45_id46_0009.mp4,1,328,848,472,FMP4,1.57,DeepFake,Celeb-synthesis,id45,id46,,CELEB_COMPONENT_002,,test
CELEBDF_0004686,Celeb-DF v2,Celeb-synthesis/id45_id47_0000.mp4,1,312,848,472,FMP4,1.41,DeepFake,Celeb-synthesis,id45,id47,,CELEB_COMPONENT_002,,test
CELEBDF_0004687,Celeb-DF v2,Celeb-synthesis/id45_id47_0001.mp4,1,257,848,472,FMP4,1.27,DeepFake,Celeb-synthesis,id45,id47,,CELEB_COMPONENT_002,,test
CELEBDF_0004688,Celeb-DF v2,Celeb-synthesis/id45_id47_0002.mp4,1,286,848,472,FMP4,1.96,DeepFake,Celeb-synthesis,id45,id47,,CELEB_COMPONENT_002,,test
CELEBDF_0004689,Celeb-DF v2,Celeb-synthesis/id45_id47_0003.mp4,1,313,848,472,FMP4,1.2,DeepFake,Celeb-synthesis,id45,id47,,CELEB_COMPONENT_002,,test
CELEBDF_0004690,Celeb-DF v2,Celeb-synthesis/id45_id47_0004.mp4,1,312,848,472,FMP4,1.27,DeepFake,Celeb-synthesis,id45,id47,,CELEB_COMPONENT_002,,test
CELEBDF_0004691,Celeb-DF v2,Celeb-synthesis/id45_id47_0005.mp4,1,327,848,472,FMP4,1.41,DeepFake,Celeb-synthesis,id45,id47,,CELEB_COMPONENT_002,,test
CELEBDF_0004692,Celeb-DF v2,Celeb-synthesis/id45_id47_0006.mp4,1,317,848,472,FMP4,1.21,DeepFake,Celeb-synthesis,id45,id47,,CELEB_COMPONENT_002,,test
CELEBDF_0004693,Celeb-DF v2,Celeb-synthesis/id45_id47_0007.mp4,1,333,848,472,FMP4,0.57,DeepFake,Celeb-synthesis,id45,id47,,CELEB_COMPONENT_002,,test
CELEBDF_0004694,Celeb-DF v2,Celeb-synthesis/id45_id47_0008.mp4,1,321,848,472,FMP4,0.81,DeepFake,Celeb-synthesis,id45,id47,,CELEB_COMPONENT_002,,test
CELEBDF_0004695,Celeb-DF v2,Celeb-synthesis/id45_id47_0009.mp4,1,328,848,472,FMP4,1.57,DeepFake,Celeb-synthesis,id45,id47,,CELEB_COMPONENT_002,,test
CELEBDF_0004696,Celeb-DF v2,Celeb-synthesis/id45_id48_0000.mp4,1,312,848,472,FMP4,1.41,DeepFake,Celeb-synthesis,id45,id48,,CELEB_COMPONENT_002,,test
CELEBDF_0004697,Celeb-DF v2,Celeb-synthesis/id45_id48_0001.mp4,1,257,848,472,FMP4,1.27,DeepFake,Celeb-synthesis,id45,id48,,CELEB_COMPONENT_002,,test
CELEBDF_0004698,Celeb-DF v2,Celeb-synthesis/id45_id48_0002.mp4,1,286,848,472,FMP4,1.96,DeepFake,Celeb-synthesis,id45,id48,,CELEB_COMPONENT_002,,test
CELEBDF_0004699,Celeb-DF v2,Celeb-synthesis/id45_id48_0003.mp4,1,313,848,472,FMP4,1.21,DeepFake,Celeb-synthesis,id45,id48,,CELEB_COMPONENT_002,,test
CELEBDF_0004700,Celeb-DF v2,Celeb-synthesis/id45_id48_0004.mp4,1,312,848,472,FMP4,1.27,DeepFake,Celeb-synthesis,id45,id48,,CELEB_COMPONENT_002,,test
CELEBDF_0004701,Celeb-DF v2,Celeb-synthesis/id45_id48_0005.mp4,1,327,848,472,FMP4,1.41,DeepFake,Celeb-synthesis,id45,id48,,CELEB_COMPONENT_002,,test
CELEBDF_0004702,Celeb-DF v2,Celeb-synthesis/id45_id48_0006.mp4,1,317,848,472,FMP4,1.2,DeepFake,Celeb-synthesis,id45,id48,,CELEB_COMPONENT_002,,test
CELEBDF_0004703,Celeb-DF v2,Celeb-synthesis/id45_id48_0007.mp4,1,333,848,472,FMP4,0.57,DeepFake,Celeb-synthesis,id45,id48,,CELEB_COMPONENT_002,,test
CELEBDF_0004704,Celeb-DF v2,Celeb-synthesis/id45_id48_0008.mp4,1,321,848,472,FMP4,0.81,DeepFake,Celeb-synthesis,id45,id48,,CELEB_COMPONENT_002,,test
CELEBDF_0004705,Celeb-DF v2,Celeb-synthesis/id45_id48_0009.mp4,1,328,848,472,FMP4,1.57,DeepFake,Celeb-synthesis,id45,id48,,CELEB_COMPONENT_002,,test
CELEBDF_0004706,Celeb-DF v2,Celeb-synthesis/id46_id39_0000.mp4,1,335,822,458,FMP4,0.99,DeepFake,Celeb-synthesis,id46,id39,,CELEB_COMPONENT_002,,test
CELEBDF_0004707,Celeb-DF v2,Celeb-synthesis/id46_id39_0001.mp4,1,330,802,436,FMP4,0.75,DeepFake,Celeb-synthesis,id46,id39,,CELEB_COMPONENT_002,,test
CELEBDF_0004708,Celeb-DF v2,Celeb-synthesis/id46_id39_0002.mp4,1,313,670,500,FMP4,0.74,DeepFake,Celeb-synthesis,id46,id39,,CELEB_COMPONENT_002,,test
CELEBDF_0004709,Celeb-DF v2,Celeb-synthesis/id46_id39_0003.mp4,1,291,744,466,FMP4,1.11,DeepFake,Celeb-synthesis,id46,id39,,CELEB_COMPONENT_002,,test
CELEBDF_0004710,Celeb-DF v2,Celeb-synthesis/id46_id39_0004.mp4,1,310,744,466,FMP4,0.99,DeepFake,Celeb-synthesis,id46,id39,,CELEB_COMPONENT_002,,test
CELEBDF_0004711,Celeb-DF v2,Celeb-synthesis/id46_id39_0005.mp4,1,342,744,466,FMP4,1.1,DeepFake,Celeb-synthesis,id46,id39,,CELEB_COMPONENT_002,,test
CELEBDF_0004712,Celeb-DF v2,Celeb-synthesis/id46_id39_0006.mp4,1,334,750,438,FMP4,0.9,DeepFake,Celeb-synthesis,id46,id39,,CELEB_COMPONENT_002,,test
CELEBDF_0004713,Celeb-DF v2,Celeb-synthesis/id46_id39_0007.mp4,1,335,750,438,FMP4,1.69,DeepFake,Celeb-synthesis,id46,id39,,CELEB_COMPONENT_002,,test
CELEBDF_0004714,Celeb-DF v2,Celeb-synthesis/id46_id39_0008.mp4,1,309,826,474,FMP4,0.84,DeepFake,Celeb-synthesis,id46,id39,,CELEB_COMPONENT_002,,test
CELEBDF_0004715,Celeb-DF v2,Celeb-synthesis/id46_id39_0009.mp4,1,308,826,474,FMP4,1.2,DeepFake,Celeb-synthesis,id46,id39,,CELEB_COMPONENT_002,,test
CELEBDF_0004716,Celeb-DF v2,Celeb-synthesis/id46_id40_0002.mp4,1,313,670,500,FMP4,0.73,DeepFake,Celeb-synthesis,id46,id40,,CELEB_COMPONENT_002,,test
CELEBDF_0004717,Celeb-DF v2,Celeb-synthesis/id46_id40_0004.mp4,1,310,744,466,FMP4,0.98,DeepFake,Celeb-synthesis,id46,id40,,CELEB_COMPONENT_002,,test
CELEBDF_0004718,Celeb-DF v2,Celeb-synthesis/id46_id40_0008.mp4,1,309,826,474,FMP4,0.84,DeepFake,Celeb-synthesis,id46,id40,,CELEB_COMPONENT_002,,test
CELEBDF_0004719,Celeb-DF v2,Celeb-synthesis/id46_id40_0009.mp4,1,308,826,474,FMP4,1.19,DeepFake,Celeb-synthesis,id46,id40,,CELEB_COMPONENT_002,,test
CELEBDF_0004720,Celeb-DF v2,Celeb-synthesis/id46_id41_0000.mp4,1,335,822,458,FMP4,0.99,DeepFake,Celeb-synthesis,id46,id41,,CELEB_COMPONENT_002,,test
CELEBDF_0004721,Celeb-DF v2,Celeb-synthesis/id46_id41_0001.mp4,1,330,802,436,FMP4,0.74,DeepFake,Celeb-synthesis,id46,id41,,CELEB_COMPONENT_002,,test
CELEBDF_0004722,Celeb-DF v2,Celeb-synthesis/id46_id41_0002.mp4,1,313,670,500,FMP4,0.74,DeepFake,Celeb-synthesis,id46,id41,,CELEB_COMPONENT_002,,test
CELEBDF_0004723,Celeb-DF v2,Celeb-synthesis/id46_id41_0003.mp4,1,291,744,466,FMP4,1.1,DeepFake,Celeb-synthesis,id46,id41,,CELEB_COMPONENT_002,,test
CELEBDF_0004724,Celeb-DF v2,Celeb-synthesis/id46_id41_0004.mp4,1,310,744,466,FMP4,0.98,DeepFake,Celeb-synthesis,id46,id41,,CELEB_COMPONENT_002,,test
CELEBDF_0004725,Celeb-DF v2,Celeb-synthesis/id46_id41_0005.mp4,1,342,744,466,FMP4,1.09,DeepFake,Celeb-synthesis,id46,id41,,CELEB_COMPONENT_002,,test
CELEBDF_0004726,Celeb-DF v2,Celeb-synthesis/id46_id41_0007.mp4,1,335,750,438,FMP4,1.69,DeepFake,Celeb-synthesis,id46,id41,,CELEB_COMPONENT_002,,test
CELEBDF_0004727,Celeb-DF v2,Celeb-synthesis/id46_id41_0008.mp4,1,309,826,474,FMP4,0.84,DeepFake,Celeb-synthesis,id46,id41,,CELEB_COMPONENT_002,,test
CELEBDF_0004728,Celeb-DF v2,Celeb-synthesis/id46_id41_0009.mp4,1,308,826,474,FMP4,1.19,DeepFake,Celeb-synthesis,id46,id41,,CELEB_COMPONENT_002,,test
CELEBDF_0004729,Celeb-DF v2,Celeb-synthesis/id46_id42_0000.mp4,1,335,822,458,FMP4,0.99,DeepFake,Celeb-synthesis,id46,id42,,CELEB_COMPONENT_002,,test
CELEBDF_0004730,Celeb-DF v2,Celeb-synthesis/id46_id42_0001.mp4,1,330,802,436,FMP4,0.74,DeepFake,Celeb-synthesis,id46,id42,,CELEB_COMPONENT_002,,test
CELEBDF_0004731,Celeb-DF v2,Celeb-synthesis/id46_id42_0002.mp4,1,313,670,500,FMP4,0.73,DeepFake,Celeb-synthesis,id46,id42,,CELEB_COMPONENT_002,,test
CELEBDF_0004732,Celeb-DF v2,Celeb-synthesis/id46_id42_0003.mp4,1,291,744,466,FMP4,1.11,DeepFake,Celeb-synthesis,id46,id42,,CELEB_COMPONENT_002,,test
CELEBDF_0004733,Celeb-DF v2,Celeb-synthesis/id46_id42_0004.mp4,1,310,744,466,FMP4,0.98,DeepFake,Celeb-synthesis,id46,id42,,CELEB_COMPONENT_002,,test
CELEBDF_0004734,Celeb-DF v2,Celeb-synthesis/id46_id42_0005.mp4,1,342,744,466,FMP4,1.1,DeepFake,Celeb-synthesis,id46,id42,,CELEB_COMPONENT_002,,test
CELEBDF_0004735,Celeb-DF v2,Celeb-synthesis/id46_id42_0006.mp4,1,334,750,438,FMP4,0.9,DeepFake,Celeb-synthesis,id46,id42,,CELEB_COMPONENT_002,,test
CELEBDF_0004736,Celeb-DF v2,Celeb-synthesis/id46_id42_0007.mp4,1,335,750,438,FMP4,1.69,DeepFake,Celeb-synthesis,id46,id42,,CELEB_COMPONENT_002,,test
CELEBDF_0004737,Celeb-DF v2,Celeb-synthesis/id46_id42_0008.mp4,1,309,826,474,FMP4,0.83,DeepFake,Celeb-synthesis,id46,id42,,CELEB_COMPONENT_002,,test
CELEBDF_0004738,Celeb-DF v2,Celeb-synthesis/id46_id42_0009.mp4,1,308,826,474,FMP4,1.2,DeepFake,Celeb-synthesis,id46,id42,,CELEB_COMPONENT_002,,test
CELEBDF_0004739,Celeb-DF v2,Celeb-synthesis/id46_id43_0000.mp4,1,335,822,458,FMP4,0.99,DeepFake,Celeb-synthesis,id46,id43,,CELEB_COMPONENT_002,,test
CELEBDF_0004740,Celeb-DF v2,Celeb-synthesis/id46_id43_0001.mp4,1,330,802,436,FMP4,0.75,DeepFake,Celeb-synthesis,id46,id43,,CELEB_COMPONENT_002,,test
CELEBDF_0004741,Celeb-DF v2,Celeb-synthesis/id46_id43_0002.mp4,1,313,670,500,FMP4,0.75,DeepFake,Celeb-synthesis,id46,id43,,CELEB_COMPONENT_002,,test
CELEBDF_0004742,Celeb-DF v2,Celeb-synthesis/id46_id43_0003.mp4,1,291,744,466,FMP4,1.11,DeepFake,Celeb-synthesis,id46,id43,,CELEB_COMPONENT_002,,test
CELEBDF_0004743,Celeb-DF v2,Celeb-synthesis/id46_id43_0004.mp4,1,310,744,466,FMP4,0.99,DeepFake,Celeb-synthesis,id46,id43,,CELEB_COMPONENT_002,,test
CELEBDF_0004744,Celeb-DF v2,Celeb-synthesis/id46_id43_0005.mp4,1,342,744,466,FMP4,1.1,DeepFake,Celeb-synthesis,id46,id43,,CELEB_COMPONENT_002,,test
CELEBDF_0004745,Celeb-DF v2,Celeb-synthesis/id46_id43_0006.mp4,1,334,750,438,FMP4,0.9,DeepFake,Celeb-synthesis,id46,id43,,CELEB_COMPONENT_002,,test
CELEBDF_0004746,Celeb-DF v2,Celeb-synthesis/id46_id43_0007.mp4,1,335,750,438,FMP4,1.69,DeepFake,Celeb-synthesis,id46,id43,,CELEB_COMPONENT_002,,test
CELEBDF_0004747,Celeb-DF v2,Celeb-synthesis/id46_id43_0008.mp4,1,309,826,474,FMP4,0.84,DeepFake,Celeb-synthesis,id46,id43,,CELEB_COMPONENT_002,,test
CELEBDF_0004748,Celeb-DF v2,Celeb-synthesis/id46_id43_0009.mp4,1,308,826,474,FMP4,1.2,DeepFake,Celeb-synthesis,id46,id43,,CELEB_COMPONENT_002,,test
CELEBDF_0004749,Celeb-DF v2,Celeb-synthesis/id46_id44_0000.mp4,1,335,822,458,FMP4,1.0,DeepFake,Celeb-synthesis,id46,id44,,CELEB_COMPONENT_002,,test
CELEBDF_0004750,Celeb-DF v2,Celeb-synthesis/id46_id44_0001.mp4,1,330,802,436,FMP4,0.75,DeepFake,Celeb-synthesis,id46,id44,,CELEB_COMPONENT_002,,test
CELEBDF_0004751,Celeb-DF v2,Celeb-synthesis/id46_id44_0003.mp4,1,291,744,466,FMP4,1.12,DeepFake,Celeb-synthesis,id46,id44,,CELEB_COMPONENT_002,,test
CELEBDF_0004752,Celeb-DF v2,Celeb-synthesis/id46_id44_0005.mp4,1,342,744,466,FMP4,1.1,DeepFake,Celeb-synthesis,id46,id44,,CELEB_COMPONENT_002,,test
CELEBDF_0004753,Celeb-DF v2,Celeb-synthesis/id46_id44_0007.mp4,1,335,750,438,FMP4,1.7,DeepFake,Celeb-synthesis,id46,id44,,CELEB_COMPONENT_002,,test
CELEBDF_0004754,Celeb-DF v2,Celeb-synthesis/id46_id45_0000.mp4,1,335,822,458,FMP4,0.99,DeepFake,Celeb-synthesis,id46,id45,,CELEB_COMPONENT_002,,test
CELEBDF_0004755,Celeb-DF v2,Celeb-synthesis/id46_id45_0001.mp4,1,330,802,436,FMP4,0.75,DeepFake,Celeb-synthesis,id46,id45,,CELEB_COMPONENT_002,,test
CELEBDF_0004756,Celeb-DF v2,Celeb-synthesis/id46_id45_0002.mp4,1,313,670,500,FMP4,0.74,DeepFake,Celeb-synthesis,id46,id45,,CELEB_COMPONENT_002,,test
CELEBDF_0004757,Celeb-DF v2,Celeb-synthesis/id46_id45_0003.mp4,1,291,744,466,FMP4,1.1,DeepFake,Celeb-synthesis,id46,id45,,CELEB_COMPONENT_002,,test
CELEBDF_0004758,Celeb-DF v2,Celeb-synthesis/id46_id45_0004.mp4,1,310,744,466,FMP4,0.98,DeepFake,Celeb-synthesis,id46,id45,,CELEB_COMPONENT_002,,test
CELEBDF_0004759,Celeb-DF v2,Celeb-synthesis/id46_id45_0005.mp4,1,342,744,466,FMP4,1.09,DeepFake,Celeb-synthesis,id46,id45,,CELEB_COMPONENT_002,,test
CELEBDF_0004760,Celeb-DF v2,Celeb-synthesis/id46_id45_0006.mp4,1,334,750,438,FMP4,0.89,DeepFake,Celeb-synthesis,id46,id45,,CELEB_COMPONENT_002,,test
CELEBDF_0004761,Celeb-DF v2,Celeb-synthesis/id46_id45_0007.mp4,1,335,750,438,FMP4,1.69,DeepFake,Celeb-synthesis,id46,id45,,CELEB_COMPONENT_002,,test
CELEBDF_0004762,Celeb-DF v2,Celeb-synthesis/id46_id45_0008.mp4,1,309,826,474,FMP4,0.84,DeepFake,Celeb-synthesis,id46,id45,,CELEB_COMPONENT_002,,test
CELEBDF_0004763,Celeb-DF v2,Celeb-synthesis/id46_id45_0009.mp4,1,308,826,474,FMP4,1.2,DeepFake,Celeb-synthesis,id46,id45,,CELEB_COMPONENT_002,,test
CELEBDF_0004764,Celeb-DF v2,Celeb-synthesis/id46_id47_0000.mp4,1,335,822,458,FMP4,0.99,DeepFake,Celeb-synthesis,id46,id47,,CELEB_COMPONENT_002,,test
CELEBDF_0004765,Celeb-DF v2,Celeb-synthesis/id46_id47_0001.mp4,1,330,802,436,FMP4,0.74,DeepFake,Celeb-synthesis,id46,id47,,CELEB_COMPONENT_002,,test
CELEBDF_0004766,Celeb-DF v2,Celeb-synthesis/id46_id47_0002.mp4,1,313,670,500,FMP4,0.74,DeepFake,Celeb-synthesis,id46,id47,,CELEB_COMPONENT_002,,test
CELEBDF_0004767,Celeb-DF v2,Celeb-synthesis/id46_id47_0003.mp4,1,291,744,466,FMP4,1.11,DeepFake,Celeb-synthesis,id46,id47,,CELEB_COMPONENT_002,,test
CELEBDF_0004768,Celeb-DF v2,Celeb-synthesis/id46_id47_0004.mp4,1,310,744,466,FMP4,0.98,DeepFake,Celeb-synthesis,id46,id47,,CELEB_COMPONENT_002,,test
CELEBDF_0004769,Celeb-DF v2,Celeb-synthesis/id46_id47_0005.mp4,1,342,744,466,FMP4,1.08,DeepFake,Celeb-synthesis,id46,id47,,CELEB_COMPONENT_002,,test
CELEBDF_0004770,Celeb-DF v2,Celeb-synthesis/id46_id47_0006.mp4,1,334,750,438,FMP4,0.9,DeepFake,Celeb-synthesis,id46,id47,,CELEB_COMPONENT_002,,test
CELEBDF_0004771,Celeb-DF v2,Celeb-synthesis/id46_id47_0007.mp4,1,335,750,438,FMP4,1.69,DeepFake,Celeb-synthesis,id46,id47,,CELEB_COMPONENT_002,,test
CELEBDF_0004772,Celeb-DF v2,Celeb-synthesis/id46_id47_0008.mp4,1,309,826,474,FMP4,0.84,DeepFake,Celeb-synthesis,id46,id47,,CELEB_COMPONENT_002,,test
CELEBDF_0004773,Celeb-DF v2,Celeb-synthesis/id46_id47_0009.mp4,1,308,826,474,FMP4,1.2,DeepFake,Celeb-synthesis,id46,id47,,CELEB_COMPONENT_002,,test
CELEBDF_0004774,Celeb-DF v2,Celeb-synthesis/id46_id48_0000.mp4,1,335,822,458,FMP4,0.98,DeepFake,Celeb-synthesis,id46,id48,,CELEB_COMPONENT_002,,test
CELEBDF_0004775,Celeb-DF v2,Celeb-synthesis/id46_id48_0002.mp4,1,313,670,500,FMP4,0.74,DeepFake,Celeb-synthesis,id46,id48,,CELEB_COMPONENT_002,,test
CELEBDF_0004776,Celeb-DF v2,Celeb-synthesis/id46_id48_0003.mp4,1,291,744,466,FMP4,1.11,DeepFake,Celeb-synthesis,id46,id48,,CELEB_COMPONENT_002,,test
CELEBDF_0004777,Celeb-DF v2,Celeb-synthesis/id46_id48_0004.mp4,1,310,744,466,FMP4,0.98,DeepFake,Celeb-synthesis,id46,id48,,CELEB_COMPONENT_002,,test
CELEBDF_0004778,Celeb-DF v2,Celeb-synthesis/id46_id48_0005.mp4,1,342,744,466,FMP4,1.09,DeepFake,Celeb-synthesis,id46,id48,,CELEB_COMPONENT_002,,test
CELEBDF_0004779,Celeb-DF v2,Celeb-synthesis/id46_id48_0007.mp4,1,335,750,438,FMP4,1.69,DeepFake,Celeb-synthesis,id46,id48,,CELEB_COMPONENT_002,,test
CELEBDF_0004780,Celeb-DF v2,Celeb-synthesis/id46_id48_0008.mp4,1,309,826,474,FMP4,0.84,DeepFake,Celeb-synthesis,id46,id48,,CELEB_COMPONENT_002,,test
CELEBDF_0004781,Celeb-DF v2,Celeb-synthesis/id46_id48_0009.mp4,1,308,826,474,FMP4,1.19,DeepFake,Celeb-synthesis,id46,id48,,CELEB_COMPONENT_002,,test
CELEBDF_0004782,Celeb-DF v2,Celeb-synthesis/id47_id39_0000.mp4,1,315,610,500,FMP4,0.88,DeepFake,Celeb-synthesis,id47,id39,,CELEB_COMPONENT_002,,test
CELEBDF_0004783,Celeb-DF v2,Celeb-synthesis/id47_id39_0001.mp4,1,316,830,470,FMP4,1.36,DeepFake,Celeb-synthesis,id47,id39,,CELEB_COMPONENT_002,,test
CELEBDF_0004784,Celeb-DF v2,Celeb-synthesis/id47_id39_0002.mp4,1,323,836,470,FMP4,1.52,DeepFake,Celeb-synthesis,id47,id39,,CELEB_COMPONENT_002,,test
CELEBDF_0004785,Celeb-DF v2,Celeb-synthesis/id47_id39_0003.mp4,1,295,540,456,FMP4,0.67,DeepFake,Celeb-synthesis,id47,id39,,CELEB_COMPONENT_002,,test
CELEBDF_0004786,Celeb-DF v2,Celeb-synthesis/id47_id39_0004.mp4,1,314,656,500,FMP4,0.69,DeepFake,Celeb-synthesis,id47,id39,,CELEB_COMPONENT_002,,test
CELEBDF_0004787,Celeb-DF v2,Celeb-synthesis/id47_id39_0005.mp4,1,317,656,500,FMP4,1.15,DeepFake,Celeb-synthesis,id47,id39,,CELEB_COMPONENT_002,,test
CELEBDF_0004788,Celeb-DF v2,Celeb-synthesis/id47_id39_0006.mp4,1,334,694,456,FMP4,1.2,DeepFake,Celeb-synthesis,id47,id39,,CELEB_COMPONENT_002,,test
CELEBDF_0004789,Celeb-DF v2,Celeb-synthesis/id47_id39_0007.mp4,1,342,694,456,FMP4,1.1,DeepFake,Celeb-synthesis,id47,id39,,CELEB_COMPONENT_002,,test
CELEBDF_0004790,Celeb-DF v2,Celeb-synthesis/id47_id39_0008.mp4,1,331,842,476,FMP4,1.0,DeepFake,Celeb-synthesis,id47,id39,,CELEB_COMPONENT_002,,test
CELEBDF_0004791,Celeb-DF v2,Celeb-synthesis/id47_id39_0009.mp4,1,342,842,476,FMP4,1.85,DeepFake,Celeb-synthesis,id47,id39,,CELEB_COMPONENT_002,,test
CELEBDF_0004792,Celeb-DF v2,Celeb-synthesis/id47_id40_0000.mp4,1,315,610,500,FMP4,0.88,DeepFake,Celeb-synthesis,id47,id40,,CELEB_COMPONENT_002,,test
CELEBDF_0004793,Celeb-DF v2,Celeb-synthesis/id47_id40_0001.mp4,1,316,830,470,FMP4,1.35,DeepFake,Celeb-synthesis,id47,id40,,CELEB_COMPONENT_002,,test
CELEBDF_0004794,Celeb-DF v2,Celeb-synthesis/id47_id40_0003.mp4,1,295,540,456,FMP4,0.66,DeepFake,Celeb-synthesis,id47,id40,,CELEB_COMPONENT_002,,test
CELEBDF_0004795,Celeb-DF v2,Celeb-synthesis/id47_id40_0004.mp4,1,314,656,500,FMP4,0.68,DeepFake,Celeb-synthesis,id47,id40,,CELEB_COMPONENT_002,,test
CELEBDF_0004796,Celeb-DF v2,Celeb-synthesis/id47_id40_0005.mp4,1,317,656,500,FMP4,1.14,DeepFake,Celeb-synthesis,id47,id40,,CELEB_COMPONENT_002,,test
CELEBDF_0004797,Celeb-DF v2,Celeb-synthesis/id47_id40_0006.mp4,1,334,694,456,FMP4,1.2,DeepFake,Celeb-synthesis,id47,id40,,CELEB_COMPONENT_002,,test
CELEBDF_0004798,Celeb-DF v2,Celeb-synthesis/id47_id40_0007.mp4,1,342,694,456,FMP4,1.09,DeepFake,Celeb-synthesis,id47,id40,,CELEB_COMPONENT_002,,test
CELEBDF_0004799,Celeb-DF v2,Celeb-synthesis/id47_id40_0008.mp4,1,331,842,476,FMP4,0.99,DeepFake,Celeb-synthesis,id47,id40,,CELEB_COMPONENT_002,,test
CELEBDF_0004800,Celeb-DF v2,Celeb-synthesis/id47_id40_0009.mp4,1,342,842,476,FMP4,1.84,DeepFake,Celeb-synthesis,id47,id40,,CELEB_COMPONENT_002,,test
CELEBDF_0004801,Celeb-DF v2,Celeb-synthesis/id47_id41_0000.mp4,1,315,610,500,FMP4,0.88,DeepFake,Celeb-synthesis,id47,id41,,CELEB_COMPONENT_002,,test
CELEBDF_0004802,Celeb-DF v2,Celeb-synthesis/id47_id41_0001.mp4,1,316,830,470,FMP4,1.35,DeepFake,Celeb-synthesis,id47,id41,,CELEB_COMPONENT_002,,test
CELEBDF_0004803,Celeb-DF v2,Celeb-synthesis/id47_id41_0002.mp4,1,323,836,470,FMP4,1.52,DeepFake,Celeb-synthesis,id47,id41,,CELEB_COMPONENT_002,,test
CELEBDF_0004804,Celeb-DF v2,Celeb-synthesis/id47_id41_0003.mp4,1,295,540,456,FMP4,0.65,DeepFake,Celeb-synthesis,id47,id41,,CELEB_COMPONENT_002,,test
CELEBDF_0004805,Celeb-DF v2,Celeb-synthesis/id47_id41_0004.mp4,1,314,656,500,FMP4,0.69,DeepFake,Celeb-synthesis,id47,id41,,CELEB_COMPONENT_002,,test
CELEBDF_0004806,Celeb-DF v2,Celeb-synthesis/id47_id41_0005.mp4,1,317,656,500,FMP4,1.15,DeepFake,Celeb-synthesis,id47,id41,,CELEB_COMPONENT_002,,test
CELEBDF_0004807,Celeb-DF v2,Celeb-synthesis/id47_id41_0006.mp4,1,334,694,456,FMP4,1.2,DeepFake,Celeb-synthesis,id47,id41,,CELEB_COMPONENT_002,,test
CELEBDF_0004808,Celeb-DF v2,Celeb-synthesis/id47_id41_0007.mp4,1,342,694,456,FMP4,1.09,DeepFake,Celeb-synthesis,id47,id41,,CELEB_COMPONENT_002,,test
CELEBDF_0004809,Celeb-DF v2,Celeb-synthesis/id47_id41_0008.mp4,1,331,842,476,FMP4,1.0,DeepFake,Celeb-synthesis,id47,id41,,CELEB_COMPONENT_002,,test
CELEBDF_0004810,Celeb-DF v2,Celeb-synthesis/id47_id41_0009.mp4,1,342,842,476,FMP4,1.85,DeepFake,Celeb-synthesis,id47,id41,,CELEB_COMPONENT_002,,test
CELEBDF_0004811,Celeb-DF v2,Celeb-synthesis/id47_id42_0000.mp4,1,315,610,500,FMP4,0.88,DeepFake,Celeb-synthesis,id47,id42,,CELEB_COMPONENT_002,,test
CELEBDF_0004812,Celeb-DF v2,Celeb-synthesis/id47_id42_0001.mp4,1,316,830,470,FMP4,1.36,DeepFake,Celeb-synthesis,id47,id42,,CELEB_COMPONENT_002,,test
CELEBDF_0004813,Celeb-DF v2,Celeb-synthesis/id47_id42_0002.mp4,1,323,836,470,FMP4,1.53,DeepFake,Celeb-synthesis,id47,id42,,CELEB_COMPONENT_002,,test
CELEBDF_0004814,Celeb-DF v2,Celeb-synthesis/id47_id42_0003.mp4,1,295,540,456,FMP4,0.66,DeepFake,Celeb-synthesis,id47,id42,,CELEB_COMPONENT_002,,test
CELEBDF_0004815,Celeb-DF v2,Celeb-synthesis/id47_id42_0004.mp4,1,314,656,500,FMP4,0.69,DeepFake,Celeb-synthesis,id47,id42,,CELEB_COMPONENT_002,,test
CELEBDF_0004816,Celeb-DF v2,Celeb-synthesis/id47_id42_0005.mp4,1,317,656,500,FMP4,1.16,DeepFake,Celeb-synthesis,id47,id42,,CELEB_COMPONENT_002,,test
CELEBDF_0004817,Celeb-DF v2,Celeb-synthesis/id47_id42_0006.mp4,1,334,694,456,FMP4,1.2,DeepFake,Celeb-synthesis,id47,id42,,CELEB_COMPONENT_002,,test
CELEBDF_0004818,Celeb-DF v2,Celeb-synthesis/id47_id42_0007.mp4,1,342,694,456,FMP4,1.1,DeepFake,Celeb-synthesis,id47,id42,,CELEB_COMPONENT_002,,test
CELEBDF_0004819,Celeb-DF v2,Celeb-synthesis/id47_id42_0008.mp4,1,331,842,476,FMP4,1.01,DeepFake,Celeb-synthesis,id47,id42,,CELEB_COMPONENT_002,,test
CELEBDF_0004820,Celeb-DF v2,Celeb-synthesis/id47_id42_0009.mp4,1,342,842,476,FMP4,1.86,DeepFake,Celeb-synthesis,id47,id42,,CELEB_COMPONENT_002,,test
CELEBDF_0004821,Celeb-DF v2,Celeb-synthesis/id47_id43_0000.mp4,1,315,610,500,FMP4,0.88,DeepFake,Celeb-synthesis,id47,id43,,CELEB_COMPONENT_002,,test
CELEBDF_0004822,Celeb-DF v2,Celeb-synthesis/id47_id43_0001.mp4,1,316,830,470,FMP4,1.35,DeepFake,Celeb-synthesis,id47,id43,,CELEB_COMPONENT_002,,test
CELEBDF_0004823,Celeb-DF v2,Celeb-synthesis/id47_id43_0002.mp4,1,323,836,470,FMP4,1.51,DeepFake,Celeb-synthesis,id47,id43,,CELEB_COMPONENT_002,,test
CELEBDF_0004824,Celeb-DF v2,Celeb-synthesis/id47_id43_0003.mp4,1,295,540,456,FMP4,0.66,DeepFake,Celeb-synthesis,id47,id43,,CELEB_COMPONENT_002,,test
CELEBDF_0004825,Celeb-DF v2,Celeb-synthesis/id47_id43_0004.mp4,1,314,656,500,FMP4,0.68,DeepFake,Celeb-synthesis,id47,id43,,CELEB_COMPONENT_002,,test
CELEBDF_0004826,Celeb-DF v2,Celeb-synthesis/id47_id43_0005.mp4,1,317,656,500,FMP4,1.15,DeepFake,Celeb-synthesis,id47,id43,,CELEB_COMPONENT_002,,test
CELEBDF_0004827,Celeb-DF v2,Celeb-synthesis/id47_id43_0006.mp4,1,334,694,456,FMP4,1.2,DeepFake,Celeb-synthesis,id47,id43,,CELEB_COMPONENT_002,,test
CELEBDF_0004828,Celeb-DF v2,Celeb-synthesis/id47_id43_0007.mp4,1,342,694,456,FMP4,1.09,DeepFake,Celeb-synthesis,id47,id43,,CELEB_COMPONENT_002,,test
CELEBDF_0004829,Celeb-DF v2,Celeb-synthesis/id47_id43_0008.mp4,1,331,842,476,FMP4,1.0,DeepFake,Celeb-synthesis,id47,id43,,CELEB_COMPONENT_002,,test
CELEBDF_0004830,Celeb-DF v2,Celeb-synthesis/id47_id43_0009.mp4,1,342,842,476,FMP4,1.84,DeepFake,Celeb-synthesis,id47,id43,,CELEB_COMPONENT_002,,test
CELEBDF_0004831,Celeb-DF v2,Celeb-synthesis/id47_id44_0000.mp4,1,315,610,500,FMP4,0.88,DeepFake,Celeb-synthesis,id47,id44,,CELEB_COMPONENT_002,,test
CELEBDF_0004832,Celeb-DF v2,Celeb-synthesis/id47_id44_0001.mp4,1,316,830,470,FMP4,1.36,DeepFake,Celeb-synthesis,id47,id44,,CELEB_COMPONENT_002,,test
CELEBDF_0004833,Celeb-DF v2,Celeb-synthesis/id47_id44_0002.mp4,1,323,836,470,FMP4,1.53,DeepFake,Celeb-synthesis,id47,id44,,CELEB_COMPONENT_002,,test
CELEBDF_0004834,Celeb-DF v2,Celeb-synthesis/id47_id44_0003.mp4,1,295,540,456,FMP4,0.66,DeepFake,Celeb-synthesis,id47,id44,,CELEB_COMPONENT_002,,test
CELEBDF_0004835,Celeb-DF v2,Celeb-synthesis/id47_id44_0004.mp4,1,314,656,500,FMP4,0.69,DeepFake,Celeb-synthesis,id47,id44,,CELEB_COMPONENT_002,,test
CELEBDF_0004836,Celeb-DF v2,Celeb-synthesis/id47_id44_0005.mp4,1,317,656,500,FMP4,1.15,DeepFake,Celeb-synthesis,id47,id44,,CELEB_COMPONENT_002,,test
CELEBDF_0004837,Celeb-DF v2,Celeb-synthesis/id47_id44_0006.mp4,1,334,694,456,FMP4,1.2,DeepFake,Celeb-synthesis,id47,id44,,CELEB_COMPONENT_002,,test
CELEBDF_0004838,Celeb-DF v2,Celeb-synthesis/id47_id44_0007.mp4,1,342,694,456,FMP4,1.11,DeepFake,Celeb-synthesis,id47,id44,,CELEB_COMPONENT_002,,test
CELEBDF_0004839,Celeb-DF v2,Celeb-synthesis/id47_id44_0008.mp4,1,331,842,476,FMP4,1.01,DeepFake,Celeb-synthesis,id47,id44,,CELEB_COMPONENT_002,,test
CELEBDF_0004840,Celeb-DF v2,Celeb-synthesis/id47_id44_0009.mp4,1,342,842,476,FMP4,1.86,DeepFake,Celeb-synthesis,id47,id44,,CELEB_COMPONENT_002,,test
CELEBDF_0004841,Celeb-DF v2,Celeb-synthesis/id47_id45_0000.mp4,1,315,610,500,FMP4,0.88,DeepFake,Celeb-synthesis,id47,id45,,CELEB_COMPONENT_002,,test
CELEBDF_0004842,Celeb-DF v2,Celeb-synthesis/id47_id45_0001.mp4,1,316,830,470,FMP4,1.35,DeepFake,Celeb-synthesis,id47,id45,,CELEB_COMPONENT_002,,test
CELEBDF_0004843,Celeb-DF v2,Celeb-synthesis/id47_id45_0002.mp4,1,323,836,470,FMP4,1.51,DeepFake,Celeb-synthesis,id47,id45,,CELEB_COMPONENT_002,,test
CELEBDF_0004844,Celeb-DF v2,Celeb-synthesis/id47_id45_0003.mp4,1,295,540,456,FMP4,0.66,DeepFake,Celeb-synthesis,id47,id45,,CELEB_COMPONENT_002,,test
CELEBDF_0004845,Celeb-DF v2,Celeb-synthesis/id47_id45_0004.mp4,1,314,656,500,FMP4,0.68,DeepFake,Celeb-synthesis,id47,id45,,CELEB_COMPONENT_002,,test
CELEBDF_0004846,Celeb-DF v2,Celeb-synthesis/id47_id45_0005.mp4,1,317,656,500,FMP4,1.14,DeepFake,Celeb-synthesis,id47,id45,,CELEB_COMPONENT_002,,test
CELEBDF_0004847,Celeb-DF v2,Celeb-synthesis/id47_id45_0006.mp4,1,334,694,456,FMP4,1.2,DeepFake,Celeb-synthesis,id47,id45,,CELEB_COMPONENT_002,,test
CELEBDF_0004848,Celeb-DF v2,Celeb-synthesis/id47_id45_0007.mp4,1,342,694,456,FMP4,1.1,DeepFake,Celeb-synthesis,id47,id45,,CELEB_COMPONENT_002,,test
CELEBDF_0004849,Celeb-DF v2,Celeb-synthesis/id47_id45_0008.mp4,1,331,842,476,FMP4,0.99,DeepFake,Celeb-synthesis,id47,id45,,CELEB_COMPONENT_002,,test
CELEBDF_0004850,Celeb-DF v2,Celeb-synthesis/id47_id45_0009.mp4,1,342,842,476,FMP4,1.84,DeepFake,Celeb-synthesis,id47,id45,,CELEB_COMPONENT_002,,test
CELEBDF_0004851,Celeb-DF v2,Celeb-synthesis/id47_id46_0000.mp4,1,315,610,500,FMP4,0.88,DeepFake,Celeb-synthesis,id47,id46,,CELEB_COMPONENT_002,,test
CELEBDF_0004852,Celeb-DF v2,Celeb-synthesis/id47_id46_0001.mp4,1,316,830,470,FMP4,1.36,DeepFake,Celeb-synthesis,id47,id46,,CELEB_COMPONENT_002,,test
CELEBDF_0004853,Celeb-DF v2,Celeb-synthesis/id47_id46_0002.mp4,1,323,836,470,FMP4,1.51,DeepFake,Celeb-synthesis,id47,id46,,CELEB_COMPONENT_002,,test
CELEBDF_0004854,Celeb-DF v2,Celeb-synthesis/id47_id46_0003.mp4,1,295,540,456,FMP4,0.65,DeepFake,Celeb-synthesis,id47,id46,,CELEB_COMPONENT_002,,test
CELEBDF_0004855,Celeb-DF v2,Celeb-synthesis/id47_id46_0004.mp4,1,314,656,500,FMP4,0.69,DeepFake,Celeb-synthesis,id47,id46,,CELEB_COMPONENT_002,,test
CELEBDF_0004856,Celeb-DF v2,Celeb-synthesis/id47_id46_0005.mp4,1,317,656,500,FMP4,1.14,DeepFake,Celeb-synthesis,id47,id46,,CELEB_COMPONENT_002,,test
CELEBDF_0004857,Celeb-DF v2,Celeb-synthesis/id47_id46_0006.mp4,1,334,694,456,FMP4,1.2,DeepFake,Celeb-synthesis,id47,id46,,CELEB_COMPONENT_002,,test
CELEBDF_0004858,Celeb-DF v2,Celeb-synthesis/id47_id46_0007.mp4,1,342,694,456,FMP4,1.08,DeepFake,Celeb-synthesis,id47,id46,,CELEB_COMPONENT_002,,test
CELEBDF_0004859,Celeb-DF v2,Celeb-synthesis/id47_id46_0008.mp4,1,331,842,476,FMP4,1.0,DeepFake,Celeb-synthesis,id47,id46,,CELEB_COMPONENT_002,,test
CELEBDF_0004860,Celeb-DF v2,Celeb-synthesis/id47_id46_0009.mp4,1,342,842,476,FMP4,1.84,DeepFake,Celeb-synthesis,id47,id46,,CELEB_COMPONENT_002,,test
CELEBDF_0004861,Celeb-DF v2,Celeb-synthesis/id47_id48_0000.mp4,1,315,610,500,FMP4,0.88,DeepFake,Celeb-synthesis,id47,id48,,CELEB_COMPONENT_002,,test
CELEBDF_0004862,Celeb-DF v2,Celeb-synthesis/id47_id48_0001.mp4,1,316,830,470,FMP4,1.36,DeepFake,Celeb-synthesis,id47,id48,,CELEB_COMPONENT_002,,test
CELEBDF_0004863,Celeb-DF v2,Celeb-synthesis/id47_id48_0002.mp4,1,323,836,470,FMP4,1.52,DeepFake,Celeb-synthesis,id47,id48,,CELEB_COMPONENT_002,,test
CELEBDF_0004864,Celeb-DF v2,Celeb-synthesis/id47_id48_0003.mp4,1,295,540,456,FMP4,0.66,DeepFake,Celeb-synthesis,id47,id48,,CELEB_COMPONENT_002,,test
CELEBDF_0004865,Celeb-DF v2,Celeb-synthesis/id47_id48_0004.mp4,1,314,656,500,FMP4,0.69,DeepFake,Celeb-synthesis,id47,id48,,CELEB_COMPONENT_002,,test
CELEBDF_0004866,Celeb-DF v2,Celeb-synthesis/id47_id48_0005.mp4,1,317,656,500,FMP4,1.15,DeepFake,Celeb-synthesis,id47,id48,,CELEB_COMPONENT_002,,test
CELEBDF_0004867,Celeb-DF v2,Celeb-synthesis/id47_id48_0006.mp4,1,334,694,456,FMP4,1.2,DeepFake,Celeb-synthesis,id47,id48,,CELEB_COMPONENT_002,,test
CELEBDF_0004868,Celeb-DF v2,Celeb-synthesis/id47_id48_0007.mp4,1,342,694,456,FMP4,1.09,DeepFake,Celeb-synthesis,id47,id48,,CELEB_COMPONENT_002,,test
CELEBDF_0004869,Celeb-DF v2,Celeb-synthesis/id47_id48_0008.mp4,1,331,842,476,FMP4,1.0,DeepFake,Celeb-synthesis,id47,id48,,CELEB_COMPONENT_002,,test
CELEBDF_0004870,Celeb-DF v2,Celeb-synthesis/id47_id48_0009.mp4,1,342,842,476,FMP4,1.84,DeepFake,Celeb-synthesis,id47,id48,,CELEB_COMPONENT_002,,test
CELEBDF_0004871,Celeb-DF v2,Celeb-synthesis/id48_id39_0000.mp4,1,338,850,476,FMP4,1.03,DeepFake,Celeb-synthesis,id48,id39,,CELEB_COMPONENT_002,,test
CELEBDF_0004872,Celeb-DF v2,Celeb-synthesis/id48_id39_0001.mp4,1,310,850,476,FMP4,1.31,DeepFake,Celeb-synthesis,id48,id39,,CELEB_COMPONENT_002,,test
CELEBDF_0004873,Celeb-DF v2,Celeb-synthesis/id48_id39_0002.mp4,1,319,850,476,FMP4,1.05,DeepFake,Celeb-synthesis,id48,id39,,CELEB_COMPONENT_002,,test
CELEBDF_0004874,Celeb-DF v2,Celeb-synthesis/id48_id39_0003.mp4,1,335,850,476,FMP4,0.8,DeepFake,Celeb-synthesis,id48,id39,,CELEB_COMPONENT_002,,test
CELEBDF_0004875,Celeb-DF v2,Celeb-synthesis/id48_id39_0004.mp4,1,329,850,476,FMP4,0.79,DeepFake,Celeb-synthesis,id48,id39,,CELEB_COMPONENT_002,,test
CELEBDF_0004876,Celeb-DF v2,Celeb-synthesis/id48_id39_0005.mp4,1,336,850,476,FMP4,0.94,DeepFake,Celeb-synthesis,id48,id39,,CELEB_COMPONENT_002,,test
CELEBDF_0004877,Celeb-DF v2,Celeb-synthesis/id48_id39_0006.mp4,1,327,656,500,FMP4,1.01,DeepFake,Celeb-synthesis,id48,id39,,CELEB_COMPONENT_002,,test
CELEBDF_0004878,Celeb-DF v2,Celeb-synthesis/id48_id39_0007.mp4,1,306,656,500,FMP4,0.9,DeepFake,Celeb-synthesis,id48,id39,,CELEB_COMPONENT_002,,test
CELEBDF_0004879,Celeb-DF v2,Celeb-synthesis/id48_id39_0008.mp4,1,338,498,500,FMP4,0.98,DeepFake,Celeb-synthesis,id48,id39,,CELEB_COMPONENT_002,,test
CELEBDF_0004880,Celeb-DF v2,Celeb-synthesis/id48_id39_0009.mp4,1,338,844,472,FMP4,1.37,DeepFake,Celeb-synthesis,id48,id39,,CELEB_COMPONENT_002,,test
CELEBDF_0004881,Celeb-DF v2,Celeb-synthesis/id48_id40_0000.mp4,1,338,850,476,FMP4,1.03,DeepFake,Celeb-synthesis,id48,id40,,CELEB_COMPONENT_002,,test
CELEBDF_0004882,Celeb-DF v2,Celeb-synthesis/id48_id40_0001.mp4,1,310,850,476,FMP4,1.3,DeepFake,Celeb-synthesis,id48,id40,,CELEB_COMPONENT_002,,test
CELEBDF_0004883,Celeb-DF v2,Celeb-synthesis/id48_id40_0002.mp4,1,319,850,476,FMP4,1.05,DeepFake,Celeb-synthesis,id48,id40,,CELEB_COMPONENT_002,,test
CELEBDF_0004884,Celeb-DF v2,Celeb-synthesis/id48_id40_0003.mp4,1,335,850,476,FMP4,0.79,DeepFake,Celeb-synthesis,id48,id40,,CELEB_COMPONENT_002,,test
CELEBDF_0004885,Celeb-DF v2,Celeb-synthesis/id48_id40_0004.mp4,1,329,850,476,FMP4,0.79,DeepFake,Celeb-synthesis,id48,id40,,CELEB_COMPONENT_002,,test
CELEBDF_0004886,Celeb-DF v2,Celeb-synthesis/id48_id40_0005.mp4,1,336,850,476,FMP4,0.93,DeepFake,Celeb-synthesis,id48,id40,,CELEB_COMPONENT_002,,test
CELEBDF_0004887,Celeb-DF v2,Celeb-synthesis/id48_id40_0006.mp4,1,327,656,500,FMP4,1.0,DeepFake,Celeb-synthesis,id48,id40,,CELEB_COMPONENT_002,,test
CELEBDF_0004888,Celeb-DF v2,Celeb-synthesis/id48_id40_0007.mp4,1,306,656,500,FMP4,0.9,DeepFake,Celeb-synthesis,id48,id40,,CELEB_COMPONENT_002,,test
CELEBDF_0004889,Celeb-DF v2,Celeb-synthesis/id48_id40_0008.mp4,1,338,498,500,FMP4,0.97,DeepFake,Celeb-synthesis,id48,id40,,CELEB_COMPONENT_002,,test
CELEBDF_0004890,Celeb-DF v2,Celeb-synthesis/id48_id40_0009.mp4,1,338,844,472,FMP4,1.37,DeepFake,Celeb-synthesis,id48,id40,,CELEB_COMPONENT_002,,test
CELEBDF_0004891,Celeb-DF v2,Celeb-synthesis/id48_id41_0001.mp4,1,310,850,476,FMP4,1.3,DeepFake,Celeb-synthesis,id48,id41,,CELEB_COMPONENT_002,,test
CELEBDF_0004892,Celeb-DF v2,Celeb-synthesis/id48_id41_0002.mp4,1,319,850,476,FMP4,1.05,DeepFake,Celeb-synthesis,id48,id41,,CELEB_COMPONENT_002,,test
CELEBDF_0004893,Celeb-DF v2,Celeb-synthesis/id48_id41_0003.mp4,1,335,850,476,FMP4,0.78,DeepFake,Celeb-synthesis,id48,id41,,CELEB_COMPONENT_002,,test
CELEBDF_0004894,Celeb-DF v2,Celeb-synthesis/id48_id41_0004.mp4,1,329,850,476,FMP4,0.79,DeepFake,Celeb-synthesis,id48,id41,,CELEB_COMPONENT_002,,test
CELEBDF_0004895,Celeb-DF v2,Celeb-synthesis/id48_id41_0006.mp4,1,327,656,500,FMP4,1.0,DeepFake,Celeb-synthesis,id48,id41,,CELEB_COMPONENT_002,,test
CELEBDF_0004896,Celeb-DF v2,Celeb-synthesis/id48_id41_0007.mp4,1,306,656,500,FMP4,0.9,DeepFake,Celeb-synthesis,id48,id41,,CELEB_COMPONENT_002,,test
CELEBDF_0004897,Celeb-DF v2,Celeb-synthesis/id48_id41_0009.mp4,1,338,844,472,FMP4,1.37,DeepFake,Celeb-synthesis,id48,id41,,CELEB_COMPONENT_002,,test
CELEBDF_0004898,Celeb-DF v2,Celeb-synthesis/id48_id42_0000.mp4,1,338,850,476,FMP4,1.04,DeepFake,Celeb-synthesis,id48,id42,,CELEB_COMPONENT_002,,test
CELEBDF_0004899,Celeb-DF v2,Celeb-synthesis/id48_id42_0001.mp4,1,310,850,476,FMP4,1.3,DeepFake,Celeb-synthesis,id48,id42,,CELEB_COMPONENT_002,,test
CELEBDF_0004900,Celeb-DF v2,Celeb-synthesis/id48_id42_0002.mp4,1,319,850,476,FMP4,1.06,DeepFake,Celeb-synthesis,id48,id42,,CELEB_COMPONENT_002,,test
CELEBDF_0004901,Celeb-DF v2,Celeb-synthesis/id48_id42_0003.mp4,1,335,850,476,FMP4,0.79,DeepFake,Celeb-synthesis,id48,id42,,CELEB_COMPONENT_002,,test
CELEBDF_0004902,Celeb-DF v2,Celeb-synthesis/id48_id42_0004.mp4,1,329,850,476,FMP4,0.79,DeepFake,Celeb-synthesis,id48,id42,,CELEB_COMPONENT_002,,test
CELEBDF_0004903,Celeb-DF v2,Celeb-synthesis/id48_id42_0005.mp4,1,336,850,476,FMP4,0.94,DeepFake,Celeb-synthesis,id48,id42,,CELEB_COMPONENT_002,,test
CELEBDF_0004904,Celeb-DF v2,Celeb-synthesis/id48_id42_0006.mp4,1,327,656,500,FMP4,1.01,DeepFake,Celeb-synthesis,id48,id42,,CELEB_COMPONENT_002,,test
CELEBDF_0004905,Celeb-DF v2,Celeb-synthesis/id48_id42_0007.mp4,1,306,656,500,FMP4,0.9,DeepFake,Celeb-synthesis,id48,id42,,CELEB_COMPONENT_002,,test
CELEBDF_0004906,Celeb-DF v2,Celeb-synthesis/id48_id42_0008.mp4,1,338,498,500,FMP4,0.99,DeepFake,Celeb-synthesis,id48,id42,,CELEB_COMPONENT_002,,test
CELEBDF_0004907,Celeb-DF v2,Celeb-synthesis/id48_id42_0009.mp4,1,338,844,472,FMP4,1.37,DeepFake,Celeb-synthesis,id48,id42,,CELEB_COMPONENT_002,,test
CELEBDF_0004908,Celeb-DF v2,Celeb-synthesis/id48_id43_0001.mp4,1,310,850,476,FMP4,1.3,DeepFake,Celeb-synthesis,id48,id43,,CELEB_COMPONENT_002,,test
CELEBDF_0004909,Celeb-DF v2,Celeb-synthesis/id48_id43_0002.mp4,1,319,850,476,FMP4,1.05,DeepFake,Celeb-synthesis,id48,id43,,CELEB_COMPONENT_002,,test
CELEBDF_0004910,Celeb-DF v2,Celeb-synthesis/id48_id43_0003.mp4,1,335,850,476,FMP4,0.79,DeepFake,Celeb-synthesis,id48,id43,,CELEB_COMPONENT_002,,test
CELEBDF_0004911,Celeb-DF v2,Celeb-synthesis/id48_id43_0004.mp4,1,329,850,476,FMP4,0.79,DeepFake,Celeb-synthesis,id48,id43,,CELEB_COMPONENT_002,,test
CELEBDF_0004912,Celeb-DF v2,Celeb-synthesis/id48_id43_0005.mp4,1,336,850,476,FMP4,0.93,DeepFake,Celeb-synthesis,id48,id43,,CELEB_COMPONENT_002,,test
CELEBDF_0004913,Celeb-DF v2,Celeb-synthesis/id48_id43_0006.mp4,1,327,656,500,FMP4,1.0,DeepFake,Celeb-synthesis,id48,id43,,CELEB_COMPONENT_002,,test
CELEBDF_0004914,Celeb-DF v2,Celeb-synthesis/id48_id43_0007.mp4,1,306,656,500,FMP4,0.9,DeepFake,Celeb-synthesis,id48,id43,,CELEB_COMPONENT_002,,test
CELEBDF_0004915,Celeb-DF v2,Celeb-synthesis/id48_id43_0008.mp4,1,338,498,500,FMP4,0.99,DeepFake,Celeb-synthesis,id48,id43,,CELEB_COMPONENT_002,,test
CELEBDF_0004916,Celeb-DF v2,Celeb-synthesis/id48_id43_0009.mp4,1,338,844,472,FMP4,1.37,DeepFake,Celeb-synthesis,id48,id43,,CELEB_COMPONENT_002,,test
CELEBDF_0004917,Celeb-DF v2,Celeb-synthesis/id48_id44_0000.mp4,1,338,850,476,FMP4,1.04,DeepFake,Celeb-synthesis,id48,id44,,CELEB_COMPONENT_002,,test
CELEBDF_0004918,Celeb-DF v2,Celeb-synthesis/id48_id44_0001.mp4,1,310,850,476,FMP4,1.3,DeepFake,Celeb-synthesis,id48,id44,,CELEB_COMPONENT_002,,test
CELEBDF_0004919,Celeb-DF v2,Celeb-synthesis/id48_id44_0002.mp4,1,319,850,476,FMP4,1.06,DeepFake,Celeb-synthesis,id48,id44,,CELEB_COMPONENT_002,,test
CELEBDF_0004920,Celeb-DF v2,Celeb-synthesis/id48_id44_0003.mp4,1,335,850,476,FMP4,0.8,DeepFake,Celeb-synthesis,id48,id44,,CELEB_COMPONENT_002,,test
CELEBDF_0004921,Celeb-DF v2,Celeb-synthesis/id48_id44_0004.mp4,1,329,850,476,FMP4,0.79,DeepFake,Celeb-synthesis,id48,id44,,CELEB_COMPONENT_002,,test
CELEBDF_0004922,Celeb-DF v2,Celeb-synthesis/id48_id44_0005.mp4,1,336,850,476,FMP4,0.94,DeepFake,Celeb-synthesis,id48,id44,,CELEB_COMPONENT_002,,test
CELEBDF_0004923,Celeb-DF v2,Celeb-synthesis/id48_id44_0006.mp4,1,327,656,500,FMP4,1.01,DeepFake,Celeb-synthesis,id48,id44,,CELEB_COMPONENT_002,,test
CELEBDF_0004924,Celeb-DF v2,Celeb-synthesis/id48_id44_0007.mp4,1,306,656,500,FMP4,0.9,DeepFake,Celeb-synthesis,id48,id44,,CELEB_COMPONENT_002,,test
CELEBDF_0004925,Celeb-DF v2,Celeb-synthesis/id48_id44_0008.mp4,1,338,498,500,FMP4,0.99,DeepFake,Celeb-synthesis,id48,id44,,CELEB_COMPONENT_002,,test
CELEBDF_0004926,Celeb-DF v2,Celeb-synthesis/id48_id44_0009.mp4,1,338,844,472,FMP4,1.38,DeepFake,Celeb-synthesis,id48,id44,,CELEB_COMPONENT_002,,test
CELEBDF_0004927,Celeb-DF v2,Celeb-synthesis/id48_id45_0000.mp4,1,338,850,476,FMP4,1.03,DeepFake,Celeb-synthesis,id48,id45,,CELEB_COMPONENT_002,,test
CELEBDF_0004928,Celeb-DF v2,Celeb-synthesis/id48_id45_0001.mp4,1,310,850,476,FMP4,1.31,DeepFake,Celeb-synthesis,id48,id45,,CELEB_COMPONENT_002,,test
CELEBDF_0004929,Celeb-DF v2,Celeb-synthesis/id48_id45_0002.mp4,1,319,850,476,FMP4,1.05,DeepFake,Celeb-synthesis,id48,id45,,CELEB_COMPONENT_002,,test
CELEBDF_0004930,Celeb-DF v2,Celeb-synthesis/id48_id45_0003.mp4,1,335,850,476,FMP4,0.78,DeepFake,Celeb-synthesis,id48,id45,,CELEB_COMPONENT_002,,test
CELEBDF_0004931,Celeb-DF v2,Celeb-synthesis/id48_id45_0004.mp4,1,329,850,476,FMP4,0.79,DeepFake,Celeb-synthesis,id48,id45,,CELEB_COMPONENT_002,,test
CELEBDF_0004932,Celeb-DF v2,Celeb-synthesis/id48_id45_0005.mp4,1,336,850,476,FMP4,0.93,DeepFake,Celeb-synthesis,id48,id45,,CELEB_COMPONENT_002,,test
CELEBDF_0004933,Celeb-DF v2,Celeb-synthesis/id48_id45_0006.mp4,1,327,656,500,FMP4,1.0,DeepFake,Celeb-synthesis,id48,id45,,CELEB_COMPONENT_002,,test
CELEBDF_0004934,Celeb-DF v2,Celeb-synthesis/id48_id45_0007.mp4,1,306,656,500,FMP4,0.9,DeepFake,Celeb-synthesis,id48,id45,,CELEB_COMPONENT_002,,test
CELEBDF_0004935,Celeb-DF v2,Celeb-synthesis/id48_id45_0008.mp4,1,338,498,500,FMP4,0.98,DeepFake,Celeb-synthesis,id48,id45,,CELEB_COMPONENT_002,,test
CELEBDF_0004936,Celeb-DF v2,Celeb-synthesis/id48_id45_0009.mp4,1,338,844,472,FMP4,1.37,DeepFake,Celeb-synthesis,id48,id45,,CELEB_COMPONENT_002,,test
CELEBDF_0004937,Celeb-DF v2,Celeb-synthesis/id48_id46_0001.mp4,1,310,850,476,FMP4,1.3,DeepFake,Celeb-synthesis,id48,id46,,CELEB_COMPONENT_002,,test
CELEBDF_0004938,Celeb-DF v2,Celeb-synthesis/id48_id46_0002.mp4,1,319,850,476,FMP4,1.05,DeepFake,Celeb-synthesis,id48,id46,,CELEB_COMPONENT_002,,test
CELEBDF_0004939,Celeb-DF v2,Celeb-synthesis/id48_id46_0003.mp4,1,335,850,476,FMP4,0.78,DeepFake,Celeb-synthesis,id48,id46,,CELEB_COMPONENT_002,,test
CELEBDF_0004940,Celeb-DF v2,Celeb-synthesis/id48_id46_0004.mp4,1,329,850,476,FMP4,0.79,DeepFake,Celeb-synthesis,id48,id46,,CELEB_COMPONENT_002,,test
CELEBDF_0004941,Celeb-DF v2,Celeb-synthesis/id48_id46_0005.mp4,1,336,850,476,FMP4,0.93,DeepFake,Celeb-synthesis,id48,id46,,CELEB_COMPONENT_002,,test
CELEBDF_0004942,Celeb-DF v2,Celeb-synthesis/id48_id46_0006.mp4,1,327,656,500,FMP4,1.0,DeepFake,Celeb-synthesis,id48,id46,,CELEB_COMPONENT_002,,test
CELEBDF_0004943,Celeb-DF v2,Celeb-synthesis/id48_id46_0007.mp4,1,306,656,500,FMP4,0.89,DeepFake,Celeb-synthesis,id48,id46,,CELEB_COMPONENT_002,,test
CELEBDF_0004944,Celeb-DF v2,Celeb-synthesis/id48_id46_0009.mp4,1,338,844,472,FMP4,1.37,DeepFake,Celeb-synthesis,id48,id46,,CELEB_COMPONENT_002,,test
CELEBDF_0004945,Celeb-DF v2,Celeb-synthesis/id48_id47_0000.mp4,1,338,850,476,FMP4,1.03,DeepFake,Celeb-synthesis,id48,id47,,CELEB_COMPONENT_002,,test
CELEBDF_0004946,Celeb-DF v2,Celeb-synthesis/id48_id47_0001.mp4,1,310,850,476,FMP4,1.3,DeepFake,Celeb-synthesis,id48,id47,,CELEB_COMPONENT_002,,test
CELEBDF_0004947,Celeb-DF v2,Celeb-synthesis/id48_id47_0002.mp4,1,319,850,476,FMP4,1.06,DeepFake,Celeb-synthesis,id48,id47,,CELEB_COMPONENT_002,,test
CELEBDF_0004948,Celeb-DF v2,Celeb-synthesis/id48_id47_0003.mp4,1,335,850,476,FMP4,0.79,DeepFake,Celeb-synthesis,id48,id47,,CELEB_COMPONENT_002,,test
CELEBDF_0004949,Celeb-DF v2,Celeb-synthesis/id48_id47_0004.mp4,1,329,850,476,FMP4,0.79,DeepFake,Celeb-synthesis,id48,id47,,CELEB_COMPONENT_002,,test
CELEBDF_0004950,Celeb-DF v2,Celeb-synthesis/id48_id47_0005.mp4,1,336,850,476,FMP4,0.93,DeepFake,Celeb-synthesis,id48,id47,,CELEB_COMPONENT_002,,test
CELEBDF_0004951,Celeb-DF v2,Celeb-synthesis/id48_id47_0006.mp4,1,327,656,500,FMP4,1.01,DeepFake,Celeb-synthesis,id48,id47,,CELEB_COMPONENT_002,,test
CELEBDF_0004952,Celeb-DF v2,Celeb-synthesis/id48_id47_0007.mp4,1,306,656,500,FMP4,0.9,DeepFake,Celeb-synthesis,id48,id47,,CELEB_COMPONENT_002,,test
CELEBDF_0004953,Celeb-DF v2,Celeb-synthesis/id48_id47_0008.mp4,1,338,498,500,FMP4,0.98,DeepFake,Celeb-synthesis,id48,id47,,CELEB_COMPONENT_002,,test
CELEBDF_0004954,Celeb-DF v2,Celeb-synthesis/id48_id47_0009.mp4,1,338,844,472,FMP4,1.37,DeepFake,Celeb-synthesis,id48,id47,,CELEB_COMPONENT_002,,test
CELEBDF_0004955,Celeb-DF v2,Celeb-synthesis/id49_id50_0000.mp4,1,278,856,478,FMP4,1.66,DeepFake,Celeb-synthesis,id49,id50,,CELEB_COMPONENT_003,,validation
CELEBDF_0004956,Celeb-DF v2,Celeb-synthesis/id49_id50_0001.mp4,1,460,856,478,FMP4,1.67,DeepFake,Celeb-synthesis,id49,id50,,CELEB_COMPONENT_003,,validation
CELEBDF_0004957,Celeb-DF v2,Celeb-synthesis/id49_id50_0002.mp4,1,437,856,478,FMP4,2.89,DeepFake,Celeb-synthesis,id49,id50,,CELEB_COMPONENT_003,,validation
CELEBDF_0004958,Celeb-DF v2,Celeb-synthesis/id49_id50_0003.mp4,1,391,856,478,FMP4,1.91,DeepFake,Celeb-synthesis,id49,id50,,CELEB_COMPONENT_003,,validation
CELEBDF_0004959,Celeb-DF v2,Celeb-synthesis/id49_id50_0004.mp4,1,414,856,478,FMP4,2.78,DeepFake,Celeb-synthesis,id49,id50,,CELEB_COMPONENT_003,,validation
CELEBDF_0004960,Celeb-DF v2,Celeb-synthesis/id49_id50_0005.mp4,1,479,856,478,FMP4,3.62,DeepFake,Celeb-synthesis,id49,id50,,CELEB_COMPONENT_003,,validation
CELEBDF_0004961,Celeb-DF v2,Celeb-synthesis/id49_id50_0006.mp4,1,330,856,478,FMP4,1.7,DeepFake,Celeb-synthesis,id49,id50,,CELEB_COMPONENT_003,,validation
CELEBDF_0004962,Celeb-DF v2,Celeb-synthesis/id49_id50_0007.mp4,1,383,856,478,FMP4,2.46,DeepFake,Celeb-synthesis,id49,id50,,CELEB_COMPONENT_003,,validation
CELEBDF_0004963,Celeb-DF v2,Celeb-synthesis/id49_id50_0008.mp4,1,311,856,478,FMP4,1.46,DeepFake,Celeb-synthesis,id49,id50,,CELEB_COMPONENT_003,,validation
CELEBDF_0004964,Celeb-DF v2,Celeb-synthesis/id49_id50_0009.mp4,1,459,856,478,FMP4,2.4,DeepFake,Celeb-synthesis,id49,id50,,CELEB_COMPONENT_003,,validation
CELEBDF_0004965,Celeb-DF v2,Celeb-synthesis/id49_id51_0000.mp4,1,278,856,478,FMP4,1.65,DeepFake,Celeb-synthesis,id49,id51,,CELEB_COMPONENT_003,,validation
CELEBDF_0004966,Celeb-DF v2,Celeb-synthesis/id49_id51_0001.mp4,1,460,856,478,FMP4,1.67,DeepFake,Celeb-synthesis,id49,id51,,CELEB_COMPONENT_003,,validation
CELEBDF_0004967,Celeb-DF v2,Celeb-synthesis/id49_id51_0002.mp4,1,437,856,478,FMP4,2.89,DeepFake,Celeb-synthesis,id49,id51,,CELEB_COMPONENT_003,,validation
CELEBDF_0004968,Celeb-DF v2,Celeb-synthesis/id49_id51_0003.mp4,1,391,856,478,FMP4,1.91,DeepFake,Celeb-synthesis,id49,id51,,CELEB_COMPONENT_003,,validation
CELEBDF_0004969,Celeb-DF v2,Celeb-synthesis/id49_id51_0004.mp4,1,414,856,478,FMP4,2.78,DeepFake,Celeb-synthesis,id49,id51,,CELEB_COMPONENT_003,,validation
CELEBDF_0004970,Celeb-DF v2,Celeb-synthesis/id49_id51_0005.mp4,1,479,856,478,FMP4,3.61,DeepFake,Celeb-synthesis,id49,id51,,CELEB_COMPONENT_003,,validation
CELEBDF_0004971,Celeb-DF v2,Celeb-synthesis/id49_id51_0006.mp4,1,330,856,478,FMP4,1.7,DeepFake,Celeb-synthesis,id49,id51,,CELEB_COMPONENT_003,,validation
CELEBDF_0004972,Celeb-DF v2,Celeb-synthesis/id49_id51_0007.mp4,1,383,856,478,FMP4,2.46,DeepFake,Celeb-synthesis,id49,id51,,CELEB_COMPONENT_003,,validation
CELEBDF_0004973,Celeb-DF v2,Celeb-synthesis/id49_id51_0008.mp4,1,311,856,478,FMP4,1.44,DeepFake,Celeb-synthesis,id49,id51,,CELEB_COMPONENT_003,,validation
CELEBDF_0004974,Celeb-DF v2,Celeb-synthesis/id49_id51_0009.mp4,1,459,856,478,FMP4,2.39,DeepFake,Celeb-synthesis,id49,id51,,CELEB_COMPONENT_003,,validation
CELEBDF_0004975,Celeb-DF v2,Celeb-synthesis/id49_id52_0000.mp4,1,278,856,478,FMP4,1.66,DeepFake,Celeb-synthesis,id49,id52,,CELEB_COMPONENT_003,,validation
CELEBDF_0004976,Celeb-DF v2,Celeb-synthesis/id49_id52_0001.mp4,1,460,856,478,FMP4,1.67,DeepFake,Celeb-synthesis,id49,id52,,CELEB_COMPONENT_003,,validation
CELEBDF_0004977,Celeb-DF v2,Celeb-synthesis/id49_id52_0002.mp4,1,437,856,478,FMP4,2.89,DeepFake,Celeb-synthesis,id49,id52,,CELEB_COMPONENT_003,,validation
CELEBDF_0004978,Celeb-DF v2,Celeb-synthesis/id49_id52_0003.mp4,1,391,856,478,FMP4,1.91,DeepFake,Celeb-synthesis,id49,id52,,CELEB_COMPONENT_003,,validation
CELEBDF_0004979,Celeb-DF v2,Celeb-synthesis/id49_id52_0004.mp4,1,414,856,478,FMP4,2.78,DeepFake,Celeb-synthesis,id49,id52,,CELEB_COMPONENT_003,,validation
CELEBDF_0004980,Celeb-DF v2,Celeb-synthesis/id49_id52_0005.mp4,1,479,856,478,FMP4,3.62,DeepFake,Celeb-synthesis,id49,id52,,CELEB_COMPONENT_003,,validation
CELEBDF_0004981,Celeb-DF v2,Celeb-synthesis/id49_id52_0006.mp4,1,330,856,478,FMP4,1.71,DeepFake,Celeb-synthesis,id49,id52,,CELEB_COMPONENT_003,,validation
CELEBDF_0004982,Celeb-DF v2,Celeb-synthesis/id49_id52_0007.mp4,1,383,856,478,FMP4,2.47,DeepFake,Celeb-synthesis,id49,id52,,CELEB_COMPONENT_003,,validation
CELEBDF_0004983,Celeb-DF v2,Celeb-synthesis/id49_id52_0008.mp4,1,311,856,478,FMP4,1.46,DeepFake,Celeb-synthesis,id49,id52,,CELEB_COMPONENT_003,,validation
CELEBDF_0004984,Celeb-DF v2,Celeb-synthesis/id49_id52_0009.mp4,1,459,856,478,FMP4,2.39,DeepFake,Celeb-synthesis,id49,id52,,CELEB_COMPONENT_003,,validation
CELEBDF_0004985,Celeb-DF v2,Celeb-synthesis/id49_id53_0000.mp4,1,278,856,478,FMP4,1.65,DeepFake,Celeb-synthesis,id49,id53,,CELEB_COMPONENT_003,,validation
CELEBDF_0004986,Celeb-DF v2,Celeb-synthesis/id49_id53_0001.mp4,1,460,856,478,FMP4,1.67,DeepFake,Celeb-synthesis,id49,id53,,CELEB_COMPONENT_003,,validation
CELEBDF_0004987,Celeb-DF v2,Celeb-synthesis/id49_id53_0002.mp4,1,437,856,478,FMP4,2.88,DeepFake,Celeb-synthesis,id49,id53,,CELEB_COMPONENT_003,,validation
CELEBDF_0004988,Celeb-DF v2,Celeb-synthesis/id49_id53_0004.mp4,1,414,856,478,FMP4,2.77,DeepFake,Celeb-synthesis,id49,id53,,CELEB_COMPONENT_003,,validation
CELEBDF_0004989,Celeb-DF v2,Celeb-synthesis/id49_id53_0005.mp4,1,479,856,478,FMP4,3.61,DeepFake,Celeb-synthesis,id49,id53,,CELEB_COMPONENT_003,,validation
CELEBDF_0004990,Celeb-DF v2,Celeb-synthesis/id49_id53_0006.mp4,1,330,856,478,FMP4,1.7,DeepFake,Celeb-synthesis,id49,id53,,CELEB_COMPONENT_003,,validation
CELEBDF_0004991,Celeb-DF v2,Celeb-synthesis/id49_id53_0007.mp4,1,383,856,478,FMP4,2.45,DeepFake,Celeb-synthesis,id49,id53,,CELEB_COMPONENT_003,,validation
CELEBDF_0004992,Celeb-DF v2,Celeb-synthesis/id49_id53_0008.mp4,1,311,856,478,FMP4,1.44,DeepFake,Celeb-synthesis,id49,id53,,CELEB_COMPONENT_003,,validation
CELEBDF_0004993,Celeb-DF v2,Celeb-synthesis/id49_id54_0000.mp4,1,278,856,478,FMP4,1.66,DeepFake,Celeb-synthesis,id49,id54,,CELEB_COMPONENT_003,,validation
CELEBDF_0004994,Celeb-DF v2,Celeb-synthesis/id49_id54_0001.mp4,1,460,856,478,FMP4,1.67,DeepFake,Celeb-synthesis,id49,id54,,CELEB_COMPONENT_003,,validation
CELEBDF_0004995,Celeb-DF v2,Celeb-synthesis/id49_id54_0002.mp4,1,437,856,478,FMP4,2.88,DeepFake,Celeb-synthesis,id49,id54,,CELEB_COMPONENT_003,,validation
CELEBDF_0004996,Celeb-DF v2,Celeb-synthesis/id49_id54_0003.mp4,1,391,856,478,FMP4,1.91,DeepFake,Celeb-synthesis,id49,id54,,CELEB_COMPONENT_003,,validation
CELEBDF_0004997,Celeb-DF v2,Celeb-synthesis/id49_id54_0004.mp4,1,414,856,478,FMP4,2.78,DeepFake,Celeb-synthesis,id49,id54,,CELEB_COMPONENT_003,,validation
CELEBDF_0004998,Celeb-DF v2,Celeb-synthesis/id49_id54_0005.mp4,1,479,856,478,FMP4,3.62,DeepFake,Celeb-synthesis,id49,id54,,CELEB_COMPONENT_003,,validation
CELEBDF_0004999,Celeb-DF v2,Celeb-synthesis/id49_id54_0006.mp4,1,330,856,478,FMP4,1.7,DeepFake,Celeb-synthesis,id49,id54,,CELEB_COMPONENT_003,,validation
CELEBDF_0005000,Celeb-DF v2,Celeb-synthesis/id49_id54_0007.mp4,1,383,856,478,FMP4,2.46,DeepFake,Celeb-synthesis,id49,id54,,CELEB_COMPONENT_003,,validation
CELEBDF_0005001,Celeb-DF v2,Celeb-synthesis/id49_id54_0008.mp4,1,311,856,478,FMP4,1.45,DeepFake,Celeb-synthesis,id49,id54,,CELEB_COMPONENT_003,,validation
CELEBDF_0005002,Celeb-DF v2,Celeb-synthesis/id49_id54_0009.mp4,1,459,856,478,FMP4,2.39,DeepFake,Celeb-synthesis,id49,id54,,CELEB_COMPONENT_003,,validation
CELEBDF_0005003,Celeb-DF v2,Celeb-synthesis/id49_id55_0000.mp4,1,278,856,478,FMP4,1.66,DeepFake,Celeb-synthesis,id49,id55,,CELEB_COMPONENT_003,,validation
CELEBDF_0005004,Celeb-DF v2,Celeb-synthesis/id49_id55_0001.mp4,1,460,856,478,FMP4,1.67,DeepFake,Celeb-synthesis,id49,id55,,CELEB_COMPONENT_003,,validation
CELEBDF_0005005,Celeb-DF v2,Celeb-synthesis/id49_id55_0002.mp4,1,437,856,478,FMP4,2.88,DeepFake,Celeb-synthesis,id49,id55,,CELEB_COMPONENT_003,,validation
CELEBDF_0005006,Celeb-DF v2,Celeb-synthesis/id49_id55_0003.mp4,1,391,856,478,FMP4,1.92,DeepFake,Celeb-synthesis,id49,id55,,CELEB_COMPONENT_003,,validation
CELEBDF_0005007,Celeb-DF v2,Celeb-synthesis/id49_id55_0004.mp4,1,414,856,478,FMP4,2.78,DeepFake,Celeb-synthesis,id49,id55,,CELEB_COMPONENT_003,,validation
CELEBDF_0005008,Celeb-DF v2,Celeb-synthesis/id49_id55_0005.mp4,1,479,856,478,FMP4,3.61,DeepFake,Celeb-synthesis,id49,id55,,CELEB_COMPONENT_003,,validation
CELEBDF_0005009,Celeb-DF v2,Celeb-synthesis/id49_id55_0006.mp4,1,330,856,478,FMP4,1.7,DeepFake,Celeb-synthesis,id49,id55,,CELEB_COMPONENT_003,,validation
CELEBDF_0005010,Celeb-DF v2,Celeb-synthesis/id49_id55_0007.mp4,1,383,856,478,FMP4,2.45,DeepFake,Celeb-synthesis,id49,id55,,CELEB_COMPONENT_003,,validation
CELEBDF_0005011,Celeb-DF v2,Celeb-synthesis/id49_id55_0008.mp4,1,311,856,478,FMP4,1.47,DeepFake,Celeb-synthesis,id49,id55,,CELEB_COMPONENT_003,,validation
CELEBDF_0005012,Celeb-DF v2,Celeb-synthesis/id49_id55_0009.mp4,1,459,856,478,FMP4,2.38,DeepFake,Celeb-synthesis,id49,id55,,CELEB_COMPONENT_003,,validation
CELEBDF_0005013,Celeb-DF v2,Celeb-synthesis/id49_id56_0000.mp4,1,278,856,478,FMP4,1.65,DeepFake,Celeb-synthesis,id49,id56,,CELEB_COMPONENT_003,,validation
CELEBDF_0005014,Celeb-DF v2,Celeb-synthesis/id49_id56_0001.mp4,1,460,856,478,FMP4,1.67,DeepFake,Celeb-synthesis,id49,id56,,CELEB_COMPONENT_003,,validation
CELEBDF_0005015,Celeb-DF v2,Celeb-synthesis/id49_id56_0002.mp4,1,437,856,478,FMP4,2.88,DeepFake,Celeb-synthesis,id49,id56,,CELEB_COMPONENT_003,,validation
CELEBDF_0005016,Celeb-DF v2,Celeb-synthesis/id49_id56_0004.mp4,1,414,856,478,FMP4,2.77,DeepFake,Celeb-synthesis,id49,id56,,CELEB_COMPONENT_003,,validation
CELEBDF_0005017,Celeb-DF v2,Celeb-synthesis/id49_id56_0005.mp4,1,479,856,478,FMP4,3.61,DeepFake,Celeb-synthesis,id49,id56,,CELEB_COMPONENT_003,,validation
CELEBDF_0005018,Celeb-DF v2,Celeb-synthesis/id49_id56_0006.mp4,1,330,856,478,FMP4,1.7,DeepFake,Celeb-synthesis,id49,id56,,CELEB_COMPONENT_003,,validation
CELEBDF_0005019,Celeb-DF v2,Celeb-synthesis/id49_id56_0007.mp4,1,383,856,478,FMP4,2.45,DeepFake,Celeb-synthesis,id49,id56,,CELEB_COMPONENT_003,,validation
CELEBDF_0005020,Celeb-DF v2,Celeb-synthesis/id49_id56_0008.mp4,1,311,856,478,FMP4,1.45,DeepFake,Celeb-synthesis,id49,id56,,CELEB_COMPONENT_003,,validation
CELEBDF_0005021,Celeb-DF v2,Celeb-synthesis/id49_id56_0009.mp4,1,459,856,478,FMP4,2.39,DeepFake,Celeb-synthesis,id49,id56,,CELEB_COMPONENT_003,,validation
CELEBDF_0005022,Celeb-DF v2,Celeb-synthesis/id49_id57_0000.mp4,1,278,856,478,FMP4,1.65,DeepFake,Celeb-synthesis,id49,id57,,CELEB_COMPONENT_003,,validation
CELEBDF_0005023,Celeb-DF v2,Celeb-synthesis/id49_id57_0001.mp4,1,460,856,478,FMP4,1.67,DeepFake,Celeb-synthesis,id49,id57,,CELEB_COMPONENT_003,,validation
CELEBDF_0005024,Celeb-DF v2,Celeb-synthesis/id49_id57_0002.mp4,1,437,856,478,FMP4,2.87,DeepFake,Celeb-synthesis,id49,id57,,CELEB_COMPONENT_003,,validation
CELEBDF_0005025,Celeb-DF v2,Celeb-synthesis/id49_id57_0004.mp4,1,414,856,478,FMP4,2.77,DeepFake,Celeb-synthesis,id49,id57,,CELEB_COMPONENT_003,,validation
CELEBDF_0005026,Celeb-DF v2,Celeb-synthesis/id49_id57_0005.mp4,1,479,856,478,FMP4,3.6,DeepFake,Celeb-synthesis,id49,id57,,CELEB_COMPONENT_003,,validation
CELEBDF_0005027,Celeb-DF v2,Celeb-synthesis/id49_id57_0006.mp4,1,330,856,478,FMP4,1.69,DeepFake,Celeb-synthesis,id49,id57,,CELEB_COMPONENT_003,,validation
CELEBDF_0005028,Celeb-DF v2,Celeb-synthesis/id49_id57_0007.mp4,1,383,856,478,FMP4,2.47,DeepFake,Celeb-synthesis,id49,id57,,CELEB_COMPONENT_003,,validation
CELEBDF_0005029,Celeb-DF v2,Celeb-synthesis/id49_id57_0008.mp4,1,311,856,478,FMP4,1.45,DeepFake,Celeb-synthesis,id49,id57,,CELEB_COMPONENT_003,,validation
CELEBDF_0005030,Celeb-DF v2,Celeb-synthesis/id49_id58_0000.mp4,1,278,856,478,FMP4,1.65,DeepFake,Celeb-synthesis,id49,id58,,CELEB_COMPONENT_003,,validation
CELEBDF_0005031,Celeb-DF v2,Celeb-synthesis/id49_id58_0001.mp4,1,460,856,478,FMP4,1.67,DeepFake,Celeb-synthesis,id49,id58,,CELEB_COMPONENT_003,,validation
CELEBDF_0005032,Celeb-DF v2,Celeb-synthesis/id49_id58_0002.mp4,1,437,856,478,FMP4,2.88,DeepFake,Celeb-synthesis,id49,id58,,CELEB_COMPONENT_003,,validation
CELEBDF_0005033,Celeb-DF v2,Celeb-synthesis/id49_id58_0004.mp4,1,414,856,478,FMP4,2.77,DeepFake,Celeb-synthesis,id49,id58,,CELEB_COMPONENT_003,,validation
CELEBDF_0005034,Celeb-DF v2,Celeb-synthesis/id49_id58_0005.mp4,1,479,856,478,FMP4,3.62,DeepFake,Celeb-synthesis,id49,id58,,CELEB_COMPONENT_003,,validation
CELEBDF_0005035,Celeb-DF v2,Celeb-synthesis/id49_id58_0006.mp4,1,330,856,478,FMP4,1.7,DeepFake,Celeb-synthesis,id49,id58,,CELEB_COMPONENT_003,,validation
CELEBDF_0005036,Celeb-DF v2,Celeb-synthesis/id49_id58_0007.mp4,1,383,856,478,FMP4,2.46,DeepFake,Celeb-synthesis,id49,id58,,CELEB_COMPONENT_003,,validation
CELEBDF_0005037,Celeb-DF v2,Celeb-synthesis/id49_id58_0008.mp4,1,311,856,478,FMP4,1.45,DeepFake,Celeb-synthesis,id49,id58,,CELEB_COMPONENT_003,,validation
CELEBDF_0005038,Celeb-DF v2,Celeb-synthesis/id49_id58_0009.mp4,1,459,856,478,FMP4,2.4,DeepFake,Celeb-synthesis,id49,id58,,CELEB_COMPONENT_003,,validation
CELEBDF_0005039,Celeb-DF v2,Celeb-synthesis/id4_id0_0000.mp4,1,477,944,500,FMP4,1.63,DeepFake,Celeb-synthesis,id4,id0,,CELEB_COMPONENT_000,,train
CELEBDF_0005040,Celeb-DF v2,Celeb-synthesis/id4_id0_0001.mp4,1,459,944,500,FMP4,1.45,DeepFake,Celeb-synthesis,id4,id0,,CELEB_COMPONENT_000,,train
CELEBDF_0005041,Celeb-DF v2,Celeb-synthesis/id4_id0_0002.mp4,1,491,944,500,FMP4,1.51,DeepFake,Celeb-synthesis,id4,id0,,CELEB_COMPONENT_000,,train
CELEBDF_0005042,Celeb-DF v2,Celeb-synthesis/id4_id0_0003.mp4,1,442,944,500,FMP4,1.58,DeepFake,Celeb-synthesis,id4,id0,,CELEB_COMPONENT_000,,train
CELEBDF_0005043,Celeb-DF v2,Celeb-synthesis/id4_id0_0004.mp4,1,439,944,500,FMP4,1.67,DeepFake,Celeb-synthesis,id4,id0,,CELEB_COMPONENT_000,,train
CELEBDF_0005044,Celeb-DF v2,Celeb-synthesis/id4_id0_0005.mp4,1,467,944,500,FMP4,1.73,DeepFake,Celeb-synthesis,id4,id0,,CELEB_COMPONENT_000,,train
CELEBDF_0005045,Celeb-DF v2,Celeb-synthesis/id4_id0_0006.mp4,1,302,944,500,FMP4,1.31,DeepFake,Celeb-synthesis,id4,id0,,CELEB_COMPONENT_000,,train
CELEBDF_0005046,Celeb-DF v2,Celeb-synthesis/id4_id0_0007.mp4,1,446,944,500,FMP4,1.48,DeepFake,Celeb-synthesis,id4,id0,,CELEB_COMPONENT_000,,train
CELEBDF_0005047,Celeb-DF v2,Celeb-synthesis/id4_id0_0008.mp4,1,326,944,500,FMP4,1.12,DeepFake,Celeb-synthesis,id4,id0,,CELEB_COMPONENT_000,,train
CELEBDF_0005048,Celeb-DF v2,Celeb-synthesis/id4_id0_0009.mp4,1,483,944,500,FMP4,1.72,DeepFake,Celeb-synthesis,id4,id0,,CELEB_COMPONENT_000,,train
CELEBDF_0005049,Celeb-DF v2,Celeb-synthesis/id4_id1_0000.mp4,1,477,944,500,FMP4,1.64,DeepFake,Celeb-synthesis,id4,id1,,CELEB_COMPONENT_000,,train
CELEBDF_0005050,Celeb-DF v2,Celeb-synthesis/id4_id1_0001.mp4,1,459,944,500,FMP4,1.45,DeepFake,Celeb-synthesis,id4,id1,,CELEB_COMPONENT_000,,train
CELEBDF_0005051,Celeb-DF v2,Celeb-synthesis/id4_id1_0002.mp4,1,491,944,500,FMP4,1.52,DeepFake,Celeb-synthesis,id4,id1,,CELEB_COMPONENT_000,,train
CELEBDF_0005052,Celeb-DF v2,Celeb-synthesis/id4_id1_0003.mp4,1,442,944,500,FMP4,1.57,DeepFake,Celeb-synthesis,id4,id1,,CELEB_COMPONENT_000,,train
CELEBDF_0005053,Celeb-DF v2,Celeb-synthesis/id4_id1_0004.mp4,1,439,944,500,FMP4,1.66,DeepFake,Celeb-synthesis,id4,id1,,CELEB_COMPONENT_000,,train
CELEBDF_0005054,Celeb-DF v2,Celeb-synthesis/id4_id1_0005.mp4,1,467,944,500,FMP4,1.73,DeepFake,Celeb-synthesis,id4,id1,,CELEB_COMPONENT_000,,train
CELEBDF_0005055,Celeb-DF v2,Celeb-synthesis/id4_id1_0006.mp4,1,302,944,500,FMP4,1.31,DeepFake,Celeb-synthesis,id4,id1,,CELEB_COMPONENT_000,,train
CELEBDF_0005056,Celeb-DF v2,Celeb-synthesis/id4_id1_0007.mp4,1,446,944,500,FMP4,1.49,DeepFake,Celeb-synthesis,id4,id1,,CELEB_COMPONENT_000,,train
CELEBDF_0005057,Celeb-DF v2,Celeb-synthesis/id4_id1_0008.mp4,1,326,944,500,FMP4,1.12,DeepFake,Celeb-synthesis,id4,id1,,CELEB_COMPONENT_000,,train
CELEBDF_0005058,Celeb-DF v2,Celeb-synthesis/id4_id1_0009.mp4,1,483,944,500,FMP4,1.73,DeepFake,Celeb-synthesis,id4,id1,,CELEB_COMPONENT_000,,train
CELEBDF_0005059,Celeb-DF v2,Celeb-synthesis/id4_id20_0000.mp4,1,477,944,500,FMP4,1.59,DeepFake,Celeb-synthesis,id4,id20,,CELEB_COMPONENT_000,,train
CELEBDF_0005060,Celeb-DF v2,Celeb-synthesis/id4_id20_0001.mp4,1,459,944,500,FMP4,1.4,DeepFake,Celeb-synthesis,id4,id20,,CELEB_COMPONENT_000,,train
CELEBDF_0005061,Celeb-DF v2,Celeb-synthesis/id4_id20_0002.mp4,1,491,944,500,FMP4,1.56,DeepFake,Celeb-synthesis,id4,id20,,CELEB_COMPONENT_000,,train
CELEBDF_0005062,Celeb-DF v2,Celeb-synthesis/id4_id20_0003.mp4,1,442,944,500,FMP4,1.61,DeepFake,Celeb-synthesis,id4,id20,,CELEB_COMPONENT_000,,train
CELEBDF_0005063,Celeb-DF v2,Celeb-synthesis/id4_id20_0004.mp4,1,439,944,500,FMP4,1.74,DeepFake,Celeb-synthesis,id4,id20,,CELEB_COMPONENT_000,,train
CELEBDF_0005064,Celeb-DF v2,Celeb-synthesis/id4_id20_0005.mp4,1,467,944,500,FMP4,1.84,DeepFake,Celeb-synthesis,id4,id20,,CELEB_COMPONENT_000,,train
CELEBDF_0005065,Celeb-DF v2,Celeb-synthesis/id4_id20_0006.mp4,1,302,944,500,FMP4,1.37,DeepFake,Celeb-synthesis,id4,id20,,CELEB_COMPONENT_000,,train
CELEBDF_0005066,Celeb-DF v2,Celeb-synthesis/id4_id20_0007.mp4,1,446,944,500,FMP4,1.54,DeepFake,Celeb-synthesis,id4,id20,,CELEB_COMPONENT_000,,train
CELEBDF_0005067,Celeb-DF v2,Celeb-synthesis/id4_id20_0008.mp4,1,326,944,500,FMP4,1.11,DeepFake,Celeb-synthesis,id4,id20,,CELEB_COMPONENT_000,,train
CELEBDF_0005068,Celeb-DF v2,Celeb-synthesis/id4_id20_0009.mp4,1,483,944,500,FMP4,1.78,DeepFake,Celeb-synthesis,id4,id20,,CELEB_COMPONENT_000,,train
CELEBDF_0005069,Celeb-DF v2,Celeb-synthesis/id4_id21_0002.mp4,1,491,944,500,FMP4,1.56,DeepFake,Celeb-synthesis,id4,id21,,CELEB_COMPONENT_000,,train
CELEBDF_0005070,Celeb-DF v2,Celeb-synthesis/id4_id21_0004.mp4,1,439,944,500,FMP4,1.66,DeepFake,Celeb-synthesis,id4,id21,,CELEB_COMPONENT_000,,train
CELEBDF_0005071,Celeb-DF v2,Celeb-synthesis/id4_id21_0006.mp4,1,302,944,500,FMP4,1.37,DeepFake,Celeb-synthesis,id4,id21,,CELEB_COMPONENT_000,,train
CELEBDF_0005072,Celeb-DF v2,Celeb-synthesis/id4_id21_0007.mp4,1,446,944,500,FMP4,1.54,DeepFake,Celeb-synthesis,id4,id21,,CELEB_COMPONENT_000,,train
CELEBDF_0005073,Celeb-DF v2,Celeb-synthesis/id4_id21_0008.mp4,1,326,944,500,FMP4,1.16,DeepFake,Celeb-synthesis,id4,id21,,CELEB_COMPONENT_000,,train
CELEBDF_0005074,Celeb-DF v2,Celeb-synthesis/id4_id21_0009.mp4,1,483,944,500,FMP4,1.77,DeepFake,Celeb-synthesis,id4,id21,,CELEB_COMPONENT_000,,train
CELEBDF_0005075,Celeb-DF v2,Celeb-synthesis/id4_id23_0000.mp4,1,477,944,500,FMP4,1.68,DeepFake,Celeb-synthesis,id4,id23,,CELEB_COMPONENT_000,,train
CELEBDF_0005076,Celeb-DF v2,Celeb-synthesis/id4_id23_0001.mp4,1,459,944,500,FMP4,1.51,DeepFake,Celeb-synthesis,id4,id23,,CELEB_COMPONENT_000,,train
CELEBDF_0005077,Celeb-DF v2,Celeb-synthesis/id4_id23_0002.mp4,1,491,944,500,FMP4,1.55,DeepFake,Celeb-synthesis,id4,id23,,CELEB_COMPONENT_000,,train
CELEBDF_0005078,Celeb-DF v2,Celeb-synthesis/id4_id23_0003.mp4,1,442,944,500,FMP4,1.61,DeepFake,Celeb-synthesis,id4,id23,,CELEB_COMPONENT_000,,train
CELEBDF_0005079,Celeb-DF v2,Celeb-synthesis/id4_id23_0004.mp4,1,439,944,500,FMP4,1.72,DeepFake,Celeb-synthesis,id4,id23,,CELEB_COMPONENT_000,,train
CELEBDF_0005080,Celeb-DF v2,Celeb-synthesis/id4_id23_0005.mp4,1,467,944,500,FMP4,1.83,DeepFake,Celeb-synthesis,id4,id23,,CELEB_COMPONENT_000,,train
CELEBDF_0005081,Celeb-DF v2,Celeb-synthesis/id4_id23_0006.mp4,1,302,944,500,FMP4,1.29,DeepFake,Celeb-synthesis,id4,id23,,CELEB_COMPONENT_000,,train
CELEBDF_0005082,Celeb-DF v2,Celeb-synthesis/id4_id23_0007.mp4,1,446,944,500,FMP4,1.53,DeepFake,Celeb-synthesis,id4,id23,,CELEB_COMPONENT_000,,train
CELEBDF_0005083,Celeb-DF v2,Celeb-synthesis/id4_id23_0008.mp4,1,326,944,500,FMP4,1.15,DeepFake,Celeb-synthesis,id4,id23,,CELEB_COMPONENT_000,,train
CELEBDF_0005084,Celeb-DF v2,Celeb-synthesis/id4_id23_0009.mp4,1,483,944,500,FMP4,1.77,DeepFake,Celeb-synthesis,id4,id23,,CELEB_COMPONENT_000,,train
CELEBDF_0005085,Celeb-DF v2,Celeb-synthesis/id4_id26_0000.mp4,1,477,944,500,FMP4,1.68,DeepFake,Celeb-synthesis,id4,id26,,CELEB_COMPONENT_000,,train
CELEBDF_0005086,Celeb-DF v2,Celeb-synthesis/id4_id26_0001.mp4,1,459,944,500,FMP4,1.52,DeepFake,Celeb-synthesis,id4,id26,,CELEB_COMPONENT_000,,train
CELEBDF_0005087,Celeb-DF v2,Celeb-synthesis/id4_id26_0002.mp4,1,491,944,500,FMP4,1.55,DeepFake,Celeb-synthesis,id4,id26,,CELEB_COMPONENT_000,,train
CELEBDF_0005088,Celeb-DF v2,Celeb-synthesis/id4_id26_0003.mp4,1,442,944,500,FMP4,1.62,DeepFake,Celeb-synthesis,id4,id26,,CELEB_COMPONENT_000,,train
CELEBDF_0005089,Celeb-DF v2,Celeb-synthesis/id4_id26_0004.mp4,1,439,944,500,FMP4,1.74,DeepFake,Celeb-synthesis,id4,id26,,CELEB_COMPONENT_000,,train
CELEBDF_0005090,Celeb-DF v2,Celeb-synthesis/id4_id26_0005.mp4,1,467,944,500,FMP4,1.83,DeepFake,Celeb-synthesis,id4,id26,,CELEB_COMPONENT_000,,train
CELEBDF_0005091,Celeb-DF v2,Celeb-synthesis/id4_id26_0006.mp4,1,302,944,500,FMP4,1.36,DeepFake,Celeb-synthesis,id4,id26,,CELEB_COMPONENT_000,,train
CELEBDF_0005092,Celeb-DF v2,Celeb-synthesis/id4_id26_0007.mp4,1,446,944,500,FMP4,1.54,DeepFake,Celeb-synthesis,id4,id26,,CELEB_COMPONENT_000,,train
CELEBDF_0005093,Celeb-DF v2,Celeb-synthesis/id4_id26_0008.mp4,1,326,944,500,FMP4,1.16,DeepFake,Celeb-synthesis,id4,id26,,CELEB_COMPONENT_000,,train
CELEBDF_0005094,Celeb-DF v2,Celeb-synthesis/id4_id26_0009.mp4,1,483,944,500,FMP4,1.77,DeepFake,Celeb-synthesis,id4,id26,,CELEB_COMPONENT_000,,train
CELEBDF_0005095,Celeb-DF v2,Celeb-synthesis/id4_id28_0000.mp4,1,477,944,500,FMP4,1.69,DeepFake,Celeb-synthesis,id4,id28,,CELEB_COMPONENT_000,,train
CELEBDF_0005096,Celeb-DF v2,Celeb-synthesis/id4_id28_0001.mp4,1,459,944,500,FMP4,1.52,DeepFake,Celeb-synthesis,id4,id28,,CELEB_COMPONENT_000,,train
CELEBDF_0005097,Celeb-DF v2,Celeb-synthesis/id4_id28_0002.mp4,1,491,944,500,FMP4,1.57,DeepFake,Celeb-synthesis,id4,id28,,CELEB_COMPONENT_000,,train
CELEBDF_0005098,Celeb-DF v2,Celeb-synthesis/id4_id28_0003.mp4,1,442,944,500,FMP4,1.63,DeepFake,Celeb-synthesis,id4,id28,,CELEB_COMPONENT_000,,train
CELEBDF_0005099,Celeb-DF v2,Celeb-synthesis/id4_id28_0004.mp4,1,439,944,500,FMP4,1.75,DeepFake,Celeb-synthesis,id4,id28,,CELEB_COMPONENT_000,,train
CELEBDF_0005100,Celeb-DF v2,Celeb-synthesis/id4_id28_0005.mp4,1,467,944,500,FMP4,1.84,DeepFake,Celeb-synthesis,id4,id28,,CELEB_COMPONENT_000,,train
CELEBDF_0005101,Celeb-DF v2,Celeb-synthesis/id4_id28_0006.mp4,1,302,944,500,FMP4,1.37,DeepFake,Celeb-synthesis,id4,id28,,CELEB_COMPONENT_000,,train
CELEBDF_0005102,Celeb-DF v2,Celeb-synthesis/id4_id28_0008.mp4,1,326,944,500,FMP4,1.17,DeepFake,Celeb-synthesis,id4,id28,,CELEB_COMPONENT_000,,train
CELEBDF_0005103,Celeb-DF v2,Celeb-synthesis/id4_id28_0009.mp4,1,483,944,500,FMP4,1.78,DeepFake,Celeb-synthesis,id4,id28,,CELEB_COMPONENT_000,,train
CELEBDF_0005104,Celeb-DF v2,Celeb-synthesis/id4_id2_0000.mp4,1,477,944,500,FMP4,1.64,DeepFake,Celeb-synthesis,id4,id2,,CELEB_COMPONENT_000,,train
CELEBDF_0005105,Celeb-DF v2,Celeb-synthesis/id4_id2_0001.mp4,1,459,944,500,FMP4,1.47,DeepFake,Celeb-synthesis,id4,id2,,CELEB_COMPONENT_000,,train
CELEBDF_0005106,Celeb-DF v2,Celeb-synthesis/id4_id2_0002.mp4,1,491,944,500,FMP4,1.53,DeepFake,Celeb-synthesis,id4,id2,,CELEB_COMPONENT_000,,train
CELEBDF_0005107,Celeb-DF v2,Celeb-synthesis/id4_id2_0003.mp4,1,442,944,500,FMP4,1.58,DeepFake,Celeb-synthesis,id4,id2,,CELEB_COMPONENT_000,,train
CELEBDF_0005108,Celeb-DF v2,Celeb-synthesis/id4_id2_0004.mp4,1,439,944,500,FMP4,1.67,DeepFake,Celeb-synthesis,id4,id2,,CELEB_COMPONENT_000,,train
CELEBDF_0005109,Celeb-DF v2,Celeb-synthesis/id4_id2_0005.mp4,1,467,944,500,FMP4,1.74,DeepFake,Celeb-synthesis,id4,id2,,CELEB_COMPONENT_000,,train
CELEBDF_0005110,Celeb-DF v2,Celeb-synthesis/id4_id2_0006.mp4,1,302,944,500,FMP4,1.31,DeepFake,Celeb-synthesis,id4,id2,,CELEB_COMPONENT_000,,train
CELEBDF_0005111,Celeb-DF v2,Celeb-synthesis/id4_id2_0007.mp4,1,446,944,500,FMP4,1.48,DeepFake,Celeb-synthesis,id4,id2,,CELEB_COMPONENT_000,,train
CELEBDF_0005112,Celeb-DF v2,Celeb-synthesis/id4_id2_0008.mp4,1,326,944,500,FMP4,1.13,DeepFake,Celeb-synthesis,id4,id2,,CELEB_COMPONENT_000,,train
CELEBDF_0005113,Celeb-DF v2,Celeb-synthesis/id4_id2_0009.mp4,1,483,944,500,FMP4,1.74,DeepFake,Celeb-synthesis,id4,id2,,CELEB_COMPONENT_000,,train
CELEBDF_0005114,Celeb-DF v2,Celeb-synthesis/id4_id30_0000.mp4,1,477,944,500,FMP4,1.69,DeepFake,Celeb-synthesis,id4,id30,,CELEB_COMPONENT_000,,train
CELEBDF_0005115,Celeb-DF v2,Celeb-synthesis/id4_id30_0001.mp4,1,459,944,500,FMP4,1.52,DeepFake,Celeb-synthesis,id4,id30,,CELEB_COMPONENT_000,,train
CELEBDF_0005116,Celeb-DF v2,Celeb-synthesis/id4_id30_0002.mp4,1,491,944,500,FMP4,1.57,DeepFake,Celeb-synthesis,id4,id30,,CELEB_COMPONENT_000,,train
CELEBDF_0005117,Celeb-DF v2,Celeb-synthesis/id4_id30_0004.mp4,1,439,944,500,FMP4,1.75,DeepFake,Celeb-synthesis,id4,id30,,CELEB_COMPONENT_000,,train
CELEBDF_0005118,Celeb-DF v2,Celeb-synthesis/id4_id30_0005.mp4,1,467,944,500,FMP4,1.84,DeepFake,Celeb-synthesis,id4,id30,,CELEB_COMPONENT_000,,train
CELEBDF_0005119,Celeb-DF v2,Celeb-synthesis/id4_id30_0006.mp4,1,302,944,500,FMP4,1.37,DeepFake,Celeb-synthesis,id4,id30,,CELEB_COMPONENT_000,,train
CELEBDF_0005120,Celeb-DF v2,Celeb-synthesis/id4_id30_0007.mp4,1,446,944,500,FMP4,1.53,DeepFake,Celeb-synthesis,id4,id30,,CELEB_COMPONENT_000,,train
CELEBDF_0005121,Celeb-DF v2,Celeb-synthesis/id4_id30_0009.mp4,1,483,944,500,FMP4,1.78,DeepFake,Celeb-synthesis,id4,id30,,CELEB_COMPONENT_000,,train
CELEBDF_0005122,Celeb-DF v2,Celeb-synthesis/id4_id31_0000.mp4,1,477,944,500,FMP4,1.69,DeepFake,Celeb-synthesis,id4,id31,,CELEB_COMPONENT_000,,train
CELEBDF_0005123,Celeb-DF v2,Celeb-synthesis/id4_id31_0002.mp4,1,491,944,500,FMP4,1.55,DeepFake,Celeb-synthesis,id4,id31,,CELEB_COMPONENT_000,,train
CELEBDF_0005124,Celeb-DF v2,Celeb-synthesis/id4_id31_0003.mp4,1,442,944,500,FMP4,1.62,DeepFake,Celeb-synthesis,id4,id31,,CELEB_COMPONENT_000,,train
CELEBDF_0005125,Celeb-DF v2,Celeb-synthesis/id4_id31_0004.mp4,1,439,944,500,FMP4,1.73,DeepFake,Celeb-synthesis,id4,id31,,CELEB_COMPONENT_000,,train
CELEBDF_0005126,Celeb-DF v2,Celeb-synthesis/id4_id31_0005.mp4,1,467,944,500,FMP4,1.83,DeepFake,Celeb-synthesis,id4,id31,,CELEB_COMPONENT_000,,train
CELEBDF_0005127,Celeb-DF v2,Celeb-synthesis/id4_id31_0006.mp4,1,302,944,500,FMP4,1.37,DeepFake,Celeb-synthesis,id4,id31,,CELEB_COMPONENT_000,,train
CELEBDF_0005128,Celeb-DF v2,Celeb-synthesis/id4_id31_0007.mp4,1,446,944,500,FMP4,1.54,DeepFake,Celeb-synthesis,id4,id31,,CELEB_COMPONENT_000,,train
CELEBDF_0005129,Celeb-DF v2,Celeb-synthesis/id4_id31_0008.mp4,1,326,944,500,FMP4,1.16,DeepFake,Celeb-synthesis,id4,id31,,CELEB_COMPONENT_000,,train
CELEBDF_0005130,Celeb-DF v2,Celeb-synthesis/id4_id31_0009.mp4,1,483,944,500,FMP4,1.78,DeepFake,Celeb-synthesis,id4,id31,,CELEB_COMPONENT_000,,train
CELEBDF_0005131,Celeb-DF v2,Celeb-synthesis/id4_id35_0000.mp4,1,477,944,500,FMP4,1.68,DeepFake,Celeb-synthesis,id4,id35,,CELEB_COMPONENT_000,,train
CELEBDF_0005132,Celeb-DF v2,Celeb-synthesis/id4_id35_0001.mp4,1,459,944,500,FMP4,1.51,DeepFake,Celeb-synthesis,id4,id35,,CELEB_COMPONENT_000,,train
CELEBDF_0005133,Celeb-DF v2,Celeb-synthesis/id4_id35_0002.mp4,1,491,944,500,FMP4,1.56,DeepFake,Celeb-synthesis,id4,id35,,CELEB_COMPONENT_000,,train
CELEBDF_0005134,Celeb-DF v2,Celeb-synthesis/id4_id35_0003.mp4,1,442,944,500,FMP4,1.61,DeepFake,Celeb-synthesis,id4,id35,,CELEB_COMPONENT_000,,train
CELEBDF_0005135,Celeb-DF v2,Celeb-synthesis/id4_id35_0004.mp4,1,439,944,500,FMP4,1.73,DeepFake,Celeb-synthesis,id4,id35,,CELEB_COMPONENT_000,,train
CELEBDF_0005136,Celeb-DF v2,Celeb-synthesis/id4_id35_0005.mp4,1,467,944,500,FMP4,1.83,DeepFake,Celeb-synthesis,id4,id35,,CELEB_COMPONENT_000,,train
CELEBDF_0005137,Celeb-DF v2,Celeb-synthesis/id4_id35_0006.mp4,1,302,944,500,FMP4,1.36,DeepFake,Celeb-synthesis,id4,id35,,CELEB_COMPONENT_000,,train
CELEBDF_0005138,Celeb-DF v2,Celeb-synthesis/id4_id35_0008.mp4,1,326,944,500,FMP4,1.16,DeepFake,Celeb-synthesis,id4,id35,,CELEB_COMPONENT_000,,train
CELEBDF_0005139,Celeb-DF v2,Celeb-synthesis/id4_id35_0009.mp4,1,483,944,500,FMP4,1.77,DeepFake,Celeb-synthesis,id4,id35,,CELEB_COMPONENT_000,,train
CELEBDF_0005140,Celeb-DF v2,Celeb-synthesis/id4_id37_0000.mp4,1,477,944,500,FMP4,1.69,DeepFake,Celeb-synthesis,id4,id37,,CELEB_COMPONENT_000,,train
CELEBDF_0005141,Celeb-DF v2,Celeb-synthesis/id4_id37_0001.mp4,1,459,944,500,FMP4,1.52,DeepFake,Celeb-synthesis,id4,id37,,CELEB_COMPONENT_000,,train
CELEBDF_0005142,Celeb-DF v2,Celeb-synthesis/id4_id37_0002.mp4,1,491,944,500,FMP4,1.56,DeepFake,Celeb-synthesis,id4,id37,,CELEB_COMPONENT_000,,train
CELEBDF_0005143,Celeb-DF v2,Celeb-synthesis/id4_id37_0003.mp4,1,442,944,500,FMP4,1.62,DeepFake,Celeb-synthesis,id4,id37,,CELEB_COMPONENT_000,,train
CELEBDF_0005144,Celeb-DF v2,Celeb-synthesis/id4_id37_0004.mp4,1,439,944,500,FMP4,1.76,DeepFake,Celeb-synthesis,id4,id37,,CELEB_COMPONENT_000,,train
CELEBDF_0005145,Celeb-DF v2,Celeb-synthesis/id4_id37_0005.mp4,1,467,944,500,FMP4,1.83,DeepFake,Celeb-synthesis,id4,id37,,CELEB_COMPONENT_000,,train
CELEBDF_0005146,Celeb-DF v2,Celeb-synthesis/id4_id37_0006.mp4,1,302,944,500,FMP4,1.37,DeepFake,Celeb-synthesis,id4,id37,,CELEB_COMPONENT_000,,train
CELEBDF_0005147,Celeb-DF v2,Celeb-synthesis/id4_id37_0007.mp4,1,446,944,500,FMP4,1.53,DeepFake,Celeb-synthesis,id4,id37,,CELEB_COMPONENT_000,,train
CELEBDF_0005148,Celeb-DF v2,Celeb-synthesis/id4_id37_0008.mp4,1,326,944,500,FMP4,1.16,DeepFake,Celeb-synthesis,id4,id37,,CELEB_COMPONENT_000,,train
CELEBDF_0005149,Celeb-DF v2,Celeb-synthesis/id4_id37_0009.mp4,1,483,944,500,FMP4,1.78,DeepFake,Celeb-synthesis,id4,id37,,CELEB_COMPONENT_000,,train
CELEBDF_0005150,Celeb-DF v2,Celeb-synthesis/id4_id3_0000.mp4,1,477,944,500,FMP4,1.64,DeepFake,Celeb-synthesis,id4,id3,,CELEB_COMPONENT_000,,train
CELEBDF_0005151,Celeb-DF v2,Celeb-synthesis/id4_id3_0001.mp4,1,459,944,500,FMP4,1.46,DeepFake,Celeb-synthesis,id4,id3,,CELEB_COMPONENT_000,,train
CELEBDF_0005152,Celeb-DF v2,Celeb-synthesis/id4_id3_0002.mp4,1,491,944,500,FMP4,1.53,DeepFake,Celeb-synthesis,id4,id3,,CELEB_COMPONENT_000,,train
CELEBDF_0005153,Celeb-DF v2,Celeb-synthesis/id4_id3_0003.mp4,1,442,944,500,FMP4,1.57,DeepFake,Celeb-synthesis,id4,id3,,CELEB_COMPONENT_000,,train
CELEBDF_0005154,Celeb-DF v2,Celeb-synthesis/id4_id3_0004.mp4,1,439,944,500,FMP4,1.66,DeepFake,Celeb-synthesis,id4,id3,,CELEB_COMPONENT_000,,train
CELEBDF_0005155,Celeb-DF v2,Celeb-synthesis/id4_id3_0005.mp4,1,467,944,500,FMP4,1.73,DeepFake,Celeb-synthesis,id4,id3,,CELEB_COMPONENT_000,,train
CELEBDF_0005156,Celeb-DF v2,Celeb-synthesis/id4_id3_0006.mp4,1,302,944,500,FMP4,1.31,DeepFake,Celeb-synthesis,id4,id3,,CELEB_COMPONENT_000,,train
CELEBDF_0005157,Celeb-DF v2,Celeb-synthesis/id4_id3_0007.mp4,1,446,944,500,FMP4,1.48,DeepFake,Celeb-synthesis,id4,id3,,CELEB_COMPONENT_000,,train
CELEBDF_0005158,Celeb-DF v2,Celeb-synthesis/id4_id3_0008.mp4,1,326,944,500,FMP4,1.13,DeepFake,Celeb-synthesis,id4,id3,,CELEB_COMPONENT_000,,train
CELEBDF_0005159,Celeb-DF v2,Celeb-synthesis/id4_id3_0009.mp4,1,483,944,500,FMP4,1.73,DeepFake,Celeb-synthesis,id4,id3,,CELEB_COMPONENT_000,,train
CELEBDF_0005160,Celeb-DF v2,Celeb-synthesis/id4_id6_0000.mp4,1,477,944,500,FMP4,1.63,DeepFake,Celeb-synthesis,id4,id6,,CELEB_COMPONENT_000,,train
CELEBDF_0005161,Celeb-DF v2,Celeb-synthesis/id4_id6_0001.mp4,1,459,944,500,FMP4,1.45,DeepFake,Celeb-synthesis,id4,id6,,CELEB_COMPONENT_000,,train
CELEBDF_0005162,Celeb-DF v2,Celeb-synthesis/id4_id6_0002.mp4,1,491,944,500,FMP4,1.51,DeepFake,Celeb-synthesis,id4,id6,,CELEB_COMPONENT_000,,train
CELEBDF_0005163,Celeb-DF v2,Celeb-synthesis/id4_id6_0003.mp4,1,442,944,500,FMP4,1.57,DeepFake,Celeb-synthesis,id4,id6,,CELEB_COMPONENT_000,,train
CELEBDF_0005164,Celeb-DF v2,Celeb-synthesis/id4_id6_0004.mp4,1,439,944,500,FMP4,1.66,DeepFake,Celeb-synthesis,id4,id6,,CELEB_COMPONENT_000,,train
CELEBDF_0005165,Celeb-DF v2,Celeb-synthesis/id4_id6_0005.mp4,1,467,944,500,FMP4,1.73,DeepFake,Celeb-synthesis,id4,id6,,CELEB_COMPONENT_000,,train
CELEBDF_0005166,Celeb-DF v2,Celeb-synthesis/id4_id6_0006.mp4,1,302,944,500,FMP4,1.31,DeepFake,Celeb-synthesis,id4,id6,,CELEB_COMPONENT_000,,train
CELEBDF_0005167,Celeb-DF v2,Celeb-synthesis/id4_id6_0007.mp4,1,446,944,500,FMP4,1.49,DeepFake,Celeb-synthesis,id4,id6,,CELEB_COMPONENT_000,,train
CELEBDF_0005168,Celeb-DF v2,Celeb-synthesis/id4_id6_0008.mp4,1,326,944,500,FMP4,1.12,DeepFake,Celeb-synthesis,id4,id6,,CELEB_COMPONENT_000,,train
CELEBDF_0005169,Celeb-DF v2,Celeb-synthesis/id4_id6_0009.mp4,1,483,944,500,FMP4,1.72,DeepFake,Celeb-synthesis,id4,id6,,CELEB_COMPONENT_000,,train
CELEBDF_0005170,Celeb-DF v2,Celeb-synthesis/id4_id9_0000.mp4,1,477,944,500,FMP4,1.65,DeepFake,Celeb-synthesis,id4,id9,,CELEB_COMPONENT_000,,train
CELEBDF_0005171,Celeb-DF v2,Celeb-synthesis/id4_id9_0001.mp4,1,459,944,500,FMP4,1.47,DeepFake,Celeb-synthesis,id4,id9,,CELEB_COMPONENT_000,,train
CELEBDF_0005172,Celeb-DF v2,Celeb-synthesis/id4_id9_0002.mp4,1,491,944,500,FMP4,1.53,DeepFake,Celeb-synthesis,id4,id9,,CELEB_COMPONENT_000,,train
CELEBDF_0005173,Celeb-DF v2,Celeb-synthesis/id4_id9_0003.mp4,1,442,944,500,FMP4,1.59,DeepFake,Celeb-synthesis,id4,id9,,CELEB_COMPONENT_000,,train
CELEBDF_0005174,Celeb-DF v2,Celeb-synthesis/id4_id9_0004.mp4,1,439,944,500,FMP4,1.69,DeepFake,Celeb-synthesis,id4,id9,,CELEB_COMPONENT_000,,train
CELEBDF_0005175,Celeb-DF v2,Celeb-synthesis/id4_id9_0005.mp4,1,467,944,500,FMP4,1.75,DeepFake,Celeb-synthesis,id4,id9,,CELEB_COMPONENT_000,,train
CELEBDF_0005176,Celeb-DF v2,Celeb-synthesis/id4_id9_0006.mp4,1,302,944,500,FMP4,1.32,DeepFake,Celeb-synthesis,id4,id9,,CELEB_COMPONENT_000,,train
CELEBDF_0005177,Celeb-DF v2,Celeb-synthesis/id4_id9_0007.mp4,1,446,944,500,FMP4,1.5,DeepFake,Celeb-synthesis,id4,id9,,CELEB_COMPONENT_000,,train
CELEBDF_0005178,Celeb-DF v2,Celeb-synthesis/id4_id9_0008.mp4,1,326,944,500,FMP4,1.13,DeepFake,Celeb-synthesis,id4,id9,,CELEB_COMPONENT_000,,train
CELEBDF_0005179,Celeb-DF v2,Celeb-synthesis/id50_id49_0000.mp4,1,283,856,478,FMP4,1.13,DeepFake,Celeb-synthesis,id50,id49,,CELEB_COMPONENT_003,,validation
CELEBDF_0005180,Celeb-DF v2,Celeb-synthesis/id50_id49_0001.mp4,1,383,856,478,FMP4,1.54,DeepFake,Celeb-synthesis,id50,id49,,CELEB_COMPONENT_003,,validation
CELEBDF_0005181,Celeb-DF v2,Celeb-synthesis/id50_id49_0002.mp4,1,464,856,478,FMP4,1.09,DeepFake,Celeb-synthesis,id50,id49,,CELEB_COMPONENT_003,,validation
CELEBDF_0005182,Celeb-DF v2,Celeb-synthesis/id50_id49_0003.mp4,1,467,856,478,FMP4,1.33,DeepFake,Celeb-synthesis,id50,id49,,CELEB_COMPONENT_003,,validation
CELEBDF_0005183,Celeb-DF v2,Celeb-synthesis/id50_id49_0004.mp4,1,473,856,478,FMP4,2.25,DeepFake,Celeb-synthesis,id50,id49,,CELEB_COMPONENT_003,,validation
CELEBDF_0005184,Celeb-DF v2,Celeb-synthesis/id50_id49_0005.mp4,1,489,856,478,FMP4,1.53,DeepFake,Celeb-synthesis,id50,id49,,CELEB_COMPONENT_003,,validation
CELEBDF_0005185,Celeb-DF v2,Celeb-synthesis/id50_id49_0006.mp4,1,449,856,478,FMP4,1.76,DeepFake,Celeb-synthesis,id50,id49,,CELEB_COMPONENT_003,,validation
CELEBDF_0005186,Celeb-DF v2,Celeb-synthesis/id50_id49_0007.mp4,1,438,856,478,FMP4,1.34,DeepFake,Celeb-synthesis,id50,id49,,CELEB_COMPONENT_003,,validation
CELEBDF_0005187,Celeb-DF v2,Celeb-synthesis/id50_id49_0009.mp4,1,451,856,478,FMP4,1.43,DeepFake,Celeb-synthesis,id50,id49,,CELEB_COMPONENT_003,,validation
CELEBDF_0005188,Celeb-DF v2,Celeb-synthesis/id50_id51_0000.mp4,1,283,856,478,FMP4,1.13,DeepFake,Celeb-synthesis,id50,id51,,CELEB_COMPONENT_003,,validation
CELEBDF_0005189,Celeb-DF v2,Celeb-synthesis/id50_id51_0001.mp4,1,383,856,478,FMP4,1.54,DeepFake,Celeb-synthesis,id50,id51,,CELEB_COMPONENT_003,,validation
CELEBDF_0005190,Celeb-DF v2,Celeb-synthesis/id50_id51_0002.mp4,1,464,856,478,FMP4,1.09,DeepFake,Celeb-synthesis,id50,id51,,CELEB_COMPONENT_003,,validation
CELEBDF_0005191,Celeb-DF v2,Celeb-synthesis/id50_id51_0003.mp4,1,467,856,478,FMP4,1.32,DeepFake,Celeb-synthesis,id50,id51,,CELEB_COMPONENT_003,,validation
CELEBDF_0005192,Celeb-DF v2,Celeb-synthesis/id50_id51_0004.mp4,1,473,856,478,FMP4,2.25,DeepFake,Celeb-synthesis,id50,id51,,CELEB_COMPONENT_003,,validation
CELEBDF_0005193,Celeb-DF v2,Celeb-synthesis/id50_id51_0005.mp4,1,489,856,478,FMP4,1.52,DeepFake,Celeb-synthesis,id50,id51,,CELEB_COMPONENT_003,,validation
CELEBDF_0005194,Celeb-DF v2,Celeb-synthesis/id50_id51_0006.mp4,1,449,856,478,FMP4,1.76,DeepFake,Celeb-synthesis,id50,id51,,CELEB_COMPONENT_003,,validation
CELEBDF_0005195,Celeb-DF v2,Celeb-synthesis/id50_id51_0007.mp4,1,438,856,478,FMP4,1.33,DeepFake,Celeb-synthesis,id50,id51,,CELEB_COMPONENT_003,,validation
CELEBDF_0005196,Celeb-DF v2,Celeb-synthesis/id50_id51_0008.mp4,1,301,856,478,FMP4,1.58,DeepFake,Celeb-synthesis,id50,id51,,CELEB_COMPONENT_003,,validation
CELEBDF_0005197,Celeb-DF v2,Celeb-synthesis/id50_id51_0009.mp4,1,451,856,478,FMP4,1.43,DeepFake,Celeb-synthesis,id50,id51,,CELEB_COMPONENT_003,,validation
CELEBDF_0005198,Celeb-DF v2,Celeb-synthesis/id50_id52_0000.mp4,1,283,856,478,FMP4,1.13,DeepFake,Celeb-synthesis,id50,id52,,CELEB_COMPONENT_003,,validation
CELEBDF_0005199,Celeb-DF v2,Celeb-synthesis/id50_id52_0001.mp4,1,383,856,478,FMP4,1.54,DeepFake,Celeb-synthesis,id50,id52,,CELEB_COMPONENT_003,,validation
CELEBDF_0005200,Celeb-DF v2,Celeb-synthesis/id50_id52_0002.mp4,1,464,856,478,FMP4,1.1,DeepFake,Celeb-synthesis,id50,id52,,CELEB_COMPONENT_003,,validation
CELEBDF_0005201,Celeb-DF v2,Celeb-synthesis/id50_id52_0003.mp4,1,467,856,478,FMP4,1.33,DeepFake,Celeb-synthesis,id50,id52,,CELEB_COMPONENT_003,,validation
CELEBDF_0005202,Celeb-DF v2,Celeb-synthesis/id50_id52_0004.mp4,1,473,856,478,FMP4,2.25,DeepFake,Celeb-synthesis,id50,id52,,CELEB_COMPONENT_003,,validation
CELEBDF_0005203,Celeb-DF v2,Celeb-synthesis/id50_id52_0006.mp4,1,449,856,478,FMP4,1.76,DeepFake,Celeb-synthesis,id50,id52,,CELEB_COMPONENT_003,,validation
CELEBDF_0005204,Celeb-DF v2,Celeb-synthesis/id50_id52_0007.mp4,1,438,856,478,FMP4,1.34,DeepFake,Celeb-synthesis,id50,id52,,CELEB_COMPONENT_003,,validation
CELEBDF_0005205,Celeb-DF v2,Celeb-synthesis/id50_id52_0009.mp4,1,451,856,478,FMP4,1.44,DeepFake,Celeb-synthesis,id50,id52,,CELEB_COMPONENT_003,,validation
CELEBDF_0005206,Celeb-DF v2,Celeb-synthesis/id50_id53_0000.mp4,1,283,856,478,FMP4,1.13,DeepFake,Celeb-synthesis,id50,id53,,CELEB_COMPONENT_003,,validation
CELEBDF_0005207,Celeb-DF v2,Celeb-synthesis/id50_id53_0001.mp4,1,383,856,478,FMP4,1.54,DeepFake,Celeb-synthesis,id50,id53,,CELEB_COMPONENT_003,,validation
CELEBDF_0005208,Celeb-DF v2,Celeb-synthesis/id50_id53_0002.mp4,1,464,856,478,FMP4,1.09,DeepFake,Celeb-synthesis,id50,id53,,CELEB_COMPONENT_003,,validation
CELEBDF_0005209,Celeb-DF v2,Celeb-synthesis/id50_id53_0004.mp4,1,473,856,478,FMP4,2.25,DeepFake,Celeb-synthesis,id50,id53,,CELEB_COMPONENT_003,,validation
CELEBDF_0005210,Celeb-DF v2,Celeb-synthesis/id50_id53_0005.mp4,1,489,856,478,FMP4,1.53,DeepFake,Celeb-synthesis,id50,id53,,CELEB_COMPONENT_003,,validation
CELEBDF_0005211,Celeb-DF v2,Celeb-synthesis/id50_id53_0006.mp4,1,449,856,478,FMP4,1.76,DeepFake,Celeb-synthesis,id50,id53,,CELEB_COMPONENT_003,,validation
CELEBDF_0005212,Celeb-DF v2,Celeb-synthesis/id50_id53_0007.mp4,1,438,856,478,FMP4,1.34,DeepFake,Celeb-synthesis,id50,id53,,CELEB_COMPONENT_003,,validation
CELEBDF_0005213,Celeb-DF v2,Celeb-synthesis/id50_id53_0009.mp4,1,451,856,478,FMP4,1.44,DeepFake,Celeb-synthesis,id50,id53,,CELEB_COMPONENT_003,,validation
CELEBDF_0005214,Celeb-DF v2,Celeb-synthesis/id50_id54_0000.mp4,1,283,856,478,FMP4,1.13,DeepFake,Celeb-synthesis,id50,id54,,CELEB_COMPONENT_003,,validation
CELEBDF_0005215,Celeb-DF v2,Celeb-synthesis/id50_id54_0001.mp4,1,383,856,478,FMP4,1.54,DeepFake,Celeb-synthesis,id50,id54,,CELEB_COMPONENT_003,,validation
CELEBDF_0005216,Celeb-DF v2,Celeb-synthesis/id50_id54_0002.mp4,1,464,856,478,FMP4,1.09,DeepFake,Celeb-synthesis,id50,id54,,CELEB_COMPONENT_003,,validation
CELEBDF_0005217,Celeb-DF v2,Celeb-synthesis/id50_id54_0004.mp4,1,473,856,478,FMP4,2.25,DeepFake,Celeb-synthesis,id50,id54,,CELEB_COMPONENT_003,,validation
CELEBDF_0005218,Celeb-DF v2,Celeb-synthesis/id50_id54_0005.mp4,1,489,856,478,FMP4,1.53,DeepFake,Celeb-synthesis,id50,id54,,CELEB_COMPONENT_003,,validation
CELEBDF_0005219,Celeb-DF v2,Celeb-synthesis/id50_id54_0006.mp4,1,449,856,478,FMP4,1.76,DeepFake,Celeb-synthesis,id50,id54,,CELEB_COMPONENT_003,,validation
CELEBDF_0005220,Celeb-DF v2,Celeb-synthesis/id50_id54_0007.mp4,1,438,856,478,FMP4,1.33,DeepFake,Celeb-synthesis,id50,id54,,CELEB_COMPONENT_003,,validation
CELEBDF_0005221,Celeb-DF v2,Celeb-synthesis/id50_id54_0009.mp4,1,451,856,478,FMP4,1.43,DeepFake,Celeb-synthesis,id50,id54,,CELEB_COMPONENT_003,,validation
CELEBDF_0005222,Celeb-DF v2,Celeb-synthesis/id50_id55_0000.mp4,1,283,856,478,FMP4,1.13,DeepFake,Celeb-synthesis,id50,id55,,CELEB_COMPONENT_003,,validation
CELEBDF_0005223,Celeb-DF v2,Celeb-synthesis/id50_id55_0001.mp4,1,383,856,478,FMP4,1.54,DeepFake,Celeb-synthesis,id50,id55,,CELEB_COMPONENT_003,,validation
CELEBDF_0005224,Celeb-DF v2,Celeb-synthesis/id50_id55_0002.mp4,1,464,856,478,FMP4,1.08,DeepFake,Celeb-synthesis,id50,id55,,CELEB_COMPONENT_003,,validation
CELEBDF_0005225,Celeb-DF v2,Celeb-synthesis/id50_id55_0003.mp4,1,467,856,478,FMP4,1.33,DeepFake,Celeb-synthesis,id50,id55,,CELEB_COMPONENT_003,,validation
CELEBDF_0005226,Celeb-DF v2,Celeb-synthesis/id50_id55_0004.mp4,1,473,856,478,FMP4,2.25,DeepFake,Celeb-synthesis,id50,id55,,CELEB_COMPONENT_003,,validation
CELEBDF_0005227,Celeb-DF v2,Celeb-synthesis/id50_id55_0005.mp4,1,489,856,478,FMP4,1.52,DeepFake,Celeb-synthesis,id50,id55,,CELEB_COMPONENT_003,,validation
CELEBDF_0005228,Celeb-DF v2,Celeb-synthesis/id50_id55_0006.mp4,1,449,856,478,FMP4,1.76,DeepFake,Celeb-synthesis,id50,id55,,CELEB_COMPONENT_003,,validation
CELEBDF_0005229,Celeb-DF v2,Celeb-synthesis/id50_id55_0007.mp4,1,438,856,478,FMP4,1.33,DeepFake,Celeb-synthesis,id50,id55,,CELEB_COMPONENT_003,,validation
CELEBDF_0005230,Celeb-DF v2,Celeb-synthesis/id50_id55_0009.mp4,1,451,856,478,FMP4,1.43,DeepFake,Celeb-synthesis,id50,id55,,CELEB_COMPONENT_003,,validation
CELEBDF_0005231,Celeb-DF v2,Celeb-synthesis/id50_id56_0000.mp4,1,283,856,478,FMP4,1.13,DeepFake,Celeb-synthesis,id50,id56,,CELEB_COMPONENT_003,,validation
CELEBDF_0005232,Celeb-DF v2,Celeb-synthesis/id50_id56_0001.mp4,1,383,856,478,FMP4,1.55,DeepFake,Celeb-synthesis,id50,id56,,CELEB_COMPONENT_003,,validation
CELEBDF_0005233,Celeb-DF v2,Celeb-synthesis/id50_id56_0002.mp4,1,464,856,478,FMP4,1.1,DeepFake,Celeb-synthesis,id50,id56,,CELEB_COMPONENT_003,,validation
CELEBDF_0005234,Celeb-DF v2,Celeb-synthesis/id50_id56_0004.mp4,1,473,856,478,FMP4,2.25,DeepFake,Celeb-synthesis,id50,id56,,CELEB_COMPONENT_003,,validation
CELEBDF_0005235,Celeb-DF v2,Celeb-synthesis/id50_id56_0005.mp4,1,489,856,478,FMP4,1.54,DeepFake,Celeb-synthesis,id50,id56,,CELEB_COMPONENT_003,,validation
CELEBDF_0005236,Celeb-DF v2,Celeb-synthesis/id50_id56_0006.mp4,1,449,856,478,FMP4,1.76,DeepFake,Celeb-synthesis,id50,id56,,CELEB_COMPONENT_003,,validation
CELEBDF_0005237,Celeb-DF v2,Celeb-synthesis/id50_id56_0007.mp4,1,438,856,478,FMP4,1.34,DeepFake,Celeb-synthesis,id50,id56,,CELEB_COMPONENT_003,,validation
CELEBDF_0005238,Celeb-DF v2,Celeb-synthesis/id50_id56_0008.mp4,1,301,856,478,FMP4,1.58,DeepFake,Celeb-synthesis,id50,id56,,CELEB_COMPONENT_003,,validation
CELEBDF_0005239,Celeb-DF v2,Celeb-synthesis/id50_id56_0009.mp4,1,451,856,478,FMP4,1.43,DeepFake,Celeb-synthesis,id50,id56,,CELEB_COMPONENT_003,,validation
CELEBDF_0005240,Celeb-DF v2,Celeb-synthesis/id50_id57_0000.mp4,1,283,856,478,FMP4,1.13,DeepFake,Celeb-synthesis,id50,id57,,CELEB_COMPONENT_003,,validation
CELEBDF_0005241,Celeb-DF v2,Celeb-synthesis/id50_id57_0001.mp4,1,383,856,478,FMP4,1.55,DeepFake,Celeb-synthesis,id50,id57,,CELEB_COMPONENT_003,,validation
CELEBDF_0005242,Celeb-DF v2,Celeb-synthesis/id50_id57_0002.mp4,1,464,856,478,FMP4,1.09,DeepFake,Celeb-synthesis,id50,id57,,CELEB_COMPONENT_003,,validation
CELEBDF_0005243,Celeb-DF v2,Celeb-synthesis/id50_id57_0003.mp4,1,467,856,478,FMP4,1.31,DeepFake,Celeb-synthesis,id50,id57,,CELEB_COMPONENT_003,,validation
CELEBDF_0005244,Celeb-DF v2,Celeb-synthesis/id50_id57_0004.mp4,1,473,856,478,FMP4,2.25,DeepFake,Celeb-synthesis,id50,id57,,CELEB_COMPONENT_003,,validation
CELEBDF_0005245,Celeb-DF v2,Celeb-synthesis/id50_id57_0005.mp4,1,489,856,478,FMP4,1.52,DeepFake,Celeb-synthesis,id50,id57,,CELEB_COMPONENT_003,,validation
CELEBDF_0005246,Celeb-DF v2,Celeb-synthesis/id50_id57_0006.mp4,1,449,856,478,FMP4,1.76,DeepFake,Celeb-synthesis,id50,id57,,CELEB_COMPONENT_003,,validation
CELEBDF_0005247,Celeb-DF v2,Celeb-synthesis/id50_id57_0007.mp4,1,438,856,478,FMP4,1.33,DeepFake,Celeb-synthesis,id50,id57,,CELEB_COMPONENT_003,,validation
CELEBDF_0005248,Celeb-DF v2,Celeb-synthesis/id50_id57_0008.mp4,1,301,856,478,FMP4,1.58,DeepFake,Celeb-synthesis,id50,id57,,CELEB_COMPONENT_003,,validation
CELEBDF_0005249,Celeb-DF v2,Celeb-synthesis/id50_id57_0009.mp4,1,451,856,478,FMP4,1.43,DeepFake,Celeb-synthesis,id50,id57,,CELEB_COMPONENT_003,,validation
CELEBDF_0005250,Celeb-DF v2,Celeb-synthesis/id51_id49_0000.mp4,1,438,856,478,FMP4,1.49,DeepFake,Celeb-synthesis,id51,id49,,CELEB_COMPONENT_003,,validation
CELEBDF_0005251,Celeb-DF v2,Celeb-synthesis/id51_id49_0001.mp4,1,408,856,478,FMP4,2.12,DeepFake,Celeb-synthesis,id51,id49,,CELEB_COMPONENT_003,,validation
CELEBDF_0005252,Celeb-DF v2,Celeb-synthesis/id51_id49_0002.mp4,1,302,856,478,FMP4,1.58,DeepFake,Celeb-synthesis,id51,id49,,CELEB_COMPONENT_003,,validation
CELEBDF_0005253,Celeb-DF v2,Celeb-synthesis/id51_id49_0004.mp4,1,447,856,478,FMP4,2.51,DeepFake,Celeb-synthesis,id51,id49,,CELEB_COMPONENT_003,,validation
CELEBDF_0005254,Celeb-DF v2,Celeb-synthesis/id51_id49_0005.mp4,1,383,856,478,FMP4,1.07,DeepFake,Celeb-synthesis,id51,id49,,CELEB_COMPONENT_003,,validation
CELEBDF_0005255,Celeb-DF v2,Celeb-synthesis/id51_id49_0006.mp4,1,461,856,478,FMP4,2.08,DeepFake,Celeb-synthesis,id51,id49,,CELEB_COMPONENT_003,,validation
CELEBDF_0005256,Celeb-DF v2,Celeb-synthesis/id51_id49_0007.mp4,1,450,856,478,FMP4,1.98,DeepFake,Celeb-synthesis,id51,id49,,CELEB_COMPONENT_003,,validation
CELEBDF_0005257,Celeb-DF v2,Celeb-synthesis/id51_id49_0008.mp4,1,454,856,478,FMP4,1.8,DeepFake,Celeb-synthesis,id51,id49,,CELEB_COMPONENT_003,,validation
CELEBDF_0005258,Celeb-DF v2,Celeb-synthesis/id51_id50_0000.mp4,1,438,856,478,FMP4,1.48,DeepFake,Celeb-synthesis,id51,id50,,CELEB_COMPONENT_003,,validation
CELEBDF_0005259,Celeb-DF v2,Celeb-synthesis/id51_id50_0001.mp4,1,408,856,478,FMP4,2.11,DeepFake,Celeb-synthesis,id51,id50,,CELEB_COMPONENT_003,,validation
CELEBDF_0005260,Celeb-DF v2,Celeb-synthesis/id51_id50_0002.mp4,1,302,856,478,FMP4,1.57,DeepFake,Celeb-synthesis,id51,id50,,CELEB_COMPONENT_003,,validation
CELEBDF_0005261,Celeb-DF v2,Celeb-synthesis/id51_id50_0004.mp4,1,447,856,478,FMP4,2.51,DeepFake,Celeb-synthesis,id51,id50,,CELEB_COMPONENT_003,,validation
CELEBDF_0005262,Celeb-DF v2,Celeb-synthesis/id51_id50_0005.mp4,1,383,856,478,FMP4,1.06,DeepFake,Celeb-synthesis,id51,id50,,CELEB_COMPONENT_003,,validation
CELEBDF_0005263,Celeb-DF v2,Celeb-synthesis/id51_id50_0006.mp4,1,461,856,478,FMP4,2.08,DeepFake,Celeb-synthesis,id51,id50,,CELEB_COMPONENT_003,,validation
CELEBDF_0005264,Celeb-DF v2,Celeb-synthesis/id51_id50_0007.mp4,1,450,856,478,FMP4,1.98,DeepFake,Celeb-synthesis,id51,id50,,CELEB_COMPONENT_003,,validation
CELEBDF_0005265,Celeb-DF v2,Celeb-synthesis/id51_id50_0008.mp4,1,454,856,478,FMP4,1.8,DeepFake,Celeb-synthesis,id51,id50,,CELEB_COMPONENT_003,,validation
CELEBDF_0005266,Celeb-DF v2,Celeb-synthesis/id51_id53_0000.mp4,1,438,856,478,FMP4,1.48,DeepFake,Celeb-synthesis,id51,id53,,CELEB_COMPONENT_003,,validation
CELEBDF_0005267,Celeb-DF v2,Celeb-synthesis/id51_id53_0001.mp4,1,408,856,478,FMP4,2.1,DeepFake,Celeb-synthesis,id51,id53,,CELEB_COMPONENT_003,,validation
CELEBDF_0005268,Celeb-DF v2,Celeb-synthesis/id51_id53_0002.mp4,1,302,856,478,FMP4,1.57,DeepFake,Celeb-synthesis,id51,id53,,CELEB_COMPONENT_003,,validation
CELEBDF_0005269,Celeb-DF v2,Celeb-synthesis/id51_id53_0004.mp4,1,447,856,478,FMP4,2.52,DeepFake,Celeb-synthesis,id51,id53,,CELEB_COMPONENT_003,,validation
CELEBDF_0005270,Celeb-DF v2,Celeb-synthesis/id51_id53_0005.mp4,1,383,856,478,FMP4,1.07,DeepFake,Celeb-synthesis,id51,id53,,CELEB_COMPONENT_003,,validation
CELEBDF_0005271,Celeb-DF v2,Celeb-synthesis/id51_id53_0006.mp4,1,461,856,478,FMP4,2.08,DeepFake,Celeb-synthesis,id51,id53,,CELEB_COMPONENT_003,,validation
CELEBDF_0005272,Celeb-DF v2,Celeb-synthesis/id51_id53_0007.mp4,1,450,856,478,FMP4,1.98,DeepFake,Celeb-synthesis,id51,id53,,CELEB_COMPONENT_003,,validation
CELEBDF_0005273,Celeb-DF v2,Celeb-synthesis/id51_id53_0008.mp4,1,454,856,478,FMP4,1.8,DeepFake,Celeb-synthesis,id51,id53,,CELEB_COMPONENT_003,,validation
CELEBDF_0005274,Celeb-DF v2,Celeb-synthesis/id51_id53_0009.mp4,1,527,856,478,FMP4,1.72,DeepFake,Celeb-synthesis,id51,id53,,CELEB_COMPONENT_003,,validation
CELEBDF_0005275,Celeb-DF v2,Celeb-synthesis/id51_id54_0000.mp4,1,438,856,478,FMP4,1.48,DeepFake,Celeb-synthesis,id51,id54,,CELEB_COMPONENT_003,,validation
CELEBDF_0005276,Celeb-DF v2,Celeb-synthesis/id51_id54_0001.mp4,1,408,856,478,FMP4,2.1,DeepFake,Celeb-synthesis,id51,id54,,CELEB_COMPONENT_003,,validation
CELEBDF_0005277,Celeb-DF v2,Celeb-synthesis/id51_id54_0002.mp4,1,302,856,478,FMP4,1.57,DeepFake,Celeb-synthesis,id51,id54,,CELEB_COMPONENT_003,,validation
CELEBDF_0005278,Celeb-DF v2,Celeb-synthesis/id51_id54_0004.mp4,1,447,856,478,FMP4,2.52,DeepFake,Celeb-synthesis,id51,id54,,CELEB_COMPONENT_003,,validation
CELEBDF_0005279,Celeb-DF v2,Celeb-synthesis/id51_id54_0005.mp4,1,383,856,478,FMP4,1.07,DeepFake,Celeb-synthesis,id51,id54,,CELEB_COMPONENT_003,,validation
CELEBDF_0005280,Celeb-DF v2,Celeb-synthesis/id51_id54_0006.mp4,1,461,856,478,FMP4,2.08,DeepFake,Celeb-synthesis,id51,id54,,CELEB_COMPONENT_003,,validation
CELEBDF_0005281,Celeb-DF v2,Celeb-synthesis/id51_id54_0007.mp4,1,450,856,478,FMP4,1.98,DeepFake,Celeb-synthesis,id51,id54,,CELEB_COMPONENT_003,,validation
CELEBDF_0005282,Celeb-DF v2,Celeb-synthesis/id51_id54_0008.mp4,1,454,856,478,FMP4,1.8,DeepFake,Celeb-synthesis,id51,id54,,CELEB_COMPONENT_003,,validation
CELEBDF_0005283,Celeb-DF v2,Celeb-synthesis/id51_id54_0009.mp4,1,527,856,478,FMP4,1.73,DeepFake,Celeb-synthesis,id51,id54,,CELEB_COMPONENT_003,,validation
CELEBDF_0005284,Celeb-DF v2,Celeb-synthesis/id51_id55_0000.mp4,1,438,856,478,FMP4,1.48,DeepFake,Celeb-synthesis,id51,id55,,CELEB_COMPONENT_003,,validation
CELEBDF_0005285,Celeb-DF v2,Celeb-synthesis/id51_id55_0001.mp4,1,408,856,478,FMP4,2.1,DeepFake,Celeb-synthesis,id51,id55,,CELEB_COMPONENT_003,,validation
CELEBDF_0005286,Celeb-DF v2,Celeb-synthesis/id51_id55_0002.mp4,1,302,856,478,FMP4,1.57,DeepFake,Celeb-synthesis,id51,id55,,CELEB_COMPONENT_003,,validation
CELEBDF_0005287,Celeb-DF v2,Celeb-synthesis/id51_id55_0004.mp4,1,447,856,478,FMP4,2.51,DeepFake,Celeb-synthesis,id51,id55,,CELEB_COMPONENT_003,,validation
CELEBDF_0005288,Celeb-DF v2,Celeb-synthesis/id51_id55_0005.mp4,1,383,856,478,FMP4,1.06,DeepFake,Celeb-synthesis,id51,id55,,CELEB_COMPONENT_003,,validation
CELEBDF_0005289,Celeb-DF v2,Celeb-synthesis/id51_id55_0006.mp4,1,461,856,478,FMP4,2.08,DeepFake,Celeb-synthesis,id51,id55,,CELEB_COMPONENT_003,,validation
CELEBDF_0005290,Celeb-DF v2,Celeb-synthesis/id51_id55_0007.mp4,1,450,856,478,FMP4,1.97,DeepFake,Celeb-synthesis,id51,id55,,CELEB_COMPONENT_003,,validation
CELEBDF_0005291,Celeb-DF v2,Celeb-synthesis/id51_id55_0008.mp4,1,454,856,478,FMP4,1.8,DeepFake,Celeb-synthesis,id51,id55,,CELEB_COMPONENT_003,,validation
CELEBDF_0005292,Celeb-DF v2,Celeb-synthesis/id51_id56_0000.mp4,1,438,856,478,FMP4,1.48,DeepFake,Celeb-synthesis,id51,id56,,CELEB_COMPONENT_003,,validation
CELEBDF_0005293,Celeb-DF v2,Celeb-synthesis/id51_id56_0001.mp4,1,408,856,478,FMP4,2.1,DeepFake,Celeb-synthesis,id51,id56,,CELEB_COMPONENT_003,,validation
CELEBDF_0005294,Celeb-DF v2,Celeb-synthesis/id51_id56_0002.mp4,1,302,856,478,FMP4,1.58,DeepFake,Celeb-synthesis,id51,id56,,CELEB_COMPONENT_003,,validation
CELEBDF_0005295,Celeb-DF v2,Celeb-synthesis/id51_id56_0004.mp4,1,447,856,478,FMP4,2.52,DeepFake,Celeb-synthesis,id51,id56,,CELEB_COMPONENT_003,,validation
CELEBDF_0005296,Celeb-DF v2,Celeb-synthesis/id51_id56_0005.mp4,1,383,856,478,FMP4,1.07,DeepFake,Celeb-synthesis,id51,id56,,CELEB_COMPONENT_003,,validation
CELEBDF_0005297,Celeb-DF v2,Celeb-synthesis/id51_id56_0006.mp4,1,461,856,478,FMP4,2.09,DeepFake,Celeb-synthesis,id51,id56,,CELEB_COMPONENT_003,,validation
CELEBDF_0005298,Celeb-DF v2,Celeb-synthesis/id51_id56_0007.mp4,1,450,856,478,FMP4,1.99,DeepFake,Celeb-synthesis,id51,id56,,CELEB_COMPONENT_003,,validation
CELEBDF_0005299,Celeb-DF v2,Celeb-synthesis/id51_id56_0008.mp4,1,454,856,478,FMP4,1.8,DeepFake,Celeb-synthesis,id51,id56,,CELEB_COMPONENT_003,,validation
CELEBDF_0005300,Celeb-DF v2,Celeb-synthesis/id51_id57_0000.mp4,1,438,856,478,FMP4,1.48,DeepFake,Celeb-synthesis,id51,id57,,CELEB_COMPONENT_003,,validation
CELEBDF_0005301,Celeb-DF v2,Celeb-synthesis/id51_id57_0001.mp4,1,408,856,478,FMP4,2.11,DeepFake,Celeb-synthesis,id51,id57,,CELEB_COMPONENT_003,,validation
CELEBDF_0005302,Celeb-DF v2,Celeb-synthesis/id51_id57_0002.mp4,1,302,856,478,FMP4,1.57,DeepFake,Celeb-synthesis,id51,id57,,CELEB_COMPONENT_003,,validation
CELEBDF_0005303,Celeb-DF v2,Celeb-synthesis/id51_id57_0004.mp4,1,447,856,478,FMP4,2.51,DeepFake,Celeb-synthesis,id51,id57,,CELEB_COMPONENT_003,,validation
CELEBDF_0005304,Celeb-DF v2,Celeb-synthesis/id51_id57_0005.mp4,1,383,856,478,FMP4,1.06,DeepFake,Celeb-synthesis,id51,id57,,CELEB_COMPONENT_003,,validation
CELEBDF_0005305,Celeb-DF v2,Celeb-synthesis/id51_id57_0006.mp4,1,461,856,478,FMP4,2.08,DeepFake,Celeb-synthesis,id51,id57,,CELEB_COMPONENT_003,,validation
CELEBDF_0005306,Celeb-DF v2,Celeb-synthesis/id51_id57_0007.mp4,1,450,856,478,FMP4,1.97,DeepFake,Celeb-synthesis,id51,id57,,CELEB_COMPONENT_003,,validation
CELEBDF_0005307,Celeb-DF v2,Celeb-synthesis/id51_id57_0008.mp4,1,454,856,478,FMP4,1.8,DeepFake,Celeb-synthesis,id51,id57,,CELEB_COMPONENT_003,,validation
CELEBDF_0005308,Celeb-DF v2,Celeb-synthesis/id51_id58_0000.mp4,1,438,856,478,FMP4,1.49,DeepFake,Celeb-synthesis,id51,id58,,CELEB_COMPONENT_003,,validation
CELEBDF_0005309,Celeb-DF v2,Celeb-synthesis/id51_id58_0001.mp4,1,408,856,478,FMP4,2.1,DeepFake,Celeb-synthesis,id51,id58,,CELEB_COMPONENT_003,,validation
CELEBDF_0005310,Celeb-DF v2,Celeb-synthesis/id51_id58_0002.mp4,1,302,856,478,FMP4,1.58,DeepFake,Celeb-synthesis,id51,id58,,CELEB_COMPONENT_003,,validation
CELEBDF_0005311,Celeb-DF v2,Celeb-synthesis/id51_id58_0004.mp4,1,447,856,478,FMP4,2.52,DeepFake,Celeb-synthesis,id51,id58,,CELEB_COMPONENT_003,,validation
CELEBDF_0005312,Celeb-DF v2,Celeb-synthesis/id51_id58_0005.mp4,1,383,856,478,FMP4,1.07,DeepFake,Celeb-synthesis,id51,id58,,CELEB_COMPONENT_003,,validation
CELEBDF_0005313,Celeb-DF v2,Celeb-synthesis/id51_id58_0006.mp4,1,461,856,478,FMP4,2.09,DeepFake,Celeb-synthesis,id51,id58,,CELEB_COMPONENT_003,,validation
CELEBDF_0005314,Celeb-DF v2,Celeb-synthesis/id51_id58_0007.mp4,1,450,856,478,FMP4,1.99,DeepFake,Celeb-synthesis,id51,id58,,CELEB_COMPONENT_003,,validation
CELEBDF_0005315,Celeb-DF v2,Celeb-synthesis/id51_id58_0008.mp4,1,454,856,478,FMP4,1.8,DeepFake,Celeb-synthesis,id51,id58,,CELEB_COMPONENT_003,,validation
CELEBDF_0005316,Celeb-DF v2,Celeb-synthesis/id51_id58_0009.mp4,1,527,856,478,FMP4,1.72,DeepFake,Celeb-synthesis,id51,id58,,CELEB_COMPONENT_003,,validation
CELEBDF_0005317,Celeb-DF v2,Celeb-synthesis/id52_id49_0000.mp4,1,377,856,478,FMP4,1.06,DeepFake,Celeb-synthesis,id52,id49,,CELEB_COMPONENT_003,,validation
CELEBDF_0005318,Celeb-DF v2,Celeb-synthesis/id52_id49_0001.mp4,1,466,856,478,FMP4,4.06,DeepFake,Celeb-synthesis,id52,id49,,CELEB_COMPONENT_003,,validation
CELEBDF_0005319,Celeb-DF v2,Celeb-synthesis/id52_id49_0002.mp4,1,541,856,478,FMP4,2.06,DeepFake,Celeb-synthesis,id52,id49,,CELEB_COMPONENT_003,,validation
CELEBDF_0005320,Celeb-DF v2,Celeb-synthesis/id52_id49_0003.mp4,1,466,856,478,FMP4,1.41,DeepFake,Celeb-synthesis,id52,id49,,CELEB_COMPONENT_003,,validation
CELEBDF_0005321,Celeb-DF v2,Celeb-synthesis/id52_id49_0004.mp4,1,513,856,478,FMP4,1.93,DeepFake,Celeb-synthesis,id52,id49,,CELEB_COMPONENT_003,,validation
CELEBDF_0005322,Celeb-DF v2,Celeb-synthesis/id52_id49_0005.mp4,1,464,856,478,FMP4,1.64,DeepFake,Celeb-synthesis,id52,id49,,CELEB_COMPONENT_003,,validation
CELEBDF_0005323,Celeb-DF v2,Celeb-synthesis/id52_id49_0006.mp4,1,455,856,478,FMP4,1.56,DeepFake,Celeb-synthesis,id52,id49,,CELEB_COMPONENT_003,,validation
CELEBDF_0005324,Celeb-DF v2,Celeb-synthesis/id52_id49_0007.mp4,1,494,856,478,FMP4,1.5,DeepFake,Celeb-synthesis,id52,id49,,CELEB_COMPONENT_003,,validation
CELEBDF_0005325,Celeb-DF v2,Celeb-synthesis/id52_id49_0008.mp4,1,551,856,478,FMP4,2.84,DeepFake,Celeb-synthesis,id52,id49,,CELEB_COMPONENT_003,,validation
CELEBDF_0005326,Celeb-DF v2,Celeb-synthesis/id52_id49_0009.mp4,1,327,856,478,FMP4,1.42,DeepFake,Celeb-synthesis,id52,id49,,CELEB_COMPONENT_003,,validation
CELEBDF_0005327,Celeb-DF v2,Celeb-synthesis/id52_id50_0000.mp4,1,377,856,478,FMP4,1.05,DeepFake,Celeb-synthesis,id52,id50,,CELEB_COMPONENT_003,,validation
CELEBDF_0005328,Celeb-DF v2,Celeb-synthesis/id52_id50_0001.mp4,1,466,856,478,FMP4,4.05,DeepFake,Celeb-synthesis,id52,id50,,CELEB_COMPONENT_003,,validation
CELEBDF_0005329,Celeb-DF v2,Celeb-synthesis/id52_id50_0002.mp4,1,541,856,478,FMP4,2.06,DeepFake,Celeb-synthesis,id52,id50,,CELEB_COMPONENT_003,,validation
CELEBDF_0005330,Celeb-DF v2,Celeb-synthesis/id52_id50_0003.mp4,1,466,856,478,FMP4,1.41,DeepFake,Celeb-synthesis,id52,id50,,CELEB_COMPONENT_003,,validation
CELEBDF_0005331,Celeb-DF v2,Celeb-synthesis/id52_id50_0004.mp4,1,513,856,478,FMP4,1.93,DeepFake,Celeb-synthesis,id52,id50,,CELEB_COMPONENT_003,,validation
CELEBDF_0005332,Celeb-DF v2,Celeb-synthesis/id52_id50_0005.mp4,1,464,856,478,FMP4,1.64,DeepFake,Celeb-synthesis,id52,id50,,CELEB_COMPONENT_003,,validation
CELEBDF_0005333,Celeb-DF v2,Celeb-synthesis/id52_id50_0006.mp4,1,455,856,478,FMP4,1.56,DeepFake,Celeb-synthesis,id52,id50,,CELEB_COMPONENT_003,,validation
CELEBDF_0005334,Celeb-DF v2,Celeb-synthesis/id52_id50_0007.mp4,1,494,856,478,FMP4,1.5,DeepFake,Celeb-synthesis,id52,id50,,CELEB_COMPONENT_003,,validation
CELEBDF_0005335,Celeb-DF v2,Celeb-synthesis/id52_id50_0008.mp4,1,551,856,478,FMP4,2.84,DeepFake,Celeb-synthesis,id52,id50,,CELEB_COMPONENT_003,,validation
CELEBDF_0005336,Celeb-DF v2,Celeb-synthesis/id52_id50_0009.mp4,1,327,856,478,FMP4,1.42,DeepFake,Celeb-synthesis,id52,id50,,CELEB_COMPONENT_003,,validation
CELEBDF_0005337,Celeb-DF v2,Celeb-synthesis/id52_id53_0000.mp4,1,377,856,478,FMP4,1.05,DeepFake,Celeb-synthesis,id52,id53,,CELEB_COMPONENT_003,,validation
CELEBDF_0005338,Celeb-DF v2,Celeb-synthesis/id52_id53_0001.mp4,1,466,856,478,FMP4,4.05,DeepFake,Celeb-synthesis,id52,id53,,CELEB_COMPONENT_003,,validation
CELEBDF_0005339,Celeb-DF v2,Celeb-synthesis/id52_id53_0002.mp4,1,541,856,478,FMP4,2.05,DeepFake,Celeb-synthesis,id52,id53,,CELEB_COMPONENT_003,,validation
CELEBDF_0005340,Celeb-DF v2,Celeb-synthesis/id52_id53_0003.mp4,1,466,856,478,FMP4,1.41,DeepFake,Celeb-synthesis,id52,id53,,CELEB_COMPONENT_003,,validation
CELEBDF_0005341,Celeb-DF v2,Celeb-synthesis/id52_id53_0004.mp4,1,513,856,478,FMP4,1.92,DeepFake,Celeb-synthesis,id52,id53,,CELEB_COMPONENT_003,,validation
CELEBDF_0005342,Celeb-DF v2,Celeb-synthesis/id52_id53_0005.mp4,1,464,856,478,FMP4,1.64,DeepFake,Celeb-synthesis,id52,id53,,CELEB_COMPONENT_003,,validation
CELEBDF_0005343,Celeb-DF v2,Celeb-synthesis/id52_id53_0006.mp4,1,455,856,478,FMP4,1.56,DeepFake,Celeb-synthesis,id52,id53,,CELEB_COMPONENT_003,,validation
CELEBDF_0005344,Celeb-DF v2,Celeb-synthesis/id52_id53_0007.mp4,1,494,856,478,FMP4,1.49,DeepFake,Celeb-synthesis,id52,id53,,CELEB_COMPONENT_003,,validation
CELEBDF_0005345,Celeb-DF v2,Celeb-synthesis/id52_id53_0008.mp4,1,551,856,478,FMP4,2.84,DeepFake,Celeb-synthesis,id52,id53,,CELEB_COMPONENT_003,,validation
CELEBDF_0005346,Celeb-DF v2,Celeb-synthesis/id52_id53_0009.mp4,1,327,856,478,FMP4,1.41,DeepFake,Celeb-synthesis,id52,id53,,CELEB_COMPONENT_003,,validation
CELEBDF_0005347,Celeb-DF v2,Celeb-synthesis/id52_id54_0000.mp4,1,377,856,478,FMP4,1.06,DeepFake,Celeb-synthesis,id52,id54,,CELEB_COMPONENT_003,,validation
CELEBDF_0005348,Celeb-DF v2,Celeb-synthesis/id52_id54_0001.mp4,1,466,856,478,FMP4,4.06,DeepFake,Celeb-synthesis,id52,id54,,CELEB_COMPONENT_003,,validation
CELEBDF_0005349,Celeb-DF v2,Celeb-synthesis/id52_id54_0002.mp4,1,541,856,478,FMP4,2.05,DeepFake,Celeb-synthesis,id52,id54,,CELEB_COMPONENT_003,,validation
CELEBDF_0005350,Celeb-DF v2,Celeb-synthesis/id52_id54_0003.mp4,1,466,856,478,FMP4,1.41,DeepFake,Celeb-synthesis,id52,id54,,CELEB_COMPONENT_003,,validation
CELEBDF_0005351,Celeb-DF v2,Celeb-synthesis/id52_id54_0004.mp4,1,513,856,478,FMP4,1.92,DeepFake,Celeb-synthesis,id52,id54,,CELEB_COMPONENT_003,,validation
CELEBDF_0005352,Celeb-DF v2,Celeb-synthesis/id52_id54_0005.mp4,1,464,856,478,FMP4,1.64,DeepFake,Celeb-synthesis,id52,id54,,CELEB_COMPONENT_003,,validation
CELEBDF_0005353,Celeb-DF v2,Celeb-synthesis/id52_id54_0006.mp4,1,455,856,478,FMP4,1.56,DeepFake,Celeb-synthesis,id52,id54,,CELEB_COMPONENT_003,,validation
CELEBDF_0005354,Celeb-DF v2,Celeb-synthesis/id52_id54_0007.mp4,1,494,856,478,FMP4,1.5,DeepFake,Celeb-synthesis,id52,id54,,CELEB_COMPONENT_003,,validation
CELEBDF_0005355,Celeb-DF v2,Celeb-synthesis/id52_id54_0008.mp4,1,551,856,478,FMP4,2.85,DeepFake,Celeb-synthesis,id52,id54,,CELEB_COMPONENT_003,,validation
CELEBDF_0005356,Celeb-DF v2,Celeb-synthesis/id52_id54_0009.mp4,1,327,856,478,FMP4,1.42,DeepFake,Celeb-synthesis,id52,id54,,CELEB_COMPONENT_003,,validation
CELEBDF_0005357,Celeb-DF v2,Celeb-synthesis/id52_id55_0000.mp4,1,377,856,478,FMP4,1.05,DeepFake,Celeb-synthesis,id52,id55,,CELEB_COMPONENT_003,,validation
CELEBDF_0005358,Celeb-DF v2,Celeb-synthesis/id52_id55_0001.mp4,1,466,856,478,FMP4,4.06,DeepFake,Celeb-synthesis,id52,id55,,CELEB_COMPONENT_003,,validation
CELEBDF_0005359,Celeb-DF v2,Celeb-synthesis/id52_id55_0002.mp4,1,541,856,478,FMP4,2.05,DeepFake,Celeb-synthesis,id52,id55,,CELEB_COMPONENT_003,,validation
CELEBDF_0005360,Celeb-DF v2,Celeb-synthesis/id52_id55_0003.mp4,1,466,856,478,FMP4,1.41,DeepFake,Celeb-synthesis,id52,id55,,CELEB_COMPONENT_003,,validation
CELEBDF_0005361,Celeb-DF v2,Celeb-synthesis/id52_id55_0004.mp4,1,513,856,478,FMP4,1.92,DeepFake,Celeb-synthesis,id52,id55,,CELEB_COMPONENT_003,,validation
CELEBDF_0005362,Celeb-DF v2,Celeb-synthesis/id52_id55_0005.mp4,1,464,856,478,FMP4,1.63,DeepFake,Celeb-synthesis,id52,id55,,CELEB_COMPONENT_003,,validation
CELEBDF_0005363,Celeb-DF v2,Celeb-synthesis/id52_id55_0006.mp4,1,455,856,478,FMP4,1.56,DeepFake,Celeb-synthesis,id52,id55,,CELEB_COMPONENT_003,,validation
CELEBDF_0005364,Celeb-DF v2,Celeb-synthesis/id52_id55_0007.mp4,1,494,856,478,FMP4,1.5,DeepFake,Celeb-synthesis,id52,id55,,CELEB_COMPONENT_003,,validation
CELEBDF_0005365,Celeb-DF v2,Celeb-synthesis/id52_id55_0008.mp4,1,551,856,478,FMP4,2.84,DeepFake,Celeb-synthesis,id52,id55,,CELEB_COMPONENT_003,,validation
CELEBDF_0005366,Celeb-DF v2,Celeb-synthesis/id52_id55_0009.mp4,1,327,856,478,FMP4,1.42,DeepFake,Celeb-synthesis,id52,id55,,CELEB_COMPONENT_003,,validation
CELEBDF_0005367,Celeb-DF v2,Celeb-synthesis/id52_id56_0000.mp4,1,377,856,478,FMP4,1.05,DeepFake,Celeb-synthesis,id52,id56,,CELEB_COMPONENT_003,,validation
CELEBDF_0005368,Celeb-DF v2,Celeb-synthesis/id52_id56_0001.mp4,1,466,856,478,FMP4,4.06,DeepFake,Celeb-synthesis,id52,id56,,CELEB_COMPONENT_003,,validation
CELEBDF_0005369,Celeb-DF v2,Celeb-synthesis/id52_id56_0002.mp4,1,541,856,478,FMP4,2.05,DeepFake,Celeb-synthesis,id52,id56,,CELEB_COMPONENT_003,,validation
CELEBDF_0005370,Celeb-DF v2,Celeb-synthesis/id52_id56_0003.mp4,1,466,856,478,FMP4,1.41,DeepFake,Celeb-synthesis,id52,id56,,CELEB_COMPONENT_003,,validation
CELEBDF_0005371,Celeb-DF v2,Celeb-synthesis/id52_id56_0004.mp4,1,513,856,478,FMP4,1.93,DeepFake,Celeb-synthesis,id52,id56,,CELEB_COMPONENT_003,,validation
CELEBDF_0005372,Celeb-DF v2,Celeb-synthesis/id52_id56_0005.mp4,1,464,856,478,FMP4,1.64,DeepFake,Celeb-synthesis,id52,id56,,CELEB_COMPONENT_003,,validation
CELEBDF_0005373,Celeb-DF v2,Celeb-synthesis/id52_id56_0006.mp4,1,455,856,478,FMP4,1.57,DeepFake,Celeb-synthesis,id52,id56,,CELEB_COMPONENT_003,,validation
CELEBDF_0005374,Celeb-DF v2,Celeb-synthesis/id52_id56_0007.mp4,1,494,856,478,FMP4,1.5,DeepFake,Celeb-synthesis,id52,id56,,CELEB_COMPONENT_003,,validation
CELEBDF_0005375,Celeb-DF v2,Celeb-synthesis/id52_id56_0008.mp4,1,551,856,478,FMP4,2.85,DeepFake,Celeb-synthesis,id52,id56,,CELEB_COMPONENT_003,,validation
CELEBDF_0005376,Celeb-DF v2,Celeb-synthesis/id52_id56_0009.mp4,1,327,856,478,FMP4,1.42,DeepFake,Celeb-synthesis,id52,id56,,CELEB_COMPONENT_003,,validation
CELEBDF_0005377,Celeb-DF v2,Celeb-synthesis/id52_id57_0000.mp4,1,377,856,478,FMP4,1.06,DeepFake,Celeb-synthesis,id52,id57,,CELEB_COMPONENT_003,,validation
CELEBDF_0005378,Celeb-DF v2,Celeb-synthesis/id52_id57_0001.mp4,1,466,856,478,FMP4,4.06,DeepFake,Celeb-synthesis,id52,id57,,CELEB_COMPONENT_003,,validation
CELEBDF_0005379,Celeb-DF v2,Celeb-synthesis/id52_id57_0002.mp4,1,541,856,478,FMP4,2.05,DeepFake,Celeb-synthesis,id52,id57,,CELEB_COMPONENT_003,,validation
CELEBDF_0005380,Celeb-DF v2,Celeb-synthesis/id52_id57_0003.mp4,1,466,856,478,FMP4,1.4,DeepFake,Celeb-synthesis,id52,id57,,CELEB_COMPONENT_003,,validation
CELEBDF_0005381,Celeb-DF v2,Celeb-synthesis/id52_id57_0004.mp4,1,513,856,478,FMP4,1.93,DeepFake,Celeb-synthesis,id52,id57,,CELEB_COMPONENT_003,,validation
CELEBDF_0005382,Celeb-DF v2,Celeb-synthesis/id52_id57_0005.mp4,1,464,856,478,FMP4,1.64,DeepFake,Celeb-synthesis,id52,id57,,CELEB_COMPONENT_003,,validation
CELEBDF_0005383,Celeb-DF v2,Celeb-synthesis/id52_id57_0006.mp4,1,455,856,478,FMP4,1.56,DeepFake,Celeb-synthesis,id52,id57,,CELEB_COMPONENT_003,,validation
CELEBDF_0005384,Celeb-DF v2,Celeb-synthesis/id52_id57_0007.mp4,1,494,856,478,FMP4,1.5,DeepFake,Celeb-synthesis,id52,id57,,CELEB_COMPONENT_003,,validation
CELEBDF_0005385,Celeb-DF v2,Celeb-synthesis/id52_id57_0008.mp4,1,551,856,478,FMP4,2.85,DeepFake,Celeb-synthesis,id52,id57,,CELEB_COMPONENT_003,,validation
CELEBDF_0005386,Celeb-DF v2,Celeb-synthesis/id52_id57_0009.mp4,1,327,856,478,FMP4,1.42,DeepFake,Celeb-synthesis,id52,id57,,CELEB_COMPONENT_003,,validation
CELEBDF_0005387,Celeb-DF v2,Celeb-synthesis/id52_id58_0000.mp4,1,377,856,478,FMP4,1.06,DeepFake,Celeb-synthesis,id52,id58,,CELEB_COMPONENT_003,,validation
CELEBDF_0005388,Celeb-DF v2,Celeb-synthesis/id52_id58_0001.mp4,1,466,856,478,FMP4,4.06,DeepFake,Celeb-synthesis,id52,id58,,CELEB_COMPONENT_003,,validation
CELEBDF_0005389,Celeb-DF v2,Celeb-synthesis/id52_id58_0002.mp4,1,541,856,478,FMP4,2.05,DeepFake,Celeb-synthesis,id52,id58,,CELEB_COMPONENT_003,,validation
CELEBDF_0005390,Celeb-DF v2,Celeb-synthesis/id52_id58_0003.mp4,1,466,856,478,FMP4,1.41,DeepFake,Celeb-synthesis,id52,id58,,CELEB_COMPONENT_003,,validation
CELEBDF_0005391,Celeb-DF v2,Celeb-synthesis/id52_id58_0004.mp4,1,513,856,478,FMP4,1.93,DeepFake,Celeb-synthesis,id52,id58,,CELEB_COMPONENT_003,,validation
CELEBDF_0005392,Celeb-DF v2,Celeb-synthesis/id52_id58_0005.mp4,1,464,856,478,FMP4,1.64,DeepFake,Celeb-synthesis,id52,id58,,CELEB_COMPONENT_003,,validation
CELEBDF_0005393,Celeb-DF v2,Celeb-synthesis/id52_id58_0007.mp4,1,494,856,478,FMP4,1.5,DeepFake,Celeb-synthesis,id52,id58,,CELEB_COMPONENT_003,,validation
CELEBDF_0005394,Celeb-DF v2,Celeb-synthesis/id52_id58_0008.mp4,1,551,856,478,FMP4,2.84,DeepFake,Celeb-synthesis,id52,id58,,CELEB_COMPONENT_003,,validation
CELEBDF_0005395,Celeb-DF v2,Celeb-synthesis/id52_id58_0009.mp4,1,327,856,478,FMP4,1.42,DeepFake,Celeb-synthesis,id52,id58,,CELEB_COMPONENT_003,,validation
CELEBDF_0005396,Celeb-DF v2,Celeb-synthesis/id53_id49_0000.mp4,1,473,856,478,FMP4,1.62,DeepFake,Celeb-synthesis,id53,id49,,CELEB_COMPONENT_003,,validation
CELEBDF_0005397,Celeb-DF v2,Celeb-synthesis/id53_id49_0001.mp4,1,328,856,478,FMP4,1.61,DeepFake,Celeb-synthesis,id53,id49,,CELEB_COMPONENT_003,,validation
CELEBDF_0005398,Celeb-DF v2,Celeb-synthesis/id53_id49_0002.mp4,1,305,856,478,FMP4,1.44,DeepFake,Celeb-synthesis,id53,id49,,CELEB_COMPONENT_003,,validation
CELEBDF_0005399,Celeb-DF v2,Celeb-synthesis/id53_id49_0003.mp4,1,472,856,478,FMP4,1.76,DeepFake,Celeb-synthesis,id53,id49,,CELEB_COMPONENT_003,,validation
CELEBDF_0005400,Celeb-DF v2,Celeb-synthesis/id53_id49_0004.mp4,1,477,856,478,FMP4,1.24,DeepFake,Celeb-synthesis,id53,id49,,CELEB_COMPONENT_003,,validation
CELEBDF_0005401,Celeb-DF v2,Celeb-synthesis/id53_id49_0005.mp4,1,466,856,478,FMP4,1.01,DeepFake,Celeb-synthesis,id53,id49,,CELEB_COMPONENT_003,,validation
CELEBDF_0005402,Celeb-DF v2,Celeb-synthesis/id53_id49_0006.mp4,1,485,856,478,FMP4,1.9,DeepFake,Celeb-synthesis,id53,id49,,CELEB_COMPONENT_003,,validation
CELEBDF_0005403,Celeb-DF v2,Celeb-synthesis/id53_id49_0008.mp4,1,449,856,478,FMP4,1.03,DeepFake,Celeb-synthesis,id53,id49,,CELEB_COMPONENT_003,,validation
CELEBDF_0005404,Celeb-DF v2,Celeb-synthesis/id53_id49_0009.mp4,1,451,856,478,FMP4,1.58,DeepFake,Celeb-synthesis,id53,id49,,CELEB_COMPONENT_003,,validation
CELEBDF_0005405,Celeb-DF v2,Celeb-synthesis/id53_id50_0000.mp4,1,473,856,478,FMP4,1.62,DeepFake,Celeb-synthesis,id53,id50,,CELEB_COMPONENT_003,,validation
CELEBDF_0005406,Celeb-DF v2,Celeb-synthesis/id53_id50_0001.mp4,1,328,856,478,FMP4,1.61,DeepFake,Celeb-synthesis,id53,id50,,CELEB_COMPONENT_003,,validation
CELEBDF_0005407,Celeb-DF v2,Celeb-synthesis/id53_id50_0002.mp4,1,305,856,478,FMP4,1.44,DeepFake,Celeb-synthesis,id53,id50,,CELEB_COMPONENT_003,,validation
CELEBDF_0005408,Celeb-DF v2,Celeb-synthesis/id53_id50_0003.mp4,1,472,856,478,FMP4,1.77,DeepFake,Celeb-synthesis,id53,id50,,CELEB_COMPONENT_003,,validation
CELEBDF_0005409,Celeb-DF v2,Celeb-synthesis/id53_id50_0004.mp4,1,477,856,478,FMP4,1.24,DeepFake,Celeb-synthesis,id53,id50,,CELEB_COMPONENT_003,,validation
CELEBDF_0005410,Celeb-DF v2,Celeb-synthesis/id53_id50_0005.mp4,1,466,856,478,FMP4,1.01,DeepFake,Celeb-synthesis,id53,id50,,CELEB_COMPONENT_003,,validation
CELEBDF_0005411,Celeb-DF v2,Celeb-synthesis/id53_id50_0006.mp4,1,485,856,478,FMP4,1.9,DeepFake,Celeb-synthesis,id53,id50,,CELEB_COMPONENT_003,,validation
CELEBDF_0005412,Celeb-DF v2,Celeb-synthesis/id53_id50_0007.mp4,1,447,856,478,FMP4,1.27,DeepFake,Celeb-synthesis,id53,id50,,CELEB_COMPONENT_003,,validation
CELEBDF_0005413,Celeb-DF v2,Celeb-synthesis/id53_id50_0008.mp4,1,449,856,478,FMP4,1.03,DeepFake,Celeb-synthesis,id53,id50,,CELEB_COMPONENT_003,,validation
CELEBDF_0005414,Celeb-DF v2,Celeb-synthesis/id53_id50_0009.mp4,1,451,856,478,FMP4,1.58,DeepFake,Celeb-synthesis,id53,id50,,CELEB_COMPONENT_003,,validation
CELEBDF_0005415,Celeb-DF v2,Celeb-synthesis/id53_id51_0000.mp4,1,473,856,478,FMP4,1.64,DeepFake,Celeb-synthesis,id53,id51,,CELEB_COMPONENT_003,,validation
CELEBDF_0005416,Celeb-DF v2,Celeb-synthesis/id53_id51_0001.mp4,1,328,856,478,FMP4,1.61,DeepFake,Celeb-synthesis,id53,id51,,CELEB_COMPONENT_003,,validation
CELEBDF_0005417,Celeb-DF v2,Celeb-synthesis/id53_id51_0002.mp4,1,305,856,478,FMP4,1.44,DeepFake,Celeb-synthesis,id53,id51,,CELEB_COMPONENT_003,,validation
CELEBDF_0005418,Celeb-DF v2,Celeb-synthesis/id53_id51_0003.mp4,1,472,856,478,FMP4,1.78,DeepFake,Celeb-synthesis,id53,id51,,CELEB_COMPONENT_003,,validation
CELEBDF_0005419,Celeb-DF v2,Celeb-synthesis/id53_id51_0004.mp4,1,477,856,478,FMP4,1.25,DeepFake,Celeb-synthesis,id53,id51,,CELEB_COMPONENT_003,,validation
CELEBDF_0005420,Celeb-DF v2,Celeb-synthesis/id53_id51_0005.mp4,1,466,856,478,FMP4,1.01,DeepFake,Celeb-synthesis,id53,id51,,CELEB_COMPONENT_003,,validation
CELEBDF_0005421,Celeb-DF v2,Celeb-synthesis/id53_id51_0006.mp4,1,485,856,478,FMP4,1.91,DeepFake,Celeb-synthesis,id53,id51,,CELEB_COMPONENT_003,,validation
CELEBDF_0005422,Celeb-DF v2,Celeb-synthesis/id53_id51_0007.mp4,1,447,856,478,FMP4,1.27,DeepFake,Celeb-synthesis,id53,id51,,CELEB_COMPONENT_003,,validation
CELEBDF_0005423,Celeb-DF v2,Celeb-synthesis/id53_id51_0008.mp4,1,449,856,478,FMP4,1.04,DeepFake,Celeb-synthesis,id53,id51,,CELEB_COMPONENT_003,,validation
CELEBDF_0005424,Celeb-DF v2,Celeb-synthesis/id53_id51_0009.mp4,1,451,856,478,FMP4,1.58,DeepFake,Celeb-synthesis,id53,id51,,CELEB_COMPONENT_003,,validation
CELEBDF_0005425,Celeb-DF v2,Celeb-synthesis/id53_id52_0000.mp4,1,473,856,478,FMP4,1.62,DeepFake,Celeb-synthesis,id53,id52,,CELEB_COMPONENT_003,,validation
CELEBDF_0005426,Celeb-DF v2,Celeb-synthesis/id53_id52_0001.mp4,1,328,856,478,FMP4,1.61,DeepFake,Celeb-synthesis,id53,id52,,CELEB_COMPONENT_003,,validation
CELEBDF_0005427,Celeb-DF v2,Celeb-synthesis/id53_id52_0002.mp4,1,305,856,478,FMP4,1.43,DeepFake,Celeb-synthesis,id53,id52,,CELEB_COMPONENT_003,,validation
CELEBDF_0005428,Celeb-DF v2,Celeb-synthesis/id53_id52_0003.mp4,1,472,856,478,FMP4,1.75,DeepFake,Celeb-synthesis,id53,id52,,CELEB_COMPONENT_003,,validation
CELEBDF_0005429,Celeb-DF v2,Celeb-synthesis/id53_id52_0004.mp4,1,477,856,478,FMP4,1.25,DeepFake,Celeb-synthesis,id53,id52,,CELEB_COMPONENT_003,,validation
CELEBDF_0005430,Celeb-DF v2,Celeb-synthesis/id53_id52_0005.mp4,1,466,856,478,FMP4,1.01,DeepFake,Celeb-synthesis,id53,id52,,CELEB_COMPONENT_003,,validation
CELEBDF_0005431,Celeb-DF v2,Celeb-synthesis/id53_id52_0006.mp4,1,485,856,478,FMP4,1.9,DeepFake,Celeb-synthesis,id53,id52,,CELEB_COMPONENT_003,,validation
CELEBDF_0005432,Celeb-DF v2,Celeb-synthesis/id53_id52_0007.mp4,1,447,856,478,FMP4,1.26,DeepFake,Celeb-synthesis,id53,id52,,CELEB_COMPONENT_003,,validation
CELEBDF_0005433,Celeb-DF v2,Celeb-synthesis/id53_id52_0008.mp4,1,449,856,478,FMP4,1.04,DeepFake,Celeb-synthesis,id53,id52,,CELEB_COMPONENT_003,,validation
CELEBDF_0005434,Celeb-DF v2,Celeb-synthesis/id53_id52_0009.mp4,1,451,856,478,FMP4,1.57,DeepFake,Celeb-synthesis,id53,id52,,CELEB_COMPONENT_003,,validation
CELEBDF_0005435,Celeb-DF v2,Celeb-synthesis/id53_id54_0000.mp4,1,473,856,478,FMP4,1.63,DeepFake,Celeb-synthesis,id53,id54,,CELEB_COMPONENT_003,,validation
CELEBDF_0005436,Celeb-DF v2,Celeb-synthesis/id53_id54_0001.mp4,1,328,856,478,FMP4,1.61,DeepFake,Celeb-synthesis,id53,id54,,CELEB_COMPONENT_003,,validation
CELEBDF_0005437,Celeb-DF v2,Celeb-synthesis/id53_id54_0002.mp4,1,305,856,478,FMP4,1.44,DeepFake,Celeb-synthesis,id53,id54,,CELEB_COMPONENT_003,,validation
CELEBDF_0005438,Celeb-DF v2,Celeb-synthesis/id53_id54_0003.mp4,1,472,856,478,FMP4,1.76,DeepFake,Celeb-synthesis,id53,id54,,CELEB_COMPONENT_003,,validation
CELEBDF_0005439,Celeb-DF v2,Celeb-synthesis/id53_id54_0004.mp4,1,477,856,478,FMP4,1.25,DeepFake,Celeb-synthesis,id53,id54,,CELEB_COMPONENT_003,,validation
CELEBDF_0005440,Celeb-DF v2,Celeb-synthesis/id53_id54_0005.mp4,1,466,856,478,FMP4,1.01,DeepFake,Celeb-synthesis,id53,id54,,CELEB_COMPONENT_003,,validation
CELEBDF_0005441,Celeb-DF v2,Celeb-synthesis/id53_id54_0006.mp4,1,485,856,478,FMP4,1.91,DeepFake,Celeb-synthesis,id53,id54,,CELEB_COMPONENT_003,,validation
CELEBDF_0005442,Celeb-DF v2,Celeb-synthesis/id53_id54_0008.mp4,1,449,856,478,FMP4,1.04,DeepFake,Celeb-synthesis,id53,id54,,CELEB_COMPONENT_003,,validation
CELEBDF_0005443,Celeb-DF v2,Celeb-synthesis/id53_id54_0009.mp4,1,451,856,478,FMP4,1.58,DeepFake,Celeb-synthesis,id53,id54,,CELEB_COMPONENT_003,,validation
CELEBDF_0005444,Celeb-DF v2,Celeb-synthesis/id53_id55_0000.mp4,1,473,856,478,FMP4,1.62,DeepFake,Celeb-synthesis,id53,id55,,CELEB_COMPONENT_003,,validation
CELEBDF_0005445,Celeb-DF v2,Celeb-synthesis/id53_id55_0001.mp4,1,328,856,478,FMP4,1.61,DeepFake,Celeb-synthesis,id53,id55,,CELEB_COMPONENT_003,,validation
CELEBDF_0005446,Celeb-DF v2,Celeb-synthesis/id53_id55_0002.mp4,1,305,856,478,FMP4,1.43,DeepFake,Celeb-synthesis,id53,id55,,CELEB_COMPONENT_003,,validation
CELEBDF_0005447,Celeb-DF v2,Celeb-synthesis/id53_id55_0003.mp4,1,472,856,478,FMP4,1.75,DeepFake,Celeb-synthesis,id53,id55,,CELEB_COMPONENT_003,,validation
CELEBDF_0005448,Celeb-DF v2,Celeb-synthesis/id53_id55_0004.mp4,1,477,856,478,FMP4,1.24,DeepFake,Celeb-synthesis,id53,id55,,CELEB_COMPONENT_003,,validation
CELEBDF_0005449,Celeb-DF v2,Celeb-synthesis/id53_id55_0005.mp4,1,466,856,478,FMP4,1.01,DeepFake,Celeb-synthesis,id53,id55,,CELEB_COMPONENT_003,,validation
CELEBDF_0005450,Celeb-DF v2,Celeb-synthesis/id53_id55_0006.mp4,1,485,856,478,FMP4,1.9,DeepFake,Celeb-synthesis,id53,id55,,CELEB_COMPONENT_003,,validation
CELEBDF_0005451,Celeb-DF v2,Celeb-synthesis/id53_id55_0007.mp4,1,447,856,478,FMP4,1.27,DeepFake,Celeb-synthesis,id53,id55,,CELEB_COMPONENT_003,,validation
CELEBDF_0005452,Celeb-DF v2,Celeb-synthesis/id53_id55_0008.mp4,1,449,856,478,FMP4,1.03,DeepFake,Celeb-synthesis,id53,id55,,CELEB_COMPONENT_003,,validation
CELEBDF_0005453,Celeb-DF v2,Celeb-synthesis/id53_id55_0009.mp4,1,451,856,478,FMP4,1.58,DeepFake,Celeb-synthesis,id53,id55,,CELEB_COMPONENT_003,,validation
CELEBDF_0005454,Celeb-DF v2,Celeb-synthesis/id53_id56_0000.mp4,1,473,856,478,FMP4,1.62,DeepFake,Celeb-synthesis,id53,id56,,CELEB_COMPONENT_003,,validation
CELEBDF_0005455,Celeb-DF v2,Celeb-synthesis/id53_id56_0001.mp4,1,328,856,478,FMP4,1.61,DeepFake,Celeb-synthesis,id53,id56,,CELEB_COMPONENT_003,,validation
CELEBDF_0005456,Celeb-DF v2,Celeb-synthesis/id53_id56_0002.mp4,1,305,856,478,FMP4,1.44,DeepFake,Celeb-synthesis,id53,id56,,CELEB_COMPONENT_003,,validation
CELEBDF_0005457,Celeb-DF v2,Celeb-synthesis/id53_id56_0003.mp4,1,472,856,478,FMP4,1.74,DeepFake,Celeb-synthesis,id53,id56,,CELEB_COMPONENT_003,,validation
CELEBDF_0005458,Celeb-DF v2,Celeb-synthesis/id53_id56_0004.mp4,1,477,856,478,FMP4,1.25,DeepFake,Celeb-synthesis,id53,id56,,CELEB_COMPONENT_003,,validation
CELEBDF_0005459,Celeb-DF v2,Celeb-synthesis/id53_id56_0005.mp4,1,466,856,478,FMP4,1.01,DeepFake,Celeb-synthesis,id53,id56,,CELEB_COMPONENT_003,,validation
CELEBDF_0005460,Celeb-DF v2,Celeb-synthesis/id53_id56_0006.mp4,1,485,856,478,FMP4,1.9,DeepFake,Celeb-synthesis,id53,id56,,CELEB_COMPONENT_003,,validation
CELEBDF_0005461,Celeb-DF v2,Celeb-synthesis/id53_id56_0007.mp4,1,447,856,478,FMP4,1.27,DeepFake,Celeb-synthesis,id53,id56,,CELEB_COMPONENT_003,,validation
CELEBDF_0005462,Celeb-DF v2,Celeb-synthesis/id53_id56_0008.mp4,1,449,856,478,FMP4,1.04,DeepFake,Celeb-synthesis,id53,id56,,CELEB_COMPONENT_003,,validation
CELEBDF_0005463,Celeb-DF v2,Celeb-synthesis/id53_id56_0009.mp4,1,451,856,478,FMP4,1.58,DeepFake,Celeb-synthesis,id53,id56,,CELEB_COMPONENT_003,,validation
CELEBDF_0005464,Celeb-DF v2,Celeb-synthesis/id53_id57_0000.mp4,1,473,856,478,FMP4,1.62,DeepFake,Celeb-synthesis,id53,id57,,CELEB_COMPONENT_003,,validation
CELEBDF_0005465,Celeb-DF v2,Celeb-synthesis/id53_id57_0002.mp4,1,305,856,478,FMP4,1.44,DeepFake,Celeb-synthesis,id53,id57,,CELEB_COMPONENT_003,,validation
CELEBDF_0005466,Celeb-DF v2,Celeb-synthesis/id53_id57_0003.mp4,1,472,856,478,FMP4,1.76,DeepFake,Celeb-synthesis,id53,id57,,CELEB_COMPONENT_003,,validation
CELEBDF_0005467,Celeb-DF v2,Celeb-synthesis/id53_id57_0004.mp4,1,477,856,478,FMP4,1.24,DeepFake,Celeb-synthesis,id53,id57,,CELEB_COMPONENT_003,,validation
CELEBDF_0005468,Celeb-DF v2,Celeb-synthesis/id53_id57_0005.mp4,1,466,856,478,FMP4,1.0,DeepFake,Celeb-synthesis,id53,id57,,CELEB_COMPONENT_003,,validation
CELEBDF_0005469,Celeb-DF v2,Celeb-synthesis/id53_id57_0006.mp4,1,485,856,478,FMP4,1.89,DeepFake,Celeb-synthesis,id53,id57,,CELEB_COMPONENT_003,,validation
CELEBDF_0005470,Celeb-DF v2,Celeb-synthesis/id53_id57_0007.mp4,1,447,856,478,FMP4,1.26,DeepFake,Celeb-synthesis,id53,id57,,CELEB_COMPONENT_003,,validation
CELEBDF_0005471,Celeb-DF v2,Celeb-synthesis/id53_id57_0008.mp4,1,449,856,478,FMP4,1.03,DeepFake,Celeb-synthesis,id53,id57,,CELEB_COMPONENT_003,,validation
CELEBDF_0005472,Celeb-DF v2,Celeb-synthesis/id53_id58_0000.mp4,1,473,856,478,FMP4,1.63,DeepFake,Celeb-synthesis,id53,id58,,CELEB_COMPONENT_003,,validation
CELEBDF_0005473,Celeb-DF v2,Celeb-synthesis/id53_id58_0001.mp4,1,328,856,478,FMP4,1.61,DeepFake,Celeb-synthesis,id53,id58,,CELEB_COMPONENT_003,,validation
CELEBDF_0005474,Celeb-DF v2,Celeb-synthesis/id53_id58_0002.mp4,1,305,856,478,FMP4,1.44,DeepFake,Celeb-synthesis,id53,id58,,CELEB_COMPONENT_003,,validation
CELEBDF_0005475,Celeb-DF v2,Celeb-synthesis/id53_id58_0003.mp4,1,472,856,478,FMP4,1.76,DeepFake,Celeb-synthesis,id53,id58,,CELEB_COMPONENT_003,,validation
CELEBDF_0005476,Celeb-DF v2,Celeb-synthesis/id53_id58_0004.mp4,1,477,856,478,FMP4,1.25,DeepFake,Celeb-synthesis,id53,id58,,CELEB_COMPONENT_003,,validation
CELEBDF_0005477,Celeb-DF v2,Celeb-synthesis/id53_id58_0005.mp4,1,466,856,478,FMP4,1.02,DeepFake,Celeb-synthesis,id53,id58,,CELEB_COMPONENT_003,,validation
CELEBDF_0005478,Celeb-DF v2,Celeb-synthesis/id53_id58_0006.mp4,1,485,856,478,FMP4,1.9,DeepFake,Celeb-synthesis,id53,id58,,CELEB_COMPONENT_003,,validation
CELEBDF_0005479,Celeb-DF v2,Celeb-synthesis/id53_id58_0007.mp4,1,447,856,478,FMP4,1.27,DeepFake,Celeb-synthesis,id53,id58,,CELEB_COMPONENT_003,,validation
CELEBDF_0005480,Celeb-DF v2,Celeb-synthesis/id53_id58_0008.mp4,1,449,856,478,FMP4,1.04,DeepFake,Celeb-synthesis,id53,id58,,CELEB_COMPONENT_003,,validation
CELEBDF_0005481,Celeb-DF v2,Celeb-synthesis/id53_id58_0009.mp4,1,451,856,478,FMP4,1.58,DeepFake,Celeb-synthesis,id53,id58,,CELEB_COMPONENT_003,,validation
CELEBDF_0005482,Celeb-DF v2,Celeb-synthesis/id54_id49_0000.mp4,1,483,856,478,FMP4,1.91,DeepFake,Celeb-synthesis,id54,id49,,CELEB_COMPONENT_003,,validation
CELEBDF_0005483,Celeb-DF v2,Celeb-synthesis/id54_id49_0001.mp4,1,579,856,478,FMP4,4.31,DeepFake,Celeb-synthesis,id54,id49,,CELEB_COMPONENT_003,,validation
CELEBDF_0005484,Celeb-DF v2,Celeb-synthesis/id54_id49_0002.mp4,1,447,856,478,FMP4,2.81,DeepFake,Celeb-synthesis,id54,id49,,CELEB_COMPONENT_003,,validation
CELEBDF_0005485,Celeb-DF v2,Celeb-synthesis/id54_id49_0003.mp4,1,314,856,478,FMP4,1.41,DeepFake,Celeb-synthesis,id54,id49,,CELEB_COMPONENT_003,,validation
CELEBDF_0005486,Celeb-DF v2,Celeb-synthesis/id54_id49_0004.mp4,1,494,856,478,FMP4,2.14,DeepFake,Celeb-synthesis,id54,id49,,CELEB_COMPONENT_003,,validation
CELEBDF_0005487,Celeb-DF v2,Celeb-synthesis/id54_id49_0005.mp4,1,266,856,478,FMP4,1.15,DeepFake,Celeb-synthesis,id54,id49,,CELEB_COMPONENT_003,,validation
CELEBDF_0005488,Celeb-DF v2,Celeb-synthesis/id54_id49_0006.mp4,1,441,856,478,FMP4,2.23,DeepFake,Celeb-synthesis,id54,id49,,CELEB_COMPONENT_003,,validation
CELEBDF_0005489,Celeb-DF v2,Celeb-synthesis/id54_id49_0007.mp4,1,571,856,478,FMP4,2.65,DeepFake,Celeb-synthesis,id54,id49,,CELEB_COMPONENT_003,,validation
CELEBDF_0005490,Celeb-DF v2,Celeb-synthesis/id54_id49_0008.mp4,1,349,856,478,FMP4,1.31,DeepFake,Celeb-synthesis,id54,id49,,CELEB_COMPONENT_003,,validation
CELEBDF_0005491,Celeb-DF v2,Celeb-synthesis/id54_id49_0009.mp4,1,464,856,478,FMP4,2.44,DeepFake,Celeb-synthesis,id54,id49,,CELEB_COMPONENT_003,,validation
CELEBDF_0005492,Celeb-DF v2,Celeb-synthesis/id54_id50_0001.mp4,1,579,856,478,FMP4,4.31,DeepFake,Celeb-synthesis,id54,id50,,CELEB_COMPONENT_003,,validation
CELEBDF_0005493,Celeb-DF v2,Celeb-synthesis/id54_id50_0002.mp4,1,447,856,478,FMP4,2.81,DeepFake,Celeb-synthesis,id54,id50,,CELEB_COMPONENT_003,,validation
CELEBDF_0005494,Celeb-DF v2,Celeb-synthesis/id54_id50_0003.mp4,1,314,856,478,FMP4,1.41,DeepFake,Celeb-synthesis,id54,id50,,CELEB_COMPONENT_003,,validation
CELEBDF_0005495,Celeb-DF v2,Celeb-synthesis/id54_id50_0004.mp4,1,494,856,478,FMP4,2.15,DeepFake,Celeb-synthesis,id54,id50,,CELEB_COMPONENT_003,,validation
CELEBDF_0005496,Celeb-DF v2,Celeb-synthesis/id54_id50_0005.mp4,1,266,856,478,FMP4,1.15,DeepFake,Celeb-synthesis,id54,id50,,CELEB_COMPONENT_003,,validation
CELEBDF_0005497,Celeb-DF v2,Celeb-synthesis/id54_id50_0006.mp4,1,441,856,478,FMP4,2.23,DeepFake,Celeb-synthesis,id54,id50,,CELEB_COMPONENT_003,,validation
CELEBDF_0005498,Celeb-DF v2,Celeb-synthesis/id54_id50_0008.mp4,1,349,856,478,FMP4,1.31,DeepFake,Celeb-synthesis,id54,id50,,CELEB_COMPONENT_003,,validation
CELEBDF_0005499,Celeb-DF v2,Celeb-synthesis/id54_id50_0009.mp4,1,464,856,478,FMP4,2.44,DeepFake,Celeb-synthesis,id54,id50,,CELEB_COMPONENT_003,,validation
CELEBDF_0005500,Celeb-DF v2,Celeb-synthesis/id54_id51_0000.mp4,1,483,856,478,FMP4,1.91,DeepFake,Celeb-synthesis,id54,id51,,CELEB_COMPONENT_003,,validation
CELEBDF_0005501,Celeb-DF v2,Celeb-synthesis/id54_id51_0001.mp4,1,579,856,478,FMP4,4.31,DeepFake,Celeb-synthesis,id54,id51,,CELEB_COMPONENT_003,,validation
CELEBDF_0005502,Celeb-DF v2,Celeb-synthesis/id54_id51_0002.mp4,1,447,856,478,FMP4,2.81,DeepFake,Celeb-synthesis,id54,id51,,CELEB_COMPONENT_003,,validation
CELEBDF_0005503,Celeb-DF v2,Celeb-synthesis/id54_id51_0003.mp4,1,314,856,478,FMP4,1.41,DeepFake,Celeb-synthesis,id54,id51,,CELEB_COMPONENT_003,,validation
CELEBDF_0005504,Celeb-DF v2,Celeb-synthesis/id54_id51_0005.mp4,1,266,856,478,FMP4,1.15,DeepFake,Celeb-synthesis,id54,id51,,CELEB_COMPONENT_003,,validation
CELEBDF_0005505,Celeb-DF v2,Celeb-synthesis/id54_id51_0006.mp4,1,441,856,478,FMP4,2.24,DeepFake,Celeb-synthesis,id54,id51,,CELEB_COMPONENT_003,,validation
CELEBDF_0005506,Celeb-DF v2,Celeb-synthesis/id54_id51_0008.mp4,1,349,856,478,FMP4,1.32,DeepFake,Celeb-synthesis,id54,id51,,CELEB_COMPONENT_003,,validation
CELEBDF_0005507,Celeb-DF v2,Celeb-synthesis/id54_id51_0009.mp4,1,464,856,478,FMP4,2.45,DeepFake,Celeb-synthesis,id54,id51,,CELEB_COMPONENT_003,,validation
CELEBDF_0005508,Celeb-DF v2,Celeb-synthesis/id54_id52_0000.mp4,1,483,856,478,FMP4,1.9,DeepFake,Celeb-synthesis,id54,id52,,CELEB_COMPONENT_003,,validation
CELEBDF_0005509,Celeb-DF v2,Celeb-synthesis/id54_id52_0001.mp4,1,579,856,478,FMP4,4.31,DeepFake,Celeb-synthesis,id54,id52,,CELEB_COMPONENT_003,,validation
CELEBDF_0005510,Celeb-DF v2,Celeb-synthesis/id54_id52_0003.mp4,1,314,856,478,FMP4,1.4,DeepFake,Celeb-synthesis,id54,id52,,CELEB_COMPONENT_003,,validation
CELEBDF_0005511,Celeb-DF v2,Celeb-synthesis/id54_id52_0004.mp4,1,494,856,478,FMP4,2.14,DeepFake,Celeb-synthesis,id54,id52,,CELEB_COMPONENT_003,,validation
CELEBDF_0005512,Celeb-DF v2,Celeb-synthesis/id54_id52_0005.mp4,1,266,856,478,FMP4,1.15,DeepFake,Celeb-synthesis,id54,id52,,CELEB_COMPONENT_003,,validation
CELEBDF_0005513,Celeb-DF v2,Celeb-synthesis/id54_id52_0006.mp4,1,441,856,478,FMP4,2.23,DeepFake,Celeb-synthesis,id54,id52,,CELEB_COMPONENT_003,,validation
CELEBDF_0005514,Celeb-DF v2,Celeb-synthesis/id54_id52_0008.mp4,1,349,856,478,FMP4,1.31,DeepFake,Celeb-synthesis,id54,id52,,CELEB_COMPONENT_003,,validation
CELEBDF_0005515,Celeb-DF v2,Celeb-synthesis/id54_id52_0009.mp4,1,464,856,478,FMP4,2.44,DeepFake,Celeb-synthesis,id54,id52,,CELEB_COMPONENT_003,,validation
CELEBDF_0005516,Celeb-DF v2,Celeb-synthesis/id54_id53_0000.mp4,1,483,856,478,FMP4,1.9,DeepFake,Celeb-synthesis,id54,id53,,CELEB_COMPONENT_003,,validation
CELEBDF_0005517,Celeb-DF v2,Celeb-synthesis/id54_id53_0001.mp4,1,579,856,478,FMP4,4.31,DeepFake,Celeb-synthesis,id54,id53,,CELEB_COMPONENT_003,,validation
CELEBDF_0005518,Celeb-DF v2,Celeb-synthesis/id54_id53_0003.mp4,1,314,856,478,FMP4,1.4,DeepFake,Celeb-synthesis,id54,id53,,CELEB_COMPONENT_003,,validation
CELEBDF_0005519,Celeb-DF v2,Celeb-synthesis/id54_id53_0004.mp4,1,494,856,478,FMP4,2.14,DeepFake,Celeb-synthesis,id54,id53,,CELEB_COMPONENT_003,,validation
CELEBDF_0005520,Celeb-DF v2,Celeb-synthesis/id54_id53_0005.mp4,1,266,856,478,FMP4,1.15,DeepFake,Celeb-synthesis,id54,id53,,CELEB_COMPONENT_003,,validation
CELEBDF_0005521,Celeb-DF v2,Celeb-synthesis/id54_id53_0006.mp4,1,441,856,478,FMP4,2.23,DeepFake,Celeb-synthesis,id54,id53,,CELEB_COMPONENT_003,,validation
CELEBDF_0005522,Celeb-DF v2,Celeb-synthesis/id54_id53_0008.mp4,1,349,856,478,FMP4,1.31,DeepFake,Celeb-synthesis,id54,id53,,CELEB_COMPONENT_003,,validation
CELEBDF_0005523,Celeb-DF v2,Celeb-synthesis/id54_id53_0009.mp4,1,464,856,478,FMP4,2.43,DeepFake,Celeb-synthesis,id54,id53,,CELEB_COMPONENT_003,,validation
CELEBDF_0005524,Celeb-DF v2,Celeb-synthesis/id54_id55_0000.mp4,1,483,856,478,FMP4,1.9,DeepFake,Celeb-synthesis,id54,id55,,CELEB_COMPONENT_003,,validation
CELEBDF_0005525,Celeb-DF v2,Celeb-synthesis/id54_id55_0001.mp4,1,579,856,478,FMP4,4.31,DeepFake,Celeb-synthesis,id54,id55,,CELEB_COMPONENT_003,,validation
CELEBDF_0005526,Celeb-DF v2,Celeb-synthesis/id54_id55_0002.mp4,1,447,856,478,FMP4,2.81,DeepFake,Celeb-synthesis,id54,id55,,CELEB_COMPONENT_003,,validation
CELEBDF_0005527,Celeb-DF v2,Celeb-synthesis/id54_id55_0003.mp4,1,314,856,478,FMP4,1.4,DeepFake,Celeb-synthesis,id54,id55,,CELEB_COMPONENT_003,,validation
CELEBDF_0005528,Celeb-DF v2,Celeb-synthesis/id54_id55_0004.mp4,1,494,856,478,FMP4,2.13,DeepFake,Celeb-synthesis,id54,id55,,CELEB_COMPONENT_003,,validation
CELEBDF_0005529,Celeb-DF v2,Celeb-synthesis/id54_id55_0005.mp4,1,266,856,478,FMP4,1.15,DeepFake,Celeb-synthesis,id54,id55,,CELEB_COMPONENT_003,,validation
CELEBDF_0005530,Celeb-DF v2,Celeb-synthesis/id54_id55_0006.mp4,1,441,856,478,FMP4,2.23,DeepFake,Celeb-synthesis,id54,id55,,CELEB_COMPONENT_003,,validation
CELEBDF_0005531,Celeb-DF v2,Celeb-synthesis/id54_id55_0007.mp4,1,571,856,478,FMP4,2.65,DeepFake,Celeb-synthesis,id54,id55,,CELEB_COMPONENT_003,,validation
CELEBDF_0005532,Celeb-DF v2,Celeb-synthesis/id54_id55_0008.mp4,1,349,856,478,FMP4,1.3,DeepFake,Celeb-synthesis,id54,id55,,CELEB_COMPONENT_003,,validation
CELEBDF_0005533,Celeb-DF v2,Celeb-synthesis/id54_id55_0009.mp4,1,464,856,478,FMP4,2.43,DeepFake,Celeb-synthesis,id54,id55,,CELEB_COMPONENT_003,,validation
CELEBDF_0005534,Celeb-DF v2,Celeb-synthesis/id54_id56_0000.mp4,1,483,856,478,FMP4,1.9,DeepFake,Celeb-synthesis,id54,id56,,CELEB_COMPONENT_003,,validation
CELEBDF_0005535,Celeb-DF v2,Celeb-synthesis/id54_id56_0001.mp4,1,579,856,478,FMP4,4.31,DeepFake,Celeb-synthesis,id54,id56,,CELEB_COMPONENT_003,,validation
CELEBDF_0005536,Celeb-DF v2,Celeb-synthesis/id54_id56_0002.mp4,1,447,856,478,FMP4,2.81,DeepFake,Celeb-synthesis,id54,id56,,CELEB_COMPONENT_003,,validation
CELEBDF_0005537,Celeb-DF v2,Celeb-synthesis/id54_id56_0003.mp4,1,314,856,478,FMP4,1.41,DeepFake,Celeb-synthesis,id54,id56,,CELEB_COMPONENT_003,,validation
CELEBDF_0005538,Celeb-DF v2,Celeb-synthesis/id54_id56_0004.mp4,1,494,856,478,FMP4,2.14,DeepFake,Celeb-synthesis,id54,id56,,CELEB_COMPONENT_003,,validation
CELEBDF_0005539,Celeb-DF v2,Celeb-synthesis/id54_id56_0005.mp4,1,266,856,478,FMP4,1.15,DeepFake,Celeb-synthesis,id54,id56,,CELEB_COMPONENT_003,,validation
CELEBDF_0005540,Celeb-DF v2,Celeb-synthesis/id54_id56_0006.mp4,1,441,856,478,FMP4,2.23,DeepFake,Celeb-synthesis,id54,id56,,CELEB_COMPONENT_003,,validation
CELEBDF_0005541,Celeb-DF v2,Celeb-synthesis/id54_id56_0007.mp4,1,571,856,478,FMP4,2.66,DeepFake,Celeb-synthesis,id54,id56,,CELEB_COMPONENT_003,,validation
CELEBDF_0005542,Celeb-DF v2,Celeb-synthesis/id54_id56_0008.mp4,1,349,856,478,FMP4,1.3,DeepFake,Celeb-synthesis,id54,id56,,CELEB_COMPONENT_003,,validation
CELEBDF_0005543,Celeb-DF v2,Celeb-synthesis/id54_id56_0009.mp4,1,464,856,478,FMP4,2.43,DeepFake,Celeb-synthesis,id54,id56,,CELEB_COMPONENT_003,,validation
CELEBDF_0005544,Celeb-DF v2,Celeb-synthesis/id54_id57_0001.mp4,1,579,856,478,FMP4,4.3,DeepFake,Celeb-synthesis,id54,id57,,CELEB_COMPONENT_003,,validation
CELEBDF_0005545,Celeb-DF v2,Celeb-synthesis/id54_id57_0002.mp4,1,447,856,478,FMP4,2.8,DeepFake,Celeb-synthesis,id54,id57,,CELEB_COMPONENT_003,,validation
CELEBDF_0005546,Celeb-DF v2,Celeb-synthesis/id54_id57_0003.mp4,1,314,856,478,FMP4,1.4,DeepFake,Celeb-synthesis,id54,id57,,CELEB_COMPONENT_003,,validation
CELEBDF_0005547,Celeb-DF v2,Celeb-synthesis/id54_id57_0004.mp4,1,494,856,478,FMP4,2.13,DeepFake,Celeb-synthesis,id54,id57,,CELEB_COMPONENT_003,,validation
CELEBDF_0005548,Celeb-DF v2,Celeb-synthesis/id54_id57_0005.mp4,1,266,856,478,FMP4,1.15,DeepFake,Celeb-synthesis,id54,id57,,CELEB_COMPONENT_003,,validation
CELEBDF_0005549,Celeb-DF v2,Celeb-synthesis/id54_id57_0006.mp4,1,441,856,478,FMP4,2.22,DeepFake,Celeb-synthesis,id54,id57,,CELEB_COMPONENT_003,,validation
CELEBDF_0005550,Celeb-DF v2,Celeb-synthesis/id54_id57_0007.mp4,1,571,856,478,FMP4,2.63,DeepFake,Celeb-synthesis,id54,id57,,CELEB_COMPONENT_003,,validation
CELEBDF_0005551,Celeb-DF v2,Celeb-synthesis/id54_id57_0008.mp4,1,349,856,478,FMP4,1.3,DeepFake,Celeb-synthesis,id54,id57,,CELEB_COMPONENT_003,,validation
CELEBDF_0005552,Celeb-DF v2,Celeb-synthesis/id54_id57_0009.mp4,1,464,856,478,FMP4,2.43,DeepFake,Celeb-synthesis,id54,id57,,CELEB_COMPONENT_003,,validation
CELEBDF_0005553,Celeb-DF v2,Celeb-synthesis/id54_id58_0001.mp4,1,579,856,478,FMP4,4.31,DeepFake,Celeb-synthesis,id54,id58,,CELEB_COMPONENT_003,,validation
CELEBDF_0005554,Celeb-DF v2,Celeb-synthesis/id54_id58_0002.mp4,1,447,856,478,FMP4,2.81,DeepFake,Celeb-synthesis,id54,id58,,CELEB_COMPONENT_003,,validation
CELEBDF_0005555,Celeb-DF v2,Celeb-synthesis/id54_id58_0003.mp4,1,314,856,478,FMP4,1.41,DeepFake,Celeb-synthesis,id54,id58,,CELEB_COMPONENT_003,,validation
CELEBDF_0005556,Celeb-DF v2,Celeb-synthesis/id54_id58_0004.mp4,1,494,856,478,FMP4,2.14,DeepFake,Celeb-synthesis,id54,id58,,CELEB_COMPONENT_003,,validation
CELEBDF_0005557,Celeb-DF v2,Celeb-synthesis/id54_id58_0005.mp4,1,266,856,478,FMP4,1.15,DeepFake,Celeb-synthesis,id54,id58,,CELEB_COMPONENT_003,,validation
CELEBDF_0005558,Celeb-DF v2,Celeb-synthesis/id54_id58_0006.mp4,1,441,856,478,FMP4,2.22,DeepFake,Celeb-synthesis,id54,id58,,CELEB_COMPONENT_003,,validation
CELEBDF_0005559,Celeb-DF v2,Celeb-synthesis/id54_id58_0007.mp4,1,571,856,478,FMP4,2.65,DeepFake,Celeb-synthesis,id54,id58,,CELEB_COMPONENT_003,,validation
CELEBDF_0005560,Celeb-DF v2,Celeb-synthesis/id54_id58_0008.mp4,1,349,856,478,FMP4,1.31,DeepFake,Celeb-synthesis,id54,id58,,CELEB_COMPONENT_003,,validation
CELEBDF_0005561,Celeb-DF v2,Celeb-synthesis/id54_id58_0009.mp4,1,464,856,478,FMP4,2.44,DeepFake,Celeb-synthesis,id54,id58,,CELEB_COMPONENT_003,,validation
CELEBDF_0005562,Celeb-DF v2,Celeb-synthesis/id55_id49_0000.mp4,1,449,856,478,FMP4,1.81,DeepFake,Celeb-synthesis,id55,id49,,CELEB_COMPONENT_003,,validation
CELEBDF_0005563,Celeb-DF v2,Celeb-synthesis/id55_id49_0002.mp4,1,418,856,478,FMP4,1.49,DeepFake,Celeb-synthesis,id55,id49,,CELEB_COMPONENT_003,,validation
CELEBDF_0005564,Celeb-DF v2,Celeb-synthesis/id55_id49_0003.mp4,1,474,856,478,FMP4,2.42,DeepFake,Celeb-synthesis,id55,id49,,CELEB_COMPONENT_003,,validation
CELEBDF_0005565,Celeb-DF v2,Celeb-synthesis/id55_id49_0006.mp4,1,259,856,478,FMP4,1.78,DeepFake,Celeb-synthesis,id55,id49,,CELEB_COMPONENT_003,,validation
CELEBDF_0005566,Celeb-DF v2,Celeb-synthesis/id55_id49_0007.mp4,1,481,856,478,FMP4,1.98,DeepFake,Celeb-synthesis,id55,id49,,CELEB_COMPONENT_003,,validation
CELEBDF_0005567,Celeb-DF v2,Celeb-synthesis/id55_id49_0008.mp4,1,427,856,478,FMP4,3.41,DeepFake,Celeb-synthesis,id55,id49,,CELEB_COMPONENT_003,,validation
CELEBDF_0005568,Celeb-DF v2,Celeb-synthesis/id55_id49_0009.mp4,1,610,856,478,FMP4,1.84,DeepFake,Celeb-synthesis,id55,id49,,CELEB_COMPONENT_003,,validation
CELEBDF_0005569,Celeb-DF v2,Celeb-synthesis/id55_id50_0000.mp4,1,449,856,478,FMP4,1.81,DeepFake,Celeb-synthesis,id55,id50,,CELEB_COMPONENT_003,,validation
CELEBDF_0005570,Celeb-DF v2,Celeb-synthesis/id55_id50_0001.mp4,1,322,856,478,FMP4,1.76,DeepFake,Celeb-synthesis,id55,id50,,CELEB_COMPONENT_003,,validation
CELEBDF_0005571,Celeb-DF v2,Celeb-synthesis/id55_id50_0002.mp4,1,418,856,478,FMP4,1.49,DeepFake,Celeb-synthesis,id55,id50,,CELEB_COMPONENT_003,,validation
CELEBDF_0005572,Celeb-DF v2,Celeb-synthesis/id55_id50_0003.mp4,1,474,856,478,FMP4,2.42,DeepFake,Celeb-synthesis,id55,id50,,CELEB_COMPONENT_003,,validation
CELEBDF_0005573,Celeb-DF v2,Celeb-synthesis/id55_id50_0004.mp4,1,449,856,478,FMP4,1.96,DeepFake,Celeb-synthesis,id55,id50,,CELEB_COMPONENT_003,,validation
CELEBDF_0005574,Celeb-DF v2,Celeb-synthesis/id55_id50_0005.mp4,1,468,856,478,FMP4,4.01,DeepFake,Celeb-synthesis,id55,id50,,CELEB_COMPONENT_003,,validation
CELEBDF_0005575,Celeb-DF v2,Celeb-synthesis/id55_id50_0006.mp4,1,259,856,478,FMP4,1.78,DeepFake,Celeb-synthesis,id55,id50,,CELEB_COMPONENT_003,,validation
CELEBDF_0005576,Celeb-DF v2,Celeb-synthesis/id55_id50_0007.mp4,1,481,856,478,FMP4,1.97,DeepFake,Celeb-synthesis,id55,id50,,CELEB_COMPONENT_003,,validation
CELEBDF_0005577,Celeb-DF v2,Celeb-synthesis/id55_id50_0009.mp4,1,610,856,478,FMP4,1.84,DeepFake,Celeb-synthesis,id55,id50,,CELEB_COMPONENT_003,,validation
CELEBDF_0005578,Celeb-DF v2,Celeb-synthesis/id55_id51_0000.mp4,1,449,856,478,FMP4,1.81,DeepFake,Celeb-synthesis,id55,id51,,CELEB_COMPONENT_003,,validation
CELEBDF_0005579,Celeb-DF v2,Celeb-synthesis/id55_id51_0001.mp4,1,322,856,478,FMP4,1.75,DeepFake,Celeb-synthesis,id55,id51,,CELEB_COMPONENT_003,,validation
CELEBDF_0005580,Celeb-DF v2,Celeb-synthesis/id55_id51_0002.mp4,1,418,856,478,FMP4,1.49,DeepFake,Celeb-synthesis,id55,id51,,CELEB_COMPONENT_003,,validation
CELEBDF_0005581,Celeb-DF v2,Celeb-synthesis/id55_id51_0003.mp4,1,474,856,478,FMP4,2.41,DeepFake,Celeb-synthesis,id55,id51,,CELEB_COMPONENT_003,,validation
CELEBDF_0005582,Celeb-DF v2,Celeb-synthesis/id55_id51_0004.mp4,1,449,856,478,FMP4,1.96,DeepFake,Celeb-synthesis,id55,id51,,CELEB_COMPONENT_003,,validation
CELEBDF_0005583,Celeb-DF v2,Celeb-synthesis/id55_id51_0006.mp4,1,259,856,478,FMP4,1.78,DeepFake,Celeb-synthesis,id55,id51,,CELEB_COMPONENT_003,,validation
CELEBDF_0005584,Celeb-DF v2,Celeb-synthesis/id55_id51_0007.mp4,1,481,856,478,FMP4,1.97,DeepFake,Celeb-synthesis,id55,id51,,CELEB_COMPONENT_003,,validation
CELEBDF_0005585,Celeb-DF v2,Celeb-synthesis/id55_id51_0008.mp4,1,427,856,478,FMP4,3.41,DeepFake,Celeb-synthesis,id55,id51,,CELEB_COMPONENT_003,,validation
CELEBDF_0005586,Celeb-DF v2,Celeb-synthesis/id55_id51_0009.mp4,1,610,856,478,FMP4,1.84,DeepFake,Celeb-synthesis,id55,id51,,CELEB_COMPONENT_003,,validation
CELEBDF_0005587,Celeb-DF v2,Celeb-synthesis/id55_id52_0000.mp4,1,449,856,478,FMP4,1.81,DeepFake,Celeb-synthesis,id55,id52,,CELEB_COMPONENT_003,,validation
CELEBDF_0005588,Celeb-DF v2,Celeb-synthesis/id55_id52_0001.mp4,1,322,856,478,FMP4,1.76,DeepFake,Celeb-synthesis,id55,id52,,CELEB_COMPONENT_003,,validation
CELEBDF_0005589,Celeb-DF v2,Celeb-synthesis/id55_id52_0002.mp4,1,418,856,478,FMP4,1.49,DeepFake,Celeb-synthesis,id55,id52,,CELEB_COMPONENT_003,,validation
CELEBDF_0005590,Celeb-DF v2,Celeb-synthesis/id55_id52_0004.mp4,1,449,856,478,FMP4,1.97,DeepFake,Celeb-synthesis,id55,id52,,CELEB_COMPONENT_003,,validation
CELEBDF_0005591,Celeb-DF v2,Celeb-synthesis/id55_id52_0005.mp4,1,468,856,478,FMP4,4.01,DeepFake,Celeb-synthesis,id55,id52,,CELEB_COMPONENT_003,,validation
CELEBDF_0005592,Celeb-DF v2,Celeb-synthesis/id55_id52_0006.mp4,1,259,856,478,FMP4,1.78,DeepFake,Celeb-synthesis,id55,id52,,CELEB_COMPONENT_003,,validation
CELEBDF_0005593,Celeb-DF v2,Celeb-synthesis/id55_id52_0007.mp4,1,481,856,478,FMP4,1.98,DeepFake,Celeb-synthesis,id55,id52,,CELEB_COMPONENT_003,,validation
CELEBDF_0005594,Celeb-DF v2,Celeb-synthesis/id55_id52_0008.mp4,1,427,856,478,FMP4,3.41,DeepFake,Celeb-synthesis,id55,id52,,CELEB_COMPONENT_003,,validation
CELEBDF_0005595,Celeb-DF v2,Celeb-synthesis/id55_id52_0009.mp4,1,610,856,478,FMP4,1.84,DeepFake,Celeb-synthesis,id55,id52,,CELEB_COMPONENT_003,,validation
CELEBDF_0005596,Celeb-DF v2,Celeb-synthesis/id55_id53_0001.mp4,1,322,856,478,FMP4,1.75,DeepFake,Celeb-synthesis,id55,id53,,CELEB_COMPONENT_003,,validation
CELEBDF_0005597,Celeb-DF v2,Celeb-synthesis/id55_id53_0002.mp4,1,418,856,478,FMP4,1.49,DeepFake,Celeb-synthesis,id55,id53,,CELEB_COMPONENT_003,,validation
CELEBDF_0005598,Celeb-DF v2,Celeb-synthesis/id55_id53_0004.mp4,1,449,856,478,FMP4,1.97,DeepFake,Celeb-synthesis,id55,id53,,CELEB_COMPONENT_003,,validation
CELEBDF_0005599,Celeb-DF v2,Celeb-synthesis/id55_id53_0006.mp4,1,259,856,478,FMP4,1.78,DeepFake,Celeb-synthesis,id55,id53,,CELEB_COMPONENT_003,,validation
CELEBDF_0005600,Celeb-DF v2,Celeb-synthesis/id55_id53_0007.mp4,1,481,856,478,FMP4,1.97,DeepFake,Celeb-synthesis,id55,id53,,CELEB_COMPONENT_003,,validation
CELEBDF_0005601,Celeb-DF v2,Celeb-synthesis/id55_id53_0009.mp4,1,610,856,478,FMP4,1.84,DeepFake,Celeb-synthesis,id55,id53,,CELEB_COMPONENT_003,,validation
CELEBDF_0005602,Celeb-DF v2,Celeb-synthesis/id55_id54_0000.mp4,1,449,856,478,FMP4,1.8,DeepFake,Celeb-synthesis,id55,id54,,CELEB_COMPONENT_003,,validation
CELEBDF_0005603,Celeb-DF v2,Celeb-synthesis/id55_id54_0003.mp4,1,474,856,478,FMP4,2.41,DeepFake,Celeb-synthesis,id55,id54,,CELEB_COMPONENT_003,,validation
CELEBDF_0005604,Celeb-DF v2,Celeb-synthesis/id55_id54_0005.mp4,1,468,856,478,FMP4,4.01,DeepFake,Celeb-synthesis,id55,id54,,CELEB_COMPONENT_003,,validation
CELEBDF_0005605,Celeb-DF v2,Celeb-synthesis/id55_id54_0006.mp4,1,259,856,478,FMP4,1.78,DeepFake,Celeb-synthesis,id55,id54,,CELEB_COMPONENT_003,,validation
CELEBDF_0005606,Celeb-DF v2,Celeb-synthesis/id55_id54_0007.mp4,1,481,856,478,FMP4,1.98,DeepFake,Celeb-synthesis,id55,id54,,CELEB_COMPONENT_003,,validation
CELEBDF_0005607,Celeb-DF v2,Celeb-synthesis/id55_id54_0008.mp4,1,427,856,478,FMP4,3.4,DeepFake,Celeb-synthesis,id55,id54,,CELEB_COMPONENT_003,,validation
CELEBDF_0005608,Celeb-DF v2,Celeb-synthesis/id55_id54_0009.mp4,1,610,856,478,FMP4,1.84,DeepFake,Celeb-synthesis,id55,id54,,CELEB_COMPONENT_003,,validation
CELEBDF_0005609,Celeb-DF v2,Celeb-synthesis/id55_id56_0000.mp4,1,449,856,478,FMP4,1.81,DeepFake,Celeb-synthesis,id55,id56,,CELEB_COMPONENT_003,,validation
CELEBDF_0005610,Celeb-DF v2,Celeb-synthesis/id55_id56_0002.mp4,1,418,856,478,FMP4,1.49,DeepFake,Celeb-synthesis,id55,id56,,CELEB_COMPONENT_003,,validation
CELEBDF_0005611,Celeb-DF v2,Celeb-synthesis/id55_id56_0004.mp4,1,449,856,478,FMP4,1.96,DeepFake,Celeb-synthesis,id55,id56,,CELEB_COMPONENT_003,,validation
CELEBDF_0005612,Celeb-DF v2,Celeb-synthesis/id55_id56_0007.mp4,1,481,856,478,FMP4,1.98,DeepFake,Celeb-synthesis,id55,id56,,CELEB_COMPONENT_003,,validation
CELEBDF_0005613,Celeb-DF v2,Celeb-synthesis/id55_id56_0008.mp4,1,427,856,478,FMP4,3.4,DeepFake,Celeb-synthesis,id55,id56,,CELEB_COMPONENT_003,,validation
CELEBDF_0005614,Celeb-DF v2,Celeb-synthesis/id55_id56_0009.mp4,1,610,856,478,FMP4,1.84,DeepFake,Celeb-synthesis,id55,id56,,CELEB_COMPONENT_003,,validation
CELEBDF_0005615,Celeb-DF v2,Celeb-synthesis/id55_id57_0001.mp4,1,322,856,478,FMP4,1.75,DeepFake,Celeb-synthesis,id55,id57,,CELEB_COMPONENT_003,,validation
CELEBDF_0005616,Celeb-DF v2,Celeb-synthesis/id55_id57_0002.mp4,1,418,856,478,FMP4,1.49,DeepFake,Celeb-synthesis,id55,id57,,CELEB_COMPONENT_003,,validation
CELEBDF_0005617,Celeb-DF v2,Celeb-synthesis/id55_id57_0004.mp4,1,449,856,478,FMP4,1.96,DeepFake,Celeb-synthesis,id55,id57,,CELEB_COMPONENT_003,,validation
CELEBDF_0005618,Celeb-DF v2,Celeb-synthesis/id55_id57_0005.mp4,1,468,856,478,FMP4,4.01,DeepFake,Celeb-synthesis,id55,id57,,CELEB_COMPONENT_003,,validation
CELEBDF_0005619,Celeb-DF v2,Celeb-synthesis/id55_id57_0007.mp4,1,481,856,478,FMP4,1.97,DeepFake,Celeb-synthesis,id55,id57,,CELEB_COMPONENT_003,,validation
CELEBDF_0005620,Celeb-DF v2,Celeb-synthesis/id55_id57_0009.mp4,1,610,856,478,FMP4,1.84,DeepFake,Celeb-synthesis,id55,id57,,CELEB_COMPONENT_003,,validation
CELEBDF_0005621,Celeb-DF v2,Celeb-synthesis/id55_id58_0002.mp4,1,418,856,478,FMP4,1.49,DeepFake,Celeb-synthesis,id55,id58,,CELEB_COMPONENT_003,,validation
CELEBDF_0005622,Celeb-DF v2,Celeb-synthesis/id55_id58_0006.mp4,1,259,856,478,FMP4,1.78,DeepFake,Celeb-synthesis,id55,id58,,CELEB_COMPONENT_003,,validation
CELEBDF_0005623,Celeb-DF v2,Celeb-synthesis/id55_id58_0007.mp4,1,481,856,478,FMP4,1.97,DeepFake,Celeb-synthesis,id55,id58,,CELEB_COMPONENT_003,,validation
CELEBDF_0005624,Celeb-DF v2,Celeb-synthesis/id55_id58_0008.mp4,1,427,856,478,FMP4,3.41,DeepFake,Celeb-synthesis,id55,id58,,CELEB_COMPONENT_003,,validation
CELEBDF_0005625,Celeb-DF v2,Celeb-synthesis/id55_id58_0009.mp4,1,610,856,478,FMP4,1.84,DeepFake,Celeb-synthesis,id55,id58,,CELEB_COMPONENT_003,,validation
CELEBDF_0005626,Celeb-DF v2,Celeb-synthesis/id56_id49_0000.mp4,1,469,856,478,FMP4,1.1,DeepFake,Celeb-synthesis,id56,id49,,CELEB_COMPONENT_003,,validation
CELEBDF_0005627,Celeb-DF v2,Celeb-synthesis/id56_id49_0001.mp4,1,464,856,478,FMP4,1.45,DeepFake,Celeb-synthesis,id56,id49,,CELEB_COMPONENT_003,,validation
CELEBDF_0005628,Celeb-DF v2,Celeb-synthesis/id56_id49_0002.mp4,1,362,856,478,FMP4,1.53,DeepFake,Celeb-synthesis,id56,id49,,CELEB_COMPONENT_003,,validation
CELEBDF_0005629,Celeb-DF v2,Celeb-synthesis/id56_id49_0003.mp4,1,447,856,478,FMP4,1.63,DeepFake,Celeb-synthesis,id56,id49,,CELEB_COMPONENT_003,,validation
CELEBDF_0005630,Celeb-DF v2,Celeb-synthesis/id56_id49_0005.mp4,1,469,856,478,FMP4,1.47,DeepFake,Celeb-synthesis,id56,id49,,CELEB_COMPONENT_003,,validation
CELEBDF_0005631,Celeb-DF v2,Celeb-synthesis/id56_id49_0006.mp4,1,267,856,478,FMP4,0.91,DeepFake,Celeb-synthesis,id56,id49,,CELEB_COMPONENT_003,,validation
CELEBDF_0005632,Celeb-DF v2,Celeb-synthesis/id56_id49_0007.mp4,1,235,856,478,FMP4,1.12,DeepFake,Celeb-synthesis,id56,id49,,CELEB_COMPONENT_003,,validation
CELEBDF_0005633,Celeb-DF v2,Celeb-synthesis/id56_id49_0008.mp4,1,351,856,478,FMP4,1.68,DeepFake,Celeb-synthesis,id56,id49,,CELEB_COMPONENT_003,,validation
CELEBDF_0005634,Celeb-DF v2,Celeb-synthesis/id56_id49_0009.mp4,1,297,856,478,FMP4,1.21,DeepFake,Celeb-synthesis,id56,id49,,CELEB_COMPONENT_003,,validation
CELEBDF_0005635,Celeb-DF v2,Celeb-synthesis/id56_id50_0000.mp4,1,469,856,478,FMP4,1.1,DeepFake,Celeb-synthesis,id56,id50,,CELEB_COMPONENT_003,,validation
CELEBDF_0005636,Celeb-DF v2,Celeb-synthesis/id56_id50_0001.mp4,1,464,856,478,FMP4,1.45,DeepFake,Celeb-synthesis,id56,id50,,CELEB_COMPONENT_003,,validation
CELEBDF_0005637,Celeb-DF v2,Celeb-synthesis/id56_id50_0002.mp4,1,362,856,478,FMP4,1.53,DeepFake,Celeb-synthesis,id56,id50,,CELEB_COMPONENT_003,,validation
CELEBDF_0005638,Celeb-DF v2,Celeb-synthesis/id56_id50_0003.mp4,1,447,856,478,FMP4,1.63,DeepFake,Celeb-synthesis,id56,id50,,CELEB_COMPONENT_003,,validation
CELEBDF_0005639,Celeb-DF v2,Celeb-synthesis/id56_id50_0005.mp4,1,469,856,478,FMP4,1.47,DeepFake,Celeb-synthesis,id56,id50,,CELEB_COMPONENT_003,,validation
CELEBDF_0005640,Celeb-DF v2,Celeb-synthesis/id56_id50_0006.mp4,1,267,856,478,FMP4,0.9,DeepFake,Celeb-synthesis,id56,id50,,CELEB_COMPONENT_003,,validation
CELEBDF_0005641,Celeb-DF v2,Celeb-synthesis/id56_id50_0007.mp4,1,235,856,478,FMP4,1.12,DeepFake,Celeb-synthesis,id56,id50,,CELEB_COMPONENT_003,,validation
CELEBDF_0005642,Celeb-DF v2,Celeb-synthesis/id56_id50_0008.mp4,1,351,856,478,FMP4,1.68,DeepFake,Celeb-synthesis,id56,id50,,CELEB_COMPONENT_003,,validation
CELEBDF_0005643,Celeb-DF v2,Celeb-synthesis/id56_id50_0009.mp4,1,297,856,478,FMP4,1.21,DeepFake,Celeb-synthesis,id56,id50,,CELEB_COMPONENT_003,,validation
CELEBDF_0005644,Celeb-DF v2,Celeb-synthesis/id56_id51_0000.mp4,1,469,856,478,FMP4,1.1,DeepFake,Celeb-synthesis,id56,id51,,CELEB_COMPONENT_003,,validation
CELEBDF_0005645,Celeb-DF v2,Celeb-synthesis/id56_id51_0001.mp4,1,464,856,478,FMP4,1.45,DeepFake,Celeb-synthesis,id56,id51,,CELEB_COMPONENT_003,,validation
CELEBDF_0005646,Celeb-DF v2,Celeb-synthesis/id56_id51_0002.mp4,1,362,856,478,FMP4,1.53,DeepFake,Celeb-synthesis,id56,id51,,CELEB_COMPONENT_003,,validation
CELEBDF_0005647,Celeb-DF v2,Celeb-synthesis/id56_id51_0003.mp4,1,447,856,478,FMP4,1.63,DeepFake,Celeb-synthesis,id56,id51,,CELEB_COMPONENT_003,,validation
CELEBDF_0005648,Celeb-DF v2,Celeb-synthesis/id56_id51_0005.mp4,1,469,856,478,FMP4,1.48,DeepFake,Celeb-synthesis,id56,id51,,CELEB_COMPONENT_003,,validation
CELEBDF_0005649,Celeb-DF v2,Celeb-synthesis/id56_id51_0006.mp4,1,267,856,478,FMP4,0.9,DeepFake,Celeb-synthesis,id56,id51,,CELEB_COMPONENT_003,,validation
CELEBDF_0005650,Celeb-DF v2,Celeb-synthesis/id56_id51_0007.mp4,1,235,856,478,FMP4,1.12,DeepFake,Celeb-synthesis,id56,id51,,CELEB_COMPONENT_003,,validation
CELEBDF_0005651,Celeb-DF v2,Celeb-synthesis/id56_id51_0008.mp4,1,351,856,478,FMP4,1.68,DeepFake,Celeb-synthesis,id56,id51,,CELEB_COMPONENT_003,,validation
CELEBDF_0005652,Celeb-DF v2,Celeb-synthesis/id56_id51_0009.mp4,1,297,856,478,FMP4,1.2,DeepFake,Celeb-synthesis,id56,id51,,CELEB_COMPONENT_003,,validation
CELEBDF_0005653,Celeb-DF v2,Celeb-synthesis/id56_id52_0000.mp4,1,469,856,478,FMP4,1.1,DeepFake,Celeb-synthesis,id56,id52,,CELEB_COMPONENT_003,,validation
CELEBDF_0005654,Celeb-DF v2,Celeb-synthesis/id56_id52_0001.mp4,1,464,856,478,FMP4,1.45,DeepFake,Celeb-synthesis,id56,id52,,CELEB_COMPONENT_003,,validation
CELEBDF_0005655,Celeb-DF v2,Celeb-synthesis/id56_id52_0002.mp4,1,362,856,478,FMP4,1.52,DeepFake,Celeb-synthesis,id56,id52,,CELEB_COMPONENT_003,,validation
CELEBDF_0005656,Celeb-DF v2,Celeb-synthesis/id56_id52_0003.mp4,1,447,856,478,FMP4,1.63,DeepFake,Celeb-synthesis,id56,id52,,CELEB_COMPONENT_003,,validation
CELEBDF_0005657,Celeb-DF v2,Celeb-synthesis/id56_id52_0005.mp4,1,469,856,478,FMP4,1.47,DeepFake,Celeb-synthesis,id56,id52,,CELEB_COMPONENT_003,,validation
CELEBDF_0005658,Celeb-DF v2,Celeb-synthesis/id56_id52_0006.mp4,1,267,856,478,FMP4,0.9,DeepFake,Celeb-synthesis,id56,id52,,CELEB_COMPONENT_003,,validation
CELEBDF_0005659,Celeb-DF v2,Celeb-synthesis/id56_id52_0007.mp4,1,235,856,478,FMP4,1.11,DeepFake,Celeb-synthesis,id56,id52,,CELEB_COMPONENT_003,,validation
CELEBDF_0005660,Celeb-DF v2,Celeb-synthesis/id56_id52_0008.mp4,1,351,856,478,FMP4,1.68,DeepFake,Celeb-synthesis,id56,id52,,CELEB_COMPONENT_003,,validation
CELEBDF_0005661,Celeb-DF v2,Celeb-synthesis/id56_id52_0009.mp4,1,297,856,478,FMP4,1.2,DeepFake,Celeb-synthesis,id56,id52,,CELEB_COMPONENT_003,,validation
CELEBDF_0005662,Celeb-DF v2,Celeb-synthesis/id56_id53_0000.mp4,1,469,856,478,FMP4,1.09,DeepFake,Celeb-synthesis,id56,id53,,CELEB_COMPONENT_003,,validation
CELEBDF_0005663,Celeb-DF v2,Celeb-synthesis/id56_id53_0001.mp4,1,464,856,478,FMP4,1.45,DeepFake,Celeb-synthesis,id56,id53,,CELEB_COMPONENT_003,,validation
CELEBDF_0005664,Celeb-DF v2,Celeb-synthesis/id56_id53_0002.mp4,1,362,856,478,FMP4,1.52,DeepFake,Celeb-synthesis,id56,id53,,CELEB_COMPONENT_003,,validation
CELEBDF_0005665,Celeb-DF v2,Celeb-synthesis/id56_id53_0003.mp4,1,447,856,478,FMP4,1.63,DeepFake,Celeb-synthesis,id56,id53,,CELEB_COMPONENT_003,,validation
CELEBDF_0005666,Celeb-DF v2,Celeb-synthesis/id56_id53_0005.mp4,1,469,856,478,FMP4,1.47,DeepFake,Celeb-synthesis,id56,id53,,CELEB_COMPONENT_003,,validation
CELEBDF_0005667,Celeb-DF v2,Celeb-synthesis/id56_id53_0006.mp4,1,267,856,478,FMP4,0.9,DeepFake,Celeb-synthesis,id56,id53,,CELEB_COMPONENT_003,,validation
CELEBDF_0005668,Celeb-DF v2,Celeb-synthesis/id56_id53_0008.mp4,1,351,856,478,FMP4,1.68,DeepFake,Celeb-synthesis,id56,id53,,CELEB_COMPONENT_003,,validation
CELEBDF_0005669,Celeb-DF v2,Celeb-synthesis/id56_id53_0009.mp4,1,297,856,478,FMP4,1.2,DeepFake,Celeb-synthesis,id56,id53,,CELEB_COMPONENT_003,,validation
CELEBDF_0005670,Celeb-DF v2,Celeb-synthesis/id56_id54_0000.mp4,1,469,856,478,FMP4,1.1,DeepFake,Celeb-synthesis,id56,id54,,CELEB_COMPONENT_003,,validation
CELEBDF_0005671,Celeb-DF v2,Celeb-synthesis/id56_id54_0001.mp4,1,464,856,478,FMP4,1.46,DeepFake,Celeb-synthesis,id56,id54,,CELEB_COMPONENT_003,,validation
CELEBDF_0005672,Celeb-DF v2,Celeb-synthesis/id56_id54_0002.mp4,1,362,856,478,FMP4,1.53,DeepFake,Celeb-synthesis,id56,id54,,CELEB_COMPONENT_003,,validation
CELEBDF_0005673,Celeb-DF v2,Celeb-synthesis/id56_id54_0003.mp4,1,447,856,478,FMP4,1.63,DeepFake,Celeb-synthesis,id56,id54,,CELEB_COMPONENT_003,,validation
CELEBDF_0005674,Celeb-DF v2,Celeb-synthesis/id56_id54_0005.mp4,1,469,856,478,FMP4,1.47,DeepFake,Celeb-synthesis,id56,id54,,CELEB_COMPONENT_003,,validation
CELEBDF_0005675,Celeb-DF v2,Celeb-synthesis/id56_id54_0006.mp4,1,267,856,478,FMP4,0.9,DeepFake,Celeb-synthesis,id56,id54,,CELEB_COMPONENT_003,,validation
CELEBDF_0005676,Celeb-DF v2,Celeb-synthesis/id56_id54_0007.mp4,1,235,856,478,FMP4,1.12,DeepFake,Celeb-synthesis,id56,id54,,CELEB_COMPONENT_003,,validation
CELEBDF_0005677,Celeb-DF v2,Celeb-synthesis/id56_id54_0008.mp4,1,351,856,478,FMP4,1.68,DeepFake,Celeb-synthesis,id56,id54,,CELEB_COMPONENT_003,,validation
CELEBDF_0005678,Celeb-DF v2,Celeb-synthesis/id56_id54_0009.mp4,1,297,856,478,FMP4,1.2,DeepFake,Celeb-synthesis,id56,id54,,CELEB_COMPONENT_003,,validation
CELEBDF_0005679,Celeb-DF v2,Celeb-synthesis/id56_id55_0000.mp4,1,469,856,478,FMP4,1.1,DeepFake,Celeb-synthesis,id56,id55,,CELEB_COMPONENT_003,,validation
CELEBDF_0005680,Celeb-DF v2,Celeb-synthesis/id56_id55_0001.mp4,1,464,856,478,FMP4,1.45,DeepFake,Celeb-synthesis,id56,id55,,CELEB_COMPONENT_003,,validation
CELEBDF_0005681,Celeb-DF v2,Celeb-synthesis/id56_id55_0002.mp4,1,362,856,478,FMP4,1.53,DeepFake,Celeb-synthesis,id56,id55,,CELEB_COMPONENT_003,,validation
CELEBDF_0005682,Celeb-DF v2,Celeb-synthesis/id56_id55_0003.mp4,1,447,856,478,FMP4,1.63,DeepFake,Celeb-synthesis,id56,id55,,CELEB_COMPONENT_003,,validation
CELEBDF_0005683,Celeb-DF v2,Celeb-synthesis/id56_id55_0005.mp4,1,469,856,478,FMP4,1.47,DeepFake,Celeb-synthesis,id56,id55,,CELEB_COMPONENT_003,,validation
CELEBDF_0005684,Celeb-DF v2,Celeb-synthesis/id56_id55_0006.mp4,1,267,856,478,FMP4,0.91,DeepFake,Celeb-synthesis,id56,id55,,CELEB_COMPONENT_003,,validation
CELEBDF_0005685,Celeb-DF v2,Celeb-synthesis/id56_id55_0007.mp4,1,235,856,478,FMP4,1.12,DeepFake,Celeb-synthesis,id56,id55,,CELEB_COMPONENT_003,,validation
CELEBDF_0005686,Celeb-DF v2,Celeb-synthesis/id56_id55_0008.mp4,1,351,856,478,FMP4,1.69,DeepFake,Celeb-synthesis,id56,id55,,CELEB_COMPONENT_003,,validation
CELEBDF_0005687,Celeb-DF v2,Celeb-synthesis/id56_id55_0009.mp4,1,297,856,478,FMP4,1.2,DeepFake,Celeb-synthesis,id56,id55,,CELEB_COMPONENT_003,,validation
CELEBDF_0005688,Celeb-DF v2,Celeb-synthesis/id56_id57_0000.mp4,1,469,856,478,FMP4,1.11,DeepFake,Celeb-synthesis,id56,id57,,CELEB_COMPONENT_003,,validation
CELEBDF_0005689,Celeb-DF v2,Celeb-synthesis/id56_id57_0001.mp4,1,464,856,478,FMP4,1.45,DeepFake,Celeb-synthesis,id56,id57,,CELEB_COMPONENT_003,,validation
CELEBDF_0005690,Celeb-DF v2,Celeb-synthesis/id56_id57_0002.mp4,1,362,856,478,FMP4,1.53,DeepFake,Celeb-synthesis,id56,id57,,CELEB_COMPONENT_003,,validation
CELEBDF_0005691,Celeb-DF v2,Celeb-synthesis/id56_id57_0003.mp4,1,447,856,478,FMP4,1.62,DeepFake,Celeb-synthesis,id56,id57,,CELEB_COMPONENT_003,,validation
CELEBDF_0005692,Celeb-DF v2,Celeb-synthesis/id56_id57_0005.mp4,1,469,856,478,FMP4,1.47,DeepFake,Celeb-synthesis,id56,id57,,CELEB_COMPONENT_003,,validation
CELEBDF_0005693,Celeb-DF v2,Celeb-synthesis/id56_id57_0006.mp4,1,267,856,478,FMP4,0.9,DeepFake,Celeb-synthesis,id56,id57,,CELEB_COMPONENT_003,,validation
CELEBDF_0005694,Celeb-DF v2,Celeb-synthesis/id56_id57_0007.mp4,1,235,856,478,FMP4,1.11,DeepFake,Celeb-synthesis,id56,id57,,CELEB_COMPONENT_003,,validation
CELEBDF_0005695,Celeb-DF v2,Celeb-synthesis/id56_id57_0008.mp4,1,351,856,478,FMP4,1.68,DeepFake,Celeb-synthesis,id56,id57,,CELEB_COMPONENT_003,,validation
CELEBDF_0005696,Celeb-DF v2,Celeb-synthesis/id56_id57_0009.mp4,1,297,856,478,FMP4,1.2,DeepFake,Celeb-synthesis,id56,id57,,CELEB_COMPONENT_003,,validation
CELEBDF_0005697,Celeb-DF v2,Celeb-synthesis/id56_id58_0000.mp4,1,469,856,478,FMP4,1.1,DeepFake,Celeb-synthesis,id56,id58,,CELEB_COMPONENT_003,,validation
CELEBDF_0005698,Celeb-DF v2,Celeb-synthesis/id56_id58_0001.mp4,1,464,856,478,FMP4,1.46,DeepFake,Celeb-synthesis,id56,id58,,CELEB_COMPONENT_003,,validation
CELEBDF_0005699,Celeb-DF v2,Celeb-synthesis/id56_id58_0002.mp4,1,362,856,478,FMP4,1.53,DeepFake,Celeb-synthesis,id56,id58,,CELEB_COMPONENT_003,,validation
CELEBDF_0005700,Celeb-DF v2,Celeb-synthesis/id56_id58_0003.mp4,1,447,856,478,FMP4,1.63,DeepFake,Celeb-synthesis,id56,id58,,CELEB_COMPONENT_003,,validation
CELEBDF_0005701,Celeb-DF v2,Celeb-synthesis/id56_id58_0005.mp4,1,469,856,478,FMP4,1.47,DeepFake,Celeb-synthesis,id56,id58,,CELEB_COMPONENT_003,,validation
CELEBDF_0005702,Celeb-DF v2,Celeb-synthesis/id56_id58_0006.mp4,1,267,856,478,FMP4,0.9,DeepFake,Celeb-synthesis,id56,id58,,CELEB_COMPONENT_003,,validation
CELEBDF_0005703,Celeb-DF v2,Celeb-synthesis/id56_id58_0008.mp4,1,351,856,478,FMP4,1.68,DeepFake,Celeb-synthesis,id56,id58,,CELEB_COMPONENT_003,,validation
CELEBDF_0005704,Celeb-DF v2,Celeb-synthesis/id56_id58_0009.mp4,1,297,856,478,FMP4,1.21,DeepFake,Celeb-synthesis,id56,id58,,CELEB_COMPONENT_003,,validation
CELEBDF_0005705,Celeb-DF v2,Celeb-synthesis/id57_id49_0000.mp4,1,639,856,478,FMP4,2.27,DeepFake,Celeb-synthesis,id57,id49,,CELEB_COMPONENT_003,,validation
CELEBDF_0005706,Celeb-DF v2,Celeb-synthesis/id57_id49_0002.mp4,1,313,856,478,FMP4,0.92,DeepFake,Celeb-synthesis,id57,id49,,CELEB_COMPONENT_003,,validation
CELEBDF_0005707,Celeb-DF v2,Celeb-synthesis/id57_id49_0007.mp4,1,441,856,478,FMP4,1.35,DeepFake,Celeb-synthesis,id57,id49,,CELEB_COMPONENT_003,,validation
CELEBDF_0005708,Celeb-DF v2,Celeb-synthesis/id57_id50_0000.mp4,1,639,856,478,FMP4,2.27,DeepFake,Celeb-synthesis,id57,id50,,CELEB_COMPONENT_003,,validation
CELEBDF_0005709,Celeb-DF v2,Celeb-synthesis/id57_id50_0002.mp4,1,313,856,478,FMP4,0.92,DeepFake,Celeb-synthesis,id57,id50,,CELEB_COMPONENT_003,,validation
CELEBDF_0005710,Celeb-DF v2,Celeb-synthesis/id57_id50_0004.mp4,1,451,856,478,FMP4,2.13,DeepFake,Celeb-synthesis,id57,id50,,CELEB_COMPONENT_003,,validation
CELEBDF_0005711,Celeb-DF v2,Celeb-synthesis/id57_id50_0005.mp4,1,468,856,478,FMP4,2.17,DeepFake,Celeb-synthesis,id57,id50,,CELEB_COMPONENT_003,,validation
CELEBDF_0005712,Celeb-DF v2,Celeb-synthesis/id57_id50_0006.mp4,1,453,856,478,FMP4,2.16,DeepFake,Celeb-synthesis,id57,id50,,CELEB_COMPONENT_003,,validation
CELEBDF_0005713,Celeb-DF v2,Celeb-synthesis/id57_id50_0007.mp4,1,441,856,478,FMP4,1.35,DeepFake,Celeb-synthesis,id57,id50,,CELEB_COMPONENT_003,,validation
CELEBDF_0005714,Celeb-DF v2,Celeb-synthesis/id57_id50_0008.mp4,1,455,856,478,FMP4,1.54,DeepFake,Celeb-synthesis,id57,id50,,CELEB_COMPONENT_003,,validation
CELEBDF_0005715,Celeb-DF v2,Celeb-synthesis/id57_id51_0000.mp4,1,639,856,478,FMP4,2.27,DeepFake,Celeb-synthesis,id57,id51,,CELEB_COMPONENT_003,,validation
CELEBDF_0005716,Celeb-DF v2,Celeb-synthesis/id57_id51_0002.mp4,1,313,856,478,FMP4,0.92,DeepFake,Celeb-synthesis,id57,id51,,CELEB_COMPONENT_003,,validation
CELEBDF_0005717,Celeb-DF v2,Celeb-synthesis/id57_id51_0003.mp4,1,455,856,478,FMP4,1.29,DeepFake,Celeb-synthesis,id57,id51,,CELEB_COMPONENT_003,,validation
CELEBDF_0005718,Celeb-DF v2,Celeb-synthesis/id57_id51_0004.mp4,1,451,856,478,FMP4,2.13,DeepFake,Celeb-synthesis,id57,id51,,CELEB_COMPONENT_003,,validation
CELEBDF_0005719,Celeb-DF v2,Celeb-synthesis/id57_id51_0005.mp4,1,468,856,478,FMP4,2.17,DeepFake,Celeb-synthesis,id57,id51,,CELEB_COMPONENT_003,,validation
CELEBDF_0005720,Celeb-DF v2,Celeb-synthesis/id57_id51_0006.mp4,1,453,856,478,FMP4,2.17,DeepFake,Celeb-synthesis,id57,id51,,CELEB_COMPONENT_003,,validation
CELEBDF_0005721,Celeb-DF v2,Celeb-synthesis/id57_id51_0007.mp4,1,441,856,478,FMP4,1.36,DeepFake,Celeb-synthesis,id57,id51,,CELEB_COMPONENT_003,,validation
CELEBDF_0005722,Celeb-DF v2,Celeb-synthesis/id57_id51_0008.mp4,1,455,856,478,FMP4,1.54,DeepFake,Celeb-synthesis,id57,id51,,CELEB_COMPONENT_003,,validation
CELEBDF_0005723,Celeb-DF v2,Celeb-synthesis/id57_id52_0000.mp4,1,639,856,478,FMP4,2.27,DeepFake,Celeb-synthesis,id57,id52,,CELEB_COMPONENT_003,,validation
CELEBDF_0005724,Celeb-DF v2,Celeb-synthesis/id57_id52_0002.mp4,1,313,856,478,FMP4,0.92,DeepFake,Celeb-synthesis,id57,id52,,CELEB_COMPONENT_003,,validation
CELEBDF_0005725,Celeb-DF v2,Celeb-synthesis/id57_id52_0003.mp4,1,455,856,478,FMP4,1.29,DeepFake,Celeb-synthesis,id57,id52,,CELEB_COMPONENT_003,,validation
CELEBDF_0005726,Celeb-DF v2,Celeb-synthesis/id57_id52_0004.mp4,1,451,856,478,FMP4,2.14,DeepFake,Celeb-synthesis,id57,id52,,CELEB_COMPONENT_003,,validation
CELEBDF_0005727,Celeb-DF v2,Celeb-synthesis/id57_id52_0005.mp4,1,468,856,478,FMP4,2.16,DeepFake,Celeb-synthesis,id57,id52,,CELEB_COMPONENT_003,,validation
CELEBDF_0005728,Celeb-DF v2,Celeb-synthesis/id57_id52_0006.mp4,1,453,856,478,FMP4,2.16,DeepFake,Celeb-synthesis,id57,id52,,CELEB_COMPONENT_003,,validation
CELEBDF_0005729,Celeb-DF v2,Celeb-synthesis/id57_id52_0007.mp4,1,441,856,478,FMP4,1.36,DeepFake,Celeb-synthesis,id57,id52,,CELEB_COMPONENT_003,,validation
CELEBDF_0005730,Celeb-DF v2,Celeb-synthesis/id57_id52_0008.mp4,1,455,856,478,FMP4,1.54,DeepFake,Celeb-synthesis,id57,id52,,CELEB_COMPONENT_003,,validation
CELEBDF_0005731,Celeb-DF v2,Celeb-synthesis/id57_id53_0000.mp4,1,639,856,478,FMP4,2.27,DeepFake,Celeb-synthesis,id57,id53,,CELEB_COMPONENT_003,,validation
CELEBDF_0005732,Celeb-DF v2,Celeb-synthesis/id57_id53_0002.mp4,1,313,856,478,FMP4,0.91,DeepFake,Celeb-synthesis,id57,id53,,CELEB_COMPONENT_003,,validation
CELEBDF_0005733,Celeb-DF v2,Celeb-synthesis/id57_id53_0003.mp4,1,455,856,478,FMP4,1.29,DeepFake,Celeb-synthesis,id57,id53,,CELEB_COMPONENT_003,,validation
CELEBDF_0005734,Celeb-DF v2,Celeb-synthesis/id57_id53_0004.mp4,1,451,856,478,FMP4,2.12,DeepFake,Celeb-synthesis,id57,id53,,CELEB_COMPONENT_003,,validation
CELEBDF_0005735,Celeb-DF v2,Celeb-synthesis/id57_id53_0006.mp4,1,453,856,478,FMP4,2.16,DeepFake,Celeb-synthesis,id57,id53,,CELEB_COMPONENT_003,,validation
CELEBDF_0005736,Celeb-DF v2,Celeb-synthesis/id57_id53_0007.mp4,1,441,856,478,FMP4,1.36,DeepFake,Celeb-synthesis,id57,id53,,CELEB_COMPONENT_003,,validation
CELEBDF_0005737,Celeb-DF v2,Celeb-synthesis/id57_id53_0008.mp4,1,455,856,478,FMP4,1.54,DeepFake,Celeb-synthesis,id57,id53,,CELEB_COMPONENT_003,,validation
CELEBDF_0005738,Celeb-DF v2,Celeb-synthesis/id57_id54_0000.mp4,1,639,856,478,FMP4,2.28,DeepFake,Celeb-synthesis,id57,id54,,CELEB_COMPONENT_003,,validation
CELEBDF_0005739,Celeb-DF v2,Celeb-synthesis/id57_id54_0002.mp4,1,313,856,478,FMP4,0.92,DeepFake,Celeb-synthesis,id57,id54,,CELEB_COMPONENT_003,,validation
CELEBDF_0005740,Celeb-DF v2,Celeb-synthesis/id57_id54_0004.mp4,1,451,856,478,FMP4,2.14,DeepFake,Celeb-synthesis,id57,id54,,CELEB_COMPONENT_003,,validation
CELEBDF_0005741,Celeb-DF v2,Celeb-synthesis/id57_id54_0006.mp4,1,453,856,478,FMP4,2.16,DeepFake,Celeb-synthesis,id57,id54,,CELEB_COMPONENT_003,,validation
CELEBDF_0005742,Celeb-DF v2,Celeb-synthesis/id57_id54_0007.mp4,1,441,856,478,FMP4,1.36,DeepFake,Celeb-synthesis,id57,id54,,CELEB_COMPONENT_003,,validation
CELEBDF_0005743,Celeb-DF v2,Celeb-synthesis/id57_id54_0008.mp4,1,455,856,478,FMP4,1.54,DeepFake,Celeb-synthesis,id57,id54,,CELEB_COMPONENT_003,,validation
CELEBDF_0005744,Celeb-DF v2,Celeb-synthesis/id57_id55_0000.mp4,1,639,856,478,FMP4,2.27,DeepFake,Celeb-synthesis,id57,id55,,CELEB_COMPONENT_003,,validation
CELEBDF_0005745,Celeb-DF v2,Celeb-synthesis/id57_id55_0001.mp4,1,457,856,478,FMP4,1.59,DeepFake,Celeb-synthesis,id57,id55,,CELEB_COMPONENT_003,,validation
CELEBDF_0005746,Celeb-DF v2,Celeb-synthesis/id57_id55_0002.mp4,1,313,856,478,FMP4,0.92,DeepFake,Celeb-synthesis,id57,id55,,CELEB_COMPONENT_003,,validation
CELEBDF_0005747,Celeb-DF v2,Celeb-synthesis/id57_id55_0003.mp4,1,455,856,478,FMP4,1.29,DeepFake,Celeb-synthesis,id57,id55,,CELEB_COMPONENT_003,,validation
CELEBDF_0005748,Celeb-DF v2,Celeb-synthesis/id57_id55_0004.mp4,1,451,856,478,FMP4,2.13,DeepFake,Celeb-synthesis,id57,id55,,CELEB_COMPONENT_003,,validation
CELEBDF_0005749,Celeb-DF v2,Celeb-synthesis/id57_id55_0006.mp4,1,453,856,478,FMP4,2.16,DeepFake,Celeb-synthesis,id57,id55,,CELEB_COMPONENT_003,,validation
CELEBDF_0005750,Celeb-DF v2,Celeb-synthesis/id57_id55_0007.mp4,1,441,856,478,FMP4,1.35,DeepFake,Celeb-synthesis,id57,id55,,CELEB_COMPONENT_003,,validation
CELEBDF_0005751,Celeb-DF v2,Celeb-synthesis/id57_id55_0008.mp4,1,455,856,478,FMP4,1.55,DeepFake,Celeb-synthesis,id57,id55,,CELEB_COMPONENT_003,,validation
CELEBDF_0005752,Celeb-DF v2,Celeb-synthesis/id57_id56_0000.mp4,1,639,856,478,FMP4,2.27,DeepFake,Celeb-synthesis,id57,id56,,CELEB_COMPONENT_003,,validation
CELEBDF_0005753,Celeb-DF v2,Celeb-synthesis/id57_id56_0001.mp4,1,457,856,478,FMP4,1.58,DeepFake,Celeb-synthesis,id57,id56,,CELEB_COMPONENT_003,,validation
CELEBDF_0005754,Celeb-DF v2,Celeb-synthesis/id57_id56_0002.mp4,1,313,856,478,FMP4,0.92,DeepFake,Celeb-synthesis,id57,id56,,CELEB_COMPONENT_003,,validation
CELEBDF_0005755,Celeb-DF v2,Celeb-synthesis/id57_id56_0003.mp4,1,455,856,478,FMP4,1.3,DeepFake,Celeb-synthesis,id57,id56,,CELEB_COMPONENT_003,,validation
CELEBDF_0005756,Celeb-DF v2,Celeb-synthesis/id57_id56_0004.mp4,1,451,856,478,FMP4,2.13,DeepFake,Celeb-synthesis,id57,id56,,CELEB_COMPONENT_003,,validation
CELEBDF_0005757,Celeb-DF v2,Celeb-synthesis/id57_id56_0005.mp4,1,468,856,478,FMP4,2.16,DeepFake,Celeb-synthesis,id57,id56,,CELEB_COMPONENT_003,,validation
CELEBDF_0005758,Celeb-DF v2,Celeb-synthesis/id57_id56_0006.mp4,1,453,856,478,FMP4,2.17,DeepFake,Celeb-synthesis,id57,id56,,CELEB_COMPONENT_003,,validation
CELEBDF_0005759,Celeb-DF v2,Celeb-synthesis/id57_id56_0007.mp4,1,441,856,478,FMP4,1.37,DeepFake,Celeb-synthesis,id57,id56,,CELEB_COMPONENT_003,,validation
CELEBDF_0005760,Celeb-DF v2,Celeb-synthesis/id57_id56_0008.mp4,1,455,856,478,FMP4,1.55,DeepFake,Celeb-synthesis,id57,id56,,CELEB_COMPONENT_003,,validation
CELEBDF_0005761,Celeb-DF v2,Celeb-synthesis/id57_id58_0000.mp4,1,639,856,478,FMP4,2.27,DeepFake,Celeb-synthesis,id57,id58,,CELEB_COMPONENT_003,,validation
CELEBDF_0005762,Celeb-DF v2,Celeb-synthesis/id57_id58_0002.mp4,1,313,856,478,FMP4,0.92,DeepFake,Celeb-synthesis,id57,id58,,CELEB_COMPONENT_003,,validation
CELEBDF_0005763,Celeb-DF v2,Celeb-synthesis/id57_id58_0003.mp4,1,455,856,478,FMP4,1.3,DeepFake,Celeb-synthesis,id57,id58,,CELEB_COMPONENT_003,,validation
CELEBDF_0005764,Celeb-DF v2,Celeb-synthesis/id57_id58_0004.mp4,1,451,856,478,FMP4,2.14,DeepFake,Celeb-synthesis,id57,id58,,CELEB_COMPONENT_003,,validation
CELEBDF_0005765,Celeb-DF v2,Celeb-synthesis/id57_id58_0005.mp4,1,468,856,478,FMP4,2.16,DeepFake,Celeb-synthesis,id57,id58,,CELEB_COMPONENT_003,,validation
CELEBDF_0005766,Celeb-DF v2,Celeb-synthesis/id57_id58_0006.mp4,1,453,856,478,FMP4,2.17,DeepFake,Celeb-synthesis,id57,id58,,CELEB_COMPONENT_003,,validation
CELEBDF_0005767,Celeb-DF v2,Celeb-synthesis/id57_id58_0007.mp4,1,441,856,478,FMP4,1.37,DeepFake,Celeb-synthesis,id57,id58,,CELEB_COMPONENT_003,,validation
CELEBDF_0005768,Celeb-DF v2,Celeb-synthesis/id58_id49_0002.mp4,1,466,856,478,FMP4,1.75,DeepFake,Celeb-synthesis,id58,id49,,CELEB_COMPONENT_003,,validation
CELEBDF_0005769,Celeb-DF v2,Celeb-synthesis/id58_id49_0003.mp4,1,501,856,478,FMP4,1.53,DeepFake,Celeb-synthesis,id58,id49,,CELEB_COMPONENT_003,,validation
CELEBDF_0005770,Celeb-DF v2,Celeb-synthesis/id58_id49_0004.mp4,1,460,856,478,FMP4,1.69,DeepFake,Celeb-synthesis,id58,id49,,CELEB_COMPONENT_003,,validation
CELEBDF_0005771,Celeb-DF v2,Celeb-synthesis/id58_id49_0005.mp4,1,461,856,478,FMP4,1.72,DeepFake,Celeb-synthesis,id58,id49,,CELEB_COMPONENT_003,,validation
CELEBDF_0005772,Celeb-DF v2,Celeb-synthesis/id58_id49_0006.mp4,1,458,856,478,FMP4,1.93,DeepFake,Celeb-synthesis,id58,id49,,CELEB_COMPONENT_003,,validation
CELEBDF_0005773,Celeb-DF v2,Celeb-synthesis/id58_id49_0007.mp4,1,314,856,478,FMP4,1.73,DeepFake,Celeb-synthesis,id58,id49,,CELEB_COMPONENT_003,,validation
CELEBDF_0005774,Celeb-DF v2,Celeb-synthesis/id58_id49_0008.mp4,1,388,856,478,FMP4,1.55,DeepFake,Celeb-synthesis,id58,id49,,CELEB_COMPONENT_003,,validation
CELEBDF_0005775,Celeb-DF v2,Celeb-synthesis/id58_id51_0001.mp4,1,458,856,478,FMP4,1.35,DeepFake,Celeb-synthesis,id58,id51,,CELEB_COMPONENT_003,,validation
CELEBDF_0005776,Celeb-DF v2,Celeb-synthesis/id58_id51_0002.mp4,1,466,856,478,FMP4,1.75,DeepFake,Celeb-synthesis,id58,id51,,CELEB_COMPONENT_003,,validation
CELEBDF_0005777,Celeb-DF v2,Celeb-synthesis/id58_id51_0003.mp4,1,501,856,478,FMP4,1.52,DeepFake,Celeb-synthesis,id58,id51,,CELEB_COMPONENT_003,,validation
CELEBDF_0005778,Celeb-DF v2,Celeb-synthesis/id58_id51_0004.mp4,1,460,856,478,FMP4,1.69,DeepFake,Celeb-synthesis,id58,id51,,CELEB_COMPONENT_003,,validation
CELEBDF_0005779,Celeb-DF v2,Celeb-synthesis/id58_id51_0005.mp4,1,461,856,478,FMP4,1.72,DeepFake,Celeb-synthesis,id58,id51,,CELEB_COMPONENT_003,,validation
CELEBDF_0005780,Celeb-DF v2,Celeb-synthesis/id58_id51_0006.mp4,1,458,856,478,FMP4,1.93,DeepFake,Celeb-synthesis,id58,id51,,CELEB_COMPONENT_003,,validation
CELEBDF_0005781,Celeb-DF v2,Celeb-synthesis/id58_id51_0007.mp4,1,314,856,478,FMP4,1.73,DeepFake,Celeb-synthesis,id58,id51,,CELEB_COMPONENT_003,,validation
CELEBDF_0005782,Celeb-DF v2,Celeb-synthesis/id58_id51_0008.mp4,1,388,856,478,FMP4,1.55,DeepFake,Celeb-synthesis,id58,id51,,CELEB_COMPONENT_003,,validation
CELEBDF_0005783,Celeb-DF v2,Celeb-synthesis/id58_id52_0002.mp4,1,466,856,478,FMP4,1.74,DeepFake,Celeb-synthesis,id58,id52,,CELEB_COMPONENT_003,,validation
CELEBDF_0005784,Celeb-DF v2,Celeb-synthesis/id58_id52_0003.mp4,1,501,856,478,FMP4,1.52,DeepFake,Celeb-synthesis,id58,id52,,CELEB_COMPONENT_003,,validation
CELEBDF_0005785,Celeb-DF v2,Celeb-synthesis/id58_id52_0004.mp4,1,460,856,478,FMP4,1.69,DeepFake,Celeb-synthesis,id58,id52,,CELEB_COMPONENT_003,,validation
CELEBDF_0005786,Celeb-DF v2,Celeb-synthesis/id58_id52_0005.mp4,1,461,856,478,FMP4,1.73,DeepFake,Celeb-synthesis,id58,id52,,CELEB_COMPONENT_003,,validation
CELEBDF_0005787,Celeb-DF v2,Celeb-synthesis/id58_id52_0006.mp4,1,458,856,478,FMP4,1.94,DeepFake,Celeb-synthesis,id58,id52,,CELEB_COMPONENT_003,,validation
CELEBDF_0005788,Celeb-DF v2,Celeb-synthesis/id58_id52_0007.mp4,1,314,856,478,FMP4,1.73,DeepFake,Celeb-synthesis,id58,id52,,CELEB_COMPONENT_003,,validation
CELEBDF_0005789,Celeb-DF v2,Celeb-synthesis/id58_id52_0008.mp4,1,388,856,478,FMP4,1.55,DeepFake,Celeb-synthesis,id58,id52,,CELEB_COMPONENT_003,,validation
CELEBDF_0005790,Celeb-DF v2,Celeb-synthesis/id58_id53_0002.mp4,1,466,856,478,FMP4,1.74,DeepFake,Celeb-synthesis,id58,id53,,CELEB_COMPONENT_003,,validation
CELEBDF_0005791,Celeb-DF v2,Celeb-synthesis/id58_id53_0005.mp4,1,461,856,478,FMP4,1.73,DeepFake,Celeb-synthesis,id58,id53,,CELEB_COMPONENT_003,,validation
CELEBDF_0005792,Celeb-DF v2,Celeb-synthesis/id58_id53_0006.mp4,1,458,856,478,FMP4,1.93,DeepFake,Celeb-synthesis,id58,id53,,CELEB_COMPONENT_003,,validation
CELEBDF_0005793,Celeb-DF v2,Celeb-synthesis/id58_id53_0007.mp4,1,314,856,478,FMP4,1.73,DeepFake,Celeb-synthesis,id58,id53,,CELEB_COMPONENT_003,,validation
CELEBDF_0005794,Celeb-DF v2,Celeb-synthesis/id58_id54_0001.mp4,1,458,856,478,FMP4,1.35,DeepFake,Celeb-synthesis,id58,id54,,CELEB_COMPONENT_003,,validation
CELEBDF_0005795,Celeb-DF v2,Celeb-synthesis/id58_id54_0002.mp4,1,466,856,478,FMP4,1.75,DeepFake,Celeb-synthesis,id58,id54,,CELEB_COMPONENT_003,,validation
CELEBDF_0005796,Celeb-DF v2,Celeb-synthesis/id58_id54_0003.mp4,1,501,856,478,FMP4,1.52,DeepFake,Celeb-synthesis,id58,id54,,CELEB_COMPONENT_003,,validation
CELEBDF_0005797,Celeb-DF v2,Celeb-synthesis/id58_id54_0004.mp4,1,460,856,478,FMP4,1.69,DeepFake,Celeb-synthesis,id58,id54,,CELEB_COMPONENT_003,,validation
CELEBDF_0005798,Celeb-DF v2,Celeb-synthesis/id58_id54_0005.mp4,1,461,856,478,FMP4,1.72,DeepFake,Celeb-synthesis,id58,id54,,CELEB_COMPONENT_003,,validation
CELEBDF_0005799,Celeb-DF v2,Celeb-synthesis/id58_id54_0006.mp4,1,458,856,478,FMP4,1.93,DeepFake,Celeb-synthesis,id58,id54,,CELEB_COMPONENT_003,,validation
CELEBDF_0005800,Celeb-DF v2,Celeb-synthesis/id58_id54_0007.mp4,1,314,856,478,FMP4,1.73,DeepFake,Celeb-synthesis,id58,id54,,CELEB_COMPONENT_003,,validation
CELEBDF_0005801,Celeb-DF v2,Celeb-synthesis/id58_id55_0002.mp4,1,466,856,478,FMP4,1.74,DeepFake,Celeb-synthesis,id58,id55,,CELEB_COMPONENT_003,,validation
CELEBDF_0005802,Celeb-DF v2,Celeb-synthesis/id58_id55_0003.mp4,1,501,856,478,FMP4,1.52,DeepFake,Celeb-synthesis,id58,id55,,CELEB_COMPONENT_003,,validation
CELEBDF_0005803,Celeb-DF v2,Celeb-synthesis/id58_id55_0004.mp4,1,460,856,478,FMP4,1.69,DeepFake,Celeb-synthesis,id58,id55,,CELEB_COMPONENT_003,,validation
CELEBDF_0005804,Celeb-DF v2,Celeb-synthesis/id58_id55_0005.mp4,1,461,856,478,FMP4,1.72,DeepFake,Celeb-synthesis,id58,id55,,CELEB_COMPONENT_003,,validation
CELEBDF_0005805,Celeb-DF v2,Celeb-synthesis/id58_id55_0006.mp4,1,458,856,478,FMP4,1.93,DeepFake,Celeb-synthesis,id58,id55,,CELEB_COMPONENT_003,,validation
CELEBDF_0005806,Celeb-DF v2,Celeb-synthesis/id58_id55_0007.mp4,1,314,856,478,FMP4,1.73,DeepFake,Celeb-synthesis,id58,id55,,CELEB_COMPONENT_003,,validation
CELEBDF_0005807,Celeb-DF v2,Celeb-synthesis/id58_id55_0008.mp4,1,388,856,478,FMP4,1.54,DeepFake,Celeb-synthesis,id58,id55,,CELEB_COMPONENT_003,,validation
CELEBDF_0005808,Celeb-DF v2,Celeb-synthesis/id58_id56_0001.mp4,1,458,856,478,FMP4,1.35,DeepFake,Celeb-synthesis,id58,id56,,CELEB_COMPONENT_003,,validation
CELEBDF_0005809,Celeb-DF v2,Celeb-synthesis/id58_id56_0002.mp4,1,466,856,478,FMP4,1.74,DeepFake,Celeb-synthesis,id58,id56,,CELEB_COMPONENT_003,,validation
CELEBDF_0005810,Celeb-DF v2,Celeb-synthesis/id58_id56_0003.mp4,1,501,856,478,FMP4,1.52,DeepFake,Celeb-synthesis,id58,id56,,CELEB_COMPONENT_003,,validation
CELEBDF_0005811,Celeb-DF v2,Celeb-synthesis/id58_id56_0004.mp4,1,460,856,478,FMP4,1.69,DeepFake,Celeb-synthesis,id58,id56,,CELEB_COMPONENT_003,,validation
CELEBDF_0005812,Celeb-DF v2,Celeb-synthesis/id58_id56_0005.mp4,1,461,856,478,FMP4,1.72,DeepFake,Celeb-synthesis,id58,id56,,CELEB_COMPONENT_003,,validation
CELEBDF_0005813,Celeb-DF v2,Celeb-synthesis/id58_id56_0006.mp4,1,458,856,478,FMP4,1.93,DeepFake,Celeb-synthesis,id58,id56,,CELEB_COMPONENT_003,,validation
CELEBDF_0005814,Celeb-DF v2,Celeb-synthesis/id58_id56_0007.mp4,1,314,856,478,FMP4,1.73,DeepFake,Celeb-synthesis,id58,id56,,CELEB_COMPONENT_003,,validation
CELEBDF_0005815,Celeb-DF v2,Celeb-synthesis/id58_id57_0001.mp4,1,458,856,478,FMP4,1.35,DeepFake,Celeb-synthesis,id58,id57,,CELEB_COMPONENT_003,,validation
CELEBDF_0005816,Celeb-DF v2,Celeb-synthesis/id58_id57_0002.mp4,1,466,856,478,FMP4,1.73,DeepFake,Celeb-synthesis,id58,id57,,CELEB_COMPONENT_003,,validation
CELEBDF_0005817,Celeb-DF v2,Celeb-synthesis/id58_id57_0003.mp4,1,501,856,478,FMP4,1.52,DeepFake,Celeb-synthesis,id58,id57,,CELEB_COMPONENT_003,,validation
CELEBDF_0005818,Celeb-DF v2,Celeb-synthesis/id58_id57_0004.mp4,1,460,856,478,FMP4,1.69,DeepFake,Celeb-synthesis,id58,id57,,CELEB_COMPONENT_003,,validation
CELEBDF_0005819,Celeb-DF v2,Celeb-synthesis/id58_id57_0005.mp4,1,461,856,478,FMP4,1.72,DeepFake,Celeb-synthesis,id58,id57,,CELEB_COMPONENT_003,,validation
CELEBDF_0005820,Celeb-DF v2,Celeb-synthesis/id58_id57_0006.mp4,1,458,856,478,FMP4,1.92,DeepFake,Celeb-synthesis,id58,id57,,CELEB_COMPONENT_003,,validation
CELEBDF_0005821,Celeb-DF v2,Celeb-synthesis/id58_id57_0007.mp4,1,314,856,478,FMP4,1.72,DeepFake,Celeb-synthesis,id58,id57,,CELEB_COMPONENT_003,,validation
CELEBDF_0005822,Celeb-DF v2,Celeb-synthesis/id58_id57_0008.mp4,1,388,856,478,FMP4,1.55,DeepFake,Celeb-synthesis,id58,id57,,CELEB_COMPONENT_003,,validation
CELEBDF_0005823,Celeb-DF v2,Celeb-synthesis/id59_id5_0000.mp4,1,551,856,478,FMP4,1.68,DeepFake,Celeb-synthesis,id59,id5,,CELEB_COMPONENT_000,,train
CELEBDF_0005824,Celeb-DF v2,Celeb-synthesis/id59_id5_0001.mp4,1,237,856,478,FMP4,0.76,DeepFake,Celeb-synthesis,id59,id5,,CELEB_COMPONENT_000,,train
CELEBDF_0005825,Celeb-DF v2,Celeb-synthesis/id59_id5_0002.mp4,1,501,856,478,FMP4,1.84,DeepFake,Celeb-synthesis,id59,id5,,CELEB_COMPONENT_000,,train
CELEBDF_0005826,Celeb-DF v2,Celeb-synthesis/id59_id5_0004.mp4,1,380,856,478,FMP4,1.54,DeepFake,Celeb-synthesis,id59,id5,,CELEB_COMPONENT_000,,train
CELEBDF_0005827,Celeb-DF v2,Celeb-synthesis/id59_id5_0005.mp4,1,324,856,478,FMP4,0.68,DeepFake,Celeb-synthesis,id59,id5,,CELEB_COMPONENT_000,,train
CELEBDF_0005828,Celeb-DF v2,Celeb-synthesis/id59_id5_0006.mp4,1,467,856,478,FMP4,1.92,DeepFake,Celeb-synthesis,id59,id5,,CELEB_COMPONENT_000,,train
CELEBDF_0005829,Celeb-DF v2,Celeb-synthesis/id59_id5_0007.mp4,1,332,856,478,FMP4,1.07,DeepFake,Celeb-synthesis,id59,id5,,CELEB_COMPONENT_000,,train
CELEBDF_0005830,Celeb-DF v2,Celeb-synthesis/id59_id5_0008.mp4,1,463,856,478,FMP4,0.92,DeepFake,Celeb-synthesis,id59,id5,,CELEB_COMPONENT_000,,train
CELEBDF_0005831,Celeb-DF v2,Celeb-synthesis/id59_id60_0000.mp4,1,551,856,478,FMP4,1.67,DeepFake,Celeb-synthesis,id59,id60,,CELEB_COMPONENT_000,,train
CELEBDF_0005832,Celeb-DF v2,Celeb-synthesis/id59_id60_0001.mp4,1,237,856,478,FMP4,0.75,DeepFake,Celeb-synthesis,id59,id60,,CELEB_COMPONENT_000,,train
CELEBDF_0005833,Celeb-DF v2,Celeb-synthesis/id59_id60_0004.mp4,1,380,856,478,FMP4,1.53,DeepFake,Celeb-synthesis,id59,id60,,CELEB_COMPONENT_000,,train
CELEBDF_0005834,Celeb-DF v2,Celeb-synthesis/id59_id60_0005.mp4,1,324,856,478,FMP4,0.67,DeepFake,Celeb-synthesis,id59,id60,,CELEB_COMPONENT_000,,train
CELEBDF_0005835,Celeb-DF v2,Celeb-synthesis/id59_id60_0006.mp4,1,467,856,478,FMP4,1.9,DeepFake,Celeb-synthesis,id59,id60,,CELEB_COMPONENT_000,,train
CELEBDF_0005836,Celeb-DF v2,Celeb-synthesis/id59_id60_0007.mp4,1,332,856,478,FMP4,1.06,DeepFake,Celeb-synthesis,id59,id60,,CELEB_COMPONENT_000,,train
CELEBDF_0005837,Celeb-DF v2,Celeb-synthesis/id59_id60_0008.mp4,1,463,856,478,FMP4,0.9,DeepFake,Celeb-synthesis,id59,id60,,CELEB_COMPONENT_000,,train
CELEBDF_0005838,Celeb-DF v2,Celeb-synthesis/id59_id61_0000.mp4,1,550,856,478,FMP4,1.67,DeepFake,Celeb-synthesis,id59,id61,,CELEB_COMPONENT_000,,train
CELEBDF_0005839,Celeb-DF v2,Celeb-synthesis/id59_id61_0001.mp4,1,237,856,478,FMP4,0.75,DeepFake,Celeb-synthesis,id59,id61,,CELEB_COMPONENT_000,,train
CELEBDF_0005840,Celeb-DF v2,Celeb-synthesis/id59_id61_0002.mp4,1,501,856,478,FMP4,1.81,DeepFake,Celeb-synthesis,id59,id61,,CELEB_COMPONENT_000,,train
CELEBDF_0005841,Celeb-DF v2,Celeb-synthesis/id59_id61_0004.mp4,1,380,856,478,FMP4,1.54,DeepFake,Celeb-synthesis,id59,id61,,CELEB_COMPONENT_000,,train
CELEBDF_0005842,Celeb-DF v2,Celeb-synthesis/id59_id61_0005.mp4,1,324,856,478,FMP4,0.67,DeepFake,Celeb-synthesis,id59,id61,,CELEB_COMPONENT_000,,train
CELEBDF_0005843,Celeb-DF v2,Celeb-synthesis/id59_id61_0006.mp4,1,467,856,478,FMP4,1.91,DeepFake,Celeb-synthesis,id59,id61,,CELEB_COMPONENT_000,,train
CELEBDF_0005844,Celeb-DF v2,Celeb-synthesis/id59_id61_0007.mp4,1,332,856,478,FMP4,1.06,DeepFake,Celeb-synthesis,id59,id61,,CELEB_COMPONENT_000,,train
CELEBDF_0005845,Celeb-DF v2,Celeb-synthesis/id59_id61_0008.mp4,1,463,856,478,FMP4,0.9,DeepFake,Celeb-synthesis,id59,id61,,CELEB_COMPONENT_000,,train
CELEBDF_0005846,Celeb-DF v2,Celeb-synthesis/id5_id59_0000.mp4,1,307,944,500,FMP4,0.99,DeepFake,Celeb-synthesis,id5,id59,,CELEB_COMPONENT_000,,train
CELEBDF_0005847,Celeb-DF v2,Celeb-synthesis/id5_id59_0001.mp4,1,380,944,500,FMP4,2.16,DeepFake,Celeb-synthesis,id5,id59,,CELEB_COMPONENT_000,,train
CELEBDF_0005848,Celeb-DF v2,Celeb-synthesis/id5_id59_0003.mp4,1,497,944,500,FMP4,2.05,DeepFake,Celeb-synthesis,id5,id59,,CELEB_COMPONENT_000,,train
CELEBDF_0005849,Celeb-DF v2,Celeb-synthesis/id5_id59_0004.mp4,1,478,944,500,FMP4,2.61,DeepFake,Celeb-synthesis,id5,id59,,CELEB_COMPONENT_000,,train
CELEBDF_0005850,Celeb-DF v2,Celeb-synthesis/id5_id59_0007.mp4,1,411,944,500,FMP4,1.56,DeepFake,Celeb-synthesis,id5,id59,,CELEB_COMPONENT_000,,train
CELEBDF_0005851,Celeb-DF v2,Celeb-synthesis/id5_id59_0008.mp4,1,584,944,500,FMP4,2.53,DeepFake,Celeb-synthesis,id5,id59,,CELEB_COMPONENT_000,,train
CELEBDF_0005852,Celeb-DF v2,Celeb-synthesis/id5_id60_0000.mp4,1,307,944,500,FMP4,0.99,DeepFake,Celeb-synthesis,id5,id60,,CELEB_COMPONENT_000,,train
CELEBDF_0005853,Celeb-DF v2,Celeb-synthesis/id5_id60_0001.mp4,1,380,944,500,FMP4,2.16,DeepFake,Celeb-synthesis,id5,id60,,CELEB_COMPONENT_000,,train
CELEBDF_0005854,Celeb-DF v2,Celeb-synthesis/id5_id60_0003.mp4,1,497,944,500,FMP4,2.05,DeepFake,Celeb-synthesis,id5,id60,,CELEB_COMPONENT_000,,train
CELEBDF_0005855,Celeb-DF v2,Celeb-synthesis/id5_id60_0004.mp4,1,478,944,500,FMP4,2.62,DeepFake,Celeb-synthesis,id5,id60,,CELEB_COMPONENT_000,,train
CELEBDF_0005856,Celeb-DF v2,Celeb-synthesis/id5_id60_0007.mp4,1,411,944,500,FMP4,1.57,DeepFake,Celeb-synthesis,id5,id60,,CELEB_COMPONENT_000,,train
CELEBDF_0005857,Celeb-DF v2,Celeb-synthesis/id5_id60_0008.mp4,1,584,944,500,FMP4,2.53,DeepFake,Celeb-synthesis,id5,id60,,CELEB_COMPONENT_000,,train
CELEBDF_0005858,Celeb-DF v2,Celeb-synthesis/id5_id61_0000.mp4,1,307,944,500,FMP4,0.99,DeepFake,Celeb-synthesis,id5,id61,,CELEB_COMPONENT_000,,train
CELEBDF_0005859,Celeb-DF v2,Celeb-synthesis/id5_id61_0001.mp4,1,380,944,500,FMP4,2.15,DeepFake,Celeb-synthesis,id5,id61,,CELEB_COMPONENT_000,,train
CELEBDF_0005860,Celeb-DF v2,Celeb-synthesis/id5_id61_0003.mp4,1,497,944,500,FMP4,2.05,DeepFake,Celeb-synthesis,id5,id61,,CELEB_COMPONENT_000,,train
CELEBDF_0005861,Celeb-DF v2,Celeb-synthesis/id5_id61_0004.mp4,1,478,944,500,FMP4,2.61,DeepFake,Celeb-synthesis,id5,id61,,CELEB_COMPONENT_000,,train
CELEBDF_0005862,Celeb-DF v2,Celeb-synthesis/id5_id61_0007.mp4,1,411,944,500,FMP4,1.56,DeepFake,Celeb-synthesis,id5,id61,,CELEB_COMPONENT_000,,train
CELEBDF_0005863,Celeb-DF v2,Celeb-synthesis/id5_id61_0008.mp4,1,584,944,500,FMP4,2.53,DeepFake,Celeb-synthesis,id5,id61,,CELEB_COMPONENT_000,,train
CELEBDF_0005864,Celeb-DF v2,Celeb-synthesis/id60_id59_0000.mp4,1,477,856,478,FMP4,3.18,DeepFake,Celeb-synthesis,id60,id59,,CELEB_COMPONENT_000,,train
CELEBDF_0005865,Celeb-DF v2,Celeb-synthesis/id60_id59_0001.mp4,1,323,856,478,FMP4,1.77,DeepFake,Celeb-synthesis,id60,id59,,CELEB_COMPONENT_000,,train
CELEBDF_0005866,Celeb-DF v2,Celeb-synthesis/id60_id59_0002.mp4,1,330,856,478,FMP4,1.56,DeepFake,Celeb-synthesis,id60,id59,,CELEB_COMPONENT_000,,train
CELEBDF_0005867,Celeb-DF v2,Celeb-synthesis/id60_id59_0003.mp4,1,438,856,478,FMP4,2.35,DeepFake,Celeb-synthesis,id60,id59,,CELEB_COMPONENT_000,,train
CELEBDF_0005868,Celeb-DF v2,Celeb-synthesis/id60_id59_0004.mp4,1,320,856,478,FMP4,0.83,DeepFake,Celeb-synthesis,id60,id59,,CELEB_COMPONENT_000,,train
CELEBDF_0005869,Celeb-DF v2,Celeb-synthesis/id60_id59_0005.mp4,1,444,856,478,FMP4,1.64,DeepFake,Celeb-synthesis,id60,id59,,CELEB_COMPONENT_000,,train
CELEBDF_0005870,Celeb-DF v2,Celeb-synthesis/id60_id59_0006.mp4,1,408,856,478,FMP4,2.23,DeepFake,Celeb-synthesis,id60,id59,,CELEB_COMPONENT_000,,train
CELEBDF_0005871,Celeb-DF v2,Celeb-synthesis/id60_id59_0007.mp4,1,484,856,478,FMP4,1.01,DeepFake,Celeb-synthesis,id60,id59,,CELEB_COMPONENT_000,,train
CELEBDF_0005872,Celeb-DF v2,Celeb-synthesis/id60_id59_0008.mp4,1,254,856,478,FMP4,0.85,DeepFake,Celeb-synthesis,id60,id59,,CELEB_COMPONENT_000,,train
CELEBDF_0005873,Celeb-DF v2,Celeb-synthesis/id60_id59_0009.mp4,1,466,856,478,FMP4,1.82,DeepFake,Celeb-synthesis,id60,id59,,CELEB_COMPONENT_000,,train
CELEBDF_0005874,Celeb-DF v2,Celeb-synthesis/id60_id5_0000.mp4,1,477,856,478,FMP4,3.2,DeepFake,Celeb-synthesis,id60,id5,,CELEB_COMPONENT_000,,train
CELEBDF_0005875,Celeb-DF v2,Celeb-synthesis/id60_id5_0001.mp4,1,323,856,478,FMP4,1.79,DeepFake,Celeb-synthesis,id60,id5,,CELEB_COMPONENT_000,,train
CELEBDF_0005876,Celeb-DF v2,Celeb-synthesis/id60_id5_0002.mp4,1,330,856,478,FMP4,1.57,DeepFake,Celeb-synthesis,id60,id5,,CELEB_COMPONENT_000,,train
CELEBDF_0005877,Celeb-DF v2,Celeb-synthesis/id60_id5_0003.mp4,1,438,856,478,FMP4,2.37,DeepFake,Celeb-synthesis,id60,id5,,CELEB_COMPONENT_000,,train
CELEBDF_0005878,Celeb-DF v2,Celeb-synthesis/id60_id5_0004.mp4,1,320,856,478,FMP4,0.84,DeepFake,Celeb-synthesis,id60,id5,,CELEB_COMPONENT_000,,train
CELEBDF_0005879,Celeb-DF v2,Celeb-synthesis/id60_id5_0005.mp4,1,444,856,478,FMP4,1.65,DeepFake,Celeb-synthesis,id60,id5,,CELEB_COMPONENT_000,,train
CELEBDF_0005880,Celeb-DF v2,Celeb-synthesis/id60_id5_0006.mp4,1,408,856,478,FMP4,2.25,DeepFake,Celeb-synthesis,id60,id5,,CELEB_COMPONENT_000,,train
CELEBDF_0005881,Celeb-DF v2,Celeb-synthesis/id60_id5_0007.mp4,1,484,856,478,FMP4,1.02,DeepFake,Celeb-synthesis,id60,id5,,CELEB_COMPONENT_000,,train
CELEBDF_0005882,Celeb-DF v2,Celeb-synthesis/id60_id5_0008.mp4,1,254,856,478,FMP4,0.86,DeepFake,Celeb-synthesis,id60,id5,,CELEB_COMPONENT_000,,train
CELEBDF_0005883,Celeb-DF v2,Celeb-synthesis/id60_id5_0009.mp4,1,466,856,478,FMP4,1.83,DeepFake,Celeb-synthesis,id60,id5,,CELEB_COMPONENT_000,,train
CELEBDF_0005884,Celeb-DF v2,Celeb-synthesis/id60_id61_0000.mp4,1,477,856,478,FMP4,3.18,DeepFake,Celeb-synthesis,id60,id61,,CELEB_COMPONENT_000,,train
CELEBDF_0005885,Celeb-DF v2,Celeb-synthesis/id60_id61_0001.mp4,1,323,856,478,FMP4,1.78,DeepFake,Celeb-synthesis,id60,id61,,CELEB_COMPONENT_000,,train
CELEBDF_0005886,Celeb-DF v2,Celeb-synthesis/id60_id61_0002.mp4,1,330,856,478,FMP4,1.57,DeepFake,Celeb-synthesis,id60,id61,,CELEB_COMPONENT_000,,train
CELEBDF_0005887,Celeb-DF v2,Celeb-synthesis/id60_id61_0003.mp4,1,438,856,478,FMP4,2.35,DeepFake,Celeb-synthesis,id60,id61,,CELEB_COMPONENT_000,,train
CELEBDF_0005888,Celeb-DF v2,Celeb-synthesis/id60_id61_0004.mp4,1,320,856,478,FMP4,0.83,DeepFake,Celeb-synthesis,id60,id61,,CELEB_COMPONENT_000,,train
CELEBDF_0005889,Celeb-DF v2,Celeb-synthesis/id60_id61_0005.mp4,1,444,856,478,FMP4,1.65,DeepFake,Celeb-synthesis,id60,id61,,CELEB_COMPONENT_000,,train
CELEBDF_0005890,Celeb-DF v2,Celeb-synthesis/id60_id61_0006.mp4,1,408,856,478,FMP4,2.23,DeepFake,Celeb-synthesis,id60,id61,,CELEB_COMPONENT_000,,train
CELEBDF_0005891,Celeb-DF v2,Celeb-synthesis/id60_id61_0007.mp4,1,484,856,478,FMP4,1.01,DeepFake,Celeb-synthesis,id60,id61,,CELEB_COMPONENT_000,,train
CELEBDF_0005892,Celeb-DF v2,Celeb-synthesis/id60_id61_0008.mp4,1,254,856,478,FMP4,0.85,DeepFake,Celeb-synthesis,id60,id61,,CELEB_COMPONENT_000,,train
CELEBDF_0005893,Celeb-DF v2,Celeb-synthesis/id60_id61_0009.mp4,1,466,856,478,FMP4,1.82,DeepFake,Celeb-synthesis,id60,id61,,CELEB_COMPONENT_000,,train
CELEBDF_0005894,Celeb-DF v2,Celeb-synthesis/id61_id59_0000.mp4,1,420,856,478,FMP4,1.38,DeepFake,Celeb-synthesis,id61,id59,,CELEB_COMPONENT_000,,train
CELEBDF_0005895,Celeb-DF v2,Celeb-synthesis/id61_id59_0002.mp4,1,467,856,478,FMP4,1.74,DeepFake,Celeb-synthesis,id61,id59,,CELEB_COMPONENT_000,,train
CELEBDF_0005896,Celeb-DF v2,Celeb-synthesis/id61_id59_0005.mp4,1,582,856,478,FMP4,1.51,DeepFake,Celeb-synthesis,id61,id59,,CELEB_COMPONENT_000,,train
CELEBDF_0005897,Celeb-DF v2,Celeb-synthesis/id61_id59_0006.mp4,1,466,856,478,FMP4,1.72,DeepFake,Celeb-synthesis,id61,id59,,CELEB_COMPONENT_000,,train
CELEBDF_0005898,Celeb-DF v2,Celeb-synthesis/id61_id59_0009.mp4,1,457,856,478,FMP4,2.09,DeepFake,Celeb-synthesis,id61,id59,,CELEB_COMPONENT_000,,train
CELEBDF_0005899,Celeb-DF v2,Celeb-synthesis/id61_id5_0000.mp4,1,420,856,478,FMP4,1.4,DeepFake,Celeb-synthesis,id61,id5,,CELEB_COMPONENT_000,,train
CELEBDF_0005900,Celeb-DF v2,Celeb-synthesis/id61_id5_0002.mp4,1,465,856,478,FMP4,1.75,DeepFake,Celeb-synthesis,id61,id5,,CELEB_COMPONENT_000,,train
CELEBDF_0005901,Celeb-DF v2,Celeb-synthesis/id61_id5_0005.mp4,1,582,856,478,FMP4,1.52,DeepFake,Celeb-synthesis,id61,id5,,CELEB_COMPONENT_000,,train
CELEBDF_0005902,Celeb-DF v2,Celeb-synthesis/id61_id5_0006.mp4,1,466,856,478,FMP4,1.73,DeepFake,Celeb-synthesis,id61,id5,,CELEB_COMPONENT_000,,train
CELEBDF_0005903,Celeb-DF v2,Celeb-synthesis/id61_id5_0009.mp4,1,457,856,478,FMP4,2.1,DeepFake,Celeb-synthesis,id61,id5,,CELEB_COMPONENT_000,,train
CELEBDF_0005904,Celeb-DF v2,Celeb-synthesis/id61_id60_0000.mp4,1,420,856,478,FMP4,1.39,DeepFake,Celeb-synthesis,id61,id60,,CELEB_COMPONENT_000,,train
CELEBDF_0005905,Celeb-DF v2,Celeb-synthesis/id61_id60_0002.mp4,1,465,856,478,FMP4,1.74,DeepFake,Celeb-synthesis,id61,id60,,CELEB_COMPONENT_000,,train
CELEBDF_0005906,Celeb-DF v2,Celeb-synthesis/id61_id60_0005.mp4,1,582,856,478,FMP4,1.51,DeepFake,Celeb-synthesis,id61,id60,,CELEB_COMPONENT_000,,train
CELEBDF_0005907,Celeb-DF v2,Celeb-synthesis/id61_id60_0006.mp4,1,466,856,478,FMP4,1.72,DeepFake,Celeb-synthesis,id61,id60,,CELEB_COMPONENT_000,,train
CELEBDF_0005908,Celeb-DF v2,Celeb-synthesis/id61_id60_0009.mp4,1,457,856,478,FMP4,2.09,DeepFake,Celeb-synthesis,id61,id60,,CELEB_COMPONENT_000,,train
CELEBDF_0005909,Celeb-DF v2,Celeb-synthesis/id6_id0_0000.mp4,1,630,944,500,FMP4,1.59,DeepFake,Celeb-synthesis,id6,id0,,CELEB_COMPONENT_000,,train
CELEBDF_0005910,Celeb-DF v2,Celeb-synthesis/id6_id0_0001.mp4,1,323,944,500,FMP4,2.33,DeepFake,Celeb-synthesis,id6,id0,,CELEB_COMPONENT_000,,train
CELEBDF_0005911,Celeb-DF v2,Celeb-synthesis/id6_id0_0002.mp4,1,611,944,500,FMP4,1.97,DeepFake,Celeb-synthesis,id6,id0,,CELEB_COMPONENT_000,,train
CELEBDF_0005912,Celeb-DF v2,Celeb-synthesis/id6_id0_0003.mp4,1,372,944,500,FMP4,3.37,DeepFake,Celeb-synthesis,id6,id0,,CELEB_COMPONENT_000,,train
CELEBDF_0005913,Celeb-DF v2,Celeb-synthesis/id6_id0_0004.mp4,1,458,944,500,FMP4,1.69,DeepFake,Celeb-synthesis,id6,id0,,CELEB_COMPONENT_000,,train
CELEBDF_0005914,Celeb-DF v2,Celeb-synthesis/id6_id0_0005.mp4,1,372,944,500,FMP4,2.87,DeepFake,Celeb-synthesis,id6,id0,,CELEB_COMPONENT_000,,train
CELEBDF_0005915,Celeb-DF v2,Celeb-synthesis/id6_id0_0006.mp4,1,294,944,500,FMP4,1.09,DeepFake,Celeb-synthesis,id6,id0,,CELEB_COMPONENT_000,,train
CELEBDF_0005916,Celeb-DF v2,Celeb-synthesis/id6_id0_0007.mp4,1,557,944,500,FMP4,2.39,DeepFake,Celeb-synthesis,id6,id0,,CELEB_COMPONENT_000,,train
CELEBDF_0005917,Celeb-DF v2,Celeb-synthesis/id6_id0_0008.mp4,1,381,944,500,FMP4,1.36,DeepFake,Celeb-synthesis,id6,id0,,CELEB_COMPONENT_000,,train
CELEBDF_0005918,Celeb-DF v2,Celeb-synthesis/id6_id0_0009.mp4,1,530,944,500,FMP4,2.14,DeepFake,Celeb-synthesis,id6,id0,,CELEB_COMPONENT_000,,train
CELEBDF_0005919,Celeb-DF v2,Celeb-synthesis/id6_id16_0000.mp4,1,630,944,500,FMP4,1.6,DeepFake,Celeb-synthesis,id6,id16,,CELEB_COMPONENT_000,,train
CELEBDF_0005920,Celeb-DF v2,Celeb-synthesis/id6_id16_0001.mp4,1,323,944,500,FMP4,2.34,DeepFake,Celeb-synthesis,id6,id16,,CELEB_COMPONENT_000,,train
CELEBDF_0005921,Celeb-DF v2,Celeb-synthesis/id6_id16_0002.mp4,1,611,944,500,FMP4,1.97,DeepFake,Celeb-synthesis,id6,id16,,CELEB_COMPONENT_000,,train
CELEBDF_0005922,Celeb-DF v2,Celeb-synthesis/id6_id16_0003.mp4,1,372,944,500,FMP4,3.37,DeepFake,Celeb-synthesis,id6,id16,,CELEB_COMPONENT_000,,train
CELEBDF_0005923,Celeb-DF v2,Celeb-synthesis/id6_id16_0004.mp4,1,458,944,500,FMP4,1.68,DeepFake,Celeb-synthesis,id6,id16,,CELEB_COMPONENT_000,,train
CELEBDF_0005924,Celeb-DF v2,Celeb-synthesis/id6_id16_0005.mp4,1,372,944,500,FMP4,2.87,DeepFake,Celeb-synthesis,id6,id16,,CELEB_COMPONENT_000,,train
CELEBDF_0005925,Celeb-DF v2,Celeb-synthesis/id6_id16_0006.mp4,1,294,944,500,FMP4,1.09,DeepFake,Celeb-synthesis,id6,id16,,CELEB_COMPONENT_000,,train
CELEBDF_0005926,Celeb-DF v2,Celeb-synthesis/id6_id16_0007.mp4,1,557,944,500,FMP4,2.4,DeepFake,Celeb-synthesis,id6,id16,,CELEB_COMPONENT_000,,train
CELEBDF_0005927,Celeb-DF v2,Celeb-synthesis/id6_id16_0008.mp4,1,381,944,500,FMP4,1.35,DeepFake,Celeb-synthesis,id6,id16,,CELEB_COMPONENT_000,,train
CELEBDF_0005928,Celeb-DF v2,Celeb-synthesis/id6_id16_0009.mp4,1,530,944,500,FMP4,2.14,DeepFake,Celeb-synthesis,id6,id16,,CELEB_COMPONENT_000,,train
CELEBDF_0005929,Celeb-DF v2,Celeb-synthesis/id6_id17_0000.mp4,1,630,944,500,FMP4,1.59,DeepFake,Celeb-synthesis,id6,id17,,CELEB_COMPONENT_000,,train
CELEBDF_0005930,Celeb-DF v2,Celeb-synthesis/id6_id17_0001.mp4,1,323,944,500,FMP4,2.34,DeepFake,Celeb-synthesis,id6,id17,,CELEB_COMPONENT_000,,train
CELEBDF_0005931,Celeb-DF v2,Celeb-synthesis/id6_id17_0002.mp4,1,611,944,500,FMP4,1.98,DeepFake,Celeb-synthesis,id6,id17,,CELEB_COMPONENT_000,,train
CELEBDF_0005932,Celeb-DF v2,Celeb-synthesis/id6_id17_0003.mp4,1,372,944,500,FMP4,3.38,DeepFake,Celeb-synthesis,id6,id17,,CELEB_COMPONENT_000,,train
CELEBDF_0005933,Celeb-DF v2,Celeb-synthesis/id6_id17_0004.mp4,1,458,944,500,FMP4,1.7,DeepFake,Celeb-synthesis,id6,id17,,CELEB_COMPONENT_000,,train
CELEBDF_0005934,Celeb-DF v2,Celeb-synthesis/id6_id17_0005.mp4,1,372,944,500,FMP4,2.87,DeepFake,Celeb-synthesis,id6,id17,,CELEB_COMPONENT_000,,train
CELEBDF_0005935,Celeb-DF v2,Celeb-synthesis/id6_id17_0006.mp4,1,294,944,500,FMP4,1.09,DeepFake,Celeb-synthesis,id6,id17,,CELEB_COMPONENT_000,,train
CELEBDF_0005936,Celeb-DF v2,Celeb-synthesis/id6_id17_0007.mp4,1,557,944,500,FMP4,2.39,DeepFake,Celeb-synthesis,id6,id17,,CELEB_COMPONENT_000,,train
CELEBDF_0005937,Celeb-DF v2,Celeb-synthesis/id6_id17_0008.mp4,1,381,944,500,FMP4,1.36,DeepFake,Celeb-synthesis,id6,id17,,CELEB_COMPONENT_000,,train
CELEBDF_0005938,Celeb-DF v2,Celeb-synthesis/id6_id17_0009.mp4,1,530,944,500,FMP4,2.14,DeepFake,Celeb-synthesis,id6,id17,,CELEB_COMPONENT_000,,train
CELEBDF_0005939,Celeb-DF v2,Celeb-synthesis/id6_id1_0000.mp4,1,630,944,500,FMP4,1.58,DeepFake,Celeb-synthesis,id6,id1,,CELEB_COMPONENT_000,,train
CELEBDF_0005940,Celeb-DF v2,Celeb-synthesis/id6_id1_0001.mp4,1,323,944,500,FMP4,2.34,DeepFake,Celeb-synthesis,id6,id1,,CELEB_COMPONENT_000,,train
CELEBDF_0005941,Celeb-DF v2,Celeb-synthesis/id6_id1_0002.mp4,1,611,944,500,FMP4,1.97,DeepFake,Celeb-synthesis,id6,id1,,CELEB_COMPONENT_000,,train
CELEBDF_0005942,Celeb-DF v2,Celeb-synthesis/id6_id1_0003.mp4,1,372,944,500,FMP4,3.38,DeepFake,Celeb-synthesis,id6,id1,,CELEB_COMPONENT_000,,train
CELEBDF_0005943,Celeb-DF v2,Celeb-synthesis/id6_id1_0004.mp4,1,458,944,500,FMP4,1.69,DeepFake,Celeb-synthesis,id6,id1,,CELEB_COMPONENT_000,,train
CELEBDF_0005944,Celeb-DF v2,Celeb-synthesis/id6_id1_0005.mp4,1,372,944,500,FMP4,2.87,DeepFake,Celeb-synthesis,id6,id1,,CELEB_COMPONENT_000,,train
CELEBDF_0005945,Celeb-DF v2,Celeb-synthesis/id6_id1_0006.mp4,1,294,944,500,FMP4,1.09,DeepFake,Celeb-synthesis,id6,id1,,CELEB_COMPONENT_000,,train
CELEBDF_0005946,Celeb-DF v2,Celeb-synthesis/id6_id1_0007.mp4,1,557,944,500,FMP4,2.41,DeepFake,Celeb-synthesis,id6,id1,,CELEB_COMPONENT_000,,train
CELEBDF_0005947,Celeb-DF v2,Celeb-synthesis/id6_id1_0008.mp4,1,381,944,500,FMP4,1.36,DeepFake,Celeb-synthesis,id6,id1,,CELEB_COMPONENT_000,,train
CELEBDF_0005948,Celeb-DF v2,Celeb-synthesis/id6_id1_0009.mp4,1,530,944,500,FMP4,2.14,DeepFake,Celeb-synthesis,id6,id1,,CELEB_COMPONENT_000,,train
CELEBDF_0005949,Celeb-DF v2,Celeb-synthesis/id6_id20_0004.mp4,1,458,944,500,FMP4,1.79,DeepFake,Celeb-synthesis,id6,id20,,CELEB_COMPONENT_000,,train
CELEBDF_0005950,Celeb-DF v2,Celeb-synthesis/id6_id20_0006.mp4,1,294,944,500,FMP4,1.14,DeepFake,Celeb-synthesis,id6,id20,,CELEB_COMPONENT_000,,train
CELEBDF_0005951,Celeb-DF v2,Celeb-synthesis/id6_id20_0007.mp4,1,557,944,500,FMP4,2.32,DeepFake,Celeb-synthesis,id6,id20,,CELEB_COMPONENT_000,,train
CELEBDF_0005952,Celeb-DF v2,Celeb-synthesis/id6_id20_0008.mp4,1,381,944,500,FMP4,1.42,DeepFake,Celeb-synthesis,id6,id20,,CELEB_COMPONENT_000,,train
CELEBDF_0005953,Celeb-DF v2,Celeb-synthesis/id6_id21_0001.mp4,1,323,944,500,FMP4,2.43,DeepFake,Celeb-synthesis,id6,id21,,CELEB_COMPONENT_000,,train
CELEBDF_0005954,Celeb-DF v2,Celeb-synthesis/id6_id21_0002.mp4,1,611,944,500,FMP4,2.05,DeepFake,Celeb-synthesis,id6,id21,,CELEB_COMPONENT_000,,train
CELEBDF_0005955,Celeb-DF v2,Celeb-synthesis/id6_id21_0004.mp4,1,458,944,500,FMP4,1.79,DeepFake,Celeb-synthesis,id6,id21,,CELEB_COMPONENT_000,,train
CELEBDF_0005956,Celeb-DF v2,Celeb-synthesis/id6_id21_0005.mp4,1,372,944,500,FMP4,2.98,DeepFake,Celeb-synthesis,id6,id21,,CELEB_COMPONENT_000,,train
CELEBDF_0005957,Celeb-DF v2,Celeb-synthesis/id6_id21_0006.mp4,1,294,944,500,FMP4,1.05,DeepFake,Celeb-synthesis,id6,id21,,CELEB_COMPONENT_000,,train
CELEBDF_0005958,Celeb-DF v2,Celeb-synthesis/id6_id21_0007.mp4,1,557,944,500,FMP4,2.47,DeepFake,Celeb-synthesis,id6,id21,,CELEB_COMPONENT_000,,train
CELEBDF_0005959,Celeb-DF v2,Celeb-synthesis/id6_id21_0008.mp4,1,381,944,500,FMP4,1.41,DeepFake,Celeb-synthesis,id6,id21,,CELEB_COMPONENT_000,,train
CELEBDF_0005960,Celeb-DF v2,Celeb-synthesis/id6_id21_0009.mp4,1,530,944,500,FMP4,2.25,DeepFake,Celeb-synthesis,id6,id21,,CELEB_COMPONENT_000,,train
CELEBDF_0005961,Celeb-DF v2,Celeb-synthesis/id6_id23_0000.mp4,1,630,944,500,FMP4,1.67,DeepFake,Celeb-synthesis,id6,id23,,CELEB_COMPONENT_000,,train
CELEBDF_0005962,Celeb-DF v2,Celeb-synthesis/id6_id23_0001.mp4,1,323,944,500,FMP4,2.43,DeepFake,Celeb-synthesis,id6,id23,,CELEB_COMPONENT_000,,train
CELEBDF_0005963,Celeb-DF v2,Celeb-synthesis/id6_id23_0005.mp4,1,372,944,500,FMP4,2.98,DeepFake,Celeb-synthesis,id6,id23,,CELEB_COMPONENT_000,,train
CELEBDF_0005964,Celeb-DF v2,Celeb-synthesis/id6_id23_0006.mp4,1,294,944,500,FMP4,1.13,DeepFake,Celeb-synthesis,id6,id23,,CELEB_COMPONENT_000,,train
CELEBDF_0005965,Celeb-DF v2,Celeb-synthesis/id6_id23_0007.mp4,1,557,944,500,FMP4,2.48,DeepFake,Celeb-synthesis,id6,id23,,CELEB_COMPONENT_000,,train
CELEBDF_0005966,Celeb-DF v2,Celeb-synthesis/id6_id23_0008.mp4,1,381,944,500,FMP4,1.41,DeepFake,Celeb-synthesis,id6,id23,,CELEB_COMPONENT_000,,train
CELEBDF_0005967,Celeb-DF v2,Celeb-synthesis/id6_id23_0009.mp4,1,530,944,500,FMP4,2.26,DeepFake,Celeb-synthesis,id6,id23,,CELEB_COMPONENT_000,,train
CELEBDF_0005968,Celeb-DF v2,Celeb-synthesis/id6_id26_0000.mp4,1,630,944,500,FMP4,1.66,DeepFake,Celeb-synthesis,id6,id26,,CELEB_COMPONENT_000,,train
CELEBDF_0005969,Celeb-DF v2,Celeb-synthesis/id6_id26_0001.mp4,1,323,944,500,FMP4,2.44,DeepFake,Celeb-synthesis,id6,id26,,CELEB_COMPONENT_000,,train
CELEBDF_0005970,Celeb-DF v2,Celeb-synthesis/id6_id26_0004.mp4,1,458,944,500,FMP4,1.79,DeepFake,Celeb-synthesis,id6,id26,,CELEB_COMPONENT_000,,train
CELEBDF_0005971,Celeb-DF v2,Celeb-synthesis/id6_id26_0005.mp4,1,372,944,500,FMP4,2.99,DeepFake,Celeb-synthesis,id6,id26,,CELEB_COMPONENT_000,,train
CELEBDF_0005972,Celeb-DF v2,Celeb-synthesis/id6_id26_0008.mp4,1,381,944,500,FMP4,1.41,DeepFake,Celeb-synthesis,id6,id26,,CELEB_COMPONENT_000,,train
CELEBDF_0005973,Celeb-DF v2,Celeb-synthesis/id6_id28_0000.mp4,1,630,944,500,FMP4,1.67,DeepFake,Celeb-synthesis,id6,id28,,CELEB_COMPONENT_000,,train
CELEBDF_0005974,Celeb-DF v2,Celeb-synthesis/id6_id28_0001.mp4,1,323,944,500,FMP4,2.43,DeepFake,Celeb-synthesis,id6,id28,,CELEB_COMPONENT_000,,train
CELEBDF_0005975,Celeb-DF v2,Celeb-synthesis/id6_id28_0002.mp4,1,611,944,500,FMP4,1.86,DeepFake,Celeb-synthesis,id6,id28,,CELEB_COMPONENT_000,,train
CELEBDF_0005976,Celeb-DF v2,Celeb-synthesis/id6_id28_0004.mp4,1,458,944,500,FMP4,1.78,DeepFake,Celeb-synthesis,id6,id28,,CELEB_COMPONENT_000,,train
CELEBDF_0005977,Celeb-DF v2,Celeb-synthesis/id6_id28_0005.mp4,1,372,944,500,FMP4,2.99,DeepFake,Celeb-synthesis,id6,id28,,CELEB_COMPONENT_000,,train
CELEBDF_0005978,Celeb-DF v2,Celeb-synthesis/id6_id28_0006.mp4,1,294,944,500,FMP4,1.13,DeepFake,Celeb-synthesis,id6,id28,,CELEB_COMPONENT_000,,train
CELEBDF_0005979,Celeb-DF v2,Celeb-synthesis/id6_id28_0007.mp4,1,557,944,500,FMP4,2.49,DeepFake,Celeb-synthesis,id6,id28,,CELEB_COMPONENT_000,,train
CELEBDF_0005980,Celeb-DF v2,Celeb-synthesis/id6_id28_0008.mp4,1,381,944,500,FMP4,1.42,DeepFake,Celeb-synthesis,id6,id28,,CELEB_COMPONENT_000,,train
CELEBDF_0005981,Celeb-DF v2,Celeb-synthesis/id6_id28_0009.mp4,1,530,944,500,FMP4,2.26,DeepFake,Celeb-synthesis,id6,id28,,CELEB_COMPONENT_000,,train
CELEBDF_0005982,Celeb-DF v2,Celeb-synthesis/id6_id2_0000.mp4,1,630,944,500,FMP4,1.6,DeepFake,Celeb-synthesis,id6,id2,,CELEB_COMPONENT_000,,train
CELEBDF_0005983,Celeb-DF v2,Celeb-synthesis/id6_id2_0001.mp4,1,323,944,500,FMP4,2.34,DeepFake,Celeb-synthesis,id6,id2,,CELEB_COMPONENT_000,,train
CELEBDF_0005984,Celeb-DF v2,Celeb-synthesis/id6_id2_0002.mp4,1,611,944,500,FMP4,1.98,DeepFake,Celeb-synthesis,id6,id2,,CELEB_COMPONENT_000,,train
CELEBDF_0005985,Celeb-DF v2,Celeb-synthesis/id6_id2_0003.mp4,1,372,944,500,FMP4,3.38,DeepFake,Celeb-synthesis,id6,id2,,CELEB_COMPONENT_000,,train
CELEBDF_0005986,Celeb-DF v2,Celeb-synthesis/id6_id2_0004.mp4,1,458,944,500,FMP4,1.7,DeepFake,Celeb-synthesis,id6,id2,,CELEB_COMPONENT_000,,train
CELEBDF_0005987,Celeb-DF v2,Celeb-synthesis/id6_id2_0005.mp4,1,372,944,500,FMP4,2.87,DeepFake,Celeb-synthesis,id6,id2,,CELEB_COMPONENT_000,,train
CELEBDF_0005988,Celeb-DF v2,Celeb-synthesis/id6_id2_0006.mp4,1,294,944,500,FMP4,1.09,DeepFake,Celeb-synthesis,id6,id2,,CELEB_COMPONENT_000,,train
CELEBDF_0005989,Celeb-DF v2,Celeb-synthesis/id6_id2_0007.mp4,1,557,944,500,FMP4,2.41,DeepFake,Celeb-synthesis,id6,id2,,CELEB_COMPONENT_000,,train
CELEBDF_0005990,Celeb-DF v2,Celeb-synthesis/id6_id2_0008.mp4,1,381,944,500,FMP4,1.36,DeepFake,Celeb-synthesis,id6,id2,,CELEB_COMPONENT_000,,train
CELEBDF_0005991,Celeb-DF v2,Celeb-synthesis/id6_id2_0009.mp4,1,530,944,500,FMP4,2.13,DeepFake,Celeb-synthesis,id6,id2,,CELEB_COMPONENT_000,,train
CELEBDF_0005992,Celeb-DF v2,Celeb-synthesis/id6_id30_0001.mp4,1,323,944,500,FMP4,2.43,DeepFake,Celeb-synthesis,id6,id30,,CELEB_COMPONENT_000,,train
CELEBDF_0005993,Celeb-DF v2,Celeb-synthesis/id6_id30_0006.mp4,1,294,944,500,FMP4,1.13,DeepFake,Celeb-synthesis,id6,id30,,CELEB_COMPONENT_000,,train
CELEBDF_0005994,Celeb-DF v2,Celeb-synthesis/id6_id30_0007.mp4,1,557,944,500,FMP4,2.48,DeepFake,Celeb-synthesis,id6,id30,,CELEB_COMPONENT_000,,train
CELEBDF_0005995,Celeb-DF v2,Celeb-synthesis/id6_id30_0008.mp4,1,381,944,500,FMP4,1.41,DeepFake,Celeb-synthesis,id6,id30,,CELEB_COMPONENT_000,,train
CELEBDF_0005996,Celeb-DF v2,Celeb-synthesis/id6_id30_0009.mp4,1,530,944,500,FMP4,2.25,DeepFake,Celeb-synthesis,id6,id30,,CELEB_COMPONENT_000,,train
CELEBDF_0005997,Celeb-DF v2,Celeb-synthesis/id6_id31_0001.mp4,1,323,944,500,FMP4,2.43,DeepFake,Celeb-synthesis,id6,id31,,CELEB_COMPONENT_000,,train
CELEBDF_0005998,Celeb-DF v2,Celeb-synthesis/id6_id31_0002.mp4,1,611,944,500,FMP4,2.05,DeepFake,Celeb-synthesis,id6,id31,,CELEB_COMPONENT_000,,train
CELEBDF_0005999,Celeb-DF v2,Celeb-synthesis/id6_id31_0004.mp4,1,458,944,500,FMP4,1.79,DeepFake,Celeb-synthesis,id6,id31,,CELEB_COMPONENT_000,,train
CELEBDF_0006000,Celeb-DF v2,Celeb-synthesis/id6_id31_0005.mp4,1,372,944,500,FMP4,2.98,DeepFake,Celeb-synthesis,id6,id31,,CELEB_COMPONENT_000,,train
CELEBDF_0006001,Celeb-DF v2,Celeb-synthesis/id6_id31_0006.mp4,1,294,944,500,FMP4,1.13,DeepFake,Celeb-synthesis,id6,id31,,CELEB_COMPONENT_000,,train
CELEBDF_0006002,Celeb-DF v2,Celeb-synthesis/id6_id31_0007.mp4,1,557,944,500,FMP4,2.48,DeepFake,Celeb-synthesis,id6,id31,,CELEB_COMPONENT_000,,train
CELEBDF_0006003,Celeb-DF v2,Celeb-synthesis/id6_id31_0008.mp4,1,381,944,500,FMP4,1.42,DeepFake,Celeb-synthesis,id6,id31,,CELEB_COMPONENT_000,,train
CELEBDF_0006004,Celeb-DF v2,Celeb-synthesis/id6_id31_0009.mp4,1,530,944,500,FMP4,2.25,DeepFake,Celeb-synthesis,id6,id31,,CELEB_COMPONENT_000,,train
CELEBDF_0006005,Celeb-DF v2,Celeb-synthesis/id6_id35_0001.mp4,1,323,944,500,FMP4,2.43,DeepFake,Celeb-synthesis,id6,id35,,CELEB_COMPONENT_000,,train
CELEBDF_0006006,Celeb-DF v2,Celeb-synthesis/id6_id35_0005.mp4,1,372,944,500,FMP4,2.98,DeepFake,Celeb-synthesis,id6,id35,,CELEB_COMPONENT_000,,train
CELEBDF_0006007,Celeb-DF v2,Celeb-synthesis/id6_id35_0006.mp4,1,294,944,500,FMP4,1.13,DeepFake,Celeb-synthesis,id6,id35,,CELEB_COMPONENT_000,,train
CELEBDF_0006008,Celeb-DF v2,Celeb-synthesis/id6_id35_0007.mp4,1,557,944,500,FMP4,2.48,DeepFake,Celeb-synthesis,id6,id35,,CELEB_COMPONENT_000,,train
CELEBDF_0006009,Celeb-DF v2,Celeb-synthesis/id6_id35_0009.mp4,1,530,944,500,FMP4,2.25,DeepFake,Celeb-synthesis,id6,id35,,CELEB_COMPONENT_000,,train
CELEBDF_0006010,Celeb-DF v2,Celeb-synthesis/id6_id37_0001.mp4,1,323,944,500,FMP4,2.43,DeepFake,Celeb-synthesis,id6,id37,,CELEB_COMPONENT_000,,train
CELEBDF_0006011,Celeb-DF v2,Celeb-synthesis/id6_id37_0004.mp4,1,458,944,500,FMP4,1.79,DeepFake,Celeb-synthesis,id6,id37,,CELEB_COMPONENT_000,,train
CELEBDF_0006012,Celeb-DF v2,Celeb-synthesis/id6_id37_0005.mp4,1,372,944,500,FMP4,2.98,DeepFake,Celeb-synthesis,id6,id37,,CELEB_COMPONENT_000,,train
CELEBDF_0006013,Celeb-DF v2,Celeb-synthesis/id6_id37_0006.mp4,1,294,944,500,FMP4,1.13,DeepFake,Celeb-synthesis,id6,id37,,CELEB_COMPONENT_000,,train
CELEBDF_0006014,Celeb-DF v2,Celeb-synthesis/id6_id37_0007.mp4,1,557,944,500,FMP4,2.49,DeepFake,Celeb-synthesis,id6,id37,,CELEB_COMPONENT_000,,train
CELEBDF_0006015,Celeb-DF v2,Celeb-synthesis/id6_id37_0009.mp4,1,530,944,500,FMP4,2.26,DeepFake,Celeb-synthesis,id6,id37,,CELEB_COMPONENT_000,,train
CELEBDF_0006016,Celeb-DF v2,Celeb-synthesis/id6_id3_0000.mp4,1,630,944,500,FMP4,1.6,DeepFake,Celeb-synthesis,id6,id3,,CELEB_COMPONENT_000,,train
CELEBDF_0006017,Celeb-DF v2,Celeb-synthesis/id6_id3_0001.mp4,1,323,944,500,FMP4,2.34,DeepFake,Celeb-synthesis,id6,id3,,CELEB_COMPONENT_000,,train
CELEBDF_0006018,Celeb-DF v2,Celeb-synthesis/id6_id3_0002.mp4,1,611,944,500,FMP4,1.98,DeepFake,Celeb-synthesis,id6,id3,,CELEB_COMPONENT_000,,train
CELEBDF_0006019,Celeb-DF v2,Celeb-synthesis/id6_id3_0003.mp4,1,372,944,500,FMP4,3.38,DeepFake,Celeb-synthesis,id6,id3,,CELEB_COMPONENT_000,,train
CELEBDF_0006020,Celeb-DF v2,Celeb-synthesis/id6_id3_0004.mp4,1,458,944,500,FMP4,1.68,DeepFake,Celeb-synthesis,id6,id3,,CELEB_COMPONENT_000,,train
CELEBDF_0006021,Celeb-DF v2,Celeb-synthesis/id6_id3_0005.mp4,1,372,944,500,FMP4,2.87,DeepFake,Celeb-synthesis,id6,id3,,CELEB_COMPONENT_000,,train
CELEBDF_0006022,Celeb-DF v2,Celeb-synthesis/id6_id3_0006.mp4,1,294,944,500,FMP4,1.09,DeepFake,Celeb-synthesis,id6,id3,,CELEB_COMPONENT_000,,train
CELEBDF_0006023,Celeb-DF v2,Celeb-synthesis/id6_id3_0007.mp4,1,557,944,500,FMP4,2.41,DeepFake,Celeb-synthesis,id6,id3,,CELEB_COMPONENT_000,,train
CELEBDF_0006024,Celeb-DF v2,Celeb-synthesis/id6_id3_0008.mp4,1,381,944,500,FMP4,1.36,DeepFake,Celeb-synthesis,id6,id3,,CELEB_COMPONENT_000,,train
CELEBDF_0006025,Celeb-DF v2,Celeb-synthesis/id6_id3_0009.mp4,1,530,944,500,FMP4,2.14,DeepFake,Celeb-synthesis,id6,id3,,CELEB_COMPONENT_000,,train
CELEBDF_0006026,Celeb-DF v2,Celeb-synthesis/id6_id4_0001.mp4,1,323,944,500,FMP4,2.33,DeepFake,Celeb-synthesis,id6,id4,,CELEB_COMPONENT_000,,train
CELEBDF_0006027,Celeb-DF v2,Celeb-synthesis/id6_id4_0004.mp4,1,458,944,500,FMP4,1.66,DeepFake,Celeb-synthesis,id6,id4,,CELEB_COMPONENT_000,,train
CELEBDF_0006028,Celeb-DF v2,Celeb-synthesis/id6_id4_0005.mp4,1,372,944,500,FMP4,2.86,DeepFake,Celeb-synthesis,id6,id4,,CELEB_COMPONENT_000,,train
CELEBDF_0006029,Celeb-DF v2,Celeb-synthesis/id6_id4_0006.mp4,1,294,944,500,FMP4,1.08,DeepFake,Celeb-synthesis,id6,id4,,CELEB_COMPONENT_000,,train
CELEBDF_0006030,Celeb-DF v2,Celeb-synthesis/id6_id4_0007.mp4,1,557,944,500,FMP4,2.39,DeepFake,Celeb-synthesis,id6,id4,,CELEB_COMPONENT_000,,train
CELEBDF_0006031,Celeb-DF v2,Celeb-synthesis/id6_id4_0008.mp4,1,381,944,500,FMP4,1.35,DeepFake,Celeb-synthesis,id6,id4,,CELEB_COMPONENT_000,,train
CELEBDF_0006032,Celeb-DF v2,Celeb-synthesis/id6_id4_0009.mp4,1,530,944,500,FMP4,2.13,DeepFake,Celeb-synthesis,id6,id4,,CELEB_COMPONENT_000,,train
CELEBDF_0006033,Celeb-DF v2,Celeb-synthesis/id6_id9_0000.mp4,1,630,944,500,FMP4,1.63,DeepFake,Celeb-synthesis,id6,id9,,CELEB_COMPONENT_000,,train
CELEBDF_0006034,Celeb-DF v2,Celeb-synthesis/id6_id9_0001.mp4,1,323,944,500,FMP4,2.35,DeepFake,Celeb-synthesis,id6,id9,,CELEB_COMPONENT_000,,train
CELEBDF_0006035,Celeb-DF v2,Celeb-synthesis/id6_id9_0002.mp4,1,611,944,500,FMP4,1.99,DeepFake,Celeb-synthesis,id6,id9,,CELEB_COMPONENT_000,,train
CELEBDF_0006036,Celeb-DF v2,Celeb-synthesis/id6_id9_0003.mp4,1,372,944,500,FMP4,3.4,DeepFake,Celeb-synthesis,id6,id9,,CELEB_COMPONENT_000,,train
CELEBDF_0006037,Celeb-DF v2,Celeb-synthesis/id6_id9_0004.mp4,1,458,944,500,FMP4,1.72,DeepFake,Celeb-synthesis,id6,id9,,CELEB_COMPONENT_000,,train
CELEBDF_0006038,Celeb-DF v2,Celeb-synthesis/id6_id9_0005.mp4,1,372,944,500,FMP4,2.88,DeepFake,Celeb-synthesis,id6,id9,,CELEB_COMPONENT_000,,train
CELEBDF_0006039,Celeb-DF v2,Celeb-synthesis/id6_id9_0006.mp4,1,294,944,500,FMP4,1.09,DeepFake,Celeb-synthesis,id6,id9,,CELEB_COMPONENT_000,,train
CELEBDF_0006040,Celeb-DF v2,Celeb-synthesis/id6_id9_0007.mp4,1,557,944,500,FMP4,2.42,DeepFake,Celeb-synthesis,id6,id9,,CELEB_COMPONENT_000,,train
CELEBDF_0006041,Celeb-DF v2,Celeb-synthesis/id6_id9_0008.mp4,1,381,944,500,FMP4,1.37,DeepFake,Celeb-synthesis,id6,id9,,CELEB_COMPONENT_000,,train
CELEBDF_0006042,Celeb-DF v2,Celeb-synthesis/id6_id9_0009.mp4,1,530,944,500,FMP4,2.15,DeepFake,Celeb-synthesis,id6,id9,,CELEB_COMPONENT_000,,train
CELEBDF_0006043,Celeb-DF v2,Celeb-synthesis/id7_id10_0001.mp4,1,295,944,500,FMP4,1.2,DeepFake,Celeb-synthesis,id7,id10,,CELEB_COMPONENT_000,,train
CELEBDF_0006044,Celeb-DF v2,Celeb-synthesis/id7_id10_0002.mp4,1,270,944,500,FMP4,0.81,DeepFake,Celeb-synthesis,id7,id10,,CELEB_COMPONENT_000,,train
CELEBDF_0006045,Celeb-DF v2,Celeb-synthesis/id7_id10_0003.mp4,1,555,944,500,FMP4,3.66,DeepFake,Celeb-synthesis,id7,id10,,CELEB_COMPONENT_000,,train
CELEBDF_0006046,Celeb-DF v2,Celeb-synthesis/id7_id10_0004.mp4,1,740,944,500,FMP4,1.3,DeepFake,Celeb-synthesis,id7,id10,,CELEB_COMPONENT_000,,train
CELEBDF_0006047,Celeb-DF v2,Celeb-synthesis/id7_id10_0005.mp4,1,161,944,500,FMP4,0.47,DeepFake,Celeb-synthesis,id7,id10,,CELEB_COMPONENT_000,,train
CELEBDF_0006048,Celeb-DF v2,Celeb-synthesis/id7_id10_0007.mp4,1,415,944,500,FMP4,2.01,DeepFake,Celeb-synthesis,id7,id10,,CELEB_COMPONENT_000,,train
CELEBDF_0006049,Celeb-DF v2,Celeb-synthesis/id7_id10_0009.mp4,1,458,944,500,FMP4,1.4,DeepFake,Celeb-synthesis,id7,id10,,CELEB_COMPONENT_000,,train
CELEBDF_0006050,Celeb-DF v2,Celeb-synthesis/id7_id11_0000.mp4,1,280,944,500,FMP4,1.35,DeepFake,Celeb-synthesis,id7,id11,,CELEB_COMPONENT_000,,train
CELEBDF_0006051,Celeb-DF v2,Celeb-synthesis/id7_id11_0001.mp4,1,295,944,500,FMP4,1.2,DeepFake,Celeb-synthesis,id7,id11,,CELEB_COMPONENT_000,,train
CELEBDF_0006052,Celeb-DF v2,Celeb-synthesis/id7_id11_0002.mp4,1,270,944,500,FMP4,0.8,DeepFake,Celeb-synthesis,id7,id11,,CELEB_COMPONENT_000,,train
CELEBDF_0006053,Celeb-DF v2,Celeb-synthesis/id7_id11_0004.mp4,1,740,944,500,FMP4,1.29,DeepFake,Celeb-synthesis,id7,id11,,CELEB_COMPONENT_000,,train
CELEBDF_0006054,Celeb-DF v2,Celeb-synthesis/id7_id11_0005.mp4,1,161,944,500,FMP4,0.48,DeepFake,Celeb-synthesis,id7,id11,,CELEB_COMPONENT_000,,train
CELEBDF_0006055,Celeb-DF v2,Celeb-synthesis/id7_id11_0006.mp4,1,214,944,500,FMP4,1.01,DeepFake,Celeb-synthesis,id7,id11,,CELEB_COMPONENT_000,,train
CELEBDF_0006056,Celeb-DF v2,Celeb-synthesis/id7_id11_0007.mp4,1,415,944,500,FMP4,2.0,DeepFake,Celeb-synthesis,id7,id11,,CELEB_COMPONENT_000,,train
CELEBDF_0006057,Celeb-DF v2,Celeb-synthesis/id7_id11_0009.mp4,1,458,944,500,FMP4,1.4,DeepFake,Celeb-synthesis,id7,id11,,CELEB_COMPONENT_000,,train
CELEBDF_0006058,Celeb-DF v2,Celeb-synthesis/id7_id12_0000.mp4,1,280,944,500,FMP4,1.33,DeepFake,Celeb-synthesis,id7,id12,,CELEB_COMPONENT_000,,train
CELEBDF_0006059,Celeb-DF v2,Celeb-synthesis/id7_id12_0002.mp4,1,270,944,500,FMP4,0.8,DeepFake,Celeb-synthesis,id7,id12,,CELEB_COMPONENT_000,,train
CELEBDF_0006060,Celeb-DF v2,Celeb-synthesis/id7_id12_0004.mp4,1,740,944,500,FMP4,1.29,DeepFake,Celeb-synthesis,id7,id12,,CELEB_COMPONENT_000,,train
CELEBDF_0006061,Celeb-DF v2,Celeb-synthesis/id7_id12_0005.mp4,1,161,944,500,FMP4,0.47,DeepFake,Celeb-synthesis,id7,id12,,CELEB_COMPONENT_000,,train
CELEBDF_0006062,Celeb-DF v2,Celeb-synthesis/id7_id12_0007.mp4,1,415,944,500,FMP4,2.0,DeepFake,Celeb-synthesis,id7,id12,,CELEB_COMPONENT_000,,train
CELEBDF_0006063,Celeb-DF v2,Celeb-synthesis/id7_id12_0009.mp4,1,458,944,500,FMP4,1.39,DeepFake,Celeb-synthesis,id7,id12,,CELEB_COMPONENT_000,,train
CELEBDF_0006064,Celeb-DF v2,Celeb-synthesis/id7_id13_0000.mp4,1,280,944,500,FMP4,1.34,DeepFake,Celeb-synthesis,id7,id13,,CELEB_COMPONENT_000,,train
CELEBDF_0006065,Celeb-DF v2,Celeb-synthesis/id7_id13_0001.mp4,1,295,944,500,FMP4,1.19,DeepFake,Celeb-synthesis,id7,id13,,CELEB_COMPONENT_000,,train
CELEBDF_0006066,Celeb-DF v2,Celeb-synthesis/id7_id13_0002.mp4,1,270,944,500,FMP4,0.8,DeepFake,Celeb-synthesis,id7,id13,,CELEB_COMPONENT_000,,train
CELEBDF_0006067,Celeb-DF v2,Celeb-synthesis/id7_id13_0004.mp4,1,740,944,500,FMP4,1.3,DeepFake,Celeb-synthesis,id7,id13,,CELEB_COMPONENT_000,,train
CELEBDF_0006068,Celeb-DF v2,Celeb-synthesis/id7_id13_0005.mp4,1,161,944,500,FMP4,0.47,DeepFake,Celeb-synthesis,id7,id13,,CELEB_COMPONENT_000,,train
CELEBDF_0006069,Celeb-DF v2,Celeb-synthesis/id7_id13_0006.mp4,1,214,944,500,FMP4,1.0,DeepFake,Celeb-synthesis,id7,id13,,CELEB_COMPONENT_000,,train
CELEBDF_0006070,Celeb-DF v2,Celeb-synthesis/id7_id13_0007.mp4,1,415,944,500,FMP4,2.01,DeepFake,Celeb-synthesis,id7,id13,,CELEB_COMPONENT_000,,train
CELEBDF_0006071,Celeb-DF v2,Celeb-synthesis/id7_id13_0009.mp4,1,458,944,500,FMP4,1.41,DeepFake,Celeb-synthesis,id7,id13,,CELEB_COMPONENT_000,,train
CELEBDF_0006072,Celeb-DF v2,Celeb-synthesis/id8_id0_0002.mp4,1,525,944,500,FMP4,1.59,DeepFake,Celeb-synthesis,id8,id0,,CELEB_COMPONENT_000,,train
CELEBDF_0006073,Celeb-DF v2,Celeb-synthesis/id8_id0_0003.mp4,1,399,944,500,FMP4,1.81,DeepFake,Celeb-synthesis,id8,id0,,CELEB_COMPONENT_000,,train
CELEBDF_0006074,Celeb-DF v2,Celeb-synthesis/id8_id0_0007.mp4,1,387,944,500,FMP4,2.52,DeepFake,Celeb-synthesis,id8,id0,,CELEB_COMPONENT_000,,train
CELEBDF_0006075,Celeb-DF v2,Celeb-synthesis/id8_id0_0008.mp4,1,570,944,500,FMP4,2.94,DeepFake,Celeb-synthesis,id8,id0,,CELEB_COMPONENT_000,,train
CELEBDF_0006076,Celeb-DF v2,Celeb-synthesis/id8_id1_0002.mp4,1,525,944,500,FMP4,1.62,DeepFake,Celeb-synthesis,id8,id1,,CELEB_COMPONENT_000,,train
CELEBDF_0006077,Celeb-DF v2,Celeb-synthesis/id8_id1_0003.mp4,1,399,944,500,FMP4,1.81,DeepFake,Celeb-synthesis,id8,id1,,CELEB_COMPONENT_000,,train
CELEBDF_0006078,Celeb-DF v2,Celeb-synthesis/id8_id1_0007.mp4,1,387,944,500,FMP4,2.52,DeepFake,Celeb-synthesis,id8,id1,,CELEB_COMPONENT_000,,train
CELEBDF_0006079,Celeb-DF v2,Celeb-synthesis/id8_id1_0008.mp4,1,570,944,500,FMP4,2.94,DeepFake,Celeb-synthesis,id8,id1,,CELEB_COMPONENT_000,,train
CELEBDF_0006080,Celeb-DF v2,Celeb-synthesis/id8_id2_0002.mp4,1,525,944,500,FMP4,1.62,DeepFake,Celeb-synthesis,id8,id2,,CELEB_COMPONENT_000,,train
CELEBDF_0006081,Celeb-DF v2,Celeb-synthesis/id8_id2_0003.mp4,1,399,944,500,FMP4,1.81,DeepFake,Celeb-synthesis,id8,id2,,CELEB_COMPONENT_000,,train
CELEBDF_0006082,Celeb-DF v2,Celeb-synthesis/id8_id2_0007.mp4,1,387,944,500,FMP4,2.53,DeepFake,Celeb-synthesis,id8,id2,,CELEB_COMPONENT_000,,train
CELEBDF_0006083,Celeb-DF v2,Celeb-synthesis/id8_id2_0008.mp4,1,570,944,500,FMP4,2.95,DeepFake,Celeb-synthesis,id8,id2,,CELEB_COMPONENT_000,,train
CELEBDF_0006084,Celeb-DF v2,Celeb-synthesis/id8_id3_0002.mp4,1,525,944,500,FMP4,1.63,DeepFake,Celeb-synthesis,id8,id3,,CELEB_COMPONENT_000,,train
CELEBDF_0006085,Celeb-DF v2,Celeb-synthesis/id8_id3_0003.mp4,1,399,944,500,FMP4,1.81,DeepFake,Celeb-synthesis,id8,id3,,CELEB_COMPONENT_000,,train
CELEBDF_0006086,Celeb-DF v2,Celeb-synthesis/id8_id3_0007.mp4,1,387,944,500,FMP4,2.52,DeepFake,Celeb-synthesis,id8,id3,,CELEB_COMPONENT_000,,train
CELEBDF_0006087,Celeb-DF v2,Celeb-synthesis/id8_id3_0008.mp4,1,570,944,500,FMP4,2.94,DeepFake,Celeb-synthesis,id8,id3,,CELEB_COMPONENT_000,,train
CELEBDF_0006088,Celeb-DF v2,Celeb-synthesis/id8_id4_0007.mp4,1,387,944,500,FMP4,2.52,DeepFake,Celeb-synthesis,id8,id4,,CELEB_COMPONENT_000,,train
CELEBDF_0006089,Celeb-DF v2,Celeb-synthesis/id8_id5_0002.mp4,1,525,944,500,FMP4,1.62,DeepFake,Celeb-synthesis,id8,id5,,CELEB_COMPONENT_000,,train
CELEBDF_0006090,Celeb-DF v2,Celeb-synthesis/id8_id5_0003.mp4,1,399,944,500,FMP4,1.82,DeepFake,Celeb-synthesis,id8,id5,,CELEB_COMPONENT_000,,train
CELEBDF_0006091,Celeb-DF v2,Celeb-synthesis/id8_id5_0007.mp4,1,387,944,500,FMP4,2.53,DeepFake,Celeb-synthesis,id8,id5,,CELEB_COMPONENT_000,,train
CELEBDF_0006092,Celeb-DF v2,Celeb-synthesis/id8_id5_0008.mp4,1,570,944,500,FMP4,2.96,DeepFake,Celeb-synthesis,id8,id5,,CELEB_COMPONENT_000,,train
CELEBDF_0006093,Celeb-DF v2,Celeb-synthesis/id8_id6_0002.mp4,1,525,944,500,FMP4,1.6,DeepFake,Celeb-synthesis,id8,id6,,CELEB_COMPONENT_000,,train
CELEBDF_0006094,Celeb-DF v2,Celeb-synthesis/id8_id6_0003.mp4,1,399,944,500,FMP4,1.81,DeepFake,Celeb-synthesis,id8,id6,,CELEB_COMPONENT_000,,train
CELEBDF_0006095,Celeb-DF v2,Celeb-synthesis/id8_id6_0007.mp4,1,387,944,500,FMP4,2.52,DeepFake,Celeb-synthesis,id8,id6,,CELEB_COMPONENT_000,,train
CELEBDF_0006096,Celeb-DF v2,Celeb-synthesis/id8_id6_0008.mp4,1,570,944,500,FMP4,2.93,DeepFake,Celeb-synthesis,id8,id6,,CELEB_COMPONENT_000,,train
CELEBDF_0006097,Celeb-DF v2,Celeb-synthesis/id8_id7_0002.mp4,1,525,944,500,FMP4,1.6,DeepFake,Celeb-synthesis,id8,id7,,CELEB_COMPONENT_000,,train
CELEBDF_0006098,Celeb-DF v2,Celeb-synthesis/id8_id7_0003.mp4,1,399,944,500,FMP4,1.81,DeepFake,Celeb-synthesis,id8,id7,,CELEB_COMPONENT_000,,train
CELEBDF_0006099,Celeb-DF v2,Celeb-synthesis/id8_id7_0007.mp4,1,387,944,500,FMP4,2.52,DeepFake,Celeb-synthesis,id8,id7,,CELEB_COMPONENT_000,,train
CELEBDF_0006100,Celeb-DF v2,Celeb-synthesis/id8_id7_0008.mp4,1,570,944,500,FMP4,2.94,DeepFake,Celeb-synthesis,id8,id7,,CELEB_COMPONENT_000,,train
CELEBDF_0006101,Celeb-DF v2,Celeb-synthesis/id8_id9_0002.mp4,1,525,944,500,FMP4,1.63,DeepFake,Celeb-synthesis,id8,id9,,CELEB_COMPONENT_000,,train
CELEBDF_0006102,Celeb-DF v2,Celeb-synthesis/id8_id9_0003.mp4,1,399,944,500,FMP4,1.82,DeepFake,Celeb-synthesis,id8,id9,,CELEB_COMPONENT_000,,train
CELEBDF_0006103,Celeb-DF v2,Celeb-synthesis/id8_id9_0007.mp4,1,387,944,500,FMP4,2.53,DeepFake,Celeb-synthesis,id8,id9,,CELEB_COMPONENT_000,,train
CELEBDF_0006104,Celeb-DF v2,Celeb-synthesis/id8_id9_0008.mp4,1,570,944,500,FMP4,2.96,DeepFake,Celeb-synthesis,id8,id9,,CELEB_COMPONENT_000,,train
CELEBDF_0006105,Celeb-DF v2,Celeb-synthesis/id9_id0_0000.mp4,1,448,944,500,FMP4,1.71,DeepFake,Celeb-synthesis,id9,id0,,CELEB_COMPONENT_000,,train
CELEBDF_0006106,Celeb-DF v2,Celeb-synthesis/id9_id0_0001.mp4,1,437,944,500,FMP4,2.44,DeepFake,Celeb-synthesis,id9,id0,,CELEB_COMPONENT_000,,train
CELEBDF_0006107,Celeb-DF v2,Celeb-synthesis/id9_id0_0003.mp4,1,492,944,500,FMP4,1.8,DeepFake,Celeb-synthesis,id9,id0,,CELEB_COMPONENT_000,,train
CELEBDF_0006108,Celeb-DF v2,Celeb-synthesis/id9_id0_0004.mp4,1,362,944,500,FMP4,1.51,DeepFake,Celeb-synthesis,id9,id0,,CELEB_COMPONENT_000,,train
CELEBDF_0006109,Celeb-DF v2,Celeb-synthesis/id9_id0_0005.mp4,1,420,944,500,FMP4,2.02,DeepFake,Celeb-synthesis,id9,id0,,CELEB_COMPONENT_000,,train
CELEBDF_0006110,Celeb-DF v2,Celeb-synthesis/id9_id0_0006.mp4,1,401,944,500,FMP4,2.01,DeepFake,Celeb-synthesis,id9,id0,,CELEB_COMPONENT_000,,train
CELEBDF_0006111,Celeb-DF v2,Celeb-synthesis/id9_id0_0007.mp4,1,456,944,500,FMP4,2.33,DeepFake,Celeb-synthesis,id9,id0,,CELEB_COMPONENT_000,,train
CELEBDF_0006112,Celeb-DF v2,Celeb-synthesis/id9_id0_0009.mp4,1,314,944,500,FMP4,1.53,DeepFake,Celeb-synthesis,id9,id0,,CELEB_COMPONENT_000,,train
CELEBDF_0006113,Celeb-DF v2,Celeb-synthesis/id9_id16_0000.mp4,1,448,944,500,FMP4,1.7,DeepFake,Celeb-synthesis,id9,id16,,CELEB_COMPONENT_000,,train
CELEBDF_0006114,Celeb-DF v2,Celeb-synthesis/id9_id16_0001.mp4,1,437,944,500,FMP4,2.44,DeepFake,Celeb-synthesis,id9,id16,,CELEB_COMPONENT_000,,train
CELEBDF_0006115,Celeb-DF v2,Celeb-synthesis/id9_id16_0002.mp4,1,364,944,500,FMP4,1.34,DeepFake,Celeb-synthesis,id9,id16,,CELEB_COMPONENT_000,,train
CELEBDF_0006116,Celeb-DF v2,Celeb-synthesis/id9_id16_0003.mp4,1,492,944,500,FMP4,1.81,DeepFake,Celeb-synthesis,id9,id16,,CELEB_COMPONENT_000,,train
CELEBDF_0006117,Celeb-DF v2,Celeb-synthesis/id9_id16_0004.mp4,1,362,944,500,FMP4,1.53,DeepFake,Celeb-synthesis,id9,id16,,CELEB_COMPONENT_000,,train
CELEBDF_0006118,Celeb-DF v2,Celeb-synthesis/id9_id16_0005.mp4,1,420,944,500,FMP4,2.03,DeepFake,Celeb-synthesis,id9,id16,,CELEB_COMPONENT_000,,train
CELEBDF_0006119,Celeb-DF v2,Celeb-synthesis/id9_id16_0006.mp4,1,401,944,500,FMP4,2.0,DeepFake,Celeb-synthesis,id9,id16,,CELEB_COMPONENT_000,,train
CELEBDF_0006120,Celeb-DF v2,Celeb-synthesis/id9_id16_0007.mp4,1,456,944,500,FMP4,2.32,DeepFake,Celeb-synthesis,id9,id16,,CELEB_COMPONENT_000,,train
CELEBDF_0006121,Celeb-DF v2,Celeb-synthesis/id9_id16_0008.mp4,1,461,944,500,FMP4,2.2,DeepFake,Celeb-synthesis,id9,id16,,CELEB_COMPONENT_000,,train
CELEBDF_0006122,Celeb-DF v2,Celeb-synthesis/id9_id16_0009.mp4,1,314,944,500,FMP4,1.53,DeepFake,Celeb-synthesis,id9,id16,,CELEB_COMPONENT_000,,train
CELEBDF_0006123,Celeb-DF v2,Celeb-synthesis/id9_id17_0000.mp4,1,448,944,500,FMP4,1.72,DeepFake,Celeb-synthesis,id9,id17,,CELEB_COMPONENT_000,,train
CELEBDF_0006124,Celeb-DF v2,Celeb-synthesis/id9_id17_0001.mp4,1,437,944,500,FMP4,2.45,DeepFake,Celeb-synthesis,id9,id17,,CELEB_COMPONENT_000,,train
CELEBDF_0006125,Celeb-DF v2,Celeb-synthesis/id9_id17_0002.mp4,1,364,944,500,FMP4,1.35,DeepFake,Celeb-synthesis,id9,id17,,CELEB_COMPONENT_000,,train
CELEBDF_0006126,Celeb-DF v2,Celeb-synthesis/id9_id17_0003.mp4,1,492,944,500,FMP4,1.79,DeepFake,Celeb-synthesis,id9,id17,,CELEB_COMPONENT_000,,train
CELEBDF_0006127,Celeb-DF v2,Celeb-synthesis/id9_id17_0004.mp4,1,362,944,500,FMP4,1.52,DeepFake,Celeb-synthesis,id9,id17,,CELEB_COMPONENT_000,,train
CELEBDF_0006128,Celeb-DF v2,Celeb-synthesis/id9_id17_0005.mp4,1,420,944,500,FMP4,2.01,DeepFake,Celeb-synthesis,id9,id17,,CELEB_COMPONENT_000,,train
CELEBDF_0006129,Celeb-DF v2,Celeb-synthesis/id9_id17_0006.mp4,1,401,944,500,FMP4,2.01,DeepFake,Celeb-synthesis,id9,id17,,CELEB_COMPONENT_000,,train
CELEBDF_0006130,Celeb-DF v2,Celeb-synthesis/id9_id17_0007.mp4,1,456,944,500,FMP4,2.34,DeepFake,Celeb-synthesis,id9,id17,,CELEB_COMPONENT_000,,train
CELEBDF_0006131,Celeb-DF v2,Celeb-synthesis/id9_id17_0008.mp4,1,461,944,500,FMP4,2.21,DeepFake,Celeb-synthesis,id9,id17,,CELEB_COMPONENT_000,,train
CELEBDF_0006132,Celeb-DF v2,Celeb-synthesis/id9_id17_0009.mp4,1,314,944,500,FMP4,1.54,DeepFake,Celeb-synthesis,id9,id17,,CELEB_COMPONENT_000,,train
CELEBDF_0006133,Celeb-DF v2,Celeb-synthesis/id9_id1_0000.mp4,1,448,944,500,FMP4,1.72,DeepFake,Celeb-synthesis,id9,id1,,CELEB_COMPONENT_000,,train
CELEBDF_0006134,Celeb-DF v2,Celeb-synthesis/id9_id1_0001.mp4,1,437,944,500,FMP4,2.45,DeepFake,Celeb-synthesis,id9,id1,,CELEB_COMPONENT_000,,train
CELEBDF_0006135,Celeb-DF v2,Celeb-synthesis/id9_id1_0002.mp4,1,364,944,500,FMP4,1.34,DeepFake,Celeb-synthesis,id9,id1,,CELEB_COMPONENT_000,,train
CELEBDF_0006136,Celeb-DF v2,Celeb-synthesis/id9_id1_0004.mp4,1,362,944,500,FMP4,1.52,DeepFake,Celeb-synthesis,id9,id1,,CELEB_COMPONENT_000,,train
CELEBDF_0006137,Celeb-DF v2,Celeb-synthesis/id9_id1_0005.mp4,1,420,944,500,FMP4,2.03,DeepFake,Celeb-synthesis,id9,id1,,CELEB_COMPONENT_000,,train
CELEBDF_0006138,Celeb-DF v2,Celeb-synthesis/id9_id1_0006.mp4,1,401,944,500,FMP4,2.0,DeepFake,Celeb-synthesis,id9,id1,,CELEB_COMPONENT_000,,train
CELEBDF_0006139,Celeb-DF v2,Celeb-synthesis/id9_id1_0008.mp4,1,461,944,500,FMP4,2.21,DeepFake,Celeb-synthesis,id9,id1,,CELEB_COMPONENT_000,,train
CELEBDF_0006140,Celeb-DF v2,Celeb-synthesis/id9_id1_0009.mp4,1,314,944,500,FMP4,1.54,DeepFake,Celeb-synthesis,id9,id1,,CELEB_COMPONENT_000,,train
CELEBDF_0006141,Celeb-DF v2,Celeb-synthesis/id9_id20_0002.mp4,1,364,944,500,FMP4,1.27,DeepFake,Celeb-synthesis,id9,id20,,CELEB_COMPONENT_000,,train
CELEBDF_0006142,Celeb-DF v2,Celeb-synthesis/id9_id20_0004.mp4,1,362,944,500,FMP4,1.61,DeepFake,Celeb-synthesis,id9,id20,,CELEB_COMPONENT_000,,train
CELEBDF_0006143,Celeb-DF v2,Celeb-synthesis/id9_id20_0005.mp4,1,420,944,500,FMP4,2.15,DeepFake,Celeb-synthesis,id9,id20,,CELEB_COMPONENT_000,,train
CELEBDF_0006144,Celeb-DF v2,Celeb-synthesis/id9_id20_0006.mp4,1,401,944,500,FMP4,2.12,DeepFake,Celeb-synthesis,id9,id20,,CELEB_COMPONENT_000,,train
CELEBDF_0006145,Celeb-DF v2,Celeb-synthesis/id9_id21_0000.mp4,1,448,944,500,FMP4,1.78,DeepFake,Celeb-synthesis,id9,id21,,CELEB_COMPONENT_000,,train
CELEBDF_0006146,Celeb-DF v2,Celeb-synthesis/id9_id21_0001.mp4,1,437,944,500,FMP4,2.56,DeepFake,Celeb-synthesis,id9,id21,,CELEB_COMPONENT_000,,train
CELEBDF_0006147,Celeb-DF v2,Celeb-synthesis/id9_id21_0002.mp4,1,364,944,500,FMP4,1.39,DeepFake,Celeb-synthesis,id9,id21,,CELEB_COMPONENT_000,,train
CELEBDF_0006148,Celeb-DF v2,Celeb-synthesis/id9_id21_0005.mp4,1,420,944,500,FMP4,2.14,DeepFake,Celeb-synthesis,id9,id21,,CELEB_COMPONENT_000,,train
CELEBDF_0006149,Celeb-DF v2,Celeb-synthesis/id9_id21_0006.mp4,1,401,944,500,FMP4,2.11,DeepFake,Celeb-synthesis,id9,id21,,CELEB_COMPONENT_000,,train
CELEBDF_0006150,Celeb-DF v2,Celeb-synthesis/id9_id21_0009.mp4,1,314,944,500,FMP4,1.58,DeepFake,Celeb-synthesis,id9,id21,,CELEB_COMPONENT_000,,train
CELEBDF_0006151,Celeb-DF v2,Celeb-synthesis/id9_id23_0000.mp4,1,448,944,500,FMP4,1.78,DeepFake,Celeb-synthesis,id9,id23,,CELEB_COMPONENT_000,,train
CELEBDF_0006152,Celeb-DF v2,Celeb-synthesis/id9_id23_0001.mp4,1,437,944,500,FMP4,2.56,DeepFake,Celeb-synthesis,id9,id23,,CELEB_COMPONENT_000,,train
CELEBDF_0006153,Celeb-DF v2,Celeb-synthesis/id9_id23_0002.mp4,1,364,944,500,FMP4,1.39,DeepFake,Celeb-synthesis,id9,id23,,CELEB_COMPONENT_000,,train
CELEBDF_0006154,Celeb-DF v2,Celeb-synthesis/id9_id23_0004.mp4,1,362,944,500,FMP4,1.58,DeepFake,Celeb-synthesis,id9,id23,,CELEB_COMPONENT_000,,train
CELEBDF_0006155,Celeb-DF v2,Celeb-synthesis/id9_id23_0005.mp4,1,420,944,500,FMP4,2.11,DeepFake,Celeb-synthesis,id9,id23,,CELEB_COMPONENT_000,,train
CELEBDF_0006156,Celeb-DF v2,Celeb-synthesis/id9_id23_0006.mp4,1,401,944,500,FMP4,2.1,DeepFake,Celeb-synthesis,id9,id23,,CELEB_COMPONENT_000,,train
CELEBDF_0006157,Celeb-DF v2,Celeb-synthesis/id9_id23_0009.mp4,1,314,944,500,FMP4,1.47,DeepFake,Celeb-synthesis,id9,id23,,CELEB_COMPONENT_000,,train
CELEBDF_0006158,Celeb-DF v2,Celeb-synthesis/id9_id26_0000.mp4,1,448,944,500,FMP4,1.67,DeepFake,Celeb-synthesis,id9,id26,,CELEB_COMPONENT_000,,train
CELEBDF_0006159,Celeb-DF v2,Celeb-synthesis/id9_id26_0001.mp4,1,437,944,500,FMP4,2.55,DeepFake,Celeb-synthesis,id9,id26,,CELEB_COMPONENT_000,,train
CELEBDF_0006160,Celeb-DF v2,Celeb-synthesis/id9_id26_0002.mp4,1,364,944,500,FMP4,1.39,DeepFake,Celeb-synthesis,id9,id26,,CELEB_COMPONENT_000,,train
CELEBDF_0006161,Celeb-DF v2,Celeb-synthesis/id9_id26_0004.mp4,1,362,944,500,FMP4,1.58,DeepFake,Celeb-synthesis,id9,id26,,CELEB_COMPONENT_000,,train
CELEBDF_0006162,Celeb-DF v2,Celeb-synthesis/id9_id26_0005.mp4,1,420,944,500,FMP4,2.13,DeepFake,Celeb-synthesis,id9,id26,,CELEB_COMPONENT_000,,train
CELEBDF_0006163,Celeb-DF v2,Celeb-synthesis/id9_id26_0006.mp4,1,401,944,500,FMP4,2.1,DeepFake,Celeb-synthesis,id9,id26,,CELEB_COMPONENT_000,,train
CELEBDF_0006164,Celeb-DF v2,Celeb-synthesis/id9_id26_0007.mp4,1,456,944,500,FMP4,2.38,DeepFake,Celeb-synthesis,id9,id26,,CELEB_COMPONENT_000,,train
CELEBDF_0006165,Celeb-DF v2,Celeb-synthesis/id9_id26_0008.mp4,1,461,944,500,FMP4,2.28,DeepFake,Celeb-synthesis,id9,id26,,CELEB_COMPONENT_000,,train
CELEBDF_0006166,Celeb-DF v2,Celeb-synthesis/id9_id26_0009.mp4,1,314,944,500,FMP4,1.58,DeepFake,Celeb-synthesis,id9,id26,,CELEB_COMPONENT_000,,train
CELEBDF_0006167,Celeb-DF v2,Celeb-synthesis/id9_id28_0000.mp4,1,448,944,500,FMP4,1.79,DeepFake,Celeb-synthesis,id9,id28,,CELEB_COMPONENT_000,,train
CELEBDF_0006168,Celeb-DF v2,Celeb-synthesis/id9_id28_0001.mp4,1,437,944,500,FMP4,2.57,DeepFake,Celeb-synthesis,id9,id28,,CELEB_COMPONENT_000,,train
CELEBDF_0006169,Celeb-DF v2,Celeb-synthesis/id9_id28_0003.mp4,1,492,944,500,FMP4,1.88,DeepFake,Celeb-synthesis,id9,id28,,CELEB_COMPONENT_000,,train
CELEBDF_0006170,Celeb-DF v2,Celeb-synthesis/id9_id28_0004.mp4,1,362,944,500,FMP4,1.62,DeepFake,Celeb-synthesis,id9,id28,,CELEB_COMPONENT_000,,train
CELEBDF_0006171,Celeb-DF v2,Celeb-synthesis/id9_id28_0005.mp4,1,420,944,500,FMP4,2.16,DeepFake,Celeb-synthesis,id9,id28,,CELEB_COMPONENT_000,,train
CELEBDF_0006172,Celeb-DF v2,Celeb-synthesis/id9_id28_0006.mp4,1,401,944,500,FMP4,2.12,DeepFake,Celeb-synthesis,id9,id28,,CELEB_COMPONENT_000,,train
CELEBDF_0006173,Celeb-DF v2,Celeb-synthesis/id9_id28_0008.mp4,1,461,944,500,FMP4,2.31,DeepFake,Celeb-synthesis,id9,id28,,CELEB_COMPONENT_000,,train
CELEBDF_0006174,Celeb-DF v2,Celeb-synthesis/id9_id28_0009.mp4,1,314,944,500,FMP4,1.59,DeepFake,Celeb-synthesis,id9,id28,,CELEB_COMPONENT_000,,train
CELEBDF_0006175,Celeb-DF v2,Celeb-synthesis/id9_id2_0000.mp4,1,448,944,500,FMP4,1.73,DeepFake,Celeb-synthesis,id9,id2,,CELEB_COMPONENT_000,,train
CELEBDF_0006176,Celeb-DF v2,Celeb-synthesis/id9_id2_0001.mp4,1,437,944,500,FMP4,2.45,DeepFake,Celeb-synthesis,id9,id2,,CELEB_COMPONENT_000,,train
CELEBDF_0006177,Celeb-DF v2,Celeb-synthesis/id9_id2_0002.mp4,1,364,944,500,FMP4,1.35,DeepFake,Celeb-synthesis,id9,id2,,CELEB_COMPONENT_000,,train
CELEBDF_0006178,Celeb-DF v2,Celeb-synthesis/id9_id2_0004.mp4,1,362,944,500,FMP4,1.53,DeepFake,Celeb-synthesis,id9,id2,,CELEB_COMPONENT_000,,train
CELEBDF_0006179,Celeb-DF v2,Celeb-synthesis/id9_id2_0005.mp4,1,420,944,500,FMP4,2.04,DeepFake,Celeb-synthesis,id9,id2,,CELEB_COMPONENT_000,,train
CELEBDF_0006180,Celeb-DF v2,Celeb-synthesis/id9_id2_0006.mp4,1,401,944,500,FMP4,2.02,DeepFake,Celeb-synthesis,id9,id2,,CELEB_COMPONENT_000,,train
CELEBDF_0006181,Celeb-DF v2,Celeb-synthesis/id9_id2_0008.mp4,1,461,944,500,FMP4,2.23,DeepFake,Celeb-synthesis,id9,id2,,CELEB_COMPONENT_000,,train
CELEBDF_0006182,Celeb-DF v2,Celeb-synthesis/id9_id2_0009.mp4,1,314,944,500,FMP4,1.54,DeepFake,Celeb-synthesis,id9,id2,,CELEB_COMPONENT_000,,train
CELEBDF_0006183,Celeb-DF v2,Celeb-synthesis/id9_id30_0000.mp4,1,448,944,500,FMP4,1.77,DeepFake,Celeb-synthesis,id9,id30,,CELEB_COMPONENT_000,,train
CELEBDF_0006184,Celeb-DF v2,Celeb-synthesis/id9_id30_0001.mp4,1,437,944,500,FMP4,2.56,DeepFake,Celeb-synthesis,id9,id30,,CELEB_COMPONENT_000,,train
CELEBDF_0006185,Celeb-DF v2,Celeb-synthesis/id9_id30_0002.mp4,1,364,944,500,FMP4,1.39,DeepFake,Celeb-synthesis,id9,id30,,CELEB_COMPONENT_000,,train
CELEBDF_0006186,Celeb-DF v2,Celeb-synthesis/id9_id30_0004.mp4,1,362,944,500,FMP4,1.59,DeepFake,Celeb-synthesis,id9,id30,,CELEB_COMPONENT_000,,train
CELEBDF_0006187,Celeb-DF v2,Celeb-synthesis/id9_id30_0005.mp4,1,420,944,500,FMP4,2.14,DeepFake,Celeb-synthesis,id9,id30,,CELEB_COMPONENT_000,,train
CELEBDF_0006188,Celeb-DF v2,Celeb-synthesis/id9_id30_0006.mp4,1,401,944,500,FMP4,2.1,DeepFake,Celeb-synthesis,id9,id30,,CELEB_COMPONENT_000,,train
CELEBDF_0006189,Celeb-DF v2,Celeb-synthesis/id9_id30_0009.mp4,1,314,944,500,FMP4,1.58,DeepFake,Celeb-synthesis,id9,id30,,CELEB_COMPONENT_000,,train
CELEBDF_0006190,Celeb-DF v2,Celeb-synthesis/id9_id31_0001.mp4,1,437,944,500,FMP4,2.55,DeepFake,Celeb-synthesis,id9,id31,,CELEB_COMPONENT_000,,train
CELEBDF_0006191,Celeb-DF v2,Celeb-synthesis/id9_id31_0002.mp4,1,364,944,500,FMP4,1.39,DeepFake,Celeb-synthesis,id9,id31,,CELEB_COMPONENT_000,,train
CELEBDF_0006192,Celeb-DF v2,Celeb-synthesis/id9_id31_0003.mp4,1,492,944,500,FMP4,1.86,DeepFake,Celeb-synthesis,id9,id31,,CELEB_COMPONENT_000,,train
CELEBDF_0006193,Celeb-DF v2,Celeb-synthesis/id9_id31_0006.mp4,1,401,944,500,FMP4,2.1,DeepFake,Celeb-synthesis,id9,id31,,CELEB_COMPONENT_000,,train
CELEBDF_0006194,Celeb-DF v2,Celeb-synthesis/id9_id35_0000.mp4,1,448,944,500,FMP4,1.77,DeepFake,Celeb-synthesis,id9,id35,,CELEB_COMPONENT_000,,train
CELEBDF_0006195,Celeb-DF v2,Celeb-synthesis/id9_id35_0001.mp4,1,437,944,500,FMP4,2.56,DeepFake,Celeb-synthesis,id9,id35,,CELEB_COMPONENT_000,,train
CELEBDF_0006196,Celeb-DF v2,Celeb-synthesis/id9_id35_0002.mp4,1,364,944,500,FMP4,1.39,DeepFake,Celeb-synthesis,id9,id35,,CELEB_COMPONENT_000,,train
CELEBDF_0006197,Celeb-DF v2,Celeb-synthesis/id9_id35_0004.mp4,1,362,944,500,FMP4,1.59,DeepFake,Celeb-synthesis,id9,id35,,CELEB_COMPONENT_000,,train
CELEBDF_0006198,Celeb-DF v2,Celeb-synthesis/id9_id35_0005.mp4,1,420,944,500,FMP4,2.14,DeepFake,Celeb-synthesis,id9,id35,,CELEB_COMPONENT_000,,train
CELEBDF_0006199,Celeb-DF v2,Celeb-synthesis/id9_id35_0007.mp4,1,456,944,500,FMP4,2.38,DeepFake,Celeb-synthesis,id9,id35,,CELEB_COMPONENT_000,,train
CELEBDF_0006200,Celeb-DF v2,Celeb-synthesis/id9_id35_0009.mp4,1,314,944,500,FMP4,1.58,DeepFake,Celeb-synthesis,id9,id35,,CELEB_COMPONENT_000,,train
CELEBDF_0006201,Celeb-DF v2,Celeb-synthesis/id9_id37_0000.mp4,1,448,944,500,FMP4,1.79,DeepFake,Celeb-synthesis,id9,id37,,CELEB_COMPONENT_000,,train
CELEBDF_0006202,Celeb-DF v2,Celeb-synthesis/id9_id37_0001.mp4,1,437,944,500,FMP4,2.58,DeepFake,Celeb-synthesis,id9,id37,,CELEB_COMPONENT_000,,train
CELEBDF_0006203,Celeb-DF v2,Celeb-synthesis/id9_id37_0004.mp4,1,362,944,500,FMP4,1.62,DeepFake,Celeb-synthesis,id9,id37,,CELEB_COMPONENT_000,,train
CELEBDF_0006204,Celeb-DF v2,Celeb-synthesis/id9_id37_0006.mp4,1,401,944,500,FMP4,2.11,DeepFake,Celeb-synthesis,id9,id37,,CELEB_COMPONENT_000,,train
CELEBDF_0006205,Celeb-DF v2,Celeb-synthesis/id9_id37_0009.mp4,1,314,944,500,FMP4,1.59,DeepFake,Celeb-synthesis,id9,id37,,CELEB_COMPONENT_000,,train
CELEBDF_0006206,Celeb-DF v2,Celeb-synthesis/id9_id3_0000.mp4,1,448,944,500,FMP4,1.72,DeepFake,Celeb-synthesis,id9,id3,,CELEB_COMPONENT_000,,train
CELEBDF_0006207,Celeb-DF v2,Celeb-synthesis/id9_id3_0001.mp4,1,437,944,500,FMP4,2.45,DeepFake,Celeb-synthesis,id9,id3,,CELEB_COMPONENT_000,,train
CELEBDF_0006208,Celeb-DF v2,Celeb-synthesis/id9_id3_0002.mp4,1,364,944,500,FMP4,1.34,DeepFake,Celeb-synthesis,id9,id3,,CELEB_COMPONENT_000,,train
CELEBDF_0006209,Celeb-DF v2,Celeb-synthesis/id9_id3_0004.mp4,1,362,944,500,FMP4,1.54,DeepFake,Celeb-synthesis,id9,id3,,CELEB_COMPONENT_000,,train
CELEBDF_0006210,Celeb-DF v2,Celeb-synthesis/id9_id3_0005.mp4,1,420,944,500,FMP4,2.05,DeepFake,Celeb-synthesis,id9,id3,,CELEB_COMPONENT_000,,train
CELEBDF_0006211,Celeb-DF v2,Celeb-synthesis/id9_id3_0006.mp4,1,401,944,500,FMP4,2.01,DeepFake,Celeb-synthesis,id9,id3,,CELEB_COMPONENT_000,,train
CELEBDF_0006212,Celeb-DF v2,Celeb-synthesis/id9_id3_0007.mp4,1,456,944,500,FMP4,2.33,DeepFake,Celeb-synthesis,id9,id3,,CELEB_COMPONENT_000,,train
CELEBDF_0006213,Celeb-DF v2,Celeb-synthesis/id9_id3_0008.mp4,1,461,944,500,FMP4,2.21,DeepFake,Celeb-synthesis,id9,id3,,CELEB_COMPONENT_000,,train
CELEBDF_0006214,Celeb-DF v2,Celeb-synthesis/id9_id3_0009.mp4,1,314,944,500,FMP4,1.54,DeepFake,Celeb-synthesis,id9,id3,,CELEB_COMPONENT_000,,train
CELEBDF_0006215,Celeb-DF v2,Celeb-synthesis/id9_id4_0000.mp4,1,448,944,500,FMP4,1.7,DeepFake,Celeb-synthesis,id9,id4,,CELEB_COMPONENT_000,,train
CELEBDF_0006216,Celeb-DF v2,Celeb-synthesis/id9_id4_0002.mp4,1,364,944,500,FMP4,1.33,DeepFake,Celeb-synthesis,id9,id4,,CELEB_COMPONENT_000,,train
CELEBDF_0006217,Celeb-DF v2,Celeb-synthesis/id9_id4_0004.mp4,1,362,944,500,FMP4,1.5,DeepFake,Celeb-synthesis,id9,id4,,CELEB_COMPONENT_000,,train
CELEBDF_0006218,Celeb-DF v2,Celeb-synthesis/id9_id4_0005.mp4,1,420,944,500,FMP4,2.02,DeepFake,Celeb-synthesis,id9,id4,,CELEB_COMPONENT_000,,train
CELEBDF_0006219,Celeb-DF v2,Celeb-synthesis/id9_id4_0006.mp4,1,401,944,500,FMP4,1.99,DeepFake,Celeb-synthesis,id9,id4,,CELEB_COMPONENT_000,,train
CELEBDF_0006220,Celeb-DF v2,Celeb-synthesis/id9_id6_0000.mp4,1,448,944,500,FMP4,1.71,DeepFake,Celeb-synthesis,id9,id6,,CELEB_COMPONENT_000,,train
CELEBDF_0006221,Celeb-DF v2,Celeb-synthesis/id9_id6_0001.mp4,1,437,944,500,FMP4,2.43,DeepFake,Celeb-synthesis,id9,id6,,CELEB_COMPONENT_000,,train
CELEBDF_0006222,Celeb-DF v2,Celeb-synthesis/id9_id6_0002.mp4,1,364,944,500,FMP4,1.34,DeepFake,Celeb-synthesis,id9,id6,,CELEB_COMPONENT_000,,train
CELEBDF_0006223,Celeb-DF v2,Celeb-synthesis/id9_id6_0004.mp4,1,362,944,500,FMP4,1.52,DeepFake,Celeb-synthesis,id9,id6,,CELEB_COMPONENT_000,,train
CELEBDF_0006224,Celeb-DF v2,Celeb-synthesis/id9_id6_0005.mp4,1,420,944,500,FMP4,2.02,DeepFake,Celeb-synthesis,id9,id6,,CELEB_COMPONENT_000,,train
CELEBDF_0006225,Celeb-DF v2,Celeb-synthesis/id9_id6_0006.mp4,1,401,944,500,FMP4,2.0,DeepFake,Celeb-synthesis,id9,id6,,CELEB_COMPONENT_000,,train
CELEBDF_0006226,Celeb-DF v2,Celeb-synthesis/id9_id6_0007.mp4,1,456,944,500,FMP4,2.33,DeepFake,Celeb-synthesis,id9,id6,,CELEB_COMPONENT_000,,train
CELEBDF_0006227,Celeb-DF v2,Celeb-synthesis/id9_id6_0008.mp4,1,461,944,500,FMP4,2.2,DeepFake,Celeb-synthesis,id9,id6,,CELEB_COMPONENT_000,,train
CELEBDF_0006228,Celeb-DF v2,Celeb-synthesis/id9_id6_0009.mp4,1,314,944,500,FMP4,1.53,DeepFake,Celeb-synthesis,id9,id6,,CELEB_COMPONENT_000,,train
CELEBDF_0006229,Celeb-DF v2,YouTube-real/00000.mp4,0,450,892,500,FMP4,2.3,Original,None,00000,00000,,CELEB_YOUTUBE_00000,,validation
CELEBDF_0006230,Celeb-DF v2,YouTube-real/00001.mp4,0,415,892,500,FMP4,1.12,Original,None,00001,00001,,CELEB_YOUTUBE_00001,,validation
CELEBDF_0006231,Celeb-DF v2,YouTube-real/00002.mp4,0,512,892,500,FMP4,1.69,Original,None,00002,00002,,CELEB_YOUTUBE_00002,,validation
CELEBDF_0006232,Celeb-DF v2,YouTube-real/00003.mp4,0,295,888,500,FMP4,2.0,Original,None,00003,00003,,CELEB_YOUTUBE_00003,,validation
CELEBDF_0006233,Celeb-DF v2,YouTube-real/00004.mp4,0,450,892,500,FMP4,1.45,Original,None,00004,00004,,CELEB_YOUTUBE_00004,,validation
CELEBDF_0006234,Celeb-DF v2,YouTube-real/00005.mp4,0,463,892,500,FMP4,1.36,Original,None,00005,00005,,CELEB_YOUTUBE_00005,,validation
CELEBDF_0006235,Celeb-DF v2,YouTube-real/00006.mp4,0,486,888,500,FMP4,1.43,Original,None,00006,00006,,CELEB_YOUTUBE_00006,,validation
CELEBDF_0006236,Celeb-DF v2,YouTube-real/00007.mp4,0,474,888,500,FMP4,2.78,Original,None,00007,00007,,CELEB_YOUTUBE_00007,,validation
CELEBDF_0006237,Celeb-DF v2,YouTube-real/00008.mp4,0,477,888,500,FMP4,5.29,Original,None,00008,00008,,CELEB_YOUTUBE_00008,,validation
CELEBDF_0006238,Celeb-DF v2,YouTube-real/00009.mp4,0,575,892,500,FMP4,3.56,Original,None,00009,00009,,CELEB_YOUTUBE_00009,,validation
CELEBDF_0006239,Celeb-DF v2,YouTube-real/00010.mp4,0,422,888,500,FMP4,1.64,Original,None,00010,00010,,CELEB_YOUTUBE_00010,,validation
CELEBDF_0006240,Celeb-DF v2,YouTube-real/00011.mp4,0,470,888,500,FMP4,1.33,Original,None,00011,00011,,CELEB_YOUTUBE_00011,,validation
CELEBDF_0006241,Celeb-DF v2,YouTube-real/00012.mp4,0,397,892,500,FMP4,4.27,Original,None,00012,00012,,CELEB_YOUTUBE_00012,,validation
CELEBDF_0006242,Celeb-DF v2,YouTube-real/00013.mp4,0,474,892,500,FMP4,1.75,Original,None,00013,00013,,CELEB_YOUTUBE_00013,,validation
CELEBDF_0006243,Celeb-DF v2,YouTube-real/00014.mp4,0,461,888,500,FMP4,3.33,Original,None,00014,00014,,CELEB_YOUTUBE_00014,,validation
CELEBDF_0006244,Celeb-DF v2,YouTube-real/00015.mp4,0,442,892,500,FMP4,2.82,Original,None,00015,00015,,CELEB_YOUTUBE_00015,,validation
CELEBDF_0006245,Celeb-DF v2,YouTube-real/00016.mp4,0,319,892,500,FMP4,1.57,Original,None,00016,00016,,CELEB_YOUTUBE_00016,,validation
CELEBDF_0006246,Celeb-DF v2,YouTube-real/00017.mp4,0,282,892,500,FMP4,2.53,Original,None,00017,00017,,CELEB_YOUTUBE_00017,,validation
CELEBDF_0006247,Celeb-DF v2,YouTube-real/00018.mp4,0,435,892,500,FMP4,2.25,Original,None,00018,00018,,CELEB_YOUTUBE_00018,,validation
CELEBDF_0006248,Celeb-DF v2,YouTube-real/00019.mp4,0,468,892,500,FMP4,4.45,Original,None,00019,00019,,CELEB_YOUTUBE_00019,,validation
CELEBDF_0006249,Celeb-DF v2,YouTube-real/00020.mp4,0,456,892,500,FMP4,1.68,Original,None,00020,00020,,CELEB_YOUTUBE_00020,,validation
CELEBDF_0006250,Celeb-DF v2,YouTube-real/00021.mp4,0,462,892,500,FMP4,3.05,Original,None,00021,00021,,CELEB_YOUTUBE_00021,,validation
CELEBDF_0006251,Celeb-DF v2,YouTube-real/00022.mp4,0,471,892,500,FMP4,2.44,Original,None,00022,00022,,CELEB_YOUTUBE_00022,,validation
CELEBDF_0006252,Celeb-DF v2,YouTube-real/00023.mp4,0,463,892,500,FMP4,2.77,Original,None,00023,00023,,CELEB_YOUTUBE_00023,,validation
CELEBDF_0006253,Celeb-DF v2,YouTube-real/00024.mp4,0,547,892,500,FMP4,3.0,Original,None,00024,00024,,CELEB_YOUTUBE_00024,,validation
CELEBDF_0006254,Celeb-DF v2,YouTube-real/00025.mp4,0,470,892,500,FMP4,2.13,Original,None,00025,00025,,CELEB_YOUTUBE_00025,,validation
CELEBDF_0006255,Celeb-DF v2,YouTube-real/00026.mp4,0,499,892,500,FMP4,2.83,Original,None,00026,00026,,CELEB_YOUTUBE_00026,,validation
CELEBDF_0006256,Celeb-DF v2,YouTube-real/00027.mp4,0,481,892,500,FMP4,2.86,Original,None,00027,00027,,CELEB_YOUTUBE_00027,,validation
CELEBDF_0006257,Celeb-DF v2,YouTube-real/00028.mp4,0,473,888,500,FMP4,1.52,Original,None,00028,00028,,CELEB_YOUTUBE_00028,,validation
CELEBDF_0006258,Celeb-DF v2,YouTube-real/00029.mp4,0,463,888,500,FMP4,1.02,Original,None,00029,00029,,CELEB_YOUTUBE_00029,,validation
CELEBDF_0006259,Celeb-DF v2,YouTube-real/00030.mp4,0,472,888,500,FMP4,1.43,Original,None,00030,00030,,CELEB_YOUTUBE_00030,,validation
CELEBDF_0006260,Celeb-DF v2,YouTube-real/00031.mp4,0,510,892,500,FMP4,2.43,Original,None,00031,00031,,CELEB_YOUTUBE_00031,,validation
CELEBDF_0006261,Celeb-DF v2,YouTube-real/00032.mp4,0,463,892,500,FMP4,1.48,Original,None,00032,00032,,CELEB_YOUTUBE_00032,,validation
CELEBDF_0006262,Celeb-DF v2,YouTube-real/00033.mp4,0,461,892,500,FMP4,1.62,Original,None,00033,00033,,CELEB_YOUTUBE_00033,,validation
CELEBDF_0006263,Celeb-DF v2,YouTube-real/00034.mp4,0,505,892,500,FMP4,3.27,Original,None,00034,00034,,CELEB_YOUTUBE_00034,,validation
CELEBDF_0006264,Celeb-DF v2,YouTube-real/00035.mp4,0,458,888,500,FMP4,1.37,Original,None,00035,00035,,CELEB_YOUTUBE_00035,,validation
CELEBDF_0006265,Celeb-DF v2,YouTube-real/00036.mp4,0,550,892,500,FMP4,1.75,Original,None,00036,00036,,CELEB_YOUTUBE_00036,,validation
CELEBDF_0006266,Celeb-DF v2,YouTube-real/00037.mp4,0,455,888,500,FMP4,1.76,Original,None,00037,00037,,CELEB_YOUTUBE_00037,,validation
CELEBDF_0006267,Celeb-DF v2,YouTube-real/00038.mp4,0,467,892,500,FMP4,1.79,Original,None,00038,00038,,CELEB_YOUTUBE_00038,,validation
CELEBDF_0006268,Celeb-DF v2,YouTube-real/00039.mp4,0,459,892,500,FMP4,1.75,Original,None,00039,00039,,CELEB_YOUTUBE_00039,,validation
CELEBDF_0006269,Celeb-DF v2,YouTube-real/00040.mp4,0,381,892,500,FMP4,1.54,Original,None,00040,00040,,CELEB_YOUTUBE_00040,,validation
CELEBDF_0006270,Celeb-DF v2,YouTube-real/00041.mp4,0,456,888,500,FMP4,2.57,Original,None,00041,00041,,CELEB_YOUTUBE_00041,,validation
CELEBDF_0006271,Celeb-DF v2,YouTube-real/00042.mp4,0,383,892,500,FMP4,2.18,Original,None,00042,00042,,CELEB_YOUTUBE_00042,,validation
CELEBDF_0006272,Celeb-DF v2,YouTube-real/00043.mp4,0,472,892,500,FMP4,1.27,Original,None,00043,00043,,CELEB_YOUTUBE_00043,,validation
CELEBDF_0006273,Celeb-DF v2,YouTube-real/00044.mp4,0,464,892,500,FMP4,1.26,Original,None,00044,00044,,CELEB_YOUTUBE_00044,,validation
CELEBDF_0006274,Celeb-DF v2,YouTube-real/00045.mp4,0,459,888,500,FMP4,1.76,Original,None,00045,00045,,CELEB_YOUTUBE_00045,,validation
CELEBDF_0006275,Celeb-DF v2,YouTube-real/00046.mp4,0,471,892,500,FMP4,2.27,Original,None,00046,00046,,CELEB_YOUTUBE_00046,,validation
CELEBDF_0006276,Celeb-DF v2,YouTube-real/00047.mp4,0,489,892,500,FMP4,2.89,Original,None,00047,00047,,CELEB_YOUTUBE_00047,,validation
CELEBDF_0006277,Celeb-DF v2,YouTube-real/00048.mp4,0,484,892,500,FMP4,1.62,Original,None,00048,00048,,CELEB_YOUTUBE_00048,,validation
CELEBDF_0006278,Celeb-DF v2,YouTube-real/00049.mp4,0,476,892,500,FMP4,1.8,Original,None,00049,00049,,CELEB_YOUTUBE_00049,,validation
CELEBDF_0006279,Celeb-DF v2,YouTube-real/00050.mp4,0,470,888,500,FMP4,1.97,Original,None,00050,00050,,CELEB_YOUTUBE_00050,,validation
CELEBDF_0006280,Celeb-DF v2,YouTube-real/00051.mp4,0,367,892,500,FMP4,1.75,Original,None,00051,00051,,CELEB_YOUTUBE_00051,,validation
CELEBDF_0006281,Celeb-DF v2,YouTube-real/00052.mp4,0,464,892,500,FMP4,1.55,Original,None,00052,00052,,CELEB_YOUTUBE_00052,,validation
CELEBDF_0006282,Celeb-DF v2,YouTube-real/00053.mp4,0,468,888,500,FMP4,2.79,Original,None,00053,00053,,CELEB_YOUTUBE_00053,,validation
CELEBDF_0006283,Celeb-DF v2,YouTube-real/00054.mp4,0,417,892,500,FMP4,1.47,Original,None,00054,00054,,CELEB_YOUTUBE_00054,,validation
CELEBDF_0006284,Celeb-DF v2,YouTube-real/00055.mp4,0,468,888,500,FMP4,1.95,Original,None,00055,00055,,CELEB_YOUTUBE_00055,,validation
CELEBDF_0006285,Celeb-DF v2,YouTube-real/00056.mp4,0,534,892,500,FMP4,2.31,Original,None,00056,00056,,CELEB_YOUTUBE_00056,,validation
CELEBDF_0006286,Celeb-DF v2,YouTube-real/00057.mp4,0,466,892,500,FMP4,4.49,Original,None,00057,00057,,CELEB_YOUTUBE_00057,,validation
CELEBDF_0006287,Celeb-DF v2,YouTube-real/00058.mp4,0,507,892,500,FMP4,1.74,Original,None,00058,00058,,CELEB_YOUTUBE_00058,,validation
CELEBDF_0006288,Celeb-DF v2,YouTube-real/00059.mp4,0,474,892,500,FMP4,1.53,Original,None,00059,00059,,CELEB_YOUTUBE_00059,,validation
CELEBDF_0006289,Celeb-DF v2,YouTube-real/00060.mp4,0,478,892,500,FMP4,3.39,Original,None,00060,00060,,CELEB_YOUTUBE_00060,,validation
CELEBDF_0006290,Celeb-DF v2,YouTube-real/00061.mp4,0,412,892,500,FMP4,2.17,Original,None,00061,00061,,CELEB_YOUTUBE_00061,,validation
CELEBDF_0006291,Celeb-DF v2,YouTube-real/00062.mp4,0,478,892,500,FMP4,1.65,Original,None,00062,00062,,CELEB_YOUTUBE_00062,,validation
CELEBDF_0006292,Celeb-DF v2,YouTube-real/00063.mp4,0,477,888,500,FMP4,2.11,Original,None,00063,00063,,CELEB_YOUTUBE_00063,,validation
CELEBDF_0006293,Celeb-DF v2,YouTube-real/00064.mp4,0,429,892,500,FMP4,2.57,Original,None,00064,00064,,CELEB_YOUTUBE_00064,,validation
CELEBDF_0006294,Celeb-DF v2,YouTube-real/00065.mp4,0,493,892,500,FMP4,2.47,Original,None,00065,00065,,CELEB_YOUTUBE_00065,,validation
CELEBDF_0006295,Celeb-DF v2,YouTube-real/00066.mp4,0,457,892,500,FMP4,2.29,Original,None,00066,00066,,CELEB_YOUTUBE_00066,,validation
CELEBDF_0006296,Celeb-DF v2,YouTube-real/00067.mp4,0,474,892,500,FMP4,2.28,Original,None,00067,00067,,CELEB_YOUTUBE_00067,,validation
CELEBDF_0006297,Celeb-DF v2,YouTube-real/00068.mp4,0,476,892,500,FMP4,1.94,Original,None,00068,00068,,CELEB_YOUTUBE_00068,,validation
CELEBDF_0006298,Celeb-DF v2,YouTube-real/00069.mp4,0,432,892,500,FMP4,2.63,Original,None,00069,00069,,CELEB_YOUTUBE_00069,,validation
CELEBDF_0006299,Celeb-DF v2,YouTube-real/00070.mp4,0,357,888,500,FMP4,1.6,Original,None,00070,00070,,CELEB_YOUTUBE_00070,,validation
CELEBDF_0006300,Celeb-DF v2,YouTube-real/00071.mp4,0,508,888,500,FMP4,2.65,Original,None,00071,00071,,CELEB_YOUTUBE_00071,,validation
CELEBDF_0006301,Celeb-DF v2,YouTube-real/00072.mp4,0,478,888,500,FMP4,2.17,Original,None,00072,00072,,CELEB_YOUTUBE_00072,,validation
CELEBDF_0006302,Celeb-DF v2,YouTube-real/00073.mp4,0,475,892,500,FMP4,2.18,Original,None,00073,00073,,CELEB_YOUTUBE_00073,,validation
CELEBDF_0006303,Celeb-DF v2,YouTube-real/00074.mp4,0,471,892,500,FMP4,2.36,Original,None,00074,00074,,CELEB_YOUTUBE_00074,,validation
CELEBDF_0006304,Celeb-DF v2,YouTube-real/00075.mp4,0,474,892,500,FMP4,1.82,Original,None,00075,00075,,CELEB_YOUTUBE_00075,,validation
CELEBDF_0006305,Celeb-DF v2,YouTube-real/00076.mp4,0,479,888,500,FMP4,4.08,Original,None,00076,00076,,CELEB_YOUTUBE_00076,,validation
CELEBDF_0006306,Celeb-DF v2,YouTube-real/00077.mp4,0,475,888,500,FMP4,1.51,Original,None,00077,00077,,CELEB_YOUTUBE_00077,,validation
CELEBDF_0006307,Celeb-DF v2,YouTube-real/00078.mp4,0,492,888,500,FMP4,2.67,Original,None,00078,00078,,CELEB_YOUTUBE_00078,,validation
CELEBDF_0006308,Celeb-DF v2,YouTube-real/00079.mp4,0,386,888,500,FMP4,3.99,Original,None,00079,00079,,CELEB_YOUTUBE_00079,,validation
CELEBDF_0006309,Celeb-DF v2,YouTube-real/00080.mp4,0,478,892,500,FMP4,2.14,Original,None,00080,00080,,CELEB_YOUTUBE_00080,,validation
CELEBDF_0006310,Celeb-DF v2,YouTube-real/00081.mp4,0,452,892,500,FMP4,1.74,Original,None,00081,00081,,CELEB_YOUTUBE_00081,,validation
CELEBDF_0006311,Celeb-DF v2,YouTube-real/00082.mp4,0,462,892,500,FMP4,1.82,Original,None,00082,00082,,CELEB_YOUTUBE_00082,,validation
CELEBDF_0006312,Celeb-DF v2,YouTube-real/00083.mp4,0,359,888,500,FMP4,1.7,Original,None,00083,00083,,CELEB_YOUTUBE_00083,,validation
CELEBDF_0006313,Celeb-DF v2,YouTube-real/00084.mp4,0,408,892,500,FMP4,2.48,Original,None,00084,00084,,CELEB_YOUTUBE_00084,,validation
CELEBDF_0006314,Celeb-DF v2,YouTube-real/00085.mp4,0,658,892,500,FMP4,3.17,Original,None,00085,00085,,CELEB_YOUTUBE_00085,,validation
CELEBDF_0006315,Celeb-DF v2,YouTube-real/00086.mp4,0,482,892,500,FMP4,5.71,Original,None,00086,00086,,CELEB_YOUTUBE_00086,,validation
CELEBDF_0006316,Celeb-DF v2,YouTube-real/00087.mp4,0,468,892,500,FMP4,3.08,Original,None,00087,00087,,CELEB_YOUTUBE_00087,,validation
CELEBDF_0006317,Celeb-DF v2,YouTube-real/00088.mp4,0,493,892,500,FMP4,2.54,Original,None,00088,00088,,CELEB_YOUTUBE_00088,,validation
CELEBDF_0006318,Celeb-DF v2,YouTube-real/00089.mp4,0,485,892,500,FMP4,2.95,Original,None,00089,00089,,CELEB_YOUTUBE_00089,,validation
CELEBDF_0006319,Celeb-DF v2,YouTube-real/00090.mp4,0,416,892,500,FMP4,2.58,Original,None,00090,00090,,CELEB_YOUTUBE_00090,,validation
CELEBDF_0006320,Celeb-DF v2,YouTube-real/00091.mp4,0,455,892,500,FMP4,1.41,Original,None,00091,00091,,CELEB_YOUTUBE_00091,,validation
CELEBDF_0006321,Celeb-DF v2,YouTube-real/00092.mp4,0,549,892,500,FMP4,3.29,Original,None,00092,00092,,CELEB_YOUTUBE_00092,,validation
CELEBDF_0006322,Celeb-DF v2,YouTube-real/00093.mp4,0,495,892,500,FMP4,1.53,Original,None,00093,00093,,CELEB_YOUTUBE_00093,,validation
CELEBDF_0006323,Celeb-DF v2,YouTube-real/00094.mp4,0,414,892,500,FMP4,1.88,Original,None,00094,00094,,CELEB_YOUTUBE_00094,,validation
CELEBDF_0006324,Celeb-DF v2,YouTube-real/00095.mp4,0,487,888,500,FMP4,4.55,Original,None,00095,00095,,CELEB_YOUTUBE_00095,,validation
CELEBDF_0006325,Celeb-DF v2,YouTube-real/00096.mp4,0,305,892,500,FMP4,2.65,Original,None,00096,00096,,CELEB_YOUTUBE_00096,,validation
CELEBDF_0006326,Celeb-DF v2,YouTube-real/00097.mp4,0,502,892,500,FMP4,2.13,Original,None,00097,00097,,CELEB_YOUTUBE_00097,,validation
CELEBDF_0006327,Celeb-DF v2,YouTube-real/00098.mp4,0,453,892,500,FMP4,2.2,Original,None,00098,00098,,CELEB_YOUTUBE_00098,,validation
CELEBDF_0006328,Celeb-DF v2,YouTube-real/00099.mp4,0,494,892,500,FMP4,2.46,Original,None,00099,00099,,CELEB_YOUTUBE_00099,,validation
CELEBDF_0006329,Celeb-DF v2,YouTube-real/00100.mp4,0,534,892,500,FMP4,2.65,Original,None,00100,00100,,CELEB_YOUTUBE_00100,,validation
CELEBDF_0006330,Celeb-DF v2,YouTube-real/00101.mp4,0,440,888,500,FMP4,1.86,Original,None,00101,00101,,CELEB_YOUTUBE_00101,,validation
CELEBDF_0006331,Celeb-DF v2,YouTube-real/00102.mp4,0,457,892,500,FMP4,3.35,Original,None,00102,00102,,CELEB_YOUTUBE_00102,,validation
CELEBDF_0006332,Celeb-DF v2,YouTube-real/00103.mp4,0,474,892,500,FMP4,1.73,Original,None,00103,00103,,CELEB_YOUTUBE_00103,,validation
CELEBDF_0006333,Celeb-DF v2,YouTube-real/00104.mp4,0,499,892,500,FMP4,2.96,Original,None,00104,00104,,CELEB_YOUTUBE_00104,,validation
CELEBDF_0006334,Celeb-DF v2,YouTube-real/00105.mp4,0,504,892,500,FMP4,2.63,Original,None,00105,00105,,CELEB_YOUTUBE_00105,,validation
CELEBDF_0006335,Celeb-DF v2,YouTube-real/00106.mp4,0,327,892,500,FMP4,1.47,Original,None,00106,00106,,CELEB_YOUTUBE_00106,,validation
CELEBDF_0006336,Celeb-DF v2,YouTube-real/00107.mp4,0,462,892,500,FMP4,2.15,Original,None,00107,00107,,CELEB_YOUTUBE_00107,,validation
CELEBDF_0006337,Celeb-DF v2,YouTube-real/00108.mp4,0,478,892,500,FMP4,1.81,Original,None,00108,00108,,CELEB_YOUTUBE_00108,,validation
CELEBDF_0006338,Celeb-DF v2,YouTube-real/00109.mp4,0,264,892,500,FMP4,2.74,Original,None,00109,00109,,CELEB_YOUTUBE_00109,,validation
CELEBDF_0006339,Celeb-DF v2,YouTube-real/00110.mp4,0,479,892,500,FMP4,3.4,Original,None,00110,00110,,CELEB_YOUTUBE_00110,,validation
CELEBDF_0006340,Celeb-DF v2,YouTube-real/00111.mp4,0,467,892,500,FMP4,4.39,Original,None,00111,00111,,CELEB_YOUTUBE_00111,,validation
CELEBDF_0006341,Celeb-DF v2,YouTube-real/00112.mp4,0,477,892,500,FMP4,1.83,Original,None,00112,00112,,CELEB_YOUTUBE_00112,,validation
CELEBDF_0006342,Celeb-DF v2,YouTube-real/00113.mp4,0,504,892,500,FMP4,1.67,Original,None,00113,00113,,CELEB_YOUTUBE_00113,,validation
CELEBDF_0006343,Celeb-DF v2,YouTube-real/00114.mp4,0,340,892,500,FMP4,0.93,Original,None,00114,00114,,CELEB_YOUTUBE_00114,,validation
CELEBDF_0006344,Celeb-DF v2,YouTube-real/00115.mp4,0,312,892,500,FMP4,1.78,Original,None,00115,00115,,CELEB_YOUTUBE_00115,,validation
CELEBDF_0006345,Celeb-DF v2,YouTube-real/00116.mp4,0,471,892,500,FMP4,2.71,Original,None,00116,00116,,CELEB_YOUTUBE_00116,,validation
CELEBDF_0006346,Celeb-DF v2,YouTube-real/00117.mp4,0,462,892,500,FMP4,2.01,Original,None,00117,00117,,CELEB_YOUTUBE_00117,,validation
CELEBDF_0006347,Celeb-DF v2,YouTube-real/00118.mp4,0,474,892,500,FMP4,3.38,Original,None,00118,00118,,CELEB_YOUTUBE_00118,,validation
CELEBDF_0006348,Celeb-DF v2,YouTube-real/00119.mp4,0,424,892,500,FMP4,2.02,Original,None,00119,00119,,CELEB_YOUTUBE_00119,,validation
CELEBDF_0006349,Celeb-DF v2,YouTube-real/00120.mp4,0,468,888,500,FMP4,2.9,Original,None,00120,00120,,CELEB_YOUTUBE_00120,,validation
CELEBDF_0006350,Celeb-DF v2,YouTube-real/00121.mp4,0,468,892,500,FMP4,2.33,Original,None,00121,00121,,CELEB_YOUTUBE_00121,,validation
CELEBDF_0006351,Celeb-DF v2,YouTube-real/00122.mp4,0,362,892,500,FMP4,1.55,Original,None,00122,00122,,CELEB_YOUTUBE_00122,,validation
CELEBDF_0006352,Celeb-DF v2,YouTube-real/00123.mp4,0,303,892,500,FMP4,1.22,Original,None,00123,00123,,CELEB_YOUTUBE_00123,,validation
CELEBDF_0006353,Celeb-DF v2,YouTube-real/00124.mp4,0,421,892,500,FMP4,2.67,Original,None,00124,00124,,CELEB_YOUTUBE_00124,,validation
CELEBDF_0006354,Celeb-DF v2,YouTube-real/00125.mp4,0,280,892,500,FMP4,2.16,Original,None,00125,00125,,CELEB_YOUTUBE_00125,,validation
CELEBDF_0006355,Celeb-DF v2,YouTube-real/00126.mp4,0,455,888,500,FMP4,1.39,Original,None,00126,00126,,CELEB_YOUTUBE_00126,,validation
CELEBDF_0006356,Celeb-DF v2,YouTube-real/00127.mp4,0,483,892,500,FMP4,3.24,Original,None,00127,00127,,CELEB_YOUTUBE_00127,,validation
CELEBDF_0006357,Celeb-DF v2,YouTube-real/00128.mp4,0,460,892,500,FMP4,3.38,Original,None,00128,00128,,CELEB_YOUTUBE_00128,,validation
CELEBDF_0006358,Celeb-DF v2,YouTube-real/00129.mp4,0,467,892,500,FMP4,1.83,Original,None,00129,00129,,CELEB_YOUTUBE_00129,,validation
CELEBDF_0006359,Celeb-DF v2,YouTube-real/00130.mp4,0,398,892,500,FMP4,2.57,Original,None,00130,00130,,CELEB_YOUTUBE_00130,,validation
CELEBDF_0006360,Celeb-DF v2,YouTube-real/00131.mp4,0,357,888,500,FMP4,1.17,Original,None,00131,00131,,CELEB_YOUTUBE_00131,,validation
CELEBDF_0006361,Celeb-DF v2,YouTube-real/00132.mp4,0,350,892,500,FMP4,1.4,Original,None,00132,00132,,CELEB_YOUTUBE_00132,,validation
CELEBDF_0006362,Celeb-DF v2,YouTube-real/00133.mp4,0,499,888,500,FMP4,2.42,Original,None,00133,00133,,CELEB_YOUTUBE_00133,,validation
CELEBDF_0006363,Celeb-DF v2,YouTube-real/00134.mp4,0,481,892,500,FMP4,2.0,Original,None,00134,00134,,CELEB_YOUTUBE_00134,,validation
CELEBDF_0006364,Celeb-DF v2,YouTube-real/00135.mp4,0,354,892,500,FMP4,2.28,Original,None,00135,00135,,CELEB_YOUTUBE_00135,,validation
CELEBDF_0006365,Celeb-DF v2,YouTube-real/00136.mp4,0,293,892,500,FMP4,1.03,Original,None,00136,00136,,CELEB_YOUTUBE_00136,,validation
CELEBDF_0006366,Celeb-DF v2,YouTube-real/00137.mp4,0,353,888,500,FMP4,1.63,Original,None,00137,00137,,CELEB_YOUTUBE_00137,,validation
CELEBDF_0006367,Celeb-DF v2,YouTube-real/00138.mp4,0,481,892,500,FMP4,2.15,Original,None,00138,00138,,CELEB_YOUTUBE_00138,,validation
CELEBDF_0006368,Celeb-DF v2,YouTube-real/00139.mp4,0,553,892,500,FMP4,2.18,Original,None,00139,00139,,CELEB_YOUTUBE_00139,,validation
CELEBDF_0006369,Celeb-DF v2,YouTube-real/00140.mp4,0,382,892,500,FMP4,2.65,Original,None,00140,00140,,CELEB_YOUTUBE_00140,,validation
CELEBDF_0006370,Celeb-DF v2,YouTube-real/00141.mp4,0,445,892,500,FMP4,2.21,Original,None,00141,00141,,CELEB_YOUTUBE_00141,,validation
CELEBDF_0006371,Celeb-DF v2,YouTube-real/00142.mp4,0,450,888,500,FMP4,1.86,Original,None,00142,00142,,CELEB_YOUTUBE_00142,,validation
CELEBDF_0006372,Celeb-DF v2,YouTube-real/00143.mp4,0,462,892,500,FMP4,1.74,Original,None,00143,00143,,CELEB_YOUTUBE_00143,,validation
CELEBDF_0006373,Celeb-DF v2,YouTube-real/00144.mp4,0,451,892,500,FMP4,4.21,Original,None,00144,00144,,CELEB_YOUTUBE_00144,,validation
CELEBDF_0006374,Celeb-DF v2,YouTube-real/00145.mp4,0,469,892,500,FMP4,1.09,Original,None,00145,00145,,CELEB_YOUTUBE_00145,,validation
CELEBDF_0006375,Celeb-DF v2,YouTube-real/00146.mp4,0,722,900,496,FMP4,4.73,Original,None,00146,00146,,CELEB_YOUTUBE_00146,,validation
CELEBDF_0006376,Celeb-DF v2,YouTube-real/00147.mp4,0,514,892,500,FMP4,1.56,Original,None,00147,00147,,CELEB_YOUTUBE_00147,,validation
CELEBDF_0006377,Celeb-DF v2,YouTube-real/00148.mp4,0,459,892,500,FMP4,1.32,Original,None,00148,00148,,CELEB_YOUTUBE_00148,,validation
CELEBDF_0006378,Celeb-DF v2,YouTube-real/00149.mp4,0,506,888,500,FMP4,1.82,Original,None,00149,00149,,CELEB_YOUTUBE_00149,,validation
CELEBDF_0006379,Celeb-DF v2,YouTube-real/00150.mp4,0,461,892,500,FMP4,1.36,Original,None,00150,00150,,CELEB_YOUTUBE_00150,,test
CELEBDF_0006380,Celeb-DF v2,YouTube-real/00151.mp4,0,504,888,500,FMP4,1.83,Original,None,00151,00151,,CELEB_YOUTUBE_00151,,test
CELEBDF_0006381,Celeb-DF v2,YouTube-real/00152.mp4,0,698,892,500,FMP4,2.88,Original,None,00152,00152,,CELEB_YOUTUBE_00152,,test
CELEBDF_0006382,Celeb-DF v2,YouTube-real/00153.mp4,0,488,892,500,FMP4,2.41,Original,None,00153,00153,,CELEB_YOUTUBE_00153,,test
CELEBDF_0006383,Celeb-DF v2,YouTube-real/00154.mp4,0,375,892,500,FMP4,2.7,Original,None,00154,00154,,CELEB_YOUTUBE_00154,,test
CELEBDF_0006384,Celeb-DF v2,YouTube-real/00155.mp4,0,573,892,500,FMP4,2.88,Original,None,00155,00155,,CELEB_YOUTUBE_00155,,test
CELEBDF_0006385,Celeb-DF v2,YouTube-real/00156.mp4,0,445,888,500,FMP4,1.77,Original,None,00156,00156,,CELEB_YOUTUBE_00156,,test
CELEBDF_0006386,Celeb-DF v2,YouTube-real/00157.mp4,0,450,892,500,FMP4,1.77,Original,None,00157,00157,,CELEB_YOUTUBE_00157,,test
CELEBDF_0006387,Celeb-DF v2,YouTube-real/00158.mp4,0,455,892,500,FMP4,2.77,Original,None,00158,00158,,CELEB_YOUTUBE_00158,,test
CELEBDF_0006388,Celeb-DF v2,YouTube-real/00159.mp4,0,448,892,500,FMP4,1.82,Original,None,00159,00159,,CELEB_YOUTUBE_00159,,test
CELEBDF_0006389,Celeb-DF v2,YouTube-real/00160.mp4,0,490,892,500,FMP4,2.77,Original,None,00160,00160,,CELEB_YOUTUBE_00160,,test
CELEBDF_0006390,Celeb-DF v2,YouTube-real/00161.mp4,0,519,892,500,FMP4,2.45,Original,None,00161,00161,,CELEB_YOUTUBE_00161,,test
CELEBDF_0006391,Celeb-DF v2,YouTube-real/00162.mp4,0,447,892,500,FMP4,3.93,Original,None,00162,00162,,CELEB_YOUTUBE_00162,,test
CELEBDF_0006392,Celeb-DF v2,YouTube-real/00163.mp4,0,475,892,500,FMP4,2.66,Original,None,00163,00163,,CELEB_YOUTUBE_00163,,test
CELEBDF_0006393,Celeb-DF v2,YouTube-real/00164.mp4,0,526,892,500,FMP4,2.1,Original,None,00164,00164,,CELEB_YOUTUBE_00164,,test
CELEBDF_0006394,Celeb-DF v2,YouTube-real/00165.mp4,0,470,892,500,FMP4,1.85,Original,None,00165,00165,,CELEB_YOUTUBE_00165,,test
CELEBDF_0006395,Celeb-DF v2,YouTube-real/00166.mp4,0,469,892,500,FMP4,1.47,Original,None,00166,00166,,CELEB_YOUTUBE_00166,,test
CELEBDF_0006396,Celeb-DF v2,YouTube-real/00167.mp4,0,477,892,500,FMP4,2.28,Original,None,00167,00167,,CELEB_YOUTUBE_00167,,test
CELEBDF_0006397,Celeb-DF v2,YouTube-real/00168.mp4,0,476,892,500,FMP4,2.28,Original,None,00168,00168,,CELEB_YOUTUBE_00168,,test
CELEBDF_0006398,Celeb-DF v2,YouTube-real/00169.mp4,0,432,892,500,FMP4,2.11,Original,None,00169,00169,,CELEB_YOUTUBE_00169,,test
CELEBDF_0006399,Celeb-DF v2,YouTube-real/00170.mp4,0,348,888,500,FMP4,0.89,Original,None,00170,00170,,CELEB_YOUTUBE_00170,,test
CELEBDF_0006400,Celeb-DF v2,YouTube-real/00171.mp4,0,436,888,500,FMP4,2.53,Original,None,00171,00171,,CELEB_YOUTUBE_00171,,test
CELEBDF_0006401,Celeb-DF v2,YouTube-real/00172.mp4,0,353,888,500,FMP4,1.4,Original,None,00172,00172,,CELEB_YOUTUBE_00172,,test
CELEBDF_0006402,Celeb-DF v2,YouTube-real/00173.mp4,0,499,892,500,FMP4,1.59,Original,None,00173,00173,,CELEB_YOUTUBE_00173,,test
CELEBDF_0006403,Celeb-DF v2,YouTube-real/00174.mp4,0,465,892,500,FMP4,1.38,Original,None,00174,00174,,CELEB_YOUTUBE_00174,,test
CELEBDF_0006404,Celeb-DF v2,YouTube-real/00175.mp4,0,483,892,500,FMP4,4.06,Original,None,00175,00175,,CELEB_YOUTUBE_00175,,test
CELEBDF_0006405,Celeb-DF v2,YouTube-real/00176.mp4,0,605,892,500,FMP4,2.12,Original,None,00176,00176,,CELEB_YOUTUBE_00176,,test
CELEBDF_0006406,Celeb-DF v2,YouTube-real/00177.mp4,0,521,892,500,FMP4,1.96,Original,None,00177,00177,,CELEB_YOUTUBE_00177,,test
CELEBDF_0006407,Celeb-DF v2,YouTube-real/00178.mp4,0,468,892,500,FMP4,1.6,Original,None,00178,00178,,CELEB_YOUTUBE_00178,,test
CELEBDF_0006408,Celeb-DF v2,YouTube-real/00179.mp4,0,451,892,500,FMP4,5.11,Original,None,00179,00179,,CELEB_YOUTUBE_00179,,test
CELEBDF_0006409,Celeb-DF v2,YouTube-real/00180.mp4,0,349,892,500,FMP4,1.14,Original,None,00180,00180,,CELEB_YOUTUBE_00180,,test
CELEBDF_0006410,Celeb-DF v2,YouTube-real/00181.mp4,0,391,892,500,FMP4,2.6,Original,None,00181,00181,,CELEB_YOUTUBE_00181,,test
CELEBDF_0006411,Celeb-DF v2,YouTube-real/00182.mp4,0,478,892,500,FMP4,2.24,Original,None,00182,00182,,CELEB_YOUTUBE_00182,,test
CELEBDF_0006412,Celeb-DF v2,YouTube-real/00183.mp4,0,516,892,500,FMP4,1.54,Original,None,00183,00183,,CELEB_YOUTUBE_00183,,test
CELEBDF_0006413,Celeb-DF v2,YouTube-real/00184.mp4,0,467,892,500,FMP4,1.17,Original,None,00184,00184,,CELEB_YOUTUBE_00184,,test
CELEBDF_0006414,Celeb-DF v2,YouTube-real/00185.mp4,0,474,892,500,FMP4,4.93,Original,None,00185,00185,,CELEB_YOUTUBE_00185,,test
CELEBDF_0006415,Celeb-DF v2,YouTube-real/00186.mp4,0,510,892,500,FMP4,3.16,Original,None,00186,00186,,CELEB_YOUTUBE_00186,,test
CELEBDF_0006416,Celeb-DF v2,YouTube-real/00187.mp4,0,460,892,500,FMP4,2.34,Original,None,00187,00187,,CELEB_YOUTUBE_00187,,test
CELEBDF_0006417,Celeb-DF v2,YouTube-real/00188.mp4,0,476,892,500,FMP4,2.26,Original,None,00188,00188,,CELEB_YOUTUBE_00188,,test
CELEBDF_0006418,Celeb-DF v2,YouTube-real/00189.mp4,0,410,892,500,FMP4,2.41,Original,None,00189,00189,,CELEB_YOUTUBE_00189,,test
CELEBDF_0006419,Celeb-DF v2,YouTube-real/00190.mp4,0,465,892,500,FMP4,2.76,Original,None,00190,00190,,CELEB_YOUTUBE_00190,,test
CELEBDF_0006420,Celeb-DF v2,YouTube-real/00191.mp4,0,442,892,500,FMP4,2.15,Original,None,00191,00191,,CELEB_YOUTUBE_00191,,test
CELEBDF_0006421,Celeb-DF v2,YouTube-real/00192.mp4,0,474,892,500,FMP4,2.03,Original,None,00192,00192,,CELEB_YOUTUBE_00192,,test
CELEBDF_0006422,Celeb-DF v2,YouTube-real/00193.mp4,0,353,888,500,FMP4,1.73,Original,None,00193,00193,,CELEB_YOUTUBE_00193,,test
CELEBDF_0006423,Celeb-DF v2,YouTube-real/00194.mp4,0,462,892,500,FMP4,4.03,Original,None,00194,00194,,CELEB_YOUTUBE_00194,,test
CELEBDF_0006424,Celeb-DF v2,YouTube-real/00195.mp4,0,495,892,500,FMP4,2.72,Original,None,00195,00195,,CELEB_YOUTUBE_00195,,test
CELEBDF_0006425,Celeb-DF v2,YouTube-real/00196.mp4,0,480,892,500,FMP4,2.18,Original,None,00196,00196,,CELEB_YOUTUBE_00196,,test
CELEBDF_0006426,Celeb-DF v2,YouTube-real/00197.mp4,0,467,892,500,FMP4,2.21,Original,None,00197,00197,,CELEB_YOUTUBE_00197,,test
CELEBDF_0006427,Celeb-DF v2,YouTube-real/00198.mp4,0,456,888,500,FMP4,1.73,Original,None,00198,00198,,CELEB_YOUTUBE_00198,,test
CELEBDF_0006428,Celeb-DF v2,YouTube-real/00199.mp4,0,480,892,500,FMP4,2.73,Original,None,00199,00199,,CELEB_YOUTUBE_00199,,test
CELEBDF_0006429,Celeb-DF v2,YouTube-real/00200.mp4,0,462,892,500,FMP4,2.51,Original,None,00200,00200,,CELEB_YOUTUBE_00200,,test
CELEBDF_0006430,Celeb-DF v2,YouTube-real/00201.mp4,0,459,892,500,FMP4,2.34,Original,None,00201,00201,,CELEB_YOUTUBE_00201,,test
CELEBDF_0006431,Celeb-DF v2,YouTube-real/00202.mp4,0,499,892,500,FMP4,2.25,Original,None,00202,00202,,CELEB_YOUTUBE_00202,,test
CELEBDF_0006432,Celeb-DF v2,YouTube-real/00203.mp4,0,309,892,500,FMP4,1.52,Original,None,00203,00203,,CELEB_YOUTUBE_00203,,test
CELEBDF_0006433,Celeb-DF v2,YouTube-real/00204.mp4,0,463,892,500,FMP4,2.34,Original,None,00204,00204,,CELEB_YOUTUBE_00204,,test
CELEBDF_0006434,Celeb-DF v2,YouTube-real/00205.mp4,0,453,892,500,FMP4,2.19,Original,None,00205,00205,,CELEB_YOUTUBE_00205,,test
CELEBDF_0006435,Celeb-DF v2,YouTube-real/00206.mp4,0,455,892,500,FMP4,2.72,Original,None,00206,00206,,CELEB_YOUTUBE_00206,,test
CELEBDF_0006436,Celeb-DF v2,YouTube-real/00207.mp4,0,126,892,500,FMP4,3.09,Original,None,00207,00207,,CELEB_YOUTUBE_00207,,test
CELEBDF_0006437,Celeb-DF v2,YouTube-real/00208.mp4,0,459,892,500,FMP4,1.19,Original,None,00208,00208,,CELEB_YOUTUBE_00208,,test
CELEBDF_0006438,Celeb-DF v2,YouTube-real/00209.mp4,0,460,892,500,FMP4,2.05,Original,None,00209,00209,,CELEB_YOUTUBE_00209,,test
CELEBDF_0006439,Celeb-DF v2,YouTube-real/00210.mp4,0,611,892,500,FMP4,2.09,Original,None,00210,00210,,CELEB_YOUTUBE_00210,,test
CELEBDF_0006440,Celeb-DF v2,YouTube-real/00211.mp4,0,424,892,500,FMP4,1.79,Original,None,00211,00211,,CELEB_YOUTUBE_00211,,test
CELEBDF_0006441,Celeb-DF v2,YouTube-real/00212.mp4,0,413,888,500,FMP4,2.26,Original,None,00212,00212,,CELEB_YOUTUBE_00212,,test
CELEBDF_0006442,Celeb-DF v2,YouTube-real/00213.mp4,0,461,888,500,FMP4,1.88,Original,None,00213,00213,,CELEB_YOUTUBE_00213,,test
CELEBDF_0006443,Celeb-DF v2,YouTube-real/00214.mp4,0,446,892,500,FMP4,1.46,Original,None,00214,00214,,CELEB_YOUTUBE_00214,,test
CELEBDF_0006444,Celeb-DF v2,YouTube-real/00215.mp4,0,469,892,500,FMP4,1.02,Original,None,00215,00215,,CELEB_YOUTUBE_00215,,test
CELEBDF_0006445,Celeb-DF v2,YouTube-real/00216.mp4,0,384,888,500,FMP4,1.71,Original,None,00216,00216,,CELEB_YOUTUBE_00216,,test
CELEBDF_0006446,Celeb-DF v2,YouTube-real/00217.mp4,0,324,892,500,FMP4,1.15,Original,None,00217,00217,,CELEB_YOUTUBE_00217,,test
CELEBDF_0006447,Celeb-DF v2,YouTube-real/00218.mp4,0,478,892,500,FMP4,3.44,Original,None,00218,00218,,CELEB_YOUTUBE_00218,,test
CELEBDF_0006448,Celeb-DF v2,YouTube-real/00219.mp4,0,483,892,500,FMP4,2.14,Original,None,00219,00219,,CELEB_YOUTUBE_00219,,test
CELEBDF_0006449,Celeb-DF v2,YouTube-real/00220.mp4,0,523,892,500,FMP4,1.7,Original,None,00220,00220,,CELEB_YOUTUBE_00220,,test
CELEBDF_0006450,Celeb-DF v2,YouTube-real/00221.mp4,0,448,892,500,FMP4,2.82,Original,None,00221,00221,,CELEB_YOUTUBE_00221,,test
CELEBDF_0006451,Celeb-DF v2,YouTube-real/00222.mp4,0,468,892,500,FMP4,3.1,Original,None,00222,00222,,CELEB_YOUTUBE_00222,,test
CELEBDF_0006452,Celeb-DF v2,YouTube-real/00223.mp4,0,480,888,500,FMP4,1.83,Original,None,00223,00223,,CELEB_YOUTUBE_00223,,test
CELEBDF_0006453,Celeb-DF v2,YouTube-real/00224.mp4,0,428,888,500,FMP4,1.43,Original,None,00224,00224,,CELEB_YOUTUBE_00224,,test
CELEBDF_0006454,Celeb-DF v2,YouTube-real/00225.mp4,0,468,892,500,FMP4,1.37,Original,None,00225,00225,,CELEB_YOUTUBE_00225,,test
CELEBDF_0006455,Celeb-DF v2,YouTube-real/00226.mp4,0,466,892,500,FMP4,2.9,Original,None,00226,00226,,CELEB_YOUTUBE_00226,,test
CELEBDF_0006456,Celeb-DF v2,YouTube-real/00227.mp4,0,471,892,500,FMP4,3.63,Original,None,00227,00227,,CELEB_YOUTUBE_00227,,test
CELEBDF_0006457,Celeb-DF v2,YouTube-real/00228.mp4,0,470,892,500,FMP4,1.62,Original,None,00228,00228,,CELEB_YOUTUBE_00228,,test
CELEBDF_0006458,Celeb-DF v2,YouTube-real/00229.mp4,0,533,892,500,FMP4,2.06,Original,None,00229,00229,,CELEB_YOUTUBE_00229,,test
CELEBDF_0006459,Celeb-DF v2,YouTube-real/00230.mp4,0,455,892,500,FMP4,2.52,Original,None,00230,00230,,CELEB_YOUTUBE_00230,,test
CELEBDF_0006460,Celeb-DF v2,YouTube-real/00231.mp4,0,477,892,500,FMP4,1.64,Original,None,00231,00231,,CELEB_YOUTUBE_00231,,test
CELEBDF_0006461,Celeb-DF v2,YouTube-real/00232.mp4,0,471,892,500,FMP4,2.66,Original,None,00232,00232,,CELEB_YOUTUBE_00232,,test
CELEBDF_0006462,Celeb-DF v2,YouTube-real/00233.mp4,0,464,892,500,FMP4,1.47,Original,None,00233,00233,,CELEB_YOUTUBE_00233,,test
CELEBDF_0006463,Celeb-DF v2,YouTube-real/00234.mp4,0,363,888,500,FMP4,1.42,Original,None,00234,00234,,CELEB_YOUTUBE_00234,,test
CELEBDF_0006464,Celeb-DF v2,YouTube-real/00235.mp4,0,496,892,500,FMP4,2.33,Original,None,00235,00235,,CELEB_YOUTUBE_00235,,test
CELEBDF_0006465,Celeb-DF v2,YouTube-real/00236.mp4,0,468,892,500,FMP4,1.71,Original,None,00236,00236,,CELEB_YOUTUBE_00236,,test
CELEBDF_0006466,Celeb-DF v2,YouTube-real/00237.mp4,0,456,892,500,FMP4,2.73,Original,None,00237,00237,,CELEB_YOUTUBE_00237,,test
CELEBDF_0006467,Celeb-DF v2,YouTube-real/00238.mp4,0,422,888,500,FMP4,1.45,Original,None,00238,00238,,CELEB_YOUTUBE_00238,,test
CELEBDF_0006468,Celeb-DF v2,YouTube-real/00239.mp4,0,493,892,500,FMP4,3.74,Original,None,00239,00239,,CELEB_YOUTUBE_00239,,test
CELEBDF_0006469,Celeb-DF v2,YouTube-real/00240.mp4,0,471,892,500,FMP4,2.12,Original,None,00240,00240,,CELEB_YOUTUBE_00240,,test
CELEBDF_0006470,Celeb-DF v2,YouTube-real/00241.mp4,0,447,892,500,FMP4,3.06,Original,None,00241,00241,,CELEB_YOUTUBE_00241,,test
CELEBDF_0006471,Celeb-DF v2,YouTube-real/00242.mp4,0,442,892,500,FMP4,2.82,Original,None,00242,00242,,CELEB_YOUTUBE_00242,,test
CELEBDF_0006472,Celeb-DF v2,YouTube-real/00243.mp4,0,461,892,500,FMP4,1.91,Original,None,00243,00243,,CELEB_YOUTUBE_00243,,test
CELEBDF_0006473,Celeb-DF v2,YouTube-real/00244.mp4,0,289,892,500,FMP4,1.45,Original,None,00244,00244,,CELEB_YOUTUBE_00244,,test
CELEBDF_0006474,Celeb-DF v2,YouTube-real/00245.mp4,0,464,892,500,FMP4,2.35,Original,None,00245,00245,,CELEB_YOUTUBE_00245,,test
CELEBDF_0006475,Celeb-DF v2,YouTube-real/00246.mp4,0,454,892,500,FMP4,2.31,Original,None,00246,00246,,CELEB_YOUTUBE_00246,,test
CELEBDF_0006476,Celeb-DF v2,YouTube-real/00247.mp4,0,467,892,500,FMP4,5.46,Original,None,00247,00247,,CELEB_YOUTUBE_00247,,test
CELEBDF_0006477,Celeb-DF v2,YouTube-real/00248.mp4,0,480,892,500,FMP4,2.65,Original,None,00248,00248,,CELEB_YOUTUBE_00248,,test
CELEBDF_0006478,Celeb-DF v2,YouTube-real/00249.mp4,0,517,888,500,FMP4,2.49,Original,None,00249,00249,,CELEB_YOUTUBE_00249,,test
CELEBDF_0006479,Celeb-DF v2,YouTube-real/00250.mp4,0,299,782,440,FMP4,1.13,Original,None,00250,00250,,CELEB_YOUTUBE_00250,,test
CELEBDF_0006480,Celeb-DF v2,YouTube-real/00251.mp4,0,319,782,440,FMP4,1.23,Original,None,00251,00251,,CELEB_YOUTUBE_00251,,test
CELEBDF_0006481,Celeb-DF v2,YouTube-real/00252.mp4,0,311,782,440,FMP4,2.33,Original,None,00252,00252,,CELEB_YOUTUBE_00252,,test
CELEBDF_0006482,Celeb-DF v2,YouTube-real/00253.mp4,0,261,782,440,FMP4,2.75,Original,None,00253,00253,,CELEB_YOUTUBE_00253,,test
CELEBDF_0006483,Celeb-DF v2,YouTube-real/00254.mp4,0,464,856,478,FMP4,1.18,Original,None,00254,00254,,CELEB_YOUTUBE_00254,,test
CELEBDF_0006484,Celeb-DF v2,YouTube-real/00255.mp4,0,318,782,440,FMP4,1.54,Original,None,00255,00255,,CELEB_YOUTUBE_00255,,test
CELEBDF_0006485,Celeb-DF v2,YouTube-real/00256.mp4,0,323,782,440,FMP4,1.23,Original,None,00256,00256,,CELEB_YOUTUBE_00256,,test
CELEBDF_0006486,Celeb-DF v2,YouTube-real/00257.mp4,0,322,782,440,FMP4,1.28,Original,None,00257,00257,,CELEB_YOUTUBE_00257,,test
CELEBDF_0006487,Celeb-DF v2,YouTube-real/00258.mp4,0,461,856,478,FMP4,1.99,Original,None,00258,00258,,CELEB_YOUTUBE_00258,,test
CELEBDF_0006488,Celeb-DF v2,YouTube-real/00259.mp4,0,321,782,440,FMP4,0.73,Original,None,00259,00259,,CELEB_YOUTUBE_00259,,test
CELEBDF_0006489,Celeb-DF v2,YouTube-real/00260.mp4,0,316,782,440,FMP4,3.14,Original,None,00260,00260,,CELEB_YOUTUBE_00260,,test
CELEBDF_0006490,Celeb-DF v2,YouTube-real/00261.mp4,0,319,782,440,FMP4,1.69,Original,None,00261,00261,,CELEB_YOUTUBE_00261,,test
CELEBDF_0006491,Celeb-DF v2,YouTube-real/00262.mp4,0,325,782,440,FMP4,0.92,Original,None,00262,00262,,CELEB_YOUTUBE_00262,,test
CELEBDF_0006492,Celeb-DF v2,YouTube-real/00263.mp4,0,326,654,500,FMP4,0.9,Original,None,00263,00263,,CELEB_YOUTUBE_00263,,test
CELEBDF_0006493,Celeb-DF v2,YouTube-real/00264.mp4,0,317,818,456,FMP4,1.59,Original,None,00264,00264,,CELEB_YOUTUBE_00264,,test
CELEBDF_0006494,Celeb-DF v2,YouTube-real/00265.mp4,0,467,856,478,FMP4,2.5,Original,None,00265,00265,,CELEB_YOUTUBE_00265,,test
CELEBDF_0006495,Celeb-DF v2,YouTube-real/00266.mp4,0,329,818,456,FMP4,1.19,Original,None,00266,00266,,CELEB_YOUTUBE_00266,,test
CELEBDF_0006496,Celeb-DF v2,YouTube-real/00267.mp4,0,252,818,456,FMP4,0.81,Original,None,00267,00267,,CELEB_YOUTUBE_00267,,test
CELEBDF_0006497,Celeb-DF v2,YouTube-real/00268.mp4,0,311,668,500,FMP4,0.7,Original,None,00268,00268,,CELEB_YOUTUBE_00268,,test
CELEBDF_0006498,Celeb-DF v2,YouTube-real/00269.mp4,0,317,844,470,FMP4,1.08,Original,None,00269,00269,,CELEB_YOUTUBE_00269,,test
CELEBDF_0006499,Celeb-DF v2,YouTube-real/00270.mp4,0,315,844,470,FMP4,1.18,Original,None,00270,00270,,CELEB_YOUTUBE_00270,,test
CELEBDF_0006500,Celeb-DF v2,YouTube-real/00271.mp4,0,292,844,470,FMP4,2.33,Original,None,00271,00271,,CELEB_YOUTUBE_00271,,test
CELEBDF_0006501,Celeb-DF v2,YouTube-real/00272.mp4,0,317,844,470,FMP4,0.93,Original,None,00272,00272,,CELEB_YOUTUBE_00272,,test
CELEBDF_0006502,Celeb-DF v2,YouTube-real/00273.mp4,0,321,844,470,FMP4,1.8,Original,None,00273,00273,,CELEB_YOUTUBE_00273,,test
CELEBDF_0006503,Celeb-DF v2,YouTube-real/00274.mp4,0,460,856,478,FMP4,3.04,Original,None,00274,00274,,CELEB_YOUTUBE_00274,,test
CELEBDF_0006504,Celeb-DF v2,YouTube-real/00275.mp4,0,462,856,478,FMP4,3.22,Original,None,00275,00275,,CELEB_YOUTUBE_00275,,test
CELEBDF_0006505,Celeb-DF v2,YouTube-real/00276.mp4,0,461,856,478,FMP4,1.42,Original,None,00276,00276,,CELEB_YOUTUBE_00276,,test
CELEBDF_0006506,Celeb-DF v2,YouTube-real/00277.mp4,0,465,856,478,FMP4,1.61,Original,None,00277,00277,,CELEB_YOUTUBE_00277,,test
CELEBDF_0006507,Celeb-DF v2,YouTube-real/00278.mp4,0,389,856,478,FMP4,1.68,Original,None,00278,00278,,CELEB_YOUTUBE_00278,,test
CELEBDF_0006508,Celeb-DF v2,YouTube-real/00279.mp4,0,453,856,478,FMP4,1.65,Original,None,00279,00279,,CELEB_YOUTUBE_00279,,test
CELEBDF_0006509,Celeb-DF v2,YouTube-real/00280.mp4,0,388,856,478,FMP4,1.92,Original,None,00280,00280,,CELEB_YOUTUBE_00280,,test
CELEBDF_0006510,Celeb-DF v2,YouTube-real/00281.mp4,0,459,856,478,FMP4,2.15,Original,None,00281,00281,,CELEB_YOUTUBE_00281,,test
CELEBDF_0006511,Celeb-DF v2,YouTube-real/00282.mp4,0,442,856,478,FMP4,2.78,Original,None,00282,00282,,CELEB_YOUTUBE_00282,,test
CELEBDF_0006512,Celeb-DF v2,YouTube-real/00283.mp4,0,394,856,478,FMP4,1.42,Original,None,00283,00283,,CELEB_YOUTUBE_00283,,test
CELEBDF_0006513,Celeb-DF v2,YouTube-real/00284.mp4,0,463,856,478,FMP4,2.29,Original,None,00284,00284,,CELEB_YOUTUBE_00284,,test
CELEBDF_0006514,Celeb-DF v2,YouTube-real/00285.mp4,0,448,856,478,FMP4,3.01,Original,None,00285,00285,,CELEB_YOUTUBE_00285,,test
CELEBDF_0006515,Celeb-DF v2,YouTube-real/00286.mp4,0,462,856,478,FMP4,1.84,Original,None,00286,00286,,CELEB_YOUTUBE_00286,,test
CELEBDF_0006516,Celeb-DF v2,YouTube-real/00287.mp4,0,468,856,478,FMP4,1.87,Original,None,00287,00287,,CELEB_YOUTUBE_00287,,test
CELEBDF_0006517,Celeb-DF v2,YouTube-real/00288.mp4,0,469,856,478,FMP4,2.38,Original,None,00288,00288,,CELEB_YOUTUBE_00288,,test
CELEBDF_0006518,Celeb-DF v2,YouTube-real/00289.mp4,0,313,856,478,FMP4,1.24,Original,None,00289,00289,,CELEB_YOUTUBE_00289,,test
CELEBDF_0006519,Celeb-DF v2,YouTube-real/00290.mp4,0,461,856,478,FMP4,2.16,Original,None,00290,00290,,CELEB_YOUTUBE_00290,,test
CELEBDF_0006520,Celeb-DF v2,YouTube-real/00291.mp4,0,462,856,478,FMP4,4.54,Original,None,00291,00291,,CELEB_YOUTUBE_00291,,test
CELEBDF_0006521,Celeb-DF v2,YouTube-real/00292.mp4,0,451,856,478,FMP4,2.69,Original,None,00292,00292,,CELEB_YOUTUBE_00292,,test
CELEBDF_0006522,Celeb-DF v2,YouTube-real/00293.mp4,0,425,856,478,FMP4,1.47,Original,None,00293,00293,,CELEB_YOUTUBE_00293,,test
CELEBDF_0006523,Celeb-DF v2,YouTube-real/00294.mp4,0,499,856,478,FMP4,2.17,Original,None,00294,00294,,CELEB_YOUTUBE_00294,,test
CELEBDF_0006524,Celeb-DF v2,YouTube-real/00295.mp4,0,451,856,478,FMP4,1.71,Original,None,00295,00295,,CELEB_YOUTUBE_00295,,test
CELEBDF_0006525,Celeb-DF v2,YouTube-real/00296.mp4,0,467,856,478,FMP4,2.18,Original,None,00296,00296,,CELEB_YOUTUBE_00296,,test
CELEBDF_0006526,Celeb-DF v2,YouTube-real/00297.mp4,0,445,856,478,FMP4,2.48,Original,None,00297,00297,,CELEB_YOUTUBE_00297,,test
CELEBDF_0006527,Celeb-DF v2,YouTube-real/00298.mp4,0,462,856,478,FMP4,3.9,Original,None,00298,00298,,CELEB_YOUTUBE_00298,,test
CELEBDF_0006528,Celeb-DF v2,YouTube-real/00299.mp4,0,463,856,478,FMP4,1.56,Original,None,00299,00299,,CELEB_YOUTUBE_00299,,test
